question_id,lesson,lesson_order,type,prompt,prompt_html,answer_display,accepted_answers,target_kanji,meaning,source_lessons
1-3:ON:一,1-3,3,onyomi,一,一,イチ | イツ,いち | いつ,一,jeden,
1-3:ON:二,1-3,3,onyomi,二,二,ニ,に,二,dwa,
1-3:ON:三,1-3,3,onyomi,三,三,サン,さん,三,trzy,
1-3:ON:四,1-3,3,onyomi,四,四,シ,し,四,cztery,
1-3:ON:五,1-3,3,onyomi,五,五,ゴ,ご,五,pięć,
1-3:ON:六,1-3,3,onyomi,六,六,ロク,ろく,六,sześć,
1-3:ON:七,1-3,3,onyomi,七,七,シチ,しち,七,siedem,
1-3:ON:分,1-3,3,onyomi,分,分,フン | ブン,ふん | ぶん,分,minuta / dzielić,
1-3:ON:八,1-3,3,onyomi,八,八,ハチ,はち,八,osiem,
1-3:ON:九,1-3,3,onyomi,九,九,キュウ | ク,きゅう | く,九,dziewięć,
1-3:ON:十,1-3,3,onyomi,十,十,ジュウ,じゅう,十,dziesięć,
1-3:ON:百,1-3,3,onyomi,百,百,ヒャク,ひゃく,百,sto,
1-3:ON:千,1-3,3,onyomi,千,千,セン,せん,千,tysiąc,
1-3:ON:万,1-3,3,onyomi,万,万,マン,まん,万,dziesięć tysięcy,
1-3:ON:円,1-3,3,onyomi,円,円,エン,えん,円,okrągły / jen,
1-3:ON:時,1-3,3,onyomi,時,時,ジ,じ,時,czas / godzina,
1-3:KUN:一,1-3,3,kunyomi,一,一,ひと.つ,ひとつ,一,jeden,
1-3:KUN:二,1-3,3,kunyomi,二,二,ふた.つ,ふたつ,二,dwa,
1-3:KUN:三,1-3,3,kunyomi,三,三,みっ.つ,みっつ,三,trzy,
1-3:KUN:四,1-3,3,kunyomi,四,四,よ | よん | よっ.つ,よ | よん | よっつ,四,cztery,
1-3:KUN:五,1-3,3,kunyomi,五,五,いつ.つ,いつつ,五,pięć,
1-3:KUN:六,1-3,3,kunyomi,六,六,むっ.つ,むっつ,六,sześć,
1-3:KUN:七,1-3,3,kunyomi,七,七,なな | なな.つ,なな | ななつ,七,siedem,
1-3:KUN:分,1-3,3,kunyomi,分,分,わ.ける | わ.かる,わける | わかる,分,minuta / dzielić,
1-3:KUN:八,1-3,3,kunyomi,八,八,やっ.つ,やっつ,八,osiem,
1-3:KUN:九,1-3,3,kunyomi,九,九,ここの.つ,ここのつ,九,dziewięć,
1-3:KUN:十,1-3,3,kunyomi,十,十,とお,とお,十,dziesięć,
1-3:KUN:円,1-3,3,kunyomi,円,円,まる.い,まるい,円,okrągły / jen,
1-3:KUN:時,1-3,3,kunyomi,時,時,とき,とき,時,czas / godzina,
1-3:VOCAB:0001,1-3,3,vocabulary,時,時,じ | とき,じ | とき,時,...godzina | kiedy / podczas,1-1 1-3
1-3:VOCAB:0002,1-3,3,vocabulary,時計,時<ruby>計<rt>けい</rt></ruby>,とけい,とけい,時,zegarek,1-1
1-3:VOCAB:0003,1-3,3,vocabulary,一,一,いち,いち,一,jeden,1-1
1-3:VOCAB:0004,1-3,3,vocabulary,二,二,に,に,二,dwa,1-1
1-3:VOCAB:0005,1-3,3,vocabulary,三,三,さん,さん,三,trzy,1-1
1-3:VOCAB:0006,1-3,3,vocabulary,四,四,よん | し,よん | し,四,cztery,1-1
1-3:VOCAB:0007,1-3,3,vocabulary,五,五,ご,ご,五,pięć,1-1
1-3:VOCAB:0008,1-3,3,vocabulary,六,六,ろく,ろく,六,sześć,1-1
1-3:VOCAB:0009,1-3,3,vocabulary,七,七,なな | しち,なな | しち,七,siedem,1-1
1-3:VOCAB:0010,1-3,3,vocabulary,八,八,はち,はち,八,osiem,1-1
1-3:VOCAB:0011,1-3,3,vocabulary,九,九,きゅう | く,きゅう | く,九,dziewięć,1-1
1-3:VOCAB:0012,1-3,3,vocabulary,十,十,じゅう | とお,じゅう | とお,十,dziesięć | dziesięć sztuk,1-1 1-3
1-3:VOCAB:0013,1-3,3,vocabulary,十一,十一,じゅういち,じゅういち,十 一,11,1-1
1-3:VOCAB:0014,1-3,3,vocabulary,十二,十二,じゅうに,じゅうに,十 二,12,1-1
1-3:VOCAB:0015,1-3,3,vocabulary,十三,十三,じゅうさん,じゅうさん,十 三,13,1-1
1-3:VOCAB:0016,1-3,3,vocabulary,十四,十四,じゅうよん,じゅうよん,十 四,14,1-1
1-3:VOCAB:0017,1-3,3,vocabulary,十五,十五,じゅうご,じゅうご,十 五,15,1-1
1-3:VOCAB:0018,1-3,3,vocabulary,十六,十六,じゅうろく,じゅうろく,十 六,16,1-1
1-3:VOCAB:0019,1-3,3,vocabulary,十七,十七,じゅうなな,じゅうなな,十 七,17,1-1
1-3:VOCAB:0020,1-3,3,vocabulary,十八,十八,じゅうはち,じゅうはち,十 八,18,1-1
1-3:VOCAB:0021,1-3,3,vocabulary,十九,十九,じゅうきゅう,じゅうきゅう,十 九,19,1-1
1-3:VOCAB:0022,1-3,3,vocabulary,二十,二十,にじゅう,にじゅう,二 十,20,1-1
1-3:VOCAB:0023,1-3,3,vocabulary,三十,三十,さんじゅう,さんじゅう,三 十,30,1-1
1-3:VOCAB:0024,1-3,3,vocabulary,四十,四十,よんじゅう,よんじゅう,四 十,40,1-1
1-3:VOCAB:0025,1-3,3,vocabulary,五十,五十,ごじゅう,ごじゅう,五 十,50,1-1
1-3:VOCAB:0026,1-3,3,vocabulary,六十,六十,ろくじゅう,ろくじゅう,六 十,60,1-1
1-3:VOCAB:0027,1-3,3,vocabulary,七十,七十,ななじゅう,ななじゅう,七 十,70,1-1
1-3:VOCAB:0028,1-3,3,vocabulary,八十,八十,はちじゅう,はちじゅう,八 十,80,1-1
1-3:VOCAB:0029,1-3,3,vocabulary,九十,九十,きゅうじゅう,きゅうじゅう,九 十,90,1-1
1-3:VOCAB:0030,1-3,3,vocabulary,百,百,ひゃく,ひゃく,百,100,1-1
1-3:VOCAB:0031,1-3,3,vocabulary,二百,二百,にひゃく,にひゃく,二 百,200,1-1
1-3:VOCAB:0032,1-3,3,vocabulary,三百,三百,さんびゃく,さんびゃく,三 百,300,1-1
1-3:VOCAB:0033,1-3,3,vocabulary,四百,四百,よんひゃく,よんひゃく,四 百,400,1-1
1-3:VOCAB:0034,1-3,3,vocabulary,五百,五百,ごひゃく,ごひゃく,五 百,500,1-1
1-3:VOCAB:0035,1-3,3,vocabulary,六百,六百,ろっぴゃく,ろっぴゃく,六 百,600,1-1
1-3:VOCAB:0036,1-3,3,vocabulary,七百,七百,ななひゃく,ななひゃく,七 百,700,1-1
1-3:VOCAB:0037,1-3,3,vocabulary,八百,八百,はっぴゃく,はっぴゃく,八 百,800,1-1
1-3:VOCAB:0038,1-3,3,vocabulary,九百,九百,きゅうひゃく,きゅうひゃく,九 百,900,1-1
1-3:VOCAB:0039,1-3,3,vocabulary,千,千,せん,せん,千,1000,1-1
1-3:VOCAB:0040,1-3,3,vocabulary,二千,二千,にせん,にせん,二 千,2000,1-1
1-3:VOCAB:0041,1-3,3,vocabulary,三千,三千,さんぜん,さんぜん,三 千,3000,1-1
1-3:VOCAB:0042,1-3,3,vocabulary,四千,四千,よんせん,よんせん,四 千,4000,1-1
1-3:VOCAB:0043,1-3,3,vocabulary,五千,五千,ごせん,ごせん,五 千,5000,1-1
1-3:VOCAB:0044,1-3,3,vocabulary,六千,六千,ろくせん,ろくせん,六 千,6000,1-1
1-3:VOCAB:0045,1-3,3,vocabulary,七千,七千,ななせん,ななせん,七 千,7000,1-1
1-3:VOCAB:0046,1-3,3,vocabulary,八千,八千,はっせん,はっせん,八 千,8000,1-1
1-3:VOCAB:0047,1-3,3,vocabulary,九千,九千,きゅうせん,きゅうせん,九 千,9000,1-1
1-3:VOCAB:0048,1-3,3,vocabulary,一万,一万,いちまん,いちまん,一 万,10 000,1-1
1-3:VOCAB:0049,1-3,3,vocabulary,二万,二万,にまん,にまん,二 万,20 000,1-1
1-3:VOCAB:0050,1-3,3,vocabulary,三万,三万,さんまん,さんまん,三 万,30 000,1-1
1-3:VOCAB:0051,1-3,3,vocabulary,四万,四万,よんまん,よんまん,四 万,40 000,1-1
1-3:VOCAB:0052,1-3,3,vocabulary,五万,五万,ごまん,ごまん,五 万,50 000,1-1
1-3:VOCAB:0053,1-3,3,vocabulary,六万,六万,ろくまん,ろくまん,六 万,60 000,1-1
1-3:VOCAB:0054,1-3,3,vocabulary,七万,七万,ななまん,ななまん,七 万,70 000,1-1
1-3:VOCAB:0055,1-3,3,vocabulary,八万,八万,はちまん,はちまん,八 万,80 000,1-1
1-3:VOCAB:0056,1-3,3,vocabulary,九万,九万,きゅうまん,きゅうまん,九 万,90 000,1-1
1-3:VOCAB:0057,1-3,3,vocabulary,十万,十万,じゅうまん,じゅうまん,十 万,100 000,1-1
1-3:VOCAB:0058,1-3,3,vocabulary,百万,百万,ひゃくまん,ひゃくまん,百 万,1 000 000,1-1
1-3:VOCAB:0059,1-3,3,vocabulary,一分,一分,いっぷん,いっぷん,一 分,1 minuta,1-1
1-3:VOCAB:0060,1-3,3,vocabulary,二分,二分,にふん,にふん,二 分,2 minuty,1-1
1-3:VOCAB:0061,1-3,3,vocabulary,三分,三分,さんぷん,さんぷん,三 分,3 minuty,1-1
1-3:VOCAB:0062,1-3,3,vocabulary,四分,四分,よんぷん,よんぷん,四 分,4 minuty,1-1
1-3:VOCAB:0063,1-3,3,vocabulary,五分,五分,ごふん,ごふん,五 分,5 minut,1-1
1-3:VOCAB:0064,1-3,3,vocabulary,六分,六分,ろっぷん,ろっぷん,六 分,6 minut,1-1
1-3:VOCAB:0065,1-3,3,vocabulary,七分,七分,ななふん,ななふん,七 分,7 minut,1-1
1-3:VOCAB:0066,1-3,3,vocabulary,八分,八分,はっぷん,はっぷん,八 分,8 minut,1-1
1-3:VOCAB:0067,1-3,3,vocabulary,九分,九分,きゅうふん,きゅうふん,九 分,9 minut,1-1
1-3:VOCAB:0068,1-3,3,vocabulary,十分,十分,じゅっぷん | じゅうぶん,じゅっぷん | じゅうぶん,十 分,10 minut | wystarczający,1-1 1-3
1-3:VOCAB:0069,1-3,3,vocabulary,十五分,十五分,じゅうごふん,じゅうごふん,十 五 分,15 minut,1-1
1-3:VOCAB:0070,1-3,3,vocabulary,二十分,二十分,にじゅっぷん,にじゅっぷん,二 十 分,20 minut,1-1
1-3:VOCAB:0071,1-3,3,vocabulary,二十五分,二十五分,にじゅうごふん,にじゅうごふん,二 十 五 分,25 minut,1-1
1-3:VOCAB:0072,1-3,3,vocabulary,三十分,三十分,さんじゅっぷん,さんじゅっぷん,三 十 分,30 minut,1-1
1-3:VOCAB:0073,1-3,3,vocabulary,一時,一時,いちじ,いちじ,一 時,1:00,1-1
1-3:VOCAB:0074,1-3,3,vocabulary,二時,二時,にじ,にじ,二 時,2:00,1-1
1-3:VOCAB:0075,1-3,3,vocabulary,三時,三時,さんじ,さんじ,三 時,3:00,1-1
1-3:VOCAB:0076,1-3,3,vocabulary,四時,四時,よじ,よじ,四 時,4:00,1-1
1-3:VOCAB:0077,1-3,3,vocabulary,五時,五時,ごじ,ごじ,五 時,5:00,1-1
1-3:VOCAB:0078,1-3,3,vocabulary,六時,六時,ろくじ,ろくじ,六 時,6:00,1-1
1-3:VOCAB:0079,1-3,3,vocabulary,七時,七時,しちじ,しちじ,七 時,7:00,1-1
1-3:VOCAB:0080,1-3,3,vocabulary,八時,八時,はちじ,はちじ,八 時,8:00,1-1
1-3:VOCAB:0081,1-3,3,vocabulary,九時,九時,くじ,くじ,九 時,9:00,1-1
1-3:VOCAB:0082,1-3,3,vocabulary,十時,十時,じゅうじ,じゅうじ,十 時,10:00,1-1
1-3:VOCAB:0083,1-3,3,vocabulary,十一時,十一時,じゅういちじ,じゅういちじ,十 一 時,11:00,1-1
1-3:VOCAB:0084,1-3,3,vocabulary,十二時,十二時,じゅうにじ,じゅうにじ,十 二 時,12:00,1-1
1-3:VOCAB:0085,1-3,3,vocabulary,一時半,一時<ruby>半<rt>はん</rt></ruby>,いちじはん,いちじはん,一 時,1:30,1-1
1-3:VOCAB:0086,1-3,3,vocabulary,一歳,一<ruby>歳<rt>さい</rt></ruby>,いっさい,いっさい,一,1 rok (wiek),1-1
1-3:VOCAB:0087,1-3,3,vocabulary,二歳,二<ruby>歳<rt>さい</rt></ruby>,にさい,にさい,二,2 lata,1-1
1-3:VOCAB:0088,1-3,3,vocabulary,三歳,三<ruby>歳<rt>さい</rt></ruby>,さんさい,さんさい,三,3 lata,1-1
1-3:VOCAB:0089,1-3,3,vocabulary,四歳,四<ruby>歳<rt>さい</rt></ruby>,よんさい,よんさい,四,4 lata,1-1
1-3:VOCAB:0090,1-3,3,vocabulary,五歳,五<ruby>歳<rt>さい</rt></ruby>,ごさい,ごさい,五,5 lat,1-1
1-3:VOCAB:0091,1-3,3,vocabulary,六歳,六<ruby>歳<rt>さい</rt></ruby>,ろくさい,ろくさい,六,6 lat,1-1
1-3:VOCAB:0092,1-3,3,vocabulary,七歳,七<ruby>歳<rt>さい</rt></ruby>,ななさい,ななさい,七,7 lat,1-1
1-3:VOCAB:0093,1-3,3,vocabulary,八歳,八<ruby>歳<rt>さい</rt></ruby>,はっさい,はっさい,八,8 lat,1-1
1-3:VOCAB:0094,1-3,3,vocabulary,九歳,九<ruby>歳<rt>さい</rt></ruby>,きゅうさい,きゅうさい,九,9 lat,1-1
1-3:VOCAB:0095,1-3,3,vocabulary,十歳,十<ruby>歳<rt>さい</rt></ruby>,じゅっさい,じゅっさい,十,10 lat,1-1
1-3:VOCAB:0096,1-3,3,vocabulary,一年生,一<ruby>年<rt>ねん</rt></ruby><ruby>生<rt>せい</rt></ruby>,いちねんせい,いちねんせい,一,1. rok,1-1
1-3:VOCAB:0097,1-3,3,vocabulary,二年生,二<ruby>年<rt>ねん</rt></ruby><ruby>生<rt>せい</rt></ruby>,にねんせい,にねんせい,二,2. rok,1-1
1-3:VOCAB:0098,1-3,3,vocabulary,三年生,三<ruby>年<rt>ねん</rt></ruby><ruby>生<rt>せい</rt></ruby>,さんねんせい,さんねんせい,三,3. rok,1-1
1-3:VOCAB:0099,1-3,3,vocabulary,四年生,四<ruby>年<rt>ねん</rt></ruby><ruby>生<rt>せい</rt></ruby>,よねんせい,よねんせい,四,4. rok,1-1
1-3:VOCAB:0100,1-3,3,vocabulary,五年生,五<ruby>年<rt>ねん</rt></ruby><ruby>生<rt>せい</rt></ruby>,ごねんせい,ごねんせい,五,5. rok,1-1
1-3:VOCAB:0101,1-3,3,vocabulary,六年生,六<ruby>年<rt>ねん</rt></ruby><ruby>生<rt>せい</rt></ruby>,ろくねんせい,ろくねんせい,六,6. rok,1-1
1-3:VOCAB:0102,1-3,3,vocabulary,七年生,七<ruby>年<rt>ねん</rt></ruby><ruby>生<rt>せい</rt></ruby>,しちねんせい,しちねんせい,七,7. rok,1-1
1-3:VOCAB:0103,1-3,3,vocabulary,八年生,八<ruby>年<rt>ねん</rt></ruby><ruby>生<rt>せい</rt></ruby>,はちねんせい,はちねんせい,八,8. rok,1-1
1-3:VOCAB:0104,1-3,3,vocabulary,今何時ですか,<ruby>今<rt>いま</rt></ruby><ruby>何<rt>なん</rt></ruby>時ですか,いまなんじですか,いまなんじですか,時,Która jest teraz godzina?,1-1
1-3:VOCAB:0105,1-3,3,vocabulary,今はx時です,<ruby>今<rt>いま</rt></ruby>はx時です,いまはxじです,いまはxじです,時,Teraz jest godzina X.,1-1
1-3:VOCAB:0106,1-3,3,vocabulary,一緒に,一<ruby>緒<rt>しょ</rt></ruby>に,いっしょに,いっしょに,一,razem,1-2
1-3:VOCAB:0107,1-3,3,vocabulary,分かる,分かる,わかる,わかる,分,rozumieć,1-2
1-3:VOCAB:0108,1-3,3,vocabulary,これは1000円です,これは1000円です,これは1000えんです,これは1000えんです,円,To kosztuje 1000 jenów.,1-1
1-3:VOCAB:0109,1-3,3,vocabulary,子どもの時,<ruby>子<rt>こ</rt></ruby>どもの時,こどものとき,こどものとき,時,kiedy byłem dzieckiem,1-3
1-3:VOCAB:0110,1-3,3,vocabulary,大学の時,<ruby>大<rt>だい</rt></ruby><ruby>学<rt>がく</rt></ruby>の時,だいがくのとき,だいがくのとき,時,podczas studiów,1-2
1-3:VOCAB:0111,1-3,3,vocabulary,一つ,一つ,ひとつ,ひとつ,一,jedna sztuka,1-3
1-3:VOCAB:0112,1-3,3,vocabulary,二つ,二つ,ふたつ,ふたつ,二,dwie sztuki,1-3
1-3:VOCAB:0113,1-3,3,vocabulary,三つ,三つ,みっつ,みっつ,三,trzy sztuki,1-3
1-3:VOCAB:0114,1-3,3,vocabulary,四つ,四つ,よっつ,よっつ,四,cztery sztuki,1-3
1-3:VOCAB:0115,1-3,3,vocabulary,五つ,五つ,いつつ,いつつ,五,pięć sztuk,1-3
1-3:VOCAB:0116,1-3,3,vocabulary,六つ,六つ,むっつ,むっつ,六,sześć sztuk,1-3
1-3:VOCAB:0117,1-3,3,vocabulary,七つ,七つ,ななつ,ななつ,七,siedem sztuk,1-3
1-3:VOCAB:0118,1-3,3,vocabulary,八つ,八つ,やっつ,やっつ,八,osiem sztuk,1-3
1-3:VOCAB:0119,1-3,3,vocabulary,九つ,九つ,ここのつ,ここのつ,九,dziewięć sztuk,1-3
1-3:VOCAB:0120,1-3,3,vocabulary,時間,時<ruby>間<rt>かん</rt></ruby>,じかん,じかん,時,czas,1-3
1-3:VOCAB:0121,1-3,3,vocabulary,十一日,十一<ruby>日<rt>にち</rt></ruby>,じゅういちにち,じゅういちにち,十 一,11 dzień miesiąca,1-3
1-3:VOCAB:0122,1-3,3,vocabulary,十二日,十二<ruby>日<rt>にち</rt></ruby>,じゅうににち,じゅうににち,十 二,12 dzień miesiąca,1-3
1-3:VOCAB:0123,1-3,3,vocabulary,十三日,十三<ruby>日<rt>にち</rt></ruby>,じゅうさんにち,じゅうさんにち,十 三,13 dzień miesiąca,1-3
1-3:VOCAB:0124,1-3,3,vocabulary,十五日,十五<ruby>日<rt>にち</rt></ruby>,じゅうごにち,じゅうごにち,十 五,15 dzień miesiąca,1-3
1-3:VOCAB:0125,1-3,3,vocabulary,十六日,十六<ruby>日<rt>にち</rt></ruby>,じゅうろくにち,じゅうろくにち,十 六,16 dzień miesiąca,1-3
1-3:VOCAB:0126,1-3,3,vocabulary,十七日,十七<ruby>日<rt>にち</rt></ruby>,じゅうしちにち,じゅうしちにち,十 七,17 dzień miesiąca,1-3
1-3:VOCAB:0127,1-3,3,vocabulary,十八日,十八<ruby>日<rt>にち</rt></ruby>,じゅうはちにち,じゅうはちにち,十 八,18 dzień miesiąca,1-3
1-3:VOCAB:0128,1-3,3,vocabulary,十九日,十九<ruby>日<rt>にち</rt></ruby>,じゅうくにち,じゅうくにち,十 九,19 dzień miesiąca,1-3
1-3:VOCAB:0129,1-3,3,vocabulary,二十一日,二十一<ruby>日<rt>にち</rt></ruby>,にじゅういちにち,にじゅういちにち,二 十 一,21 dzień miesiąca,1-3
1-3:VOCAB:0130,1-3,3,vocabulary,二十二日,二十二<ruby>日<rt>にち</rt></ruby>,にじゅうににち,にじゅうににち,二 十,22 dzień miesiąca,1-3
1-3:VOCAB:0131,1-3,3,vocabulary,二十三日,二十三<ruby>日<rt>にち</rt></ruby>,にじゅうさんにち,にじゅうさんにち,二 十 三,23 dzień miesiąca,1-3
1-3:VOCAB:0132,1-3,3,vocabulary,二十五日,二十五<ruby>日<rt>にち</rt></ruby>,にじゅうごにち,にじゅうごにち,二 十 五,25 dzień miesiąca,1-3
1-3:VOCAB:0133,1-3,3,vocabulary,二十六日,二十六<ruby>日<rt>にち</rt></ruby>,にじゅうろくにち,にじゅうろくにち,二 十 六,26 dzień miesiąca,1-3
1-3:VOCAB:0134,1-3,3,vocabulary,二十七日,二十七<ruby>日<rt>にち</rt></ruby>,にじゅうしちにち,にじゅうしちにち,二 十 七,27 dzień miesiąca,1-3
1-3:VOCAB:0135,1-3,3,vocabulary,二十八日,二十八<ruby>日<rt>にち</rt></ruby>,にじゅうはちにち,にじゅうはちにち,二 十 八,28 dzień miesiąca,1-3
1-3:VOCAB:0136,1-3,3,vocabulary,二十九日,二十九<ruby>日<rt>にち</rt></ruby>,にじゅうくにち,にじゅうくにち,二 十 九,29 dzień miesiąca,1-3
1-3:VOCAB:0137,1-3,3,vocabulary,三十日,三十<ruby>日<rt>にち</rt></ruby>,さんじゅうにち,さんじゅうにち,三 十,30 dzień miesiąca,1-3
1-3:VOCAB:0138,1-3,3,vocabulary,三十一日,三十一<ruby>日<rt>にち</rt></ruby>,さんじゅういちにち,さんじゅういちにち,三 十 一,31 dzień miesiąca,1-3
1-3:VOCAB:0139,1-3,3,vocabulary,一月,一<ruby>月<rt>がつ</rt></ruby>,いちがつ,いちがつ,一,styczeń,1-3
1-3:VOCAB:0140,1-3,3,vocabulary,二月,二<ruby>月<rt>がつ</rt></ruby>,にがつ,にがつ,二,luty,1-3
1-3:VOCAB:0141,1-3,3,vocabulary,三月,三<ruby>月<rt>がつ</rt></ruby>,さんがつ,さんがつ,三,marzec,1-3
1-3:VOCAB:0142,1-3,3,vocabulary,四月,四<ruby>月<rt>がつ</rt></ruby>,しがつ,しがつ,四,kwiecień,1-3
1-3:VOCAB:0143,1-3,3,vocabulary,五月,五<ruby>月<rt>がつ</rt></ruby>,ごがつ,ごがつ,五,maj,1-3
1-3:VOCAB:0144,1-3,3,vocabulary,六月,六<ruby>月<rt>がつ</rt></ruby>,ろくがつ,ろくがつ,六,czerwiec,1-3
1-3:VOCAB:0145,1-3,3,vocabulary,七月,七<ruby>月<rt>がつ</rt></ruby>,しちがつ,しちがつ,七,lipiec,1-3
1-3:VOCAB:0146,1-3,3,vocabulary,八月,八<ruby>月<rt>がつ</rt></ruby>,はちがつ,はちがつ,八,sierpień,1-3
1-3:VOCAB:0147,1-3,3,vocabulary,九月,九<ruby>月<rt>がつ</rt></ruby>,くがつ,くがつ,九,wrzesień,1-3
1-3:VOCAB:0148,1-3,3,vocabulary,十月,十<ruby>月<rt>がつ</rt></ruby>,じゅうがつ,じゅうがつ,十,październik,1-3
1-3:VOCAB:0149,1-3,3,vocabulary,十一月,十一<ruby>月<rt>がつ</rt></ruby>,じゅういちがつ,じゅういちがつ,十 一,listopad,1-3
1-3:VOCAB:0150,1-3,3,vocabulary,十二月,十二<ruby>月<rt>がつ</rt></ruby>,じゅうにがつ,じゅうにがつ,十 二,grudzień,1-3
1-3:VOCAB:0151,1-3,3,vocabulary,十年前,十<ruby>年<rt>ねん</rt></ruby><ruby>前<rt>まえ</rt></ruby>,じゅうねんまえ,じゅうねんまえ,十,10 lat temu,1-3
1-3:VOCAB:0152,1-3,3,vocabulary,半分,<ruby>半<rt>はん</rt></ruby>分,はんぶん,はんぶん,分,"pół / połowa (np. ciasta, pracy) – samodzielny rzeczownik",1-3
1-3:VOCAB:0153,1-3,3,vocabulary,自分,<ruby>自<rt>じ</rt></ruby>分,じぶん,じぶん,分,"ja sam, siebie, własny",1-3
1-3:VOCAB:0154,1-3,3,vocabulary,分ける,分ける,わける,わける,分,dzielić,1-3
1-3:VOCAB:0155,1-3,3,vocabulary,万が一,万が一,まんがいち,まんがいち,万 一,w najgorszym razie / na wszelki wypadek,1-3
1-3:VOCAB:0156,1-3,3,vocabulary,万歩計,万<ruby>歩<rt>ぽ</rt></ruby><ruby>計<rt>けい</rt></ruby>,まんぽけい,まんぽけい,万,krokomierz,1-3
1-3:VOCAB:0157,1-3,3,vocabulary,円形,円<ruby>形<rt>けい</rt></ruby>,えんけい,えんけい,円,okrągły kształt / koło,1-3
1-3:VOCAB:0158,1-3,3,vocabulary,時差,時<ruby>差<rt>さ</rt></ruby>,じさ,じさ,時,różnica czasu,1-3
1-4:ON:月,1-4,4,onyomi,月,月,ゲツ | ガツ,げつ | がつ,月,księżyc / miesiąc,
1-4:ON:火,1-4,4,onyomi,火,火,カ,か,火,ogień,
1-4:ON:水,1-4,4,onyomi,水,水,スイ,すい,水,woda,
1-4:ON:木,1-4,4,onyomi,木,木,モク,もく,木,drzewo,
1-4:ON:金,1-4,4,onyomi,金,金,キン,きん,金,złoto / pieniądze,
1-4:ON:土,1-4,4,onyomi,土,土,ド,ど,土,ziemia,
1-4:ON:曜,1-4,4,onyomi,曜,曜,ヨウ,よう,曜,dni tygodnia,
1-4:ON:半,1-4,4,onyomi,半,半,ハン,はん,半,pół,
1-4:ON:日,1-4,4,onyomi,日,日,ニチ | ジツ,にち | じつ,日,dzień / słońce,
1-4:ON:本,1-4,4,onyomi,本,本,ホン,ほん,本,książka / podstawa,
1-4:ON:人,1-4,4,onyomi,人,人,ジン | ニン,じん | にん,人,człowiek,
1-4:ON:上,1-4,4,onyomi,上,上,ジョウ,じょう,上,góra (kierunek),
1-4:ON:下,1-4,4,onyomi,下,下,カ | ゲ,か | げ,下,dół,
1-4:ON:中,1-4,4,onyomi,中,中,チュウ | ジュウ,ちゅう | じゅう,中,środek,
1-4:ON:外,1-4,4,onyomi,外,外,ガイ,がい,外,zewnątrz,
1-4:KUN:月,1-4,4,kunyomi,月,月,つき,つき,月,księżyc / miesiąc,
1-4:KUN:火,1-4,4,kunyomi,火,火,ひ,ひ,火,ogień,
1-4:KUN:水,1-4,4,kunyomi,水,水,みず,みず,水,woda,
1-4:KUN:木,1-4,4,kunyomi,木,木,き,き,木,drzewo,
1-4:KUN:金,1-4,4,kunyomi,金,金,かね,かね,金,złoto / pieniądze,
1-4:KUN:土,1-4,4,kunyomi,土,土,つち,つち,土,ziemia,
1-4:KUN:日,1-4,4,kunyomi,日,日,ひ | か,ひ | か,日,dzień / słońce,
1-4:KUN:本,1-4,4,kunyomi,本,本,もと,もと,本,książka / podstawa,
1-4:KUN:人,1-4,4,kunyomi,人,人,ひと,ひと,人,człowiek,
1-4:KUN:上,1-4,4,kunyomi,上,上,うえ | のぼ・る | あ・げる,うえ | のぼる | あげる,上,góra (kierunek),
1-4:KUN:下,1-4,4,kunyomi,下,下,した | くだ・る,した | くだる,下,dół,
1-4:KUN:中,1-4,4,kunyomi,中,中,なか,なか,中,środek,
1-4:KUN:外,1-4,4,kunyomi,外,外,そと,そと,外,zewnątrz,
1-4:VOCAB:0001,1-4,4,vocabulary,水,水,みず,みず,水,woda,1-1
1-4:VOCAB:0002,1-4,4,vocabulary,人,人,ひと | じん,ひと | じん,人,człowiek | (narodowość),1-1
1-4:VOCAB:0003,1-4,4,vocabulary,中学校,中<ruby>学<rt>がっ</rt></ruby><ruby>校<rt>こう</rt></ruby>,ちゅうがっこう,ちゅうがっこう,中,gimnazjum,1-1
1-4:VOCAB:0004,1-4,4,vocabulary,中学生,中<ruby>学<rt>がく</rt></ruby><ruby>生<rt>せい</rt></ruby>,ちゅうがくせい,ちゅうがくせい,中,gimnazjalista/gimnazjalistka,1-1
1-4:VOCAB:0005,1-4,4,vocabulary,中国,中<ruby>国<rt>ごく</rt></ruby>,ちゅうごく,ちゅうごく,中,Chiny,1-1
1-4:VOCAB:0006,1-4,4,vocabulary,日本,日本,にほん,にほん,日 本,Japonia,1-1
1-4:VOCAB:0007,1-4,4,vocabulary,半,半,はん,はん,半,połowa,1-1
1-4:VOCAB:0008,1-4,4,vocabulary,本,本,ほん,ほん,本,"książka, klasyfikator długich rzeczy",1-1
1-4:VOCAB:0009,1-4,4,vocabulary,ポーランド人,ポーランド人,ポーランドじん,ぽーらんどじん,人,Polak/Polka,1-1
1-4:VOCAB:0010,1-4,4,vocabulary,一時半,一時半,いちじはん,いちじはん,半,1:30,1-1
1-4:VOCAB:0011,1-4,4,vocabulary,上,上,うえ,うえ,上,"na górze, nad",1-3
1-4:VOCAB:0012,1-4,4,vocabulary,来月,<ruby>来<rt>らい</rt></ruby>月,らいげつ,らいげつ,月,przyszły miesiąc,1-3
1-4:VOCAB:0013,1-4,4,vocabulary,本屋,本<ruby>屋<rt>や</rt></ruby>,ほんや,ほんや,本,księgarnia,1-2
1-4:VOCAB:0014,1-4,4,vocabulary,毎日,<ruby>毎<rt>まい</rt></ruby>日,まいにち,まいにち,日,codziennie,1-2
1-4:VOCAB:0015,1-4,4,vocabulary,土曜日,土曜日,どようび,どようび,土 曜 日,sobota,1-2
1-4:VOCAB:0016,1-4,4,vocabulary,ほぼ毎日,ほぼ<ruby>毎<rt>まい</rt></ruby>日,ほぼまいにち,ほぼまいにち,日,prawie codziennie,1-2
1-4:VOCAB:0017,1-4,4,vocabulary,本棚,本<ruby>棚<rt>だな</rt></ruby>,ほんだな,ほんだな,本,regał na książki,1-2
1-4:VOCAB:0018,1-4,4,vocabulary,お正月,お<ruby>正<rt>しょう</rt></ruby>月,おしょうがつ,おしょうがつ,月,Nowy Rok (święto),1-2
1-4:VOCAB:0019,1-4,4,vocabulary,下,下,した,した,下,"na dole, pod",1-3
1-4:VOCAB:0020,1-4,4,vocabulary,中,中,なか,なか,中,w środku,1-3
1-4:VOCAB:0021,1-4,4,vocabulary,月曜日,月曜日,げつようび,げつようび,月 曜 日,poniedziałek,1-3
1-4:VOCAB:0022,1-4,4,vocabulary,火曜日,火曜日,かようび,かようび,火 曜 日,wtorek,1-3
1-4:VOCAB:0023,1-4,4,vocabulary,水曜日,水曜日,すいようび,すいようび,水 曜 日,środa,1-3
1-4:VOCAB:0024,1-4,4,vocabulary,木曜日,木曜日,もくようび,もくようび,木 曜 日,czwartek,1-3
1-4:VOCAB:0025,1-4,4,vocabulary,金曜日,金曜日,きんようび,きんようび,金 曜 日,piątek,1-3
1-4:VOCAB:0026,1-4,4,vocabulary,日曜日,日曜日,にちようび,にちようび,日 曜,niedziela,1-3
1-4:VOCAB:0027,1-4,4,vocabulary,何曜日,<ruby>何<rt>なん</rt></ruby>曜日,なんようび,なんようび,曜 日,jaki dzień tygodnia?,1-3
1-4:VOCAB:0028,1-4,4,vocabulary,曜日,曜日,ようび,ようび,曜 日,dzień tygodnia,1-3
1-4:VOCAB:0029,1-4,4,vocabulary,お金,お金,おかね,おかね,金,pieniądze,1-3
1-4:VOCAB:0030,1-4,4,vocabulary,真ん中,<ruby>真<rt>ま</rt></ruby>ん中,まんなか,まんなか,中,w samym centrum,1-3
1-4:VOCAB:0031,1-4,4,vocabulary,一日,一日,ついたち,ついたち,日,1 dzień miesiąca,1-3
1-4:VOCAB:0032,1-4,4,vocabulary,二日,二日,ふつか,ふつか,日,2 dzień miesiąca,1-3
1-4:VOCAB:0033,1-4,4,vocabulary,三日,三日,みっか,みっか,日,3 dzień miesiąca,1-3
1-4:VOCAB:0034,1-4,4,vocabulary,四日,四日,よっか,よっか,日,4 dzień miesiąca,1-3
1-4:VOCAB:0035,1-4,4,vocabulary,五日,五日,いつか,いつか,日,5 dzień miesiąca,1-3
1-4:VOCAB:0036,1-4,4,vocabulary,六日,六日,むいか,むいか,日,6 dzień miesiąca,1-3
1-4:VOCAB:0037,1-4,4,vocabulary,七日,七日,なのか,なのか,日,7 dzień miesiąca,1-3
1-4:VOCAB:0038,1-4,4,vocabulary,八日,八日,ようか,ようか,日,8 dzień miesiąca,1-3
1-4:VOCAB:0039,1-4,4,vocabulary,九日,九日,ここのか,ここのか,日,9 dzień miesiąca,1-3
1-4:VOCAB:0040,1-4,4,vocabulary,十日,十日,とおか,とおか,日,10 dzień miesiąca,1-3
1-4:VOCAB:0041,1-4,4,vocabulary,十一日,十一日,じゅういちにち,じゅういちにち,日,11 dzień miesiąca,1-3
1-4:VOCAB:0042,1-4,4,vocabulary,十二日,十二日,じゅうににち,じゅうににち,日,12 dzień miesiąca,1-3
1-4:VOCAB:0043,1-4,4,vocabulary,十三日,十三日,じゅうさんにち,じゅうさんにち,日,13 dzień miesiąca,1-3
1-4:VOCAB:0044,1-4,4,vocabulary,十四日,十四日,じゅうよっか,じゅうよっか,日,14 dzień miesiąca,1-3
1-4:VOCAB:0045,1-4,4,vocabulary,十五日,十五日,じゅうごにち,じゅうごにち,日,15 dzień miesiąca,1-3
1-4:VOCAB:0046,1-4,4,vocabulary,十六日,十六日,じゅうろくにち,じゅうろくにち,日,16 dzień miesiąca,1-3
1-4:VOCAB:0047,1-4,4,vocabulary,十七日,十七日,じゅうしちにち,じゅうしちにち,日,17 dzień miesiąca,1-3
1-4:VOCAB:0048,1-4,4,vocabulary,十八日,十八日,じゅうはちにち,じゅうはちにち,日,18 dzień miesiąca,1-3
1-4:VOCAB:0049,1-4,4,vocabulary,十九日,十九日,じゅうくにち,じゅうくにち,日,19 dzień miesiąca,1-3
1-4:VOCAB:0050,1-4,4,vocabulary,二十日,二十日,はつか,はつか,日,20 dzień miesiąca,1-3
1-4:VOCAB:0051,1-4,4,vocabulary,二十一日,二十一日,にじゅういちにち,にじゅういちにち,日,21 dzień miesiąca,1-3
1-4:VOCAB:0052,1-4,4,vocabulary,二十二日,二十二日,にじゅうににち,にじゅうににち,日,22 dzień miesiąca,1-3
1-4:VOCAB:0053,1-4,4,vocabulary,二十三日,二十三日,にじゅうさんにち,にじゅうさんにち,日,23 dzień miesiąca,1-3
1-4:VOCAB:0054,1-4,4,vocabulary,二十四日,二十四日,にじゅうよっか,にじゅうよっか,日,24 dzień miesiąca,1-3
1-4:VOCAB:0055,1-4,4,vocabulary,二十五日,二十五日,にじゅうごにち,にじゅうごにち,日,25 dzień miesiąca,1-3
1-4:VOCAB:0056,1-4,4,vocabulary,二十六日,二十六日,にじゅうろくにち,にじゅうろくにち,日,26 dzień miesiąca,1-3
1-4:VOCAB:0057,1-4,4,vocabulary,二十七日,二十七日,にじゅうしちにち,にじゅうしちにち,日,27 dzień miesiąca,1-3
1-4:VOCAB:0058,1-4,4,vocabulary,二十八日,二十八日,にじゅうはちにち,にじゅうはちにち,日,28 dzień miesiąca,1-3
1-4:VOCAB:0059,1-4,4,vocabulary,二十九日,二十九日,にじゅうくにち,にじゅうくにち,日,29 dzień miesiąca,1-3
1-4:VOCAB:0060,1-4,4,vocabulary,三十日,三十日,さんじゅうにち,さんじゅうにち,日,30 dzień miesiąca,1-3
1-4:VOCAB:0061,1-4,4,vocabulary,三十一日,三十一日,さんじゅういちにち,さんじゅういちにち,日,31 dzień miesiąca,1-3
1-4:VOCAB:0062,1-4,4,vocabulary,一月,一月,いちがつ,いちがつ,月,styczeń,1-3
1-4:VOCAB:0063,1-4,4,vocabulary,二月,二月,にがつ,にがつ,月,luty,1-3
1-4:VOCAB:0064,1-4,4,vocabulary,三月,三月,さんがつ,さんがつ,月,marzec,1-3
1-4:VOCAB:0065,1-4,4,vocabulary,四月,四月,しがつ,しがつ,月,kwiecień,1-3
1-4:VOCAB:0066,1-4,4,vocabulary,五月,五月,ごがつ,ごがつ,月,maj,1-3
1-4:VOCAB:0067,1-4,4,vocabulary,六月,六月,ろくがつ,ろくがつ,月,czerwiec,1-3
1-4:VOCAB:0068,1-4,4,vocabulary,七月,七月,しちがつ,しちがつ,月,lipiec,1-3
1-4:VOCAB:0069,1-4,4,vocabulary,八月,八月,はちがつ,はちがつ,月,sierpień,1-3
1-4:VOCAB:0070,1-4,4,vocabulary,九月,九月,くがつ,くがつ,月,wrzesień,1-3
1-4:VOCAB:0071,1-4,4,vocabulary,十月,十月,じゅうがつ,じゅうがつ,月,październik,1-3
1-4:VOCAB:0072,1-4,4,vocabulary,十一月,十一月,じゅういちがつ,じゅういちがつ,月,listopad,1-3
1-4:VOCAB:0073,1-4,4,vocabulary,十二月,十二月,じゅうにがつ,じゅうにがつ,月,grudzień,1-3
1-4:VOCAB:0074,1-4,4,vocabulary,先月,<ruby>先<rt>せん</rt></ruby>月,せんげつ,せんげつ,月,zeszły miesiąc,1-3
1-4:VOCAB:0075,1-4,4,vocabulary,今月,<ruby>今<rt>こん</rt></ruby>月,こんげつ,こんげつ,月,ten miesiąc,1-3
1-4:VOCAB:0076,1-4,4,vocabulary,再来月,<ruby>再<rt>さ</rt></ruby><ruby>来<rt>らい</rt></ruby>月,さらいげつ,さらいげつ,月,za dwa miesiące,1-3
1-4:VOCAB:0077,1-4,4,vocabulary,半分,半分,はんぶん,はんぶん,半,"pół / połowa (np. ciasta, pracy) – samodzielny rzeczownik",1-3
1-4:VOCAB:0078,1-4,4,vocabulary,以上です,<ruby>以<rt>い</rt></ruby>上です,いじょうです,いじょうです,上,To wszystko (koniec wypowiedzi/zamówienia).,1-3
1-4:VOCAB:0079,1-4,4,vocabulary,営業中,<ruby>営<rt>えい</rt></ruby><ruby>業<rt>ぎょう</rt></ruby>中,えいぎょうちゅう,えいぎょうちゅう,中,Otwarte (restauracja/sklep),1-3
1-4:VOCAB:0080,1-4,4,vocabulary,準備中,<ruby>準<rt>じゅん</rt></ruby><ruby>備<rt>び</rt></ruby>中,じゅんびちゅう,じゅんびちゅう,中,Zamknięte (w trakcie przygotowań),1-3
1-4:VOCAB:0081,1-4,4,vocabulary,一人です,一人です,ひとりです,ひとりです,人,jestem sam / w pojedynkę,1-3
1-4:VOCAB:0082,1-4,4,vocabulary,一人で,一人で,ひとりで,ひとりで,人,"samemu, w pojedynkę",1-4
1-4:VOCAB:0083,1-4,4,vocabulary,一人,一人,ひとり,ひとり,人,jedna osoba,1-4
1-4:VOCAB:0084,1-4,4,vocabulary,二人,二人,ふたり,ふたり,人,dwie osoby,1-4
1-4:VOCAB:0085,1-4,4,vocabulary,三人,三人,さんにん,さんにん,人,trzy osoby,1-4
1-4:VOCAB:0086,1-4,4,vocabulary,四人,四人,よにん,よにん,人,cztery osoby,1-4
1-4:VOCAB:0087,1-4,4,vocabulary,五人,五人,ごにん,ごにん,人,pięć osób,1-4
1-4:VOCAB:0088,1-4,4,vocabulary,六人,六人,ろくにん,ろくにん,人,sześć osób,1-4
1-4:VOCAB:0089,1-4,4,vocabulary,七人,七人,ななにん,ななにん,人,siedem osób,1-4
1-4:VOCAB:0090,1-4,4,vocabulary,八人,八人,はちにん,はちにん,人,osiem osób,1-4
1-4:VOCAB:0091,1-4,4,vocabulary,九人,九人,きゅうにん,きゅうにん,人,dziewięć osób,1-4
1-4:VOCAB:0092,1-4,4,vocabulary,十人,十人,じゅうにん,じゅうにん,人,dziesięć osób,1-4
1-4:VOCAB:0093,1-4,4,vocabulary,何人,<ruby>何<rt>なん</rt></ruby>人,なんにん,なんにん,人,ile osób?,1-4
1-4:VOCAB:0094,1-4,4,vocabulary,地下鉄,<ruby>地<rt>ち</rt></ruby>下<ruby>鉄<rt>てつ</rt></ruby>,ちかてつ,ちかてつ,下,metro,1-4
1-4:VOCAB:0095,1-4,4,vocabulary,土,土,つち,つち,土,ziemia (gleba),1-4
1-4:VOCAB:0096,1-4,4,vocabulary,火,火,ひ,ひ,火,ogień,1-4
1-4:VOCAB:0097,1-4,4,vocabulary,月,月,つき,つき,月,księżyc,1-4
1-4:VOCAB:0098,1-4,4,vocabulary,花火,<ruby>花<rt>はな</rt></ruby>火,はなび,はなび,火,fajerwerki,1-4
1-4:VOCAB:0099,1-4,4,vocabulary,木,木,き,き,木,drzewo,1-4
1-4:VOCAB:0100,1-4,4,vocabulary,本命チョコ,本<ruby>命<rt>めい</rt></ruby>チョコ,ほんめいチョコ,ほんめいちょこ,本,"czekoladki dla ukochanej osoby, czekolada ♡honne",1-4
1-4:VOCAB:0101,1-4,4,vocabulary,母の日,<ruby>母<rt>はは</rt></ruby>の日,ははのひ,ははのひ,日,Dzień Matki,1-4
1-4:VOCAB:0102,1-4,4,vocabulary,上げる,上げる,あげる,あげる,上,podnosić,1-4
1-4:VOCAB:0103,1-4,4,vocabulary,下る,下る,くだる,くだる,下,iść w dół / schodzić,1-4
1-4:VOCAB:0104,1-4,4,vocabulary,一年中,一<ruby>年<rt>ねん</rt></ruby>中,いちねんじゅう,いちねんじゅう,中,przez cały rok,1-4
1-4:VOCAB:0105,1-4,4,vocabulary,外国,外<ruby>国<rt>こく</rt></ruby>,がいこく,がいこく,外,zagranica,1-4
1-4:VOCAB:0106,1-4,4,vocabulary,外国人,外<ruby>国<rt>こく</rt></ruby>人,がいこくじん,がいこくじん,外 人,obcokrajowiec,1-4
1-4:VOCAB:0107,1-4,4,vocabulary,外,外,そと,そと,外,"zewnątrz, na zewnątrz",1-4
1-4:VOCAB:0108,1-4,4,vocabulary,外人,外人,がいじん,がいじん,外 人,obcokrajowiec (potocznie),1-4
1-4:VOCAB:0109,1-4,4,vocabulary,下げる,下げる,さげる,さげる,下,"obniżać, opuszczać (np. cenę, temperaturę)",1-4
1-4:VOCAB:0110,1-4,4,vocabulary,火山,火<ruby>山<rt>ざん</rt></ruby>,かざん,かざん,火,wulkan,1-4
1-4:VOCAB:0111,1-4,4,vocabulary,火星,火<ruby>星<rt>せい</rt></ruby>,かせい,かせい,火,Mars,1-4
1-4:VOCAB:0112,1-4,4,vocabulary,飲み水,<ruby>飲<rt>の</rt></ruby>み水,のみみず,のみみず,水,woda pitna,1-4
1-4:VOCAB:0113,1-4,4,vocabulary,木製,木<ruby>製<rt>せい</rt></ruby>,もくせい,もくせい,木,drewniany,1-4
1-4:VOCAB:0114,1-4,4,vocabulary,現金,<ruby>現<rt>げん</rt></ruby>金,げんきん,げんきん,金,gotówka,1-4
1-4:VOCAB:0115,1-4,4,vocabulary,金星,金<ruby>星<rt>せい</rt></ruby>,きんせい,きんせい,金,Wenus,1-4
1-4:VOCAB:0116,1-4,4,vocabulary,土地,土<ruby>地<rt>ち</rt></ruby>,とち,とち,土,ziemia / grunt,1-4
1-4:VOCAB:0117,1-4,4,vocabulary,土星,土<ruby>星<rt>せい</rt></ruby>,どせい,どせい,土,Saturn,1-4
1-4:VOCAB:0118,1-4,4,vocabulary,国土,<ruby>国<rt>こく</rt></ruby>土,こくど,こくど,土,terytorium kraju,1-4
1-4:VOCAB:0119,1-4,4,vocabulary,日の出,日の<ruby>出<rt>で</rt></ruby>,ひので,ひので,日,wschód słońca,1-4
1-4:VOCAB:0120,1-4,4,vocabulary,日の入り,日の<ruby>入<rt>い</rt></ruby>り,ひのいり,ひのいり,日,zachód słońca,1-4
1-4:VOCAB:0121,1-4,4,vocabulary,平日,<ruby>平<rt>へい</rt></ruby>日,へいじつ,へいじつ,日,dzień powszedni,1-4
1-4:VOCAB:0122,1-4,4,vocabulary,絵本,<ruby>絵<rt>え</rt></ruby>本,えほん,えほん,本,książka z obrazkami,1-4
1-4:VOCAB:0123,1-4,4,vocabulary,本当,本<ruby>当<rt>とう</rt></ruby>,ほんとう,ほんとう,本,prawda,1-4
1-4:VOCAB:0124,1-4,4,vocabulary,巨人,<ruby>巨<rt>きょ</rt></ruby>人,きょじん,きょじん,人,gigant / olbrzym,1-4
1-4:VOCAB:0125,1-4,4,vocabulary,愛人,<ruby>愛<rt>あい</rt></ruby>人,あいじん,あいじん,人,kochanek / kochanka,1-4
1-4:VOCAB:0126,1-4,4,vocabulary,隣人,<ruby>隣<rt>りん</rt></ruby>人,りんじん,りんじん,人,sąsiad,1-4
1-4:VOCAB:0127,1-4,4,vocabulary,他人,<ruby>他<rt>た</rt></ruby>人,たにん,たにん,人,obcy / inna osoba,1-4
1-4:VOCAB:0128,1-4,4,vocabulary,以上,<ruby>以<rt>い</rt></ruby>上,いじょう,いじょう,上,więcej niż / powyżej,1-4
1-4:VOCAB:0129,1-4,4,vocabulary,屋上,<ruby>屋<rt>おく</rt></ruby>上,おくじょう,おくじょう,上,dach (płaski),1-4
1-4:VOCAB:0130,1-4,4,vocabulary,以下,<ruby>以<rt>い</rt></ruby>下,いか,いか,下,mniej niż / poniżej,1-4
1-4:VOCAB:0131,1-4,4,vocabulary,仕事中,<ruby>仕<rt>し</rt></ruby><ruby>事<rt>ごと</rt></ruby>中,しごとちゅう,しごとちゅう,中,w trakcie pracy,1-4
1-4:VOCAB:0132,1-4,4,vocabulary,意外,<ruby>意<rt>い</rt></ruby>外,いがい,いがい,外,nieoczekiwany / zaskakujący,1-4
1-4:VOCAB:0133,1-4,4,vocabulary,半パン,半パン,はんパン,はんぱん,半,krótkie spodenki,1-4
1-4:VOCAB:0134,1-4,4,vocabulary,中途半端,中<ruby>途<rt>と</rt></ruby>半<ruby>端<rt>ぱ</rt></ruby>,ちゅうとはんぱ,ちゅうとはんぱ,中 半,niedokończony / w połowie drogi,1-4
1-4:VOCAB:0135,1-4,4,vocabulary,水星,水<ruby>星<rt>せい</rt></ruby>,すいせい,すいせい,水,Merkury (planeta),1-4
1-5:ON:気,1-5,5,onyomi,気,気,キ,き,気,"duch, energia, atmosfera",
1-5:ON:天,1-5,5,onyomi,天,天,テン,てん,天,niebo,
1-5:ON:元,1-5,5,onyomi,元,元,ゲン,げん,元,"pochodzenie, fundament",
1-5:ON:山,1-5,5,onyomi,山,山,サン,さん,山,góra,
1-5:ON:私,1-5,5,onyomi,私,私,シ,し,私,"ja, prywatny",
1-5:ON:今,1-5,5,onyomi,今,今,コン,こん,今,teraz,
1-5:ON:女,1-5,5,onyomi,女,女,ジョ,じょ,女,kobieta,
1-5:ON:男,1-5,5,onyomi,男,男,ダン | ナン,だん | なん,男,mężczyzna,
1-5:ON:見,1-5,5,onyomi,見,見,ケン,けん,見,patrzeć,
1-5:ON:行,1-5,5,onyomi,行,行,コウ | ギョウ,こう | ぎょう,行,iść,
1-5:ON:来,1-5,5,onyomi,来,来,ライ,らい,来,przyjść,
1-5:ON:食,1-5,5,onyomi,食,食,ショク,しょく,食,jeść,
1-5:ON:飲,1-5,5,onyomi,飲,飲,イン,いん,飲,pić,
1-5:KUN:元,1-5,5,kunyomi,元,元,もと,もと,元,"pochodzenie, fundament",
1-5:KUN:山,1-5,5,kunyomi,山,山,やま,やま,山,góra,
1-5:KUN:川,1-5,5,kunyomi,川,川,かわ,かわ,川,rzeka,
1-5:KUN:私,1-5,5,kunyomi,私,私,わたし,わたし,私,"ja, prywatny",
1-5:KUN:今,1-5,5,kunyomi,今,今,いま,いま,今,teraz,
1-5:KUN:田,1-5,5,kunyomi,田,田,た,た,田,pole ryżowe,
1-5:KUN:女,1-5,5,kunyomi,女,女,おんな,おんな,女,kobieta,
1-5:KUN:男,1-5,5,kunyomi,男,男,おとこ,おとこ,男,mężczyzna,
1-5:KUN:見,1-5,5,kunyomi,見,見,み.る,みる,見,patrzeć,
1-5:KUN:行,1-5,5,kunyomi,行,行,い.く,いく,行,iść,
1-5:KUN:来,1-5,5,kunyomi,来,来,く.る | き.ます | こ.ない,くる | きます | こない,来,przyjść,
1-5:KUN:食,1-5,5,kunyomi,食,食,た.べる,たべる,食,jeść,
1-5:KUN:飲,1-5,5,kunyomi,飲,飲,の.む,のむ,飲,pić,
1-5:VOCAB:0001,1-5,5,vocabulary,私,私,わたし | あたし,わたし | あたし,私,"ja | ja (nieformalnie, żeńskie)",1-1
1-5:VOCAB:0002,1-5,5,vocabulary,今,今,いま,いま,今,teraz,1-1
1-5:VOCAB:0003,1-5,5,vocabulary,食べる,食べる,たべる,たべる,食,jeść,1-2
1-5:VOCAB:0004,1-5,5,vocabulary,見る,見る,みる,みる,見,patrzeć/ oglądać,1-2
1-5:VOCAB:0005,1-5,5,vocabulary,行く,行く,いく,いく,行,iść,1-2
1-5:VOCAB:0006,1-5,5,vocabulary,飲む,飲む,のむ,のむ,飲,pić,1-2
1-5:VOCAB:0007,1-5,5,vocabulary,来る,来る,くる,くる,来,przychodzić,1-2
1-5:VOCAB:0008,1-5,5,vocabulary,私はx歳です,私はx<ruby>歳<rt>さい</rt></ruby>です,わたしはxさいです,わたしはxさいです,私,Mam X lat.,1-1
1-5:VOCAB:0009,1-5,5,vocabulary,今何時ですか,今<ruby>何<rt>なん</rt></ruby>時ですか,いまなんじですか,いまなんじですか,今,Która jest teraz godzina?,1-1
1-5:VOCAB:0010,1-5,5,vocabulary,今はx時です,今はx時です,いまはxじです,いまはxじです,今,Teraz jest godzina X.,1-1
1-5:VOCAB:0011,1-5,5,vocabulary,私はx年生です,私はx<ruby>年<rt>ねん</rt></ruby><ruby>生<rt>せい</rt></ruby>です,わたしはxねんせいです,わたしはxねんせいです,私,Jestem na X roku.,1-1
1-5:VOCAB:0012,1-5,5,vocabulary,飛行機,<ruby>飛<rt>ひ</rt></ruby>行<ruby>機<rt>き</rt></ruby>,ひこうき,ひこうき,行,samolot,1-2
1-5:VOCAB:0013,1-5,5,vocabulary,来週,来<ruby>週<rt>しゅう</rt></ruby>,らいしゅう,らいしゅう,来,przyszły tydzień,1-3
1-5:VOCAB:0014,1-5,5,vocabulary,来月,来月,らいげつ,らいげつ,来,przyszły miesiąc,1-3
1-5:VOCAB:0015,1-5,5,vocabulary,来年,来<ruby>年<rt>ねん</rt></ruby>,らいねん,らいねん,来,przyszły rok,1-3
1-5:VOCAB:0016,1-5,5,vocabulary,食べ物,食べ<ruby>物<rt>もの</rt></ruby>,たべもの,たべもの,食,jedzenie / picie,1-2
1-5:VOCAB:0017,1-5,5,vocabulary,飲み物,飲み<ruby>物<rt>もの</rt></ruby>,のみもの,のみもの,飲,jedzenie / picie,1-2
1-5:VOCAB:0018,1-5,5,vocabulary,銀行,<ruby>銀<rt>ぎん</rt></ruby>行,ぎんこう,ぎんこう,行,bank,1-2
1-5:VOCAB:0019,1-5,5,vocabulary,今日,今日,きょう,きょう,今,dzisiaj,1-2
1-5:VOCAB:0020,1-5,5,vocabulary,今晩,今<ruby>晩<rt>ばん</rt></ruby>,こんばん,こんばん,今,dziś wieczór,1-2
1-5:VOCAB:0021,1-5,5,vocabulary,今週,今<ruby>週<rt>しゅう</rt></ruby>,こんしゅう,こんしゅう,今,ten tydzień,1-2
1-5:VOCAB:0022,1-5,5,vocabulary,お元気で,お元気で,おげんきで,おげんきで,元 気,trzymaj się (na co dzień),1-2
1-5:VOCAB:0023,1-5,5,vocabulary,元気,元気,げんき,げんき,元 気,"zdrowie, energia, pełen energii/życia",1-2
1-5:VOCAB:0024,1-5,5,vocabulary,今月,今月,こんげつ,こんげつ,今,ten miesiąc,1-3
1-5:VOCAB:0025,1-5,5,vocabulary,再来月,<ruby>再<rt>さ</rt></ruby>来月,さらいげつ,さらいげつ,来,za dwa miesiące,1-3
1-5:VOCAB:0026,1-5,5,vocabulary,再来年,<ruby>再<rt>さ</rt></ruby>来<ruby>年<rt>ねん</rt></ruby>,さらいねん,さらいねん,来,za dwa lata,1-3
1-5:VOCAB:0027,1-5,5,vocabulary,今度,今<ruby>度<rt>ど</rt></ruby>,こんど,こんど,今,następnym razem / tym razem,1-3
1-5:VOCAB:0028,1-5,5,vocabulary,山岳,山<ruby>岳<rt>がく</rt></ruby>,さんがく,さんがく,山,łańcuch górski / góry,1-3
1-5:VOCAB:0029,1-5,5,vocabulary,和食,<ruby>和<rt>わ</rt></ruby>食,わしょく,わしょく,食,kuchnia japońska / jedzenie japońskie,1-3
1-5:VOCAB:0030,1-5,5,vocabulary,旅行,<ruby>旅<rt>りょ</rt></ruby>行,りょこう,りょこう,行,"wycieczka, podróż",1-4
1-5:VOCAB:0031,1-5,5,vocabulary,電気,<ruby>電<rt>でん</rt></ruby>気,でんき,でんき,気,światło (elektryczność),1-4
1-5:VOCAB:0032,1-5,5,vocabulary,川,川,かわ,かわ,川,rzeka,1-4
1-5:VOCAB:0033,1-5,5,vocabulary,天気,天気,てんき,てんき,天 気,pogoda,1-5
1-5:VOCAB:0034,1-5,5,vocabulary,人気がある,人気がある,にんきがある,にんきがある,気,być popularnym,1-5
1-5:VOCAB:0035,1-5,5,vocabulary,男の子,男の<ruby>子<rt>こ</rt></ruby>,おとこのこ,おとこのこ,男,chłopiec,1-5
1-5:VOCAB:0036,1-5,5,vocabulary,女の子,女の<ruby>子<rt>こ</rt></ruby>,おんなのこ,おんなのこ,女,dziewczynka,1-5
1-5:VOCAB:0037,1-5,5,vocabulary,飲食する,飲食する,いんしょくする,いんしょくする,飲 食,spożywać,1-4
1-5:VOCAB:0038,1-5,5,vocabulary,まっすぐ行く,まっすぐ行く,まっすぐいく,まっすぐいく,行,iść prosto,1-4
1-5:VOCAB:0039,1-5,5,vocabulary,気を付ける,気を<ruby>付<rt>つ</rt></ruby>ける,きをつける,きをつける,気,uważać,1-5
1-5:VOCAB:0040,1-5,5,vocabulary,人気,人気,にんき,にんき,気,popularność,1-5
1-5:VOCAB:0041,1-5,5,vocabulary,気持ち,気<ruby>持<rt>も</rt></ruby>ち,きもち,きもち,気,"uczucie, samopoczucie",1-5
1-5:VOCAB:0042,1-5,5,vocabulary,天国,天<ruby>国<rt>ごく</rt></ruby>,てんごく,てんごく,天,"niebo, raj",1-5
1-5:VOCAB:0043,1-5,5,vocabulary,天皇,天<ruby>皇<rt>のう</rt></ruby>,てんのう,てんのう,天,cesarz Japonii,1-5
1-5:VOCAB:0044,1-5,5,vocabulary,元,元,もと,もと,元,"oryginał, pochodzenie",1-5
1-5:VOCAB:0045,1-5,5,vocabulary,山奥,山<ruby>奥<rt>おく</rt></ruby>,やまおく,やまおく,山,w głębi gór,1-5
1-5:VOCAB:0046,1-5,5,vocabulary,山,山,やま,やま,山,góra,1-5
1-5:VOCAB:0047,1-5,5,vocabulary,富士山,<ruby>富<rt>ふ</rt></ruby><ruby>士<rt>じ</rt></ruby>山,ふじさん,ふじさん,山,góra Fuji,1-5
1-5:VOCAB:0048,1-5,5,vocabulary,小川,<ruby>小<rt>お</rt></ruby>川,おがわ,おがわ,川,"mała rzeka, strumień",1-5
1-5:VOCAB:0049,1-5,5,vocabulary,私立大学,私<ruby>立<rt>りつ</rt></ruby><ruby>大<rt>だい</rt></ruby><ruby>学<rt>がく</rt></ruby>,しりつだいがく,しりつだいがく,私,prywatny uniwersytet,1-5
1-5:VOCAB:0050,1-5,5,vocabulary,田んぼ,田んぼ,たんぼ,たんぼ,田,pole ryżowe,1-5
1-5:VOCAB:0051,1-5,5,vocabulary,長女,<ruby>長<rt>ちょう</rt></ruby>女,ちょうじょ,ちょうじょ,女,najstarsza córka,1-5
1-5:VOCAB:0052,1-5,5,vocabulary,女の人,女の人,おんなのひと,おんなのひと,女,kobieta,1-5
1-5:VOCAB:0053,1-5,5,vocabulary,男子学生,男<ruby>子<rt>し</rt></ruby><ruby>学<rt>がく</rt></ruby><ruby>生<rt>せい</rt></ruby>,だんしがくせい,だんしがくせい,男,student (mężczyzna),1-5
1-5:VOCAB:0054,1-5,5,vocabulary,男の人,男の人,おとこのひと,おとこのひと,男,mężczyzna,1-5
1-5:VOCAB:0055,1-5,5,vocabulary,見物,見<ruby>物<rt>ぶつ</rt></ruby>,けんぶつ,けんぶつ,見,"zwiedzanie, oglądanie (konkretnej atrakcji/wydarzenia, przyglądanie się)",1-5
1-5:VOCAB:0056,1-5,5,vocabulary,一行目,一行<ruby>目<rt>め</rt></ruby>,いちぎょうめ,いちぎょうめ,行,pierwsza linijka,1-5
1-5:VOCAB:0057,1-5,5,vocabulary,来ない,来ない,こない,こない,来,nie przychodzić,1-5
1-5:VOCAB:0058,1-5,5,vocabulary,食事,食<ruby>事<rt>じ</rt></ruby>,しょくじ,しょくじ,食,posiłek,1-5
1-5:VOCAB:0059,1-5,5,vocabulary,飲酒運転,飲<ruby>酒<rt>しゅ</rt></ruby><ruby>運<rt>うん</rt></ruby><ruby>転<rt>てん</rt></ruby>,いんしゅうんてん,いんしゅうんてん,飲,jazda po spożyciu alkoholu,1-5
1-5:VOCAB:0060,1-5,5,vocabulary,勇気,<ruby>勇<rt>ゆう</rt></ruby>気,ゆうき,ゆうき,気,odwaga,1-5
1-5:VOCAB:0061,1-5,5,vocabulary,行動する,行<ruby>動<rt>どう</rt></ruby>する,こうどうする,こうどうする,行,"działać, postępować",1-5
1-5:VOCAB:0062,1-5,5,vocabulary,もう元気,もう元気,もうげんき,もうげんき,元 気,"już zdrowy, już dobrze",1-5
1-5:VOCAB:0063,1-5,5,vocabulary,出来る,<ruby>出<rt>で</rt></ruby>来る,できる,できる,来,móc / potrafić,1-5
1-5:VOCAB:0064,1-5,5,vocabulary,空気,<ruby>空<rt>くう</rt></ruby>気,くうき,くうき,気,powietrze,1-5
1-5:VOCAB:0065,1-5,5,vocabulary,空気がおいしい,<ruby>空<rt>くう</rt></ruby>気がおいしい,くうきがおいしい,くうきがおいしい,気,powietrze jest rześkie / świeże powietrze,1-5
1-5:VOCAB:0066,1-5,5,vocabulary,火山,火山,かざん,かざん,山,wulkan,1-4
1-5:VOCAB:0067,1-5,5,vocabulary,飲み水,飲み水,のみみず,のみみず,飲,woda pitna,1-4
1-5:VOCAB:0068,1-5,5,vocabulary,本気,本気,ほんき,ほんき,気,powaga / na serio,1-5
1-5:VOCAB:0069,1-5,5,vocabulary,元カノ,元カノ,もとカノ,もとかの,元,była dziewczyna,1-5
1-5:VOCAB:0070,1-5,5,vocabulary,元カレ,元カレ,もとカレ,もとかれ,元,były chłopak,1-5
1-5:VOCAB:0071,1-5,5,vocabulary,登山,<ruby>登<rt>と</rt></ruby>山,とざん,とざん,山,wspinaczka górska,1-5
1-5:VOCAB:0072,1-5,5,vocabulary,下山,下山,げざん,げざん,山,zejście z góry,1-5
1-5:VOCAB:0073,1-5,5,vocabulary,川岸,川<ruby>岸<rt>ぎし</rt></ruby>,かわぎし,かわぎし,川,brzeg rzeki,1-5
1-5:VOCAB:0074,1-5,5,vocabulary,私語,私<ruby>語<rt>ご</rt></ruby>,しご,しご,私,prywatna rozmowa / szeptanie,1-5
1-5:VOCAB:0075,1-5,5,vocabulary,私生活,私<ruby>生<rt>せい</rt></ruby><ruby>活<rt>かつ</rt></ruby>,しせいかつ,しせいかつ,私,życie prywatne,1-5
1-5:VOCAB:0076,1-5,5,vocabulary,女性,女<ruby>性<rt>せい</rt></ruby>,じょせい,じょせい,女,"kobieta (uprzejme, objektywne)",1-5
1-5:VOCAB:0077,1-5,5,vocabulary,少女,<ruby>少<rt>しょう</rt></ruby>女,しょうじょ,しょうじょ,女,dziewczynka / młoda dziewczyna,1-5
1-5:VOCAB:0078,1-5,5,vocabulary,女王,女<ruby>王<rt>おう</rt></ruby>,じょおう,じょおう,女,królowa,1-5
1-5:VOCAB:0079,1-5,5,vocabulary,王女,<ruby>王<rt>おう</rt></ruby>女,おうじょ,おうじょ,女,księżniczka,1-5
1-5:VOCAB:0080,1-5,5,vocabulary,長男,<ruby>長<rt>ちょう</rt></ruby>男,ちょうなん,ちょうなん,男,najstarszy syn,1-5
1-5:VOCAB:0081,1-5,5,vocabulary,男性,男<ruby>性<rt>せい</rt></ruby>,だんせい,だんせい,男,"mężczyzna (uprzejmie, skromnie)",1-5
1-5:VOCAB:0082,1-5,5,vocabulary,男前,男<ruby>前<rt>まえ</rt></ruby>,おとこまえ,おとこまえ,男,przystojny mężczyzna,1-5
1-5:VOCAB:0083,1-5,5,vocabulary,男女,男女,だんじょ,だんじょ,男 女,mężczyźni i kobiety / obie płcie,1-5
1-5:VOCAB:0084,1-5,5,vocabulary,意見,<ruby>意<rt>い</rt></ruby>見,いけん,いけん,見,opinia / zdanie,1-5
1-5:VOCAB:0085,1-5,5,vocabulary,見本,見本,みほん,みほん,見,próbka / wzór,1-5
1-5:VOCAB:0086,1-5,5,vocabulary,一見,一見,いっけん,いっけん,見,rzut oka / na pierwszy rzut oka,1-5
1-5:VOCAB:0087,1-5,5,vocabulary,外食,外食,がいしょく,がいしょく,食,jedzenie na mieście,1-5
1-5:VOCAB:0088,1-5,5,vocabulary,夕食,<ruby>夕<rt>ゆう</rt></ruby>食,ゆうしょく,ゆうしょく,食,kolacja (formalnie),1-5
1-5:VOCAB:0089,1-5,5,vocabulary,少食,<ruby>少<rt>しょう</rt></ruby>食,しょうしょく,しょうしょく,食,jedzący mało (mały apetyt),1-5
1-5:VOCAB:0090,1-5,5,vocabulary,飲酒,飲<ruby>酒<rt>しゅ</rt></ruby>,いんしゅ,いんしゅ,飲,spożywanie alkoholu,1-5
1-6:ON:右,1-6,6,onyomi,右,右,ウ | ユウ,う | ゆう,右,prawo,
1-6:ON:左,1-6,6,onyomi,左,左,サ,さ,左,lewo,
1-6:ON:東,1-6,6,onyomi,東,東,トウ,とう,東,wschód,
1-6:ON:西,1-6,6,onyomi,西,西,セイ | サイ,せい | さい,西,zachód,
1-6:ON:南,1-6,6,onyomi,南,南,ナン,なん,南,południe,
1-6:ON:北,1-6,6,onyomi,北,北,ホク,ほく,北,północ,
1-6:ON:口,1-6,6,onyomi,口,口,コウ,こう,口,usta,
1-6:ON:出,1-6,6,onyomi,出,出,シュツ,しゅつ,出,wyjść,
1-6:ON:先,1-6,6,onyomi,先,先,セン,せん,先,naprzód,
1-6:ON:生,1-6,6,onyomi,生,生,セイ | ショウ,せい | しょう,生,narodziny,
1-6:ON:小,1-6,6,onyomi,小,小,ショウ,しょう,小,mały,
1-6:ON:大,1-6,6,onyomi,大,大,ダイ | タイ,だい | たい,大,duży,
1-6:ON:学,1-6,6,onyomi,学,学,ガク,がく,学,uczyć się,
1-6:ON:国,1-6,6,onyomi,国,国,コク,こく,国,kraj,
1-6:ON:入,1-6,6,onyomi,入,入,ニュウ,にゅう,入,wchodzić,
1-6:KUN:右,1-6,6,kunyomi,右,右,みぎ,みぎ,右,prawo,
1-6:KUN:左,1-6,6,kunyomi,左,左,ひだり,ひだり,左,lewo,
1-6:KUN:東,1-6,6,kunyomi,東,東,ひがし,ひがし,東,wschód,
1-6:KUN:西,1-6,6,kunyomi,西,西,にし,にし,西,zachód,
1-6:KUN:南,1-6,6,kunyomi,南,南,みなみ,みなみ,南,południe,
1-6:KUN:北,1-6,6,kunyomi,北,北,きた,きた,北,północ,
1-6:KUN:口,1-6,6,kunyomi,口,口,くち,くち,口,usta,
1-6:KUN:出,1-6,6,kunyomi,出,出,で.る | だ.す,でる | だす,出,wyjść,
1-6:KUN:先,1-6,6,kunyomi,先,先,さき,さき,先,naprzód,
1-6:KUN:生,1-6,6,kunyomi,生,生,う.まれる,うまれる,生,narodziny,
1-6:KUN:小,1-6,6,kunyomi,小,小,ちい.さい,ちいさい,小,mały,
1-6:KUN:大,1-6,6,kunyomi,大,大,おお.きい,おおきい,大,duży,
1-6:KUN:学,1-6,6,kunyomi,学,学,まな.ぶ,まなぶ,学,uczyć się,
1-6:KUN:国,1-6,6,kunyomi,国,国,くに,くに,国,kraj,
1-6:KUN:入,1-6,6,kunyomi,入,入,はい.る | い.れる | いり,はいる | いれる | いり,入,wchodzić,
1-6:VOCAB:0001,1-6,6,vocabulary,出身,出<ruby>身<rt>しん</rt></ruby>,しゅっしん,しゅっしん,出,miejsce pochodzenia,1-1
1-6:VOCAB:0002,1-6,6,vocabulary,学校,学<ruby>校<rt>こう</rt></ruby>,がっこう,がっこう,学,szkoła,1-1
1-6:VOCAB:0003,1-6,6,vocabulary,小学校,小学<ruby>校<rt>こう</rt></ruby>,しょうがっこう,しょうがっこう,小 学,szkoła podstawowa,1-1
1-6:VOCAB:0004,1-6,6,vocabulary,小学生,小学生,しょうがくせい,しょうがくせい,小 学 生,uczeń/uczennica podstawówki,1-1
1-6:VOCAB:0005,1-6,6,vocabulary,中学校,中学<ruby>校<rt>こう</rt></ruby>,ちゅうがっこう,ちゅうがっこう,学,gimnazjum,1-1
1-6:VOCAB:0006,1-6,6,vocabulary,中学生,中学生,ちゅうがくせい,ちゅうがくせい,学 生,gimnazjalista/gimnazjalistka,1-1
1-6:VOCAB:0007,1-6,6,vocabulary,高校生,<ruby>高<rt>こう</rt></ruby><ruby>校<rt>こう</rt></ruby>生,こうこうせい,こうこうせい,生,licealista/licealistka,1-1
1-6:VOCAB:0008,1-6,6,vocabulary,大学,大学,だいがく,だいがく,大 学,uniwersytet,1-1
1-6:VOCAB:0009,1-6,6,vocabulary,大学生,大学生,だいがくせい,だいがくせい,大 学 生,student/studentka (uniwersytetu),1-1
1-6:VOCAB:0010,1-6,6,vocabulary,大学院,大学<ruby>院<rt>いん</rt></ruby>,だいがくいん,だいがくいん,大 学,"studia magisterskie, szkoła podyplomowa",1-1
1-6:VOCAB:0011,1-6,6,vocabulary,大学院生,大学<ruby>院<rt>いん</rt></ruby>生,だいがくいんせい,だいがくいんせい,大 学 生,student/ka studiów magisterskich,1-1
1-6:VOCAB:0012,1-6,6,vocabulary,学生,学生,がくせい,がくせい,学 生,student (uczeń),1-1
1-6:VOCAB:0013,1-6,6,vocabulary,先生,先生,せんせい,せんせい,先 生,nauczyciel,1-1
1-6:VOCAB:0014,1-6,6,vocabulary,文学,<ruby>文<rt>ぶん</rt></ruby>学,ぶんがく,ぶんがく,学,literatura,1-1
1-6:VOCAB:0015,1-6,6,vocabulary,国,国,くに,くに,国,kraj,1-1
1-6:VOCAB:0016,1-6,6,vocabulary,韓国,<ruby>韓<rt>かん</rt></ruby>国,かんこく,かんこく,国,Korea Południowa,1-1
1-6:VOCAB:0017,1-6,6,vocabulary,中国,中国,ちゅうごく,ちゅうごく,国,Chiny,1-1
1-6:VOCAB:0018,1-6,6,vocabulary,年生,<ruby>年<rt>ねん</rt></ruby>生,ねんせい,ねんせい,生,student ... roku,1-1
1-6:VOCAB:0019,1-6,6,vocabulary,一年生,一<ruby>年<rt>ねん</rt></ruby>生,いちねんせい,いちねんせい,生,1. rok,1-1
1-6:VOCAB:0020,1-6,6,vocabulary,二年生,二<ruby>年<rt>ねん</rt></ruby>生,にねんせい,にねんせい,生,2. rok,1-1
1-6:VOCAB:0021,1-6,6,vocabulary,三年生,三<ruby>年<rt>ねん</rt></ruby>生,さんねんせい,さんねんせい,生,3. rok,1-1
1-6:VOCAB:0022,1-6,6,vocabulary,四年生,四<ruby>年<rt>ねん</rt></ruby>生,よねんせい,よねんせい,生,4. rok,1-1
1-6:VOCAB:0023,1-6,6,vocabulary,五年生,五<ruby>年<rt>ねん</rt></ruby>生,ごねんせい,ごねんせい,生,5. rok,1-1
1-6:VOCAB:0024,1-6,6,vocabulary,六年生,六<ruby>年<rt>ねん</rt></ruby>生,ろくねんせい,ろくねんせい,生,6. rok,1-1
1-6:VOCAB:0025,1-6,6,vocabulary,七年生,七<ruby>年<rt>ねん</rt></ruby>生,しちねんせい,しちねんせい,生,7. rok,1-1
1-6:VOCAB:0026,1-6,6,vocabulary,八年生,八<ruby>年<rt>ねん</rt></ruby>生,はちねんせい,はちねんせい,生,8. rok,1-1
1-6:VOCAB:0027,1-6,6,vocabulary,何年生ですか,<ruby>何<rt>なん</rt></ruby><ruby>年<rt>ねん</rt></ruby>生ですか,なんねんせいですか,なんねんせいですか,生,Na którym roku jesteś?,1-1
1-6:VOCAB:0028,1-6,6,vocabulary,私はx年生です,私はx<ruby>年<rt>ねん</rt></ruby>生です,わたしはxねんせいです,わたしはxねんせいです,生,Jestem na X roku.,1-1
1-6:VOCAB:0029,1-6,6,vocabulary,左,左,ひだり,ひだり,左,lewy,1-3
1-6:VOCAB:0030,1-6,6,vocabulary,お大事に,お大<ruby>事<rt>じ</rt></ruby>に,おだいじに,おだいじに,大,trzymaj się/wracaj do zdrowia/dbaj o siebie,1-2
1-6:VOCAB:0031,1-6,6,vocabulary,お風呂に入る,お<ruby>風<rt>ふ</rt></ruby><ruby>呂<rt>ろ</rt></ruby>に入る,おふろにはいる,おふろにはいる,入,brać kąpiel,1-2
1-6:VOCAB:0032,1-6,6,vocabulary,数学,<ruby>数<rt>すう</rt></ruby>学,すうがく,すうがく,学,matematyka,1-2
1-6:VOCAB:0033,1-6,6,vocabulary,大学の時,大学の時,だいがくのとき,だいがくのとき,大 学,podczas studiów,1-2
1-6:VOCAB:0034,1-6,6,vocabulary,大掃除,大<ruby>掃<rt>そう</rt></ruby><ruby>除<rt>じ</rt></ruby>,おおそうじ,おおそうじ,大,wielkie sprzątanie,1-2
1-6:VOCAB:0035,1-6,6,vocabulary,先週,先<ruby>週<rt>しゅう</rt></ruby>,せんしゅう,せんしゅう,先,zeszły tydzień,1-3
1-6:VOCAB:0036,1-6,6,vocabulary,右,右,みぎ,みぎ,右,prawy,1-3
1-6:VOCAB:0037,1-6,6,vocabulary,道の右側,<ruby>道<rt>みち</rt></ruby>の右<ruby>側<rt>がわ</rt></ruby>,みちのみぎがわ,みちのみぎがわ,右,"prawa strona drogi, po prawej stronie ulicy",1-3
1-6:VOCAB:0038,1-6,6,vocabulary,先月,先月,せんげつ,せんげつ,先,zeszły miesiąc,1-3
1-6:VOCAB:0039,1-6,6,vocabulary,馬小屋,<ruby>馬<rt>うま</rt></ruby>小<ruby>屋<rt>や</rt></ruby>,うまごや,うまごや,小,stajnia,1-3
1-6:VOCAB:0040,1-6,6,vocabulary,南,南,みなみ,みなみ,南,południe (kierunek),1-3
1-6:VOCAB:0041,1-6,6,vocabulary,大きい,大きい,おおきい,おおきい,大,duży,1-3
1-6:VOCAB:0042,1-6,6,vocabulary,小さい,小さい,ちいさい,ちいさい,小,mały,1-3
1-6:VOCAB:0043,1-6,6,vocabulary,休学,<ruby>休<rt>きゅう</rt></ruby>学,きゅうがく,きゅうがく,学,urlop dziekański / przerwa w nauce,1-3
1-6:VOCAB:0044,1-6,6,vocabulary,科学,<ruby>科<rt>か</rt></ruby>学,かがく,かがく,学,"nauka (ścisła), inżynieria&nbsp;",1-3
1-6:VOCAB:0045,1-6,6,vocabulary,物理学,<ruby>物<rt>ぶつ</rt></ruby><ruby>理<rt>り</rt></ruby>学,ぶつりがく,ぶつりがく,学,fizyka,1-3
1-6:VOCAB:0046,1-6,6,vocabulary,入る,入る,はいる,はいる,入,wchodzić,1-4
1-6:VOCAB:0047,1-6,6,vocabulary,出かける,出かける,でかける,でかける,出,wychodzić (w jakimś celu),1-4
1-6:VOCAB:0048,1-6,6,vocabulary,大丈夫,大<ruby>丈<rt>じょう</rt></ruby><ruby>夫<rt>ぶ</rt></ruby>,だいじょうぶ,だいじょうぶ,大,w porządku,1-5
1-6:VOCAB:0049,1-6,6,vocabulary,出る,出る,でる,でる,出,"wychodzić, pojawić się (np. problem, pryszcz)",1-5
1-6:VOCAB:0050,1-6,6,vocabulary,大好き,大<ruby>好<rt>す</rt></ruby>き,だいすき,だいすき,大,bardzo lubiany (bardzo lubić),1-5
1-6:VOCAB:0051,1-6,6,vocabulary,大変,大<ruby>変<rt>へん</rt></ruby>,たいへん,たいへん,大,"trudny, ciężki (również psychicznie)",1-5
1-6:VOCAB:0052,1-6,6,vocabulary,大嫌い,大<ruby>嫌<rt>きら</rt></ruby>い,だいきらい,だいきらい,大,bardzo znienawidzony (nienawidzić),1-5
1-6:VOCAB:0053,1-6,6,vocabulary,口,口,くち,くち,口,usta,1-6
1-6:VOCAB:0054,1-6,6,vocabulary,留学生,<ruby>留<rt>りゅう</rt></ruby>学生,りゅうがくせい,りゅうがくせい,学 生,student z wymiany,1-6
1-6:VOCAB:0055,1-6,6,vocabulary,外国,外国,がいこく,がいこく,国,zagranica,1-4
1-6:VOCAB:0056,1-6,6,vocabulary,外国人,外国人,がいこくじん,がいこくじん,国,obcokrajowiec,1-4
1-6:VOCAB:0057,1-6,6,vocabulary,左に曲がる,左に<ruby>曲<rt>ま</rt></ruby>がる,ひだりにまがる,ひだりにまがる,左,skręcać w lewo,1-4
1-6:VOCAB:0058,1-6,6,vocabulary,右に曲がる,右に<ruby>曲<rt>ま</rt></ruby>がる,みぎにまがる,みぎにまがる,右,skręcać w prawo,1-4
1-6:VOCAB:0059,1-6,6,vocabulary,一つ目の角を右に曲がる,一つ<ruby>目<rt>め</rt></ruby>の<ruby>角<rt>かど</rt></ruby>を右に<ruby>曲<rt>ま</rt></ruby>がる,ひとつめのかどをみぎにまがる,ひとつめのかどをみぎにまがる,右,skręcać w prawo na pierwszym skrzyżowaniu,1-4
1-6:VOCAB:0060,1-6,6,vocabulary,二つ目の角を右に曲がる,二つ<ruby>目<rt>め</rt></ruby>の<ruby>角<rt>かど</rt></ruby>を右に<ruby>曲<rt>ま</rt></ruby>がる,ふたつめのかどをみぎにまがる,ふたつめのかどをみぎにまがる,右,skręcać w prawo na drugim skrzyżowaniu,1-4
1-6:VOCAB:0061,1-6,6,vocabulary,一つ目の信号を右に曲がる,一つ<ruby>目<rt>め</rt></ruby>の<ruby>信<rt>しん</rt></ruby><ruby>号<rt>ごう</rt></ruby>を右に<ruby>曲<rt>ま</rt></ruby>がる,ひとつめのしんごうをみぎにまがる,ひとつめのしんごうをみぎにまがる,右,skręcać w prawo na pierwszych światłach,1-4
1-6:VOCAB:0062,1-6,6,vocabulary,二つ目の信号を右に曲がる,二つ<ruby>目<rt>め</rt></ruby>の<ruby>信<rt>しん</rt></ruby><ruby>号<rt>ごう</rt></ruby>を右に<ruby>曲<rt>ま</rt></ruby>がる,ふたつめのしんごうをみぎにまがる,ふたつめのしんごうをみぎにまがる,右,skręcać w prawo na drugich światłach,1-4
1-6:VOCAB:0063,1-6,6,vocabulary,道の左側,<ruby>道<rt>みち</rt></ruby>の左<ruby>側<rt>がわ</rt></ruby>,みちのひだりがわ,みちのひだりがわ,左,po lewej stronie ulicy,1-4
1-6:VOCAB:0064,1-6,6,vocabulary,北,北,きた,きた,北,północ,1-4
1-6:VOCAB:0065,1-6,6,vocabulary,東,東,ひがし,ひがし,東,wschód,1-4
1-6:VOCAB:0066,1-6,6,vocabulary,西,西,にし,にし,西,zachód,1-4
1-6:VOCAB:0067,1-6,6,vocabulary,電話に出る,<ruby>電<rt>でん</rt></ruby><ruby>話<rt>わ</rt></ruby>に出る,でんわにでる,でんわにでる,出,odebrać telefon,1-4
1-6:VOCAB:0068,1-6,6,vocabulary,天国,天国,てんごく,てんごく,国,"niebo, raj",1-5
1-6:VOCAB:0069,1-6,6,vocabulary,小川,小川,おがわ,おがわ,小,"mała rzeka, strumień",1-5
1-6:VOCAB:0070,1-6,6,vocabulary,私立大学,私<ruby>立<rt>りつ</rt></ruby>大学,しりつだいがく,しりつだいがく,大 学,prywatny uniwersytet,1-5
1-6:VOCAB:0071,1-6,6,vocabulary,男子学生,男<ruby>子<rt>し</rt></ruby>学生,だんしがくせい,だんしがくせい,学 生,student (mężczyzna),1-5
1-6:VOCAB:0072,1-6,6,vocabulary,大切,大<ruby>切<rt>せつ</rt></ruby>,たいせつ,たいせつ,大,"ważny (emocjonalnie, cenne)",1-5
1-6:VOCAB:0073,1-6,6,vocabulary,大人,大人,おとな,おとな,大,dorosły,1-5
1-6:VOCAB:0074,1-6,6,vocabulary,畜生,<ruby>畜<rt>ちく</rt></ruby>生,ちくしょう,ちくしょう,生,cholera (przekleństwo),1-5
1-6:VOCAB:0075,1-6,6,vocabulary,出来る,出来る,できる,できる,出,móc / potrafić,1-5
1-6:VOCAB:0076,1-6,6,vocabulary,強大,<ruby>強<rt>きょう</rt></ruby>大,きょうだい,きょうだい,大,potężny / ogromny,1-5
1-6:VOCAB:0077,1-6,6,vocabulary,右折,右<ruby>折<rt>せつ</rt></ruby>,うせつ,うせつ,右,skręt w prawo,1-6
1-6:VOCAB:0078,1-6,6,vocabulary,左右,左右,さゆう,さゆう,左 右,lewa i prawa strona,1-6
1-6:VOCAB:0079,1-6,6,vocabulary,右手,右<ruby>手<rt>て</rt></ruby>,みぎて,みぎて,右,prawa ręka,1-6
1-6:VOCAB:0080,1-6,6,vocabulary,左利き,左<ruby>利<rt>き</rt></ruby>き,ひだりきき,ひだりきき,左,leworęczny,1-6
1-6:VOCAB:0081,1-6,6,vocabulary,北西,北西,ほくせい,ほくせい,北 西,północny zachód,1-6
1-6:VOCAB:0082,1-6,6,vocabulary,関西地方,<ruby>関<rt>かん</rt></ruby>西<ruby>地<rt>ち</rt></ruby><ruby>方<rt>ほう</rt></ruby>,かんさいちほう,かんさいちほう,西,region Kansai,1-6
1-6:VOCAB:0083,1-6,6,vocabulary,一生,一生,いっしょう,いっしょう,生,całe życie,1-6
1-6:VOCAB:0084,1-6,6,vocabulary,生まれる,生まれる,うまれる,うまれる,生,urodzić się,1-6
1-6:VOCAB:0085,1-6,6,vocabulary,東口,東口,ひがしぐち,ひがしぐち,東 口,wyjście wschodnie,1-6
1-6:VOCAB:0086,1-6,6,vocabulary,右利き,右<ruby>利<rt>き</rt></ruby>き,みぎきき,みぎきき,右,praworęczny,1-6
1-6:VOCAB:0087,1-6,6,vocabulary,学ぶ,学ぶ,まなぶ,まなぶ,学,uczyć się / zdobywać wiedzę &nbsp;/ studiować,1-6
1-6:VOCAB:0088,1-6,6,vocabulary,国会,国<ruby>会<rt>かい</rt></ruby>,こっかい,こっかい,国,parlament,1-6
1-6:VOCAB:0089,1-6,6,vocabulary,人口,人口,じんこう,じんこう,口,populacja,1-6
1-6:VOCAB:0090,1-6,6,vocabulary,北口,北口,きたぐち,きたぐち,北 口,wyjście północne,1-6
1-6:VOCAB:0091,1-6,6,vocabulary,入口,入口,いりぐち,いりぐち,入 口,wejście,1-6
1-6:VOCAB:0092,1-6,6,vocabulary,東南アジア,東南アジア,とうなんアジア,とうなんあじあ,東 南,Azja Południowo-Wschodnia,1-6
1-6:VOCAB:0093,1-6,6,vocabulary,南口,南口,みなみぐち,みなみぐち,南 口,wyjście południowe,1-6
1-6:VOCAB:0094,1-6,6,vocabulary,東北地方,東北<ruby>地<rt>ち</rt></ruby><ruby>方<rt>ほう</rt></ruby>,とうほくちほう,とうほくちほう,東 北,region Tohoku,1-6
1-6:VOCAB:0095,1-6,6,vocabulary,外出,外出,がいしゅつ,がいしゅつ,出,wyjście z domu,1-6
1-6:VOCAB:0096,1-6,6,vocabulary,出席,出<ruby>席<rt>せき</rt></ruby>,しゅっせき,しゅっせき,出,obecność,1-6
1-6:VOCAB:0097,1-6,6,vocabulary,出口,出口,でぐち,でぐち,出 口,wyjście,1-6
1-6:VOCAB:0098,1-6,6,vocabulary,入院,入<ruby>院<rt>いん</rt></ruby>,にゅういん,にゅういん,入,hospitalizacja,1-6
1-6:VOCAB:0099,1-6,6,vocabulary,入れる,入れる,いれる,いれる,入,"wkładać, umieszczać",1-6
1-6:VOCAB:0100,1-6,6,vocabulary,先輩,先<ruby>輩<rt>ぱい</rt></ruby>,せんぱい,せんぱい,先,"starszy kolega, bardziej doświadczona osoba",1-6
1-6:VOCAB:0101,1-6,6,vocabulary,先,先,さき,さき,先,"przód, wcześniej, naprzód",1-6
1-6:VOCAB:0102,1-6,6,vocabulary,南西,南西,なんせい,なんせい,南 西,południowy zachód,1-6
1-6:VOCAB:0103,1-6,6,vocabulary,北東,北東,ほくとう,ほくとう,北 東,północny wschód,1-6
1-6:VOCAB:0104,1-6,6,vocabulary,南東,南東,なんとう,なんとう,南 東,południowy wschód,1-6
1-6:VOCAB:0105,1-6,6,vocabulary,口に合う,口に<ruby>合<rt>あ</rt></ruby>う,くちにあう,くちにあう,口,"smakować (komuś), trafiać w (czyjś) gust",1-6
1-6:VOCAB:0106,1-6,6,vocabulary,人生,人生,じんせい,じんせい,生,ludzkie życie,1-6
1-6:VOCAB:0107,1-6,6,vocabulary,卒業生,<ruby>卒<rt>そつ</rt></ruby><ruby>業<rt>ぎょう</rt></ruby>生,そつぎょうせい,そつぎょうせい,生,absolwent,1-6
1-6:VOCAB:0108,1-6,6,vocabulary,思い出,<ruby>思<rt>おも</rt></ruby>い出,おもいで,おもいで,出,wspomnienie,1-6
1-6:VOCAB:0109,1-6,6,vocabulary,国土,国土,こくど,こくど,国,terytorium kraju,1-4
1-6:VOCAB:0110,1-6,6,vocabulary,日の出,日の出,ひので,ひので,出,wschód słońca,1-4
1-6:VOCAB:0111,1-6,6,vocabulary,日の入り,日の入り,ひのいり,ひのいり,入,zachód słońca,1-4
1-6:VOCAB:0112,1-6,6,vocabulary,私生活,私生<ruby>活<rt>かつ</rt></ruby>,しせいかつ,しせいかつ,生,życie prywatne,1-5
1-6:VOCAB:0113,1-6,6,vocabulary,右目,右<ruby>目<rt>め</rt></ruby>,みぎめ,みぎめ,右,prawe oko,1-6
1-6:VOCAB:0114,1-6,6,vocabulary,右側,右<ruby>側<rt>がわ</rt></ruby>,みぎがわ,みぎがわ,右,prawa strona,1-6
1-6:VOCAB:0115,1-6,6,vocabulary,左目,左<ruby>目<rt>め</rt></ruby>,ひだりめ,ひだりめ,左,lewe oko,1-6
1-6:VOCAB:0116,1-6,6,vocabulary,左側,左<ruby>側<rt>がわ</rt></ruby>,ひだりがわ,ひだりがわ,左,lewa strona,1-6
1-6:VOCAB:0117,1-6,6,vocabulary,左手,左<ruby>手<rt>て</rt></ruby>,ひだりて,ひだりて,左,lewa ręka,1-6
1-6:VOCAB:0118,1-6,6,vocabulary,東欧,東<ruby>欧<rt>おう</rt></ruby>,とうおう,とうおう,東,Europa Wschodnia,1-6
1-6:VOCAB:0119,1-6,6,vocabulary,東西,東西,とうざい,とうざい,東 西,wschód i zachód,1-6
1-6:VOCAB:0120,1-6,6,vocabulary,西口,西口,にしぐち,にしぐち,西 口,zachodnie wyjście,1-6
1-6:VOCAB:0121,1-6,6,vocabulary,西欧,西<ruby>欧<rt>おう</rt></ruby>,せいおう,せいおう,西,Europa Zachodnia,1-6
1-6:VOCAB:0122,1-6,6,vocabulary,南北,南北,なんぼく,なんぼく,南 北,północ i południe,1-6
1-6:VOCAB:0123,1-6,6,vocabulary,南国,南国,なんごく,なんごく,南 国,południowy kraj / kraje tropikalne,1-6
1-6:VOCAB:0124,1-6,6,vocabulary,悪口,<ruby>悪<rt>わる</rt></ruby>口,わるぐち,わるぐち,口,obelga / oczernianie,1-6
1-6:VOCAB:0125,1-6,6,vocabulary,生える,生える,はえる,はえる,生,"rosnąć (o włosach, roślinach)",1-6
1-6:VOCAB:0126,1-6,6,vocabulary,生き物,生き<ruby>物<rt>もの</rt></ruby>,いきもの,いきもの,生,żywe stworzenie,1-6
1-6:VOCAB:0127,1-6,6,vocabulary,大中小,大中小,だいちゅうしょう,だいちゅうしょう,大 小,"duży, średni i mały",1-6
1-6:VOCAB:0128,1-6,6,vocabulary,小山,小山,こやま,こやま,小,wzgórze / mała góra,1-6
1-6:VOCAB:0129,1-6,6,vocabulary,大気,大気,たいき,たいき,大,atmosfera / powietrze,1-6
1-6:VOCAB:0130,1-6,6,vocabulary,大雨,大<ruby>雨<rt>あめ</rt></ruby>,おおあめ,おおあめ,大,ulewa / silny deszcz,1-6
1-6:VOCAB:0131,1-6,6,vocabulary,入学,入学,にゅうがく,にゅうがく,入 学,przyjęcie do szkoły / rozpoczęcie nauki,1-6
1-6:VOCAB:0132,1-6,6,vocabulary,国家,国<ruby>家<rt>か</rt></ruby>,こっか,こっか,国,państwo / naród,1-6
1-6:VOCAB:0133,1-6,6,vocabulary,学位,学<ruby>位<rt>い</rt></ruby>,がくい,がくい,学,stopień naukowy,1-6
2-7:ON:会,2-7,7,onyomi,会,会,カイ,かい,会,spotkać,
2-7:ON:社,2-7,7,onyomi,社,社,シャ | ジャ,しゃ | じゃ,社,firma,
2-7:ON:高,2-7,7,onyomi,高,高,コウ,こう,高,wysoki,
2-7:ON:校,2-7,7,onyomi,校,校,コウ,こう,校,szkoła,
2-7:ON:父,2-7,7,onyomi,父,父,フ,ふ,父,ojciec,
2-7:ON:母,2-7,7,onyomi,母,母,ボ,ぼ,母,matka,
2-7:ON:子,2-7,7,onyomi,子,子,シ,し,子,dziecko,
2-7:ON:毎,2-7,7,onyomi,毎,毎,マイ,まい,毎,każdy,
2-7:ON:語,2-7,7,onyomi,語,語,ゴ,ご,語,słowo,
2-7:ON:文,2-7,7,onyomi,文,文,ブン,ぶん,文,zdanie,
2-7:ON:書,2-7,7,onyomi,書,書,ショ,しょ,書,pisać,
2-7:ON:帰,2-7,7,onyomi,帰,帰,キ,き,帰,wracać,
2-7:ON:電,2-7,7,onyomi,電,電,デン,でん,電,prąd,
2-7:ON:車,2-7,7,onyomi,車,車,シャ,しゃ,車,samochód,
2-7:ON:京,2-7,7,onyomi,京,京,キョウ,きょう,京,stolica,
2-7:KUN:会,2-7,7,kunyomi,会,会,あ.う,あう,会,spotkać,
2-7:KUN:高,2-7,7,kunyomi,高,高,たか.い | たか.める,たかい | たかめる,高,wysoki,
2-7:KUN:父,2-7,7,kunyomi,父,父,ちち | とう,ちち | とう,父,ojciec,
2-7:KUN:母,2-7,7,kunyomi,母,母,はは | かあ,はは | かあ,母,matka,
2-7:KUN:子,2-7,7,kunyomi,子,子,こ,こ,子,dziecko,
2-7:KUN:毎,2-7,7,kunyomi,毎,毎,ごと,ごと,毎,każdy,
2-7:KUN:語,2-7,7,kunyomi,語,語,かた.る,かたる,語,słowo,
2-7:KUN:書,2-7,7,kunyomi,書,書,か.く,かく,書,pisać,
2-7:KUN:帰,2-7,7,kunyomi,帰,帰,かえ.る,かえる,帰,wracać,
2-7:KUN:車,2-7,7,kunyomi,車,車,くるま,くるま,車,samochód,
2-7:KUN:京,2-7,7,kunyomi,京,京,みやこ,みやこ,京,stolica,
2-7:VOCAB:0001,2-7,7,vocabulary,学校,学校,がっこう,がっこう,校,szkoła,1-1
2-7:VOCAB:0002,2-7,7,vocabulary,小学校,小学校,しょうがっこう,しょうがっこう,校,szkoła podstawowa,1-1
2-7:VOCAB:0003,2-7,7,vocabulary,中学校,中学校,ちゅうがっこう,ちゅうがっこう,校,gimnazjum,1-1
2-7:VOCAB:0004,2-7,7,vocabulary,高校,高校,こうこう,こうこう,高 校,liceum,1-1
2-7:VOCAB:0005,2-7,7,vocabulary,高校生,高校生,こうこうせい,こうこうせい,高 校,licealista/licealistka,1-1
2-7:VOCAB:0006,2-7,7,vocabulary,会社員,会社<ruby>員<rt>いん</rt></ruby>,かいしゃいん,かいしゃいん,会 社,pracownik/pracownica firmy,1-1
2-7:VOCAB:0007,2-7,7,vocabulary,英語,<ruby>英<rt>えい</rt></ruby>語,えいご,えいご,語,j. angielski,1-1
2-7:VOCAB:0008,2-7,7,vocabulary,文学,文学,ぶんがく,ぶんがく,文,literatura,1-1
2-7:VOCAB:0009,2-7,7,vocabulary,語,語,ご,ご,語,język...,1-1
2-7:VOCAB:0010,2-7,7,vocabulary,電話,電<ruby>話<rt>わ</rt></ruby>,でんわ,でんわ,電,telefon,1-1
2-7:VOCAB:0011,2-7,7,vocabulary,帽子,<ruby>帽<rt>ぼう</rt></ruby>子,ぼうし,ぼうし,子,kapelusz/czapka,1-1
2-7:VOCAB:0012,2-7,7,vocabulary,車,車,くるま,くるま,車,samochód,1-1
2-7:VOCAB:0013,2-7,7,vocabulary,帰る,帰る,かえる,かえる,帰,wracać,1-2
2-7:VOCAB:0014,2-7,7,vocabulary,子供,子<ruby>供<rt>ども</rt></ruby>,こども,こども,子,dziecko,1-3
2-7:VOCAB:0015,2-7,7,vocabulary,手紙を書く,<ruby>手<rt>て</rt></ruby><ruby>紙<rt>がみ</rt></ruby>を書く,てがみをかく,てがみをかく,書,pisać listy,1-2
2-7:VOCAB:0016,2-7,7,vocabulary,図書館,<ruby>図<rt>と</rt></ruby>書<ruby>館<rt>かん</rt></ruby>,としょかん,としょかん,書,biblioteka,1-2
2-7:VOCAB:0017,2-7,7,vocabulary,毎日,毎日,まいにち,まいにち,毎,codziennie,1-2
2-7:VOCAB:0018,2-7,7,vocabulary,毎朝,毎<ruby>朝<rt>あさ</rt></ruby>,まいあさ,まいあさ,毎,każdego ranka,1-2
2-7:VOCAB:0019,2-7,7,vocabulary,毎晩,毎<ruby>晩<rt>ばん</rt></ruby>,まいばん,まいばん,毎,każdego wieczora,1-2
2-7:VOCAB:0020,2-7,7,vocabulary,毎週,毎<ruby>週<rt>しゅう</rt></ruby>,まいしゅう,まいしゅう,毎,co tydzień,1-2
2-7:VOCAB:0021,2-7,7,vocabulary,高い,高い,たかい,たかい,高,drogi / wysoki,1-2
2-7:VOCAB:0022,2-7,7,vocabulary,自転車,<ruby>自<rt>じ</rt></ruby><ruby>転<rt>てん</rt></ruby>車,じてんしゃ,じてんしゃ,車,rower,1-2
2-7:VOCAB:0023,2-7,7,vocabulary,辞書,<ruby>辞<rt>じ</rt></ruby>書,じしょ,じしょ,書,słownik,1-2
2-7:VOCAB:0024,2-7,7,vocabulary,神社,<ruby>神<rt>じん</rt></ruby>社,じんじゃ,じんじゃ,社,świątynia shintoistyczna/chram,1-2
2-7:VOCAB:0025,2-7,7,vocabulary,父,父,ちち,ちち,父,tata (mój tata),1-2
2-7:VOCAB:0026,2-7,7,vocabulary,母,母,はは,はは,母,mama (o mojej mamie),1-2
2-7:VOCAB:0027,2-7,7,vocabulary,会う,会う,あう,あう,会,spotkać się,1-2
2-7:VOCAB:0028,2-7,7,vocabulary,教科書,<ruby>教<rt>きょう</rt></ruby><ruby>科<rt>か</rt></ruby>書,きょうかしょ,きょうかしょ,書,"podręcznik, książka do nauki",1-2
2-7:VOCAB:0029,2-7,7,vocabulary,ほぼ毎日,ほぼ毎日,ほぼまいにち,ほぼまいにち,毎,prawie codziennie,1-2
2-7:VOCAB:0030,2-7,7,vocabulary,子どもの時,子どもの時,こどものとき,こどものとき,子,kiedy byłem dzieckiem,1-3
2-7:VOCAB:0031,2-7,7,vocabulary,書く,書く,かく,かく,書,pisać,1-3
2-7:VOCAB:0032,2-7,7,vocabulary,椅子,<ruby>椅<rt>い</rt></ruby>子,いす,いす,子,krzesło,1-3
2-7:VOCAB:0033,2-7,7,vocabulary,作文,<ruby>作<rt>さく</rt></ruby>文,さくぶん,さくぶん,文,wypracowanie / esej,1-3
2-7:VOCAB:0034,2-7,7,vocabulary,会社,会社,かいしゃ,かいしゃ,会 社,firma,1-3
2-7:VOCAB:0035,2-7,7,vocabulary,電車,電車,でんしゃ,でんしゃ,電 車,pociąg,1-3
2-7:VOCAB:0036,2-7,7,vocabulary,書道,書<ruby>道<rt>どう</rt></ruby>,しょどう,しょどう,書,kaligrafia,1-3
2-7:VOCAB:0037,2-7,7,vocabulary,オランダ語,オランダ語,オランダご,おらんだご,語,język niderlandzki (holenderski),1-3
2-7:VOCAB:0038,2-7,7,vocabulary,会計,会<ruby>計<rt>けい</rt></ruby>,かいけい,かいけい,会,księgowość,1-3
2-7:VOCAB:0039,2-7,7,vocabulary,ゲーム会社の法律家,ゲーム会社の<ruby>法<rt>ほう</rt></ruby><ruby>律<rt>りつ</rt></ruby><ruby>家<rt>か</rt></ruby>,ゲームがいしゃのほうりつか,げーむがいしゃのほうりつか,会 社,prawnik w firmie produkującej gry,1-3
2-7:VOCAB:0040,2-7,7,vocabulary,読書,<ruby>読<rt>どく</rt></ruby>書,どくしょ,どくしょ,書,czytanie książek (jako hobby),1-3
2-7:VOCAB:0041,2-7,7,vocabulary,電気,電気,でんき,でんき,電,światło (elektryczność),1-4
2-7:VOCAB:0042,2-7,7,vocabulary,路面電車,<ruby>路<rt>ろ</rt></ruby><ruby>面<rt>めん</rt></ruby>電車,ろめんでんしゃ,ろめんでんしゃ,電 車,tramwaj,1-4
2-7:VOCAB:0043,2-7,7,vocabulary,男の子,男の子,おとこのこ,おとこのこ,子,chłopiec,1-5
2-7:VOCAB:0044,2-7,7,vocabulary,女の子,女の子,おんなのこ,おんなのこ,子,dziewczynka,1-5
2-7:VOCAB:0045,2-7,7,vocabulary,校長,校<ruby>長<rt>ちょう</rt></ruby>,こうちょう,こうちょう,校,dyrektor szkoły,1-6
2-7:VOCAB:0046,2-7,7,vocabulary,背が高い,<ruby>背<rt>せ</rt></ruby>が高い,せがたかい,せがたかい,高,wysoki,1-6
2-7:VOCAB:0047,2-7,7,vocabulary,祖母,<ruby>祖<rt>そ</rt></ruby>母,そぼ,そぼ,母,(moja) babcia,1-6
2-7:VOCAB:0048,2-7,7,vocabulary,祖父,<ruby>祖<rt>そ</rt></ruby>父,そふ,そふ,父,(mój) dziadek,1-6
2-7:VOCAB:0049,2-7,7,vocabulary,母の日,母の日,ははのひ,ははのひ,母,Dzień Matki,1-4
2-7:VOCAB:0050,2-7,7,vocabulary,お父さん,お父さん,おとうさん,おとうさん,父,ojciec (czyjś/grzecznie),1-4
2-7:VOCAB:0051,2-7,7,vocabulary,お母さん,お母さん,おかあさん,おかあさん,母,matka (czyjś/grzecznie),1-4
2-7:VOCAB:0052,2-7,7,vocabulary,電話に出る,電<ruby>話<rt>わ</rt></ruby>に出る,でんわにでる,でんわにでる,電,odebrać telefon,1-4
2-7:VOCAB:0053,2-7,7,vocabulary,男子学生,男子学生,だんしがくせい,だんしがくせい,子,student (mężczyzna),1-5
2-7:VOCAB:0054,2-7,7,vocabulary,擬声語,<ruby>擬<rt>ぎ</rt></ruby><ruby>声<rt>せい</rt></ruby>語,ぎせいご,ぎせいご,語,wyraz dźwiękonaśladowczy (głosy),1-5
2-7:VOCAB:0055,2-7,7,vocabulary,擬音語,<ruby>擬<rt>ぎ</rt></ruby><ruby>音<rt>おん</rt></ruby>語,ぎおんご,ぎおんご,語,wyraz dźwiękonaśladowczy (dźwięki),1-5
2-7:VOCAB:0056,2-7,7,vocabulary,擬態語,<ruby>擬<rt>ぎ</rt></ruby><ruby>態<rt>たい</rt></ruby>語,ぎたいご,ぎたいご,語,wyraz mimetyczny,1-5
2-7:VOCAB:0057,2-7,7,vocabulary,国会,国会,こっかい,こっかい,会,parlament,1-6
2-7:VOCAB:0058,2-7,7,vocabulary,文法,文<ruby>法<rt>ぽう</rt></ruby>,ぶんぽう,ぶんぽう,文,gramatyka,1-6
2-7:VOCAB:0059,2-7,7,vocabulary,単語,<ruby>単<rt>たん</rt></ruby>語,たんご,たんご,語,słowo / słownictwo,1-6
2-7:VOCAB:0060,2-7,7,vocabulary,例文,<ruby>例<rt>れい</rt></ruby>文,れいぶん,れいぶん,文,zdanie przykładowe,1-6
2-7:VOCAB:0061,2-7,7,vocabulary,歯車,<ruby>歯<rt>は</rt></ruby>車,はぐるま,はぐるま,車,koło zębate,1-6
2-7:VOCAB:0062,2-7,7,vocabulary,会議,会<ruby>議<rt>ぎ</rt></ruby>,かいぎ,かいぎ,会,"spotkanie, zebranie, konferencja",2-7
2-7:VOCAB:0063,2-7,7,vocabulary,文化,文<ruby>化<rt>か</rt></ruby>,ぶんか,ぶんか,文,kultura,2-7
2-7:VOCAB:0064,2-7,7,vocabulary,電子辞書,電子<ruby>辞<rt>じ</rt></ruby>書,でんしじしょ,でんしじしょ,電 子 書,słownik elektroniczny,2-7
2-7:VOCAB:0065,2-7,7,vocabulary,電子レンジ,電子レンジ,でんしレンジ,でんしれんじ,電 子,mikrofalówka,2-7
2-7:VOCAB:0066,2-7,7,vocabulary,携帯電話,<ruby>携<rt>けい</rt></ruby><ruby>帯<rt>たい</rt></ruby>電<ruby>話<rt>わ</rt></ruby>,けいたいでんわ,けいたいでんわ,電,telefon komórkowy,2-7
2-7:VOCAB:0067,2-7,7,vocabulary,充電器,<ruby>充<rt>じゅう</rt></ruby>電<ruby>器<rt>き</rt></ruby>,じゅうでんき,じゅうでんき,電,ładowarka,2-7
2-7:VOCAB:0068,2-7,7,vocabulary,電化製品,電<ruby>化<rt>か</rt></ruby><ruby>製<rt>せい</rt></ruby><ruby>品<rt>ひん</rt></ruby>,でんかせいひん,でんかせいひん,電,sprzęt AGD/RTV,2-7
2-7:VOCAB:0069,2-7,7,vocabulary,文房具,文<ruby>房<rt>ぼう</rt></ruby><ruby>具<rt>ぐ</rt></ruby>,ぶんぼうぐ,ぶんぼうぐ,文,artykuły biurowe/papiernicze,2-7
2-7:VOCAB:0070,2-7,7,vocabulary,社会,社会,しゃかい,しゃかい,社 会,społeczeństwo,2-7
2-7:VOCAB:0071,2-7,7,vocabulary,最高,<ruby>最<rt>さい</rt></ruby>高,さいこう,さいこう,高,najlepszy,2-7
2-7:VOCAB:0072,2-7,7,vocabulary,何語,<ruby>何<rt>なに</rt></ruby>語,なにご,なにご,語,jaki język,2-7
2-7:VOCAB:0073,2-7,7,vocabulary,帰国,帰国,きこく,きこく,帰,powrót do kraju,2-7
2-7:VOCAB:0074,2-7,7,vocabulary,女子高生,女子高生,じょしこうせい,じょしこうせい,子 高,licealistka,2-7
2-7:VOCAB:0075,2-7,7,vocabulary,毎年,毎<ruby>年<rt>とし</rt></ruby>,まいとし,まいとし,毎,co roku,2-7
2-7:VOCAB:0076,2-7,7,vocabulary,私語,私語,しご,しご,語,prywatna rozmowa / szeptanie,1-5
2-7:VOCAB:0077,2-7,7,vocabulary,大会,大会,たいかい,たいかい,会,turniej / zawody / zjazd,2-7
2-7:VOCAB:0078,2-7,7,vocabulary,教会,<ruby>教<rt>きょう</rt></ruby>会,きょうかい,きょうかい,会,kościół,2-7
2-7:VOCAB:0079,2-7,7,vocabulary,本社,本社,ほんしゃ,ほんしゃ,社,siedziba główna (firmy),2-7
2-7:VOCAB:0080,2-7,7,vocabulary,入社,入社,にゅうしゃ,にゅうしゃ,社,podjęcie pracy w firmie,2-7
2-7:VOCAB:0081,2-7,7,vocabulary,高さ,高さ,たかさ,たかさ,高,wysokość,2-7
2-7:VOCAB:0082,2-7,7,vocabulary,高める,高める,たかめる,たかめる,高,podnosić / potęgować,2-7
2-7:VOCAB:0083,2-7,7,vocabulary,父親,父<ruby>親<rt>おや</rt></ruby>,ちちおや,ちちおや,父,ojciec,2-7
2-7:VOCAB:0084,2-7,7,vocabulary,神父,<ruby>神<rt>しん</rt></ruby>父,しんぷ,しんぷ,父,ksiądz katolicki,2-7
2-7:VOCAB:0085,2-7,7,vocabulary,母親,母<ruby>親<rt>おや</rt></ruby>,ははおや,ははおや,母,matka,2-7
2-7:VOCAB:0086,2-7,7,vocabulary,母国,母国,ぼこく,ぼこく,母,ojczyzna / kraj ojczysty,2-7
2-7:VOCAB:0087,2-7,7,vocabulary,一人っ子,一人っ子,ひとりっこ,ひとりっこ,子,jedynak,2-7
2-7:VOCAB:0088,2-7,7,vocabulary,子猫,子<ruby>猫<rt>ねこ</rt></ruby>,こねこ,こねこ,子,kociątko / mały kot,2-7
2-7:VOCAB:0089,2-7,7,vocabulary,一時間毎,一時<ruby>間<rt>かん</rt></ruby>毎,いちじかんごと,いちじかんごと,毎,co godzinę,2-7
2-7:VOCAB:0090,2-7,7,vocabulary,毎月,毎月,まいつき,まいつき,毎,co miesiąc,2-7
2-7:VOCAB:0091,2-7,7,vocabulary,語る,語る,かたる,かたる,語,opowiadać / mówić,2-7
2-7:VOCAB:0092,2-7,7,vocabulary,持ち帰り,<ruby>持<rt>も</rt></ruby>ち帰り,もちかえり,もちかえり,帰,jedzenie na wynos,2-7
2-7:VOCAB:0093,2-7,7,vocabulary,日帰り,日帰り,ひがえり,ひがえり,帰,wycieczka jednodniowa,2-7
2-7:VOCAB:0094,2-7,7,vocabulary,帰り道,帰り<ruby>道<rt>みち</rt></ruby>,かえりみち,かえりみち,帰,droga powrotna,2-7
2-7:VOCAB:0095,2-7,7,vocabulary,終電,<ruby>終<rt>しゅう</rt></ruby>電,しゅうでん,しゅうでん,電,ostatni pociąg,2-7
2-7:VOCAB:0096,2-7,7,vocabulary,汽車,<ruby>汽<rt>き</rt></ruby>車,きしゃ,きしゃ,車,pociąg (parowy),2-7
2-7:VOCAB:0097,2-7,7,vocabulary,北京,北京,ぺきん,ぺきん,京,Pekin,2-7
2-8:ON:員,2-8,8,onyomi,員,員,イン,いん,員,członek,
2-8:ON:古,2-8,8,onyomi,古,古,コ,こ,古,stary,
2-8:ON:新,2-8,8,onyomi,新,新,シン,しん,新,nowy,
2-8:ON:聞,2-8,8,onyomi,聞,聞,ブン,ぶん,聞,"słuchać, pytać",
2-8:ON:作,2-8,8,onyomi,作,作,サク,さく,作,wytworzyć,
2-8:ON:仕,2-8,8,onyomi,仕,仕,シ,し,仕,służyć,
2-8:ON:事,2-8,8,onyomi,事,事,ジ,じ,事,rzecz,
2-8:ON:休,2-8,8,onyomi,休,休,キュウ,きゅう,休,odpoczywać,
2-8:ON:言,2-8,8,onyomi,言,言,ゲン,げん,言,mówić,
2-8:ON:読,2-8,8,onyomi,読,読,ドク,どく,読,czytać,
2-8:ON:思,2-8,8,onyomi,思,思,シ,し,思,myśleć,
2-8:ON:家,2-8,8,onyomi,家,家,カ,か,家,dom,
2-8:ON:話,2-8,8,onyomi,話,話,ワ,わ,話,rozmawiać,
2-8:ON:次,2-8,8,onyomi,次,次,ジ,じ,次,następny,
2-8:ON:何,2-8,8,onyomi,何,何,ナン,なん,何,co,
2-8:KUN:古,2-8,8,kunyomi,古,古,ふる.い,ふるい,古,stary,
2-8:KUN:新,2-8,8,kunyomi,新,新,あたら.しい,あたらしい,新,nowy,
2-8:KUN:聞,2-8,8,kunyomi,聞,聞,き.く,きく,聞,"słuchać, pytać",
2-8:KUN:作,2-8,8,kunyomi,作,作,つく.る,つくる,作,wytworzyć,
2-8:KUN:事,2-8,8,kunyomi,事,事,こと,こと,事,rzecz,
2-8:KUN:休,2-8,8,kunyomi,休,休,やす.む,やすむ,休,odpoczywać,
2-8:KUN:言,2-8,8,kunyomi,言,言,い.う,いう,言,mówić,
2-8:KUN:読,2-8,8,kunyomi,読,読,よ.む,よむ,読,czytać,
2-8:KUN:思,2-8,8,kunyomi,思,思,おも.う,おもう,思,myśleć,
2-8:KUN:家,2-8,8,kunyomi,家,家,いえ | うち,いえ | うち,家,dom,
2-8:KUN:話,2-8,8,kunyomi,話,話,はな.す | はなし,はなす | はなし,話,rozmawiać,
2-8:KUN:次,2-8,8,kunyomi,次,次,つぎ,つぎ,次,następny,
2-8:KUN:何,2-8,8,kunyomi,何,何,なに,なに,何,co,
2-8:VOCAB:0001,2-8,8,vocabulary,仕事,仕事,しごと,しごと,仕 事,praca,1-1
2-8:VOCAB:0002,2-8,8,vocabulary,会社員,会社員,かいしゃいん,かいしゃいん,員,pracownik/pracownica firmy,1-1
2-8:VOCAB:0003,2-8,8,vocabulary,事務員,事<ruby>務<rt>む</rt></ruby>員,じむいん,じむいん,事 員,pracownik biurowy,1-1
2-8:VOCAB:0004,2-8,8,vocabulary,公務員,<ruby>公<rt>こう</rt></ruby><ruby>務<rt>む</rt></ruby>員,こうむいん,こうむいん,員,urzędnik,1-1
2-8:VOCAB:0005,2-8,8,vocabulary,何,何,なに,なに,何,co,1-1
2-8:VOCAB:0006,2-8,8,vocabulary,電話,電話,でんわ,でんわ,話,telefon,1-1
2-8:VOCAB:0007,2-8,8,vocabulary,何歳,何<ruby>歳<rt>さい</rt></ruby>,なんさい,なんさい,何,ile lat,1-1
2-8:VOCAB:0008,2-8,8,vocabulary,聞く,聞く,きく,きく,聞,słuchać/ pytać,1-2
2-8:VOCAB:0009,2-8,8,vocabulary,話す,話す,はなす,はなす,話,rozmawiać / mówić,1-2
2-8:VOCAB:0010,2-8,8,vocabulary,読む,読む,よむ,よむ,読,czytać,1-2
2-8:VOCAB:0011,2-8,8,vocabulary,何歳ですか,何<ruby>歳<rt>さい</rt></ruby>ですか,なんさいですか,なんさいですか,何,Ile masz lat?,1-1
2-8:VOCAB:0012,2-8,8,vocabulary,今何時ですか,今何時ですか,いまなんじですか,いまなんじですか,何,Która jest teraz godzina?,1-1
2-8:VOCAB:0013,2-8,8,vocabulary,何年生ですか,何<ruby>年<rt>ねん</rt></ruby>生ですか,なんねんせいですか,なんねんせいですか,何,Na którym roku jesteś?,1-1
2-8:VOCAB:0014,2-8,8,vocabulary,家,家,うち | いえ,うち | いえ,家,dom (rodzinny) | dom (budynek),1-2
2-8:VOCAB:0015,2-8,8,vocabulary,新聞,新聞,しんぶん,しんぶん,新 聞,gazeta,1-2
2-8:VOCAB:0016,2-8,8,vocabulary,休む,休む,やすむ,やすむ,休,"odpoczywać, być nieobecnym,&nbsp;brać wolne",1-2
2-8:VOCAB:0017,2-8,8,vocabulary,お大事に,お大事に,おだいじに,おだいじに,事,trzymaj się/wracaj do zdrowia/dbaj o siebie,1-2
2-8:VOCAB:0018,2-8,8,vocabulary,家事,家事,かじ,かじ,家 事,"prace domowe, obowiązki domowe",1-2
2-8:VOCAB:0019,2-8,8,vocabulary,昼ご飯を作る,<ruby>昼<rt>ひる</rt></ruby>ご<ruby>飯<rt>はん</rt></ruby>を作る,ひるごはんをつくる,ひるごはんをつくる,作,przygotowywać lunch,1-2
2-8:VOCAB:0020,2-8,8,vocabulary,家族,家<ruby>族<rt>ぞく</rt></ruby>,かぞく,かぞく,家,rodzina,1-2
2-8:VOCAB:0021,2-8,8,vocabulary,何曜日,何曜日,なんようび,なんようび,何,jaki dzień tygodnia?,1-3
2-8:VOCAB:0022,2-8,8,vocabulary,作文,作文,さくぶん,さくぶん,作,wypracowanie / esej,1-3
2-8:VOCAB:0023,2-8,8,vocabulary,昼休み,<ruby>昼<rt>ひる</rt></ruby>休み,ひるやすみ,ひるやすみ,休,przerwa na lunch,1-3
2-8:VOCAB:0024,2-8,8,vocabulary,休み,休み,やすみ,やすみ,休,"przerwa / wolne / odpoczynek (Dzień wolny, urlop lub dłuższy odpoczynek)",1-3
2-8:VOCAB:0025,2-8,8,vocabulary,何名様ですか,何<ruby>名<rt>めい</rt></ruby><ruby>様<rt>さま</rt></ruby>ですか,なんめいさまですか,なんめいさまですか,何,Ile osób? (pytanie o stolik).,1-3
2-8:VOCAB:0026,2-8,8,vocabulary,ゲーム会社の法律家,ゲーム会社の<ruby>法<rt>ほう</rt></ruby><ruby>律<rt>りつ</rt></ruby>家,ゲームがいしゃのほうりつか,げーむがいしゃのほうりつか,家,prawnik w firmie produkującej gry,1-3
2-8:VOCAB:0027,2-8,8,vocabulary,法律家,<ruby>法<rt>ほう</rt></ruby><ruby>律<rt>りつ</rt></ruby>家,ほうりつか,ほうりつか,家,"prawnik (ogólne pojęcie), jurysta, znawca prawa",1-3
2-8:VOCAB:0028,2-8,8,vocabulary,作る,作る,つくる,つくる,作,robić / tworzyć,1-3
2-8:VOCAB:0029,2-8,8,vocabulary,休学,休学,きゅうがく,きゅうがく,休,urlop dziekański / przerwa w nauce,1-3
2-8:VOCAB:0030,2-8,8,vocabulary,読書,読書,どくしょ,どくしょ,読,czytanie książek (jako hobby),1-3
2-8:VOCAB:0031,2-8,8,vocabulary,何人,何人,なんにん | なにじん,なんにん | なにじん,何,ile osób? | jakiej narodowości,1-4 2-8
2-8:VOCAB:0032,2-8,8,vocabulary,新幹線,新<ruby>幹<rt>かん</rt></ruby><ruby>線<rt>せん</rt></ruby>,しんかんせん,しんかんせん,新,shinkansen,1-4
2-8:VOCAB:0033,2-8,8,vocabulary,冬休み,<ruby>冬<rt>ふゆ</rt></ruby>休み,ふゆやすみ,ふゆやすみ,休,ferie zimowe,1-4
2-8:VOCAB:0034,2-8,8,vocabulary,新しい,新しい,あたらしい,あたらしい,新,nowy,1-5
2-8:VOCAB:0035,2-8,8,vocabulary,用事,<ruby>用<rt>よう</rt></ruby>事,ようじ,ようじ,事,"sprawy do załatwienia, sprawunki",1-6
2-8:VOCAB:0036,2-8,8,vocabulary,次,次,つぎ,つぎ,次,następny,1-6
2-8:VOCAB:0037,2-8,8,vocabulary,家具,家<ruby>具<rt>ぐ</rt></ruby>,かぐ,かぐ,家,meble,1-4
2-8:VOCAB:0038,2-8,8,vocabulary,読み方,読み<ruby>方<rt>かた</rt></ruby>,よみかた,よみかた,読,"sposób czytania, odczyt",1-4
2-8:VOCAB:0039,2-8,8,vocabulary,電話に出る,電話に出る,でんわにでる,でんわにでる,話,odebrać telefon,1-4
2-8:VOCAB:0040,2-8,8,vocabulary,お世話になりました,お<ruby>世<rt>せ</rt></ruby>話になりました,おせわになりました,おせわになりました,話,dziękuję za opiekę / dziękuję za wszystko,1-4
2-8:VOCAB:0041,2-8,8,vocabulary,食事,食事,しょくじ,しょくじ,事,posiłek,1-5
2-8:VOCAB:0042,2-8,8,vocabulary,電話をかける,電話をかける,でんわをかける,でんわをかける,話,dzwonić,1-6
2-8:VOCAB:0043,2-8,8,vocabulary,思い出,思い出,おもいで,おもいで,思,wspomnienie,1-6
2-8:VOCAB:0044,2-8,8,vocabulary,言う,言う,いう,いう,言,mówić (!= はなす),2-7
2-8:VOCAB:0045,2-8,8,vocabulary,思う,思う,おもう,おもう,思,myśleć,2-7
2-8:VOCAB:0046,2-8,8,vocabulary,携帯電話,<ruby>携<rt>けい</rt></ruby><ruby>帯<rt>たい</rt></ruby>電話,けいたいでんわ,けいたいでんわ,話,telefon komórkowy,2-7
2-8:VOCAB:0047,2-8,8,vocabulary,大事,大事,だいじ,だいじ,事,ważny (obiektywnie),2-8
2-8:VOCAB:0048,2-8,8,vocabulary,何語,何語,なにご,なにご,何,jaki język,2-7
2-8:VOCAB:0049,2-8,8,vocabulary,駅員,<ruby>駅<rt>えき</rt></ruby>員,えきいん,えきいん,員,pracownik stacji / kolejarz,2-8
2-8:VOCAB:0050,2-8,8,vocabulary,中古,中古,ちゅうこ,ちゅうこ,古,używany / z drugiej ręki,2-8
2-8:VOCAB:0051,2-8,8,vocabulary,古い,古い,ふるい,ふるい,古,stary,2-8
2-8:VOCAB:0052,2-8,8,vocabulary,新入生,新入生,しんにゅうせい,しんにゅうせい,新,nowy uczeń / student pierwszego roku,2-8
2-8:VOCAB:0053,2-8,8,vocabulary,最新,<ruby>最<rt>さい</rt></ruby>新,さいしん,さいしん,新,najnowszy,2-8
2-8:VOCAB:0054,2-8,8,vocabulary,作品,作<ruby>品<rt>ひん</rt></ruby>,さくひん,さくひん,作,dzieło (sztuki) / utwór,2-8
2-8:VOCAB:0055,2-8,8,vocabulary,仕方,仕<ruby>方<rt>かた</rt></ruby>,しかた,しかた,仕,sposób robienia (czegoś),2-8
2-8:VOCAB:0056,2-8,8,vocabulary,事,事,こと,こと,事,rzecz / sprawa (niematerialna),2-8
2-8:VOCAB:0057,2-8,8,vocabulary,休日,休日,きゅうじつ,きゅうじつ,休,dzień wolny / święto,2-8
2-8:VOCAB:0058,2-8,8,vocabulary,言語学,言語学,げんごがく,げんごがく,言,językoznawstwo / lingwistyka,2-8
2-8:VOCAB:0059,2-8,8,vocabulary,意思,<ruby>意<rt>い</rt></ruby>思,いし,いし,思,zamiar / intencja,2-8
2-8:VOCAB:0060,2-8,8,vocabulary,作家,作家,さっか,さっか,作 家,pisarz / autor,2-8
2-8:VOCAB:0061,2-8,8,vocabulary,会話,会話,かいわ,かいわ,話,rozmowa / konwersacja,2-8
2-8:VOCAB:0062,2-8,8,vocabulary,話,話,はなし,はなし,話,rozmowa / opowieść / opowiadanie,2-8
2-8:VOCAB:0063,2-8,8,vocabulary,次回,次<ruby>回<rt>かい</rt></ruby>,じかい,じかい,次,następnym razem / kolejna tura,2-8
2-8:VOCAB:0064,2-8,8,vocabulary,仕事中,仕事中,しごとちゅう,しごとちゅう,仕 事,w trakcie pracy,1-4
2-8:VOCAB:0065,2-8,8,vocabulary,国家,国家,こっか,こっか,家,państwo / naród,1-6
2-8:VOCAB:0066,2-8,8,vocabulary,そう思う,そう思う,そうおもう,そうおもう,思,też tak myślę,2-7
2-8:VOCAB:0067,2-8,8,vocabulary,丁寧に話す,<ruby>丁<rt>てい</rt></ruby><ruby>寧<rt>ねい</rt></ruby>に話す,ていねいにはなす,ていねいにはなす,話,mówić uprzejmie / grzecznie,2-7
2-8:VOCAB:0068,2-8,8,vocabulary,願い事,<ruby>願<rt>ねが</rt></ruby>い事,ねがいごと,ねがいごと,事,życzenie / prośba (do bóstwa lub gwiazd),2-7
2-8:VOCAB:0069,2-8,8,vocabulary,行事,行事,ぎょうじ,ぎょうじ,事,wydarzenie / uroczystość / impreza tradycyjna,2-7
2-8:VOCAB:0070,2-8,8,vocabulary,どう思う,どう思う,どうおもう,どうおもう,思,co (o tym) myślisz? / jak uważasz?,2-7
2-8:VOCAB:0071,2-8,8,vocabulary,会員,会員,かいいん,かいいん,員,"członek (np. klubu, stowarzyszenia)",2-8
2-8:VOCAB:0072,2-8,8,vocabulary,考古学,<ruby>考<rt>こう</rt></ruby>古学,こうこがく,こうこがく,古,archeologia,2-8
2-8:VOCAB:0073,2-8,8,vocabulary,古語,古語,こご,こご,古,"archaizm, stary język",2-8
2-8:VOCAB:0074,2-8,8,vocabulary,古着,古<ruby>着<rt>ぎ</rt></ruby>,ふるぎ,ふるぎ,古,używana odzież,2-8
2-8:VOCAB:0075,2-8,8,vocabulary,新年,新<ruby>年<rt>ねん</rt></ruby>,しんねん,しんねん,新,Nowy Rok,2-8
2-8:VOCAB:0076,2-8,8,vocabulary,聞き取る,聞き<ruby>取<rt>と</rt></ruby>る,ききとる,ききとる,聞,"usłyszeć, zrozumieć ze słuchu",2-8
2-8:VOCAB:0077,2-8,8,vocabulary,聞き手,聞き<ruby>手<rt>て</rt></ruby>,ききて,ききて,聞,słuchacz,2-8
2-8:VOCAB:0078,2-8,8,vocabulary,手作り,<ruby>手<rt>て</rt></ruby>作り,てづくり,てづくり,作,"ręczna robota, zrobione własnoręcznie",2-8
2-8:VOCAB:0079,2-8,8,vocabulary,仕方ない,仕<ruby>方<rt>かた</rt></ruby>ない,しかたない,しかたない,仕,"nie ma na to rady, trudno",2-8
2-8:VOCAB:0080,2-8,8,vocabulary,休憩,休<ruby>憩<rt>けい</rt></ruby>,きゅうけい,きゅうけい,休,"przerwa, odpoczynek (Przerwa w trakcie pracy lub aktywności)",2-8
2-8:VOCAB:0081,2-8,8,vocabulary,夏休み,<ruby>夏<rt>なつ</rt></ruby>休み,なつやすみ,なつやすみ,休,letnie wakacje,2-8
2-8:VOCAB:0082,2-8,8,vocabulary,一言,一言,ひとこと,ひとこと,言,"jedno słowo, krótka wypowiedź",2-8
2-8:VOCAB:0083,2-8,8,vocabulary,読み物,読み<ruby>物<rt>もの</rt></ruby>,よみもの,よみもの,読,"materiały do czytania, lektura",2-8
2-8:VOCAB:0084,2-8,8,vocabulary,読者,読<ruby>者<rt>しゃ</rt></ruby>,どくしゃ,どくしゃ,読,czytelnik,2-8
2-8:VOCAB:0085,2-8,8,vocabulary,思い出す,思い出す,おもいだす,おもいだす,思,przypomnieć sobie,2-8
2-8:VOCAB:0086,2-8,8,vocabulary,思いつく,思いつく,おもいつく,おもいつく,思,"wpaść na pomysł, wymyślić",2-8
2-8:VOCAB:0087,2-8,8,vocabulary,実家,<ruby>実<rt>じっ</rt></ruby>家,じっか,じっか,家,dom rodzinny,2-8
2-8:VOCAB:0088,2-8,8,vocabulary,大家,大家,おおや,おおや,家,"właściciel (mieszkania, budynku)",2-8
2-8:VOCAB:0089,2-8,8,vocabulary,世話,<ruby>世<rt>せ</rt></ruby>話,せわ,せわ,話,"opieka, dbanie o coś/kogoś",2-8
2-8:VOCAB:0090,2-8,8,vocabulary,話題,話<ruby>題<rt>だい</rt></ruby>,わだい,わだい,話,temat rozmowy,2-8
2-8:VOCAB:0091,2-8,8,vocabulary,話しかた,話しかた,はなしかた,はなしかた,話,sposób mówienia,2-8
2-8:VOCAB:0092,2-8,8,vocabulary,次々に,次<ruby>々<rt>つぎ</rt></ruby>に,つぎつぎに,つぎつぎに,次,"jeden po drugim, kolejno",2-8
2-8:VOCAB:0093,2-8,8,vocabulary,何千,何千,なんぜん,なんぜん,何,tysiące,2-8
2-8:VOCAB:0094,2-8,8,vocabulary,何か,何か,なにか,なにか,何,coś,2-8
2-8:VOCAB:0095,2-8,8,vocabulary,何も,何も,なにも,なにも,何,nic,2-8
2-9:ON:名,2-9,9,onyomi,名,名,メイ,めい,名,imię,
2-9:ON:前,2-9,9,onyomi,前,前,ゼン,ぜん,前,przed,
2-9:ON:午,2-9,9,onyomi,午,午,ゴ,ご,午,południe (czas),
2-9:ON:後,2-9,9,onyomi,後,後,ゴ,ご,後,"po, za",
2-9:ON:赤,2-9,9,onyomi,赤,赤,セキ,せき,赤,czerwień,
2-9:ON:青,2-9,9,onyomi,青,青,セイ,せい,青,błękit,
2-9:ON:白,2-9,9,onyomi,白,白,ハク,はく,白,biel,
2-9:ON:黒,2-9,9,onyomi,黒,黒,コク,こく,黒,czerń,
2-9:ON:雨,2-9,9,onyomi,雨,雨,ウ,う,雨,deszcz,
2-9:ON:雪,2-9,9,onyomi,雪,雪,セツ,せつ,雪,śnieg,
2-9:ON:友,2-9,9,onyomi,友,友,ユウ,ゆう,友,przyjaciel,
2-9:ON:間,2-9,9,onyomi,間,間,カン | ケン,かん | けん,間,pomiędzy,
2-9:ON:少,2-9,9,onyomi,少,少,ショウ,しょう,少,niewiele,
2-9:ON:多,2-9,9,onyomi,多,多,タ,た,多,wiele,
2-9:ON:知,2-9,9,onyomi,知,知,チ,ち,知,znać,
2-9:KUN:名,2-9,9,kunyomi,名,名,な,な,名,imię,
2-9:KUN:前,2-9,9,kunyomi,前,前,まえ,まえ,前,przed,
2-9:KUN:後,2-9,9,kunyomi,後,後,あと | うし.ろ,あと | うしろ,後,"po, za",
2-9:KUN:赤,2-9,9,kunyomi,赤,赤,あか,あか,赤,czerwień,
2-9:KUN:青,2-9,9,kunyomi,青,青,あお,あお,青,błękit,
2-9:KUN:白,2-9,9,kunyomi,白,白,しろ,しろ,白,biel,
2-9:KUN:黒,2-9,9,kunyomi,黒,黒,くろ,くろ,黒,czerń,
2-9:KUN:雨,2-9,9,kunyomi,雨,雨,あめ,あめ,雨,deszcz,
2-9:KUN:雪,2-9,9,kunyomi,雪,雪,ゆき,ゆき,雪,śnieg,
2-9:KUN:友,2-9,9,kunyomi,友,友,とも,とも,友,przyjaciel,
2-9:KUN:間,2-9,9,kunyomi,間,間,あいだ | ま,あいだ | ま,間,pomiędzy,
2-9:KUN:少,2-9,9,kunyomi,少,少,すこ.し | すく.ない,すこし | すくない,少,niewiele,
2-9:KUN:多,2-9,9,kunyomi,多,多,おお.い,おおい,多,wiele,
2-9:KUN:知,2-9,9,kunyomi,知,知,し.る,しる,知,znać,
2-9:VOCAB:0001,2-9,9,vocabulary,午後,午後,ごご,ごご,午 後,po południu,1-1
2-9:VOCAB:0002,2-9,9,vocabulary,午前,午前,ごぜん,ごぜん,午 前,przed południem,1-1
2-9:VOCAB:0003,2-9,9,vocabulary,名前,名前,なまえ,なまえ,名 前,imię,1-1
2-9:VOCAB:0004,2-9,9,vocabulary,少し,少し,すこし,すこし,少,trochę,1-2
2-9:VOCAB:0005,2-9,9,vocabulary,少ない,少ない,すくない,すくない,少,mało,1-2
2-9:VOCAB:0006,2-9,9,vocabulary,友達,友<ruby>達<rt>だち</rt></ruby>,ともだち,ともだち,友,przyjaciel,1-2
2-9:VOCAB:0007,2-9,9,vocabulary,前,前,まえ,まえ,前,z przodu,1-3
2-9:VOCAB:0008,2-9,9,vocabulary,後ろ,後ろ,うしろ,うしろ,後,z tyłu,1-3
2-9:VOCAB:0009,2-9,9,vocabulary,間,間,あいだ,あいだ,間,pomiędzy,1-3
2-9:VOCAB:0010,2-9,9,vocabulary,時間,時間,じかん,じかん,間,czas | przez … godzin,1-3 1-4
2-9:VOCAB:0011,2-9,9,vocabulary,滅多に,<ruby>滅<rt>めっ</rt></ruby>多に,めったに,めったに,多,rzadko (z przeczeniem),1-3
2-9:VOCAB:0012,2-9,9,vocabulary,十年前,十<ruby>年<rt>ねん</rt></ruby>前,じゅうねんまえ,じゅうねんまえ,前,10 lat temu,1-3
2-9:VOCAB:0013,2-9,9,vocabulary,何名様ですか,何名<ruby>様<rt>さま</rt></ruby>ですか,なんめいさまですか,なんめいさまですか,名,Ile osób? (pytanie o stolik).,1-3
2-9:VOCAB:0014,2-9,9,vocabulary,雨,雨,あめ,あめ,雨,deszcz,1-3
2-9:VOCAB:0015,2-9,9,vocabulary,面白い,<ruby>面<rt>おも</rt></ruby>白い,おもしろい,おもしろい,白,"interesujący, ciekawy",1-5
2-9:VOCAB:0016,2-9,9,vocabulary,後で,後で,あとで,あとで,後,później,1-6
2-9:VOCAB:0017,2-9,9,vocabulary,雪,雪,ゆき,ゆき,雪,śnieg,1-6
2-9:VOCAB:0018,2-9,9,vocabulary,雨が降る,雨が<ruby>降<rt>ふ</rt></ruby>る,あめがふる,あめがふる,雨,pada deszcz,1-6
2-9:VOCAB:0019,2-9,9,vocabulary,知る,知る,しる,しる,知,znać,1-6
2-9:VOCAB:0020,2-9,9,vocabulary,黒い,黒い,くろい,くろい,黒,czarny,1-6
2-9:VOCAB:0021,2-9,9,vocabulary,桜前線,<ruby>桜<rt>さくら</rt></ruby>前<ruby>線<rt>せん</rt></ruby>,さくらぜんせん,さくらぜんせん,前,front kwitnienia wiśni,1-4
2-9:VOCAB:0022,2-9,9,vocabulary,時間を守る,時間を<ruby>守<rt>まも</rt></ruby>る,じかんをまもる,じかんをまもる,間,"być punktualnym, dotrzymywać czasu",1-5
2-9:VOCAB:0023,2-9,9,vocabulary,動物の名前,<ruby>動<rt>どう</rt></ruby><ruby>物<rt>ぶつ</rt></ruby>の名前,どうぶつのなまえ,どうぶつのなまえ,名 前,nazwy zwierząt,1-5
2-9:VOCAB:0024,2-9,9,vocabulary,知識,知<ruby>識<rt>しき</rt></ruby>,ちしき,ちしき,知,wiedza,1-5
2-9:VOCAB:0025,2-9,9,vocabulary,時間です,時間です,じかんです,じかんです,間,to jest czas / czas na,1-5
2-9:VOCAB:0026,2-9,9,vocabulary,白鳥,白<ruby>鳥<rt>ちょう</rt></ruby>,はくちょう,はくちょう,白,łabędź,1-5
2-9:VOCAB:0027,2-9,9,vocabulary,赤ちゃん,赤ちゃん,あかちゃん,あかちゃん,赤,niemowlę,1-6
2-9:VOCAB:0028,2-9,9,vocabulary,有名,<ruby>有<rt>ゆう</rt></ruby>名,ゆうめい,ゆうめい,名,sławny / znany,1-6
2-9:VOCAB:0029,2-9,9,vocabulary,一週間,一<ruby>週<rt>しゅう</rt></ruby>間,いっしゅうかん,いっしゅうかん,間,jeden tydzień,1-6
2-9:VOCAB:0030,2-9,9,vocabulary,多い,多い,おおい,おおい,多,"dużo, liczny",1-6
2-9:VOCAB:0031,2-9,9,vocabulary,有名人,<ruby>有<rt>ゆう</rt></ruby>名人,ゆうめいじん,ゆうめいじん,名,celebryta,2-8
2-9:VOCAB:0032,2-9,9,vocabulary,後,後,あと,あと,後,potem,2-8
2-9:VOCAB:0033,2-9,9,vocabulary,名刺,名<ruby>刺<rt>し</rt></ruby>,めいし,めいし,名,wizytówka,2-9
2-9:VOCAB:0034,2-9,9,vocabulary,午前中,午前中,ごぜんちゅう,ごぜんちゅう,午 前,przed południem / rano,2-9
2-9:VOCAB:0035,2-9,9,vocabulary,赤十字,赤十<ruby>字<rt>じ</rt></ruby>,せきじゅうじ,せきじゅうじ,赤,Czerwony Krzyż,2-9
2-9:VOCAB:0036,2-9,9,vocabulary,青春,青<ruby>春<rt>しゅん</rt></ruby>,せいしゅん,せいしゅん,青,młodość,2-9
2-9:VOCAB:0037,2-9,9,vocabulary,青空,青<ruby>空<rt>ぞら</rt></ruby>,あおぞら,あおぞら,青,błękitne niebo,2-9
2-9:VOCAB:0038,2-9,9,vocabulary,告白,<ruby>告<rt>こく</rt></ruby>白,こくはく,こくはく,白,wyznanie,2-9
2-9:VOCAB:0039,2-9,9,vocabulary,黒板,黒<ruby>板<rt>ばん</rt></ruby>,こくばん,こくばん,黒,tablica,2-9
2-9:VOCAB:0040,2-9,9,vocabulary,雨天,雨天,うてん,うてん,雨,deszczowa pogoda,2-9
2-9:VOCAB:0041,2-9,9,vocabulary,新雪,新雪,しんせつ,しんせつ,雪,świeży śnieg,2-9
2-9:VOCAB:0042,2-9,9,vocabulary,雪だるま,雪だるま,ゆきだるま,ゆきだるま,雪,bałwan,2-9
2-9:VOCAB:0043,2-9,9,vocabulary,友人,友人,ゆうじん,ゆうじん,友,przyjaciel (bardziej formalnie),2-9
2-9:VOCAB:0044,2-9,9,vocabulary,友情,友<ruby>情<rt>じょう</rt></ruby>,ゆうじょう,ゆうじょう,友,przyjaźń,2-9
2-9:VOCAB:0045,2-9,9,vocabulary,人間,人間,にんげん,にんげん,間,człowiek / ludzkość,2-9
2-9:VOCAB:0046,2-9,9,vocabulary,間に合う,間に<ruby>合<rt>あ</rt></ruby>う,まにあう,まにあう,間,zdążyć (na czas),2-9
2-9:VOCAB:0047,2-9,9,vocabulary,少年,少<ruby>年<rt>ねん</rt></ruby>,しょうねん,しょうねん,少,"chłopiec,&nbsp;  dorastający chłopiec",2-9
2-9:VOCAB:0048,2-9,9,vocabulary,多少,多少,たしょう,たしょう,多 少,trochę / nieco,2-9
2-9:VOCAB:0049,2-9,9,vocabulary,知人,知人,ちじん,ちじん,知,znajomy (daleki),2-9
2-9:VOCAB:0050,2-9,9,vocabulary,知り合う,知り<ruby>合<rt>あ</rt></ruby>う,しりあう,しりあう,知,poznać się,2-9
2-9:VOCAB:0051,2-9,9,vocabulary,少女,少女,しょうじょ,しょうじょ,少,dziewczynka / młoda dziewczyna,1-5
2-9:VOCAB:0052,2-9,9,vocabulary,男前,男前,おとこまえ,おとこまえ,前,przystojny mężczyzna,1-5
2-9:VOCAB:0053,2-9,9,vocabulary,少食,少食,しょうしょく,しょうしょく,少,jedzący mało (mały apetyt),1-5
2-9:VOCAB:0054,2-9,9,vocabulary,大雨,大雨,おおあめ,おおあめ,雨,ulewa / silny deszcz,1-6
2-9:VOCAB:0055,2-9,9,vocabulary,一時間毎,一時間毎,いちじかんごと,いちじかんごと,間,co godzinę,2-7
2-9:VOCAB:0056,2-9,9,vocabulary,一人前,一人前,ひとりまえ,ひとりまえ,前,"porcja (dla jednej osoby), jedna porcja",2-7
2-9:VOCAB:0057,2-9,9,vocabulary,名物,名<ruby>物<rt>ぶつ</rt></ruby>,めいぶつ,めいぶつ,名,"słynny produkt (lokalny), specjał",2-9
2-9:VOCAB:0058,2-9,9,vocabulary,名所,名<ruby>所<rt>しょ</rt></ruby>,めいしょ,めいしょ,名,słynne miejsce,2-9
2-9:VOCAB:0059,2-9,9,vocabulary,五年前,五<ruby>年<rt>ねん</rt></ruby>前,ごねんまえ,ごねんまえ,前,pięć lat temu,2-9
2-9:VOCAB:0060,2-9,9,vocabulary,前回,前<ruby>回<rt>かい</rt></ruby>,ぜんかい,ぜんかい,前,poprzednim razem,2-9
2-9:VOCAB:0061,2-9,9,vocabulary,正午,<ruby>正<rt>しょう</rt></ruby>午,しょうご,しょうご,午,południe (godzina 12:00),2-9
2-9:VOCAB:0062,2-9,9,vocabulary,後の祭り,後の<ruby>祭<rt>まつ</rt></ruby>り,あとのまつり,あとのまつり,後,musztarda po obiedzie (za późno na coś),2-9
2-9:VOCAB:0063,2-9,9,vocabulary,後輩,後<ruby>輩<rt>はい</rt></ruby>,こうはい,こうはい,後,młodszy kolega (ze szkoły lub pracy),2-9
2-9:VOCAB:0064,2-9,9,vocabulary,赤,赤,あか,あか,赤,czerwień (kolor),2-9
2-9:VOCAB:0065,2-9,9,vocabulary,真っ赤,<ruby>真<rt>ま</rt></ruby>っ赤,まっか,まっか,赤,"jaskrawoczerwony, cały czerwony",2-9
2-9:VOCAB:0066,2-9,9,vocabulary,青,青,あお,あお,青,błękit (kolor niebieski),2-9
2-9:VOCAB:0067,2-9,9,vocabulary,真っ青,<ruby>真<rt>ま</rt></ruby>っ青,まっさお,まっさお,青,blady / ciemnoniebieski,2-9
2-9:VOCAB:0068,2-9,9,vocabulary,白,白,しろ,しろ,白,biel (kolor),2-9
2-9:VOCAB:0069,2-9,9,vocabulary,黒,黒,くろ,くろ,黒,czerń (kolor),2-9
2-9:VOCAB:0070,2-9,9,vocabulary,真っ白,<ruby>真<rt>ま</rt></ruby>っ白,まっしろ,まっしろ,白,"śnieżnobiały, cały biały",2-9
2-9:VOCAB:0071,2-9,9,vocabulary,白黒,白黒,しろくろ,しろくろ,白 黒,czarno-biały,2-9
2-9:VOCAB:0072,2-9,9,vocabulary,真っ黒,<ruby>真<rt>ま</rt></ruby>っ黒,まっくろ,まっくろ,黒,"kruczoczarny, cały czarny",2-9
2-9:VOCAB:0073,2-9,9,vocabulary,小雨,小雨,こさめ,こさめ,雨,mżawka (drobny deszcz),2-9
2-9:VOCAB:0074,2-9,9,vocabulary,雨水,雨水,あまみず,あまみず,雨,woda deszczowa,2-9
2-9:VOCAB:0075,2-9,9,vocabulary,大雪,大雪,おおゆき,おおゆき,雪,obfite opady śniegu,2-9
2-9:VOCAB:0076,2-9,9,vocabulary,小雪,小雪,こゆき,こゆき,雪,lekki śnieg,2-9
2-9:VOCAB:0077,2-9,9,vocabulary,初雪,<ruby>初<rt>はつ</rt></ruby>雪,はつゆき,はつゆき,雪,pierwszy śnieg (w roku),2-9
2-9:VOCAB:0078,2-9,9,vocabulary,雪国,雪国,ゆきぐに,ゆきぐに,雪,"śnieżny kraj (rejon o dużych opadach), śnieżna kraina",2-9
2-9:VOCAB:0079,2-9,9,vocabulary,親友,<ruby>親<rt>しん</rt></ruby>友,しんゆう,しんゆう,友,bliski przyjaciel,2-9
2-9:VOCAB:0080,2-9,9,vocabulary,少々,少<ruby>々<rt>しょう</rt></ruby>,しょうしょう,しょうしょう,少,"trochę, chwileczkę",2-9
2-9:VOCAB:0081,2-9,9,vocabulary,多数決,多<ruby>数<rt>すう</rt></ruby><ruby>決<rt>けつ</rt></ruby>,たすうけつ,たすうけつ,多,decyzja większości,2-9
2-9:VOCAB:0082,2-9,9,vocabulary,多分,多分,たぶん,たぶん,多,"prawdopodobnie, chyba (dość pewne)",1-5
2-9:VOCAB:0083,2-9,9,vocabulary,人見知り,人見知り,ひとみしり,ひとみしり,知,nieśmiałość (do obcych),2-9
2-9:VOCAB:0084,2-9,9,vocabulary,通知,<ruby>通<rt>つう</rt></ruby>知,つうち,つうち,知,"zawiadomienie, powiadomienie",2-9
2-9:VOCAB:0085,2-9,9,vocabulary,間にか,間にか,まにか,まにか,間,"niepostrzeżenie, w międzyczasie",2-9
2-9:VOCAB:0086,2-9,9,vocabulary,最後,<ruby>最<rt>さい</rt></ruby>後,さいご,さいご,後,"koniec, ostatni",2-9
2-10:ON:住,2-10,10,onyomi,住,住,ジュウ,じゅう,住,mieszkać,
2-10:ON:正,2-10,10,onyomi,正,正,ショウ | セイ,しょう | せい,正,"właściwy, poprawny",
2-10:ON:年,2-10,10,onyomi,年,年,ネン,ねん,年,rok,
2-10:ON:売,2-10,10,onyomi,売,売,バイ,ばい,売,sprzedaż,
2-10:ON:買,2-10,10,onyomi,買,買,バイ,ばい,買,kupować,
2-10:ON:町,2-10,10,onyomi,町,町,チョウ,ちょう,町,miasteczko,
2-10:ON:長,2-10,10,onyomi,長,長,チョウ,ちょう,長,długi,
2-10:ON:市,2-10,10,onyomi,市,市,シ,し,市,miasto,
2-10:ON:道,2-10,10,onyomi,道,道,ドウ,どう,道,droga,
2-10:ON:立,2-10,10,onyomi,立,立,リツ,りつ,立,stać,
2-10:ON:自,2-10,10,onyomi,自,自,ジ,じ,自,ja sam,
2-10:ON:夜,2-10,10,onyomi,夜,夜,ヤ,や,夜,noc,
2-10:ON:朝,2-10,10,onyomi,朝,朝,チョウ,ちょう,朝,rano,
2-10:ON:持,2-10,10,onyomi,持,持,ジ,じ,持,trzymać,
2-10:ON:昼,2-10,10,onyomi,昼,昼,チュウ,ちゅう,昼,popołudnie,
2-10:KUN:住,2-10,10,kunyomi,住,住,す.む,すむ,住,mieszkać,
2-10:KUN:正,2-10,10,kunyomi,正,正,ただ.しい,ただしい,正,"właściwy, poprawny",
2-10:KUN:年,2-10,10,kunyomi,年,年,とし,とし,年,rok,
2-10:KUN:売,2-10,10,kunyomi,売,売,う.る,うる,売,sprzedaż,
2-10:KUN:買,2-10,10,kunyomi,買,買,か.う,かう,買,kupować,
2-10:KUN:町,2-10,10,kunyomi,町,町,まち,まち,町,miasteczko,
2-10:KUN:長,2-10,10,kunyomi,長,長,なが.い,ながい,長,długi,
2-10:KUN:市,2-10,10,kunyomi,市,市,いち,いち,市,miasto,
2-10:KUN:道,2-10,10,kunyomi,道,道,みち,みち,道,droga,
2-10:KUN:立,2-10,10,kunyomi,立,立,た.つ,たつ,立,stać,
2-10:KUN:自,2-10,10,kunyomi,自,自,みずか.ら,みずから,自,ja sam,
2-10:KUN:夜,2-10,10,kunyomi,夜,夜,よ | よる,よ | よる,夜,noc,
2-10:KUN:朝,2-10,10,kunyomi,朝,朝,あさ,あさ,朝,rano,
2-10:KUN:持,2-10,10,kunyomi,持,持,も.つ,もつ,持,trzymać,
2-10:KUN:昼,2-10,10,kunyomi,昼,昼,ひる,ひる,昼,popołudnie,
2-10:VOCAB:0001,2-10,10,vocabulary,年生,年生,ねんせい,ねんせい,年,student ... roku,1-1
2-10:VOCAB:0002,2-10,10,vocabulary,買う,買う,かう,かう,買,kupować,1-2
2-10:VOCAB:0003,2-10,10,vocabulary,一年生,一年生,いちねんせい,いちねんせい,年,1. rok,1-1
2-10:VOCAB:0004,2-10,10,vocabulary,二年生,二年生,にねんせい,にねんせい,年,2. rok,1-1
2-10:VOCAB:0005,2-10,10,vocabulary,三年生,三年生,さんねんせい,さんねんせい,年,3. rok,1-1
2-10:VOCAB:0006,2-10,10,vocabulary,四年生,四年生,よねんせい,よねんせい,年,4. rok,1-1
2-10:VOCAB:0007,2-10,10,vocabulary,五年生,五年生,ごねんせい,ごねんせい,年,5. rok,1-1
2-10:VOCAB:0008,2-10,10,vocabulary,六年生,六年生,ろくねんせい,ろくねんせい,年,6. rok,1-1
2-10:VOCAB:0009,2-10,10,vocabulary,七年生,七年生,しちねんせい,しちねんせい,年,7. rok,1-1
2-10:VOCAB:0010,2-10,10,vocabulary,八年生,八年生,はちねんせい,はちねんせい,年,8. rok,1-1
2-10:VOCAB:0011,2-10,10,vocabulary,何年生ですか,何年生ですか,なんねんせいですか,なんねんせいですか,年,Na którym roku jesteś?,1-1
2-10:VOCAB:0012,2-10,10,vocabulary,私はx年生です,私はx年生です,わたしはxねんせいです,わたしはxねんせいです,年,Jestem na X roku.,1-1
2-10:VOCAB:0013,2-10,10,vocabulary,夜,夜,よる,よる,夜,noc,1-3
2-10:VOCAB:0014,2-10,10,vocabulary,来年,来年,らいねん,らいねん,年,przyszły rok,1-3
2-10:VOCAB:0015,2-10,10,vocabulary,朝ご飯,朝ご<ruby>飯<rt>はん</rt></ruby>,あさごはん,あさごはん,朝,śniadanie,1-2
2-10:VOCAB:0016,2-10,10,vocabulary,昼ご飯,昼ご<ruby>飯<rt>はん</rt></ruby>,ひるごはん,ひるごはん,昼,obiad,1-2
2-10:VOCAB:0017,2-10,10,vocabulary,町,町,まち,まち,町,"miasto, miasteczko",1-2
2-10:VOCAB:0018,2-10,10,vocabulary,毎朝,毎朝,まいあさ,まいあさ,朝,każdego ranka,1-2
2-10:VOCAB:0019,2-10,10,vocabulary,自転車,自<ruby>転<rt>てん</rt></ruby>車,じてんしゃ,じてんしゃ,自,rower,1-2
2-10:VOCAB:0020,2-10,10,vocabulary,買い物,買い<ruby>物<rt>もの</rt></ruby>,かいもの,かいもの,買,zakupy,1-2
2-10:VOCAB:0021,2-10,10,vocabulary,昼ご飯を作る,昼ご<ruby>飯<rt>はん</rt></ruby>を作る,ひるごはんをつくる,ひるごはんをつくる,昼,przygotowywać lunch,1-2
2-10:VOCAB:0022,2-10,10,vocabulary,お正月,お正月,おしょうがつ,おしょうがつ,正,Nowy Rok (święto),1-2
2-10:VOCAB:0023,2-10,10,vocabulary,除夜の鐘,<ruby>除<rt>じょ</rt></ruby>夜の<ruby>鐘<rt>かね</rt></ruby>,じょやのかね,じょやのかね,夜,dzwony w noc sylwestrową,1-2
2-10:VOCAB:0024,2-10,10,vocabulary,年越しそば,年<ruby>越<rt>こ</rt></ruby>しそば,としこしそば,としこしそば,年,makaron soba na koniec roku,1-2
2-10:VOCAB:0025,2-10,10,vocabulary,年賀状,年<ruby>賀<rt>が</rt></ruby><ruby>状<rt>じょう</rt></ruby>,ねんがじょう,ねんがじょう,年,kartka noworoczna,1-2
2-10:VOCAB:0026,2-10,10,vocabulary,朝,朝,あさ,あさ,朝,ranek,1-3
2-10:VOCAB:0027,2-10,10,vocabulary,昼,昼,ひる,ひる,昼,południe (pora dnia),1-3
2-10:VOCAB:0028,2-10,10,vocabulary,道の右側,道の右<ruby>側<rt>がわ</rt></ruby>,みちのみぎがわ,みちのみぎがわ,道,"prawa strona drogi, po prawej stronie ulicy",1-3
2-10:VOCAB:0029,2-10,10,vocabulary,昨年,<ruby>昨<rt>きょ</rt></ruby>年,きょねん,きょねん,年,zeszły rok,1-3
2-10:VOCAB:0030,2-10,10,vocabulary,今年,今年,ことし,ことし,年,ten rok,1-3
2-10:VOCAB:0031,2-10,10,vocabulary,再来年,<ruby>再<rt>さ</rt></ruby>来年,さらいねん,さらいねん,年,za dwa lata,1-3
2-10:VOCAB:0032,2-10,10,vocabulary,十年前,十年前,じゅうねんまえ,じゅうねんまえ,年,10 lat temu,1-3
2-10:VOCAB:0033,2-10,10,vocabulary,昼休み,昼休み,ひるやすみ,ひるやすみ,昼,przerwa na lunch,1-3
2-10:VOCAB:0034,2-10,10,vocabulary,年取った,年<ruby>取<rt>と</rt></ruby>った,としとった,としとった,年,stary (o ludziach/zwierzętach),1-3
2-10:VOCAB:0035,2-10,10,vocabulary,自分,自分,じぶん,じぶん,自,"ja sam, siebie, własny",1-3
2-10:VOCAB:0036,2-10,10,vocabulary,書道,書道,しょどう,しょどう,道,kaligrafia,1-3
2-10:VOCAB:0037,2-10,10,vocabulary,持つ,持つ,もつ,もつ,持,"trzymać, chwycić, nieść&nbsp;",1-4
2-10:VOCAB:0038,2-10,10,vocabulary,持ってくる,持ってくる,もってくる,もってくる,持,przynieść,1-4
2-10:VOCAB:0039,2-10,10,vocabulary,立つ,立つ,たつ,たつ,立,wstać,1-5
2-10:VOCAB:0040,2-10,10,vocabulary,長い,長い,ながい,ながい,長,długi,1-5
2-10:VOCAB:0041,2-10,10,vocabulary,校長,校長,こうちょう,こうちょう,長,dyrektor szkoły,1-6
2-10:VOCAB:0042,2-10,10,vocabulary,住む,住む,すむ,すむ,住,mieszkać,1-5
2-10:VOCAB:0043,2-10,10,vocabulary,一年中,一年中,いちねんじゅう,いちねんじゅう,年,przez cały rok,1-4
2-10:VOCAB:0044,2-10,10,vocabulary,道を渡る,道を<ruby>渡<rt>わた</rt></ruby>る,みちをわたる,みちをわたる,道,przejść na drugą stronę ulicy,1-4
2-10:VOCAB:0045,2-10,10,vocabulary,道の左側,道の左<ruby>側<rt>がわ</rt></ruby>,みちのひだりがわ,みちのひだりがわ,道,po lewej stronie ulicy,1-4
2-10:VOCAB:0046,2-10,10,vocabulary,旧市街,<ruby>旧<rt>きゅう</rt></ruby>市<ruby>街<rt>がい</rt></ruby>,きゅうしがい,きゅうしがい,市,stare miasto,1-4
2-10:VOCAB:0047,2-10,10,vocabulary,道,道,みち,みち,道,"ulica, droga",1-4
2-10:VOCAB:0048,2-10,10,vocabulary,気持ち,気持ち,きもち,きもち,持,"uczucie, samopoczucie",1-5
2-10:VOCAB:0049,2-10,10,vocabulary,私立大学,私立大学,しりつだいがく,しりつだいがく,立,prywatny uniwersytet,1-5
2-10:VOCAB:0050,2-10,10,vocabulary,長女,長女,ちょうじょ,ちょうじょ,長,najstarsza córka,1-5
2-10:VOCAB:0051,2-10,10,vocabulary,自由,自<ruby>由<rt>ゆう</rt></ruby>,じゆう,じゆう,自,"wolność, swoboda",1-5
2-10:VOCAB:0052,2-10,10,vocabulary,年,年,とし,とし,年,wiek,1-5
2-10:VOCAB:0053,2-10,10,vocabulary,自然,自<ruby>然<rt>ぜん</rt></ruby>,しぜん,しぜん,自,natura / przyroda,1-5
2-10:VOCAB:0054,2-10,10,vocabulary,一年の中,一年の中,いちねんのなか,いちねんのなか,年,"w ciągu roku / w roku, spośród całego roku, w skali roku",1-6
2-10:VOCAB:0055,2-10,10,vocabulary,今朝,今朝,けさ,けさ,朝,dziś rano,2-7
2-10:VOCAB:0056,2-10,10,vocabulary,夜遅く,夜<ruby>遅<rt>おそ</rt></ruby>く,よるおそく,よるおそく,夜,"późno w nocy, do późna w nocy",2-7
2-10:VOCAB:0057,2-10,10,vocabulary,朝早く,朝<ruby>早<rt>はや</rt></ruby>く,あさはやく,あさはやく,朝,wcześnie rano,2-7
2-10:VOCAB:0058,2-10,10,vocabulary,持っていく,持っていく,もっていく,もっていく,持,zabrać ze sobą (rzecz),2-7
2-10:VOCAB:0059,2-10,10,vocabulary,年とった,年とった,としとった,としとった,年,stary (o osobie),2-7
2-10:VOCAB:0060,2-10,10,vocabulary,お金持ち,お金持ち,おかねもち,おかねもち,持,bogacz,2-8
2-10:VOCAB:0061,2-10,10,vocabulary,社長,社長,しゃちょう,しゃちょう,長,szef,2-9
2-10:VOCAB:0062,2-10,10,vocabulary,自動販売機,自<ruby>動<rt>どう</rt></ruby><ruby>販<rt>はん</rt></ruby>売<ruby>機<rt>き</rt></ruby>,じどうはんばいき,じどうはんばいき,自 売,automat do sprzedaży,2-9
2-10:VOCAB:0063,2-10,10,vocabulary,少年,少年,しょうねん,しょうねん,年,"chłopiec,&nbsp;  dorastający chłopiec",2-9
2-10:VOCAB:0064,2-10,10,vocabulary,住所,住<ruby>所<rt>しょ</rt></ruby>,じゅうしょ,じゅうしょ,住,adres,2-10
2-10:VOCAB:0065,2-10,10,vocabulary,正しい,正しい,ただしい,ただしい,正,poprawny / prawidłowy,2-10
2-10:VOCAB:0066,2-10,10,vocabulary,売買,売買,ばいばい,ばいばい,売 買,handel / kupno i sprzedaż,2-10
2-10:VOCAB:0067,2-10,10,vocabulary,町長,町長,ちょうちょう,ちょうちょう,町 長,burmistrz miasteczka / wójt,2-10
2-10:VOCAB:0068,2-10,10,vocabulary,市長,市長,しちょう,しちょう,市 長,prezydent miasta / burmistrz,2-10
2-10:VOCAB:0069,2-10,10,vocabulary,武道,<ruby>武<rt>ぶ</rt></ruby>道,ぶどう,ぶどう,道,sztuki walki,2-10
2-10:VOCAB:0070,2-10,10,vocabulary,柔道,<ruby>柔<rt>じゅう</rt></ruby>道,じゅうどう,じゅうどう,道,judo,2-10
2-10:VOCAB:0071,2-10,10,vocabulary,国立,国立,こくりつ,こくりつ,立,narodowy / państwowy,2-10
2-10:VOCAB:0072,2-10,10,vocabulary,夜中,夜中,よなか,よなか,夜,środek nocy / późno w nocy,2-10
2-10:VOCAB:0073,2-10,10,vocabulary,夜食,夜食,やしょく,やしょく,夜,nocny posiłek / kolacja (późna),2-10
2-10:VOCAB:0074,2-10,10,vocabulary,朝食,朝食,ちょうしょく,ちょうしょく,朝,śniadanie (bardziej formalnie),2-10
2-10:VOCAB:0075,2-10,10,vocabulary,持参する,持<ruby>参<rt>さん</rt></ruby>する,じさんする,じさんする,持,przynieść ze sobą / zabrać ze sobą,2-10
2-10:VOCAB:0076,2-10,10,vocabulary,昼食,昼食,ちゅうしょく,ちゅうしょく,昼,obiad / lunch (bardziej formalnie),2-10
2-10:VOCAB:0077,2-10,10,vocabulary,昼寝,昼<ruby>寝<rt>ね</rt></ruby>,ひるね,ひるね,昼,drzemka (w ciągu dnia),2-10
2-10:VOCAB:0078,2-10,10,vocabulary,毎年,毎年,まいとし,まいとし,年,co roku,2-7
2-10:VOCAB:0079,2-10,10,vocabulary,長男,長男,ちょうなん,ちょうなん,長,najstarszy syn,1-5
2-10:VOCAB:0080,2-10,10,vocabulary,持ち帰り,持ち帰り,もちかえり,もちかえり,持,jedzenie na wynos,2-7
2-10:VOCAB:0081,2-10,10,vocabulary,帰り道,帰り道,かえりみち,かえりみち,道,droga powrotna,2-7
2-10:VOCAB:0082,2-10,10,vocabulary,新年,新年,しんねん,しんねん,年,Nowy Rok,2-8
2-10:VOCAB:0083,2-10,10,vocabulary,町中,町中,まちじゅう,まちじゅう,町,całe miasto / w całym mieście,2-8
2-10:VOCAB:0084,2-10,10,vocabulary,五年前,五年前,ごねんまえ,ごねんまえ,年,pięć lat temu,2-9
2-10:VOCAB:0085,2-10,10,vocabulary,正午,正午,しょうご,しょうご,正,południe (godzina 12:00),2-9
2-10:VOCAB:0086,2-10,10,vocabulary,計画を立てる,<ruby>計<rt>けい</rt></ruby><ruby>画<rt>かく</rt></ruby>を立てる,けいかくをたてる,けいかくをたてる,立,robić plany,2-9
2-10:VOCAB:0087,2-10,10,vocabulary,住まい,住まい,すまい,すまい,住,"mieszkanie, miejsce zamieszkania",2-10
2-10:VOCAB:0088,2-10,10,vocabulary,住民,住<ruby>民<rt>みん</rt></ruby>,じゅうみん,じゅうみん,住,"mieszkaniec, mieszkańcy",2-10
2-10:VOCAB:0089,2-10,10,vocabulary,正式,正<ruby>式<rt>しき</rt></ruby>,せいしき,せいしき,正,"oficjalny, formalny",2-10
2-10:VOCAB:0090,2-10,10,vocabulary,学年,学年,がくねん,がくねん,年,rok szkolny,2-10
2-10:VOCAB:0091,2-10,10,vocabulary,年寄,年<ruby>寄<rt>より</rt></ruby>,としより,としより,年,osoba starsza,2-10
2-10:VOCAB:0092,2-10,10,vocabulary,売り切れ,売り<ruby>切<rt>き</rt></ruby>れ,うりきれ,うりきれ,売,"wyprzedane, brak towaru",2-10
2-10:VOCAB:0093,2-10,10,vocabulary,安売り,<ruby>安<rt>やす</rt></ruby>売り,やすうり,やすうり,売,"wyprzedaż, tania sprzedaż",2-10
2-10:VOCAB:0094,2-10,10,vocabulary,買い手,買い<ruby>手<rt>て</rt></ruby>,かいて,かいて,買,"kupiec, nabywca",2-10
2-10:VOCAB:0095,2-10,10,vocabulary,下町,下町,したまち,したまち,町,"stare miasto, tradycyjna dzielnica",2-10
2-10:VOCAB:0096,2-10,10,vocabulary,長時間,長時間,ちょうじかん,ちょうじかん,長,"długi czas, długo",2-10
2-10:VOCAB:0097,2-10,10,vocabulary,長生き,長生き,ながいき,ながいき,長,długie życie,2-10
2-10:VOCAB:0098,2-10,10,vocabulary,長さ,長さ,ながさ,ながさ,長,długość,2-10
2-10:VOCAB:0099,2-10,10,vocabulary,ワルシャワ市,ワルシャワ市,ワルシャワし,わるしゃわし,市,miasto Warszawa,2-10
2-10:VOCAB:0100,2-10,10,vocabulary,都市,<ruby>都<rt>と</rt></ruby>市,とし,とし,市,"duże miasto, metropolia",2-10
2-10:VOCAB:0101,2-10,10,vocabulary,市場,市<ruby>場<rt>じょう</rt></ruby>,しじょう,しじょう,市,rynek (w sensie ekonomicznym),2-10
2-10:VOCAB:0102,2-10,10,vocabulary,市場,市<ruby>場<rt>ば</rt></ruby>,いちば,いちば,市,"targ, rynek (fizyczne miejsce)",2-10
2-10:VOCAB:0103,2-10,10,vocabulary,茶道,<ruby>茶<rt>さ</rt></ruby>道,さどう,さどう,道,ceremonia parzenia herbaty,2-10
2-10:VOCAB:0104,2-10,10,vocabulary,水道,水道,すいどう,すいどう,道,"wodociąg, bieżąca woda",2-10
2-10:VOCAB:0105,2-10,10,vocabulary,山道,山道,やまみち,やまみち,道,"górska droga, szlak górski",2-10
2-10:VOCAB:0106,2-10,10,vocabulary,北海道,北<ruby>海<rt>かい</rt></ruby>道,ほっかいどう,ほっかいどう,道,Hokkaido (wyspa w Japonii),2-10
2-10:VOCAB:0107,2-10,10,vocabulary,私立,私立,しりつ,しりつ,立,prywatny,2-10
2-10:VOCAB:0108,2-10,10,vocabulary,立ち上がる,立ち上がる,たちあがる,たちあがる,立,"wstawać, podnieść się",2-10
2-10:VOCAB:0109,2-10,10,vocabulary,立ち入り,立ち入り,たちいり,たちいり,立,"wejście, wstęp",2-10
2-10:VOCAB:0110,2-10,10,vocabulary,自ら,自ら,みずから,みずから,自,"samemu, osobiście",2-10
2-10:VOCAB:0111,2-10,10,vocabulary,夜明け,夜<ruby>明<rt>あ</rt></ruby>け,よあけ,よあけ,夜,"świt, brzask",2-10
2-10:VOCAB:0112,2-10,10,vocabulary,持参,持<ruby>参<rt>さん</rt></ruby>,じさん,じさん,持,"rzeczy osobiste, przyniesienie własnego (np. jedzenia), zabranie ze sobą",2-10
2-10:VOCAB:0113,2-10,10,vocabulary,持ち上げる,持ち上げる,もちあげる,もちあげる,持,"podnieść, unieść (coś ciężkiego)",2-10
2-10:VOCAB:0114,2-10,10,vocabulary,住宅街,住<ruby>宅<rt>たく</rt></ruby><ruby>街<rt>がい</rt></ruby>,じゅうたくがい,じゅうたくがい,住,"dzielnica mieszkaniowa, osiedle mieszkaniowe",2-10
2-10:VOCAB:0115,2-10,10,vocabulary,部長,<ruby>部<rt>ぶ</rt></ruby>長,ぶちょう,ぶちょう,長,"kierownik działu, szef działu",2-10
2-10:VOCAB:0116,2-10,10,vocabulary,お年玉,お年<ruby>玉<rt>だま</rt></ruby>,おとしだま,おとしだま,年,noworoczny prezent pieniężny dla dzieci,2-10
2-10:VOCAB:0117,2-10,10,vocabulary,自由に,自<ruby>由<rt>ゆう</rt></ruby>に,じゆうに,じゆうに,自,"swobodnie, dowolnie, bez ograniczeń",2-10
2-11:ON:手,2-11,11,onyomi,手,手,シュ,しゅ,手,ręka,
2-11:ON:紙,2-11,11,onyomi,紙,紙,シ,し,紙,papier,
2-11:ON:病,2-11,11,onyomi,病,病,ビョウ,びょう,病,choroba,
2-11:ON:院,2-11,11,onyomi,院,院,イン,いん,院,instytucja,
2-11:ON:映,2-11,11,onyomi,映,映,エイ,えい,映,odbijać,
2-11:ON:画,2-11,11,onyomi,画,画,ガ | カク,が | かく,画,obraz,
2-11:ON:勉,2-11,11,onyomi,勉,勉,ベン,べん,勉,starać się,
2-11:ON:強,2-11,11,onyomi,強,強,キョウ,きょう,強,silny,
2-11:ON:好,2-11,11,onyomi,好,好,コウ,こう,好,lubić,
2-11:ON:近,2-11,11,onyomi,近,近,キン,きん,近,bliski,
2-11:ON:明,2-11,11,onyomi,明,明,メイ,めい,明,jasny,
2-11:ON:所,2-11,11,onyomi,所,所,ショ,しょ,所,miejsce,
2-11:ON:有,2-11,11,onyomi,有,有,ユウ,ゆう,有,istnieć,
2-11:ON:旅,2-11,11,onyomi,旅,旅,リョ,りょ,旅,podróż,
2-11:ON:歌,2-11,11,onyomi,歌,歌,カ,か,歌,śpiewać,
2-11:KUN:手,2-11,11,kunyomi,手,手,て,て,手,ręka,
2-11:KUN:紙,2-11,11,kunyomi,紙,紙,かみ,かみ,紙,papier,
2-11:KUN:映,2-11,11,kunyomi,映,映,うつ.る,うつる,映,odbijać,
2-11:KUN:強,2-11,11,kunyomi,強,強,つよ.い,つよい,強,silny,
2-11:KUN:好,2-11,11,kunyomi,好,好,す.き | この.み,すき | このみ,好,lubić,
2-11:KUN:近,2-11,11,kunyomi,近,近,ちか.い,ちかい,近,bliski,
2-11:KUN:明,2-11,11,kunyomi,明,明,あか.るい,あかるい,明,jasny,
2-11:KUN:所,2-11,11,kunyomi,所,所,ところ,ところ,所,miejsce,
2-11:KUN:有,2-11,11,kunyomi,有,有,あ.る,ある,有,istnieć,
2-11:KUN:旅,2-11,11,kunyomi,旅,旅,たび,たび,旅,podróż,
2-11:KUN:歌,2-11,11,kunyomi,歌,歌,うた | うた.う,うた | うたう,歌,śpiewać,
2-11:VOCAB:0001,2-11,11,vocabulary,大学院,大学院,だいがくいん,だいがくいん,院,"studia magisterskie, szkoła podyplomowa",1-1
2-11:VOCAB:0002,2-11,11,vocabulary,大学院生,大学院生,だいがくいんせい,だいがくいんせい,院,student/ka studiów magisterskich,1-1
2-11:VOCAB:0003,2-11,11,vocabulary,勉強する,勉強する,べんきょうする,べんきょうする,勉 強,uczyć się,1-2
2-11:VOCAB:0004,2-11,11,vocabulary,映画,映画,えいが,えいが,映 画,film,1-3
2-11:VOCAB:0005,2-11,11,vocabulary,手紙を書く,手紙を書く,てがみをかく,てがみをかく,手 紙,pisać listy,1-2
2-11:VOCAB:0006,2-11,11,vocabulary,お手洗い,お手<ruby>洗<rt>あら</rt></ruby>い,おてあらい,おてあらい,手,łazienka,1-2
2-11:VOCAB:0007,2-11,11,vocabulary,病院,病院,びょういん,びょういん,病 院,szpital,1-2
2-11:VOCAB:0008,2-11,11,vocabulary,また明日,また明日,またあした,またあした,明,do jutra!,1-2
2-11:VOCAB:0009,2-11,11,vocabulary,明日,明日,あした,あした,明,jutro,1-2
2-11:VOCAB:0010,2-11,11,vocabulary,明後日,明後日,あさって,あさって,明,pojutrze,1-2
2-11:VOCAB:0011,2-11,11,vocabulary,映画館,映画<ruby>館<rt>かん</rt></ruby>,えいがかん,えいがかん,映 画,kino,1-2
2-11:VOCAB:0012,2-11,11,vocabulary,場所,<ruby>場<rt>ば</rt></ruby>所,ばしょ,ばしょ,所,"miejsce, lokalizacja",1-2
2-11:VOCAB:0013,2-11,11,vocabulary,手紙,手紙,てがみ,てがみ,手 紙,list,1-3
2-11:VOCAB:0014,2-11,11,vocabulary,近く,近く,ちかく,ちかく,近,blisko,1-3
2-11:VOCAB:0015,2-11,11,vocabulary,台所,<ruby>台<rt>だい</rt></ruby>所,だいどころ,だいどころ,所,kuchnia (natywnie),1-3
2-11:VOCAB:0016,2-11,11,vocabulary,明治神宮,明<ruby>治<rt>じ</rt></ruby><ruby>神<rt>じん</rt></ruby><ruby>宮<rt>ぐう</rt></ruby>,めいじじんぐう,めいじじんぐう,明,Chram Meiji (w Tokio),1-3
2-11:VOCAB:0017,2-11,11,vocabulary,歌う,歌う,うたう,うたう,歌,śpiewać,1-3
2-11:VOCAB:0018,2-11,11,vocabulary,旅行,旅行,りょこう,りょこう,旅,"wycieczka, podróż",1-4
2-11:VOCAB:0019,2-11,11,vocabulary,手伝う,手<ruby>伝<rt>つだ</rt></ruby>う,てつだう,てつだう,手,pomagać,1-4
2-11:VOCAB:0020,2-11,11,vocabulary,好き,好き,すき,すき,好,lubić / być lubianym,1-4
2-11:VOCAB:0021,2-11,11,vocabulary,切手,<ruby>切<rt>きっ</rt></ruby>手,きって,きって,手,znaczek pocztowy,1-5
2-11:VOCAB:0022,2-11,11,vocabulary,大好き,大好き,だいすき,だいすき,好,bardzo lubiany (bardzo lubić),1-5
2-11:VOCAB:0023,2-11,11,vocabulary,近い,近い,ちかい,ちかい,近,"bliski, niedaleki",1-5
2-11:VOCAB:0024,2-11,11,vocabulary,上手,上手,じょうず,じょうず,手,dobry w czymś,1-4
2-11:VOCAB:0025,2-11,11,vocabulary,下手,下手,へた,へた,手,słaby w czymś,1-1
2-11:VOCAB:0026,2-11,11,vocabulary,苦手,<ruby>苦<rt>にが</rt></ruby>手,にがて,にがて,手,"słaby w czymś (nie lubić, nie czuć się pewnie)",1-5
2-11:VOCAB:0027,2-11,11,vocabulary,上手い,上手い,うまい,うまい,手,"zręczny, dobry (w czymś)",1-5
2-11:VOCAB:0028,2-11,11,vocabulary,強大,強大,きょうだい,きょうだい,強,potężny / ogromny,1-5
2-11:VOCAB:0029,2-11,11,vocabulary,右手,右手,みぎて,みぎて,手,prawa ręka,1-6
2-11:VOCAB:0030,2-11,11,vocabulary,入院,入院,にゅういん,にゅういん,院,hospitalizacja,1-6
2-11:VOCAB:0031,2-11,11,vocabulary,有名,有名,ゆうめい,ゆうめい,有,sławny / znany,1-6
2-11:VOCAB:0032,2-11,11,vocabulary,病気,病気,びょうき,びょうき,病,"choroba, chory ~の",1-6
2-11:VOCAB:0033,2-11,11,vocabulary,最近,<ruby>最<rt>さい</rt></ruby>近,さいきん,さいきん,近,ostatnio,1-6
2-11:VOCAB:0034,2-11,11,vocabulary,歌,歌,うた,うた,歌,piosenka,1-6
2-11:VOCAB:0035,2-11,11,vocabulary,手袋,手<ruby>袋<rt>ぶくろ</rt></ruby>,てぶくろ,てぶくろ,手,rękawiczki,1-6
2-11:VOCAB:0036,2-11,11,vocabulary,美容院,<ruby>美<rt>び</rt></ruby><ruby>容<rt>よう</rt></ruby>院,びよういん,びよういん,院,"salon fryzjerski (damski), salon urody damskiej",2-7
2-11:VOCAB:0037,2-11,11,vocabulary,紙,紙,かみ,かみ,紙,papier,2-7
2-11:VOCAB:0038,2-11,11,vocabulary,手帳,手<ruby>帳<rt>ちょう</rt></ruby>,てちょう,てちょう,手,"notes, kalendarzyk",2-7
2-11:VOCAB:0039,2-11,11,vocabulary,画用紙,画<ruby>用<rt>よう</rt></ruby>紙,がようし,がようし,画 紙,"brystol, papier rysunkowy",2-7
2-11:VOCAB:0040,2-11,11,vocabulary,有名人,有名人,ゆうめいじん,ゆうめいじん,有,celebryta,2-8
2-11:VOCAB:0041,2-11,11,vocabulary,歌手,歌手,かしゅ,かしゅ,歌 手,piosenkarz,2-9
2-11:VOCAB:0042,2-11,11,vocabulary,歌舞伎,歌<ruby>舞<rt>ぶ</rt></ruby><ruby>伎<rt>き</rt></ruby>,かぶき,かぶき,歌,teatr kabuki,2-9
2-11:VOCAB:0043,2-11,11,vocabulary,強い,強い,つよい,つよい,強,silny,2-10
2-11:VOCAB:0044,2-11,11,vocabulary,画家,画家,がか,がか,画,malarz,2-10
2-11:VOCAB:0045,2-11,11,vocabulary,空手,<ruby>空<rt>から</rt></ruby>手,からて,からて,手,karate,2-11
2-11:VOCAB:0046,2-11,11,vocabulary,明るい,明るい,あかるい,あかるい,明,jasny,2-11
2-11:VOCAB:0047,2-11,11,vocabulary,手,手,て,て,手,ręce,2-11
2-11:VOCAB:0048,2-11,11,vocabulary,手首,手<ruby>首<rt>くび</rt></ruby>,てくび,てくび,手,nadgarstek,2-11
2-11:VOCAB:0049,2-11,11,vocabulary,住所,住所,じゅうしょ,じゅうしょ,所,adres,2-10
2-11:VOCAB:0050,2-11,11,vocabulary,手話,手話,しゅわ,しゅわ,手,język migowy,2-11
2-11:VOCAB:0051,2-11,11,vocabulary,折り紙,<ruby>折<rt>お</rt></ruby>り紙,おりがみ,おりがみ,紙,origami / sztuka składania papieru,2-11
2-11:VOCAB:0052,2-11,11,vocabulary,和紙,<ruby>和<rt>わ</rt></ruby>紙,わし,わし,紙,japoński papier (washi),2-11
2-11:VOCAB:0053,2-11,11,vocabulary,映る,映る,うつる,うつる,映,odbijać się (np. w lustrze) / wyświetlać się,2-11
2-11:VOCAB:0054,2-11,11,vocabulary,計画,<ruby>計<rt>けい</rt></ruby>画,けいかく,けいかく,画,plan / projekt,2-11
2-11:VOCAB:0055,2-11,11,vocabulary,勉強,勉強,べんきょう,べんきょう,勉 強,nauka,2-11
2-11:VOCAB:0056,2-11,11,vocabulary,好物,好<ruby>物<rt>ぶつ</rt></ruby>,こうぶつ,こうぶつ,好,ulubione jedzenie / przysmak,2-11
2-11:VOCAB:0057,2-11,11,vocabulary,好み,好み,このみ,このみ,好,gust / upodobanie,2-11
2-11:VOCAB:0058,2-11,11,vocabulary,説明,<ruby>説<rt>せつ</rt></ruby>明,せつめい,せつめい,明,wyjaśnienie / tłumaczenie,2-11
2-11:VOCAB:0059,2-11,11,vocabulary,所,所,ところ,ところ,所,miejsce,2-11
2-11:VOCAB:0060,2-11,11,vocabulary,近所,近所,きんじょ,きんじょ,近 所,sąsiedztwo / okolica,2-11
2-11:VOCAB:0061,2-11,11,vocabulary,旅,旅,たび,たび,旅,podróż,2-11
2-11:VOCAB:0062,2-11,11,vocabulary,国歌,国歌,こっか,こっか,歌,hymn państwowy,2-11
2-11:VOCAB:0063,2-11,11,vocabulary,左手,左手,ひだりて,ひだりて,手,lewa ręka,1-6
2-11:VOCAB:0064,2-11,11,vocabulary,聞き手,聞き手,ききて,ききて,手,słuchacz,2-8
2-11:VOCAB:0065,2-11,11,vocabulary,手作り,手作り,てづくり,てづくり,手,"ręczna robota, zrobione własnoręcznie",2-8
2-11:VOCAB:0066,2-11,11,vocabulary,強い意志,強い<ruby>意<rt>い</rt></ruby><ruby>志<rt>し</rt></ruby>,つよいいし,つよいいし,強,silna wola,2-8
2-11:VOCAB:0067,2-11,11,vocabulary,名所,名所,めいしょ,めいしょ,所,słynne miejsce,2-9
2-11:VOCAB:0068,2-11,11,vocabulary,説明する,<ruby>説<rt>せつ</rt></ruby>明する,せつめいする,せつめいする,明,"wyjaśniać, tłumaczyć",2-8
2-11:VOCAB:0069,2-11,11,vocabulary,両替所,<ruby>両<rt>りょう</rt></ruby><ruby>替<rt>がえ</rt></ruby>所,りょうがえじょ,りょうがえじょ,所,kantor,2-9
2-11:VOCAB:0070,2-11,11,vocabulary,旅券,旅<ruby>券<rt>けん</rt></ruby>,りょけん,りょけん,旅,paszport (natywnie),2-9
2-11:VOCAB:0071,2-11,11,vocabulary,計画を立てる,<ruby>計<rt>けい</rt></ruby>画を立てる,けいかくをたてる,けいかくをたてる,画,robić plany,2-9
2-11:VOCAB:0072,2-11,11,vocabulary,買い手,買い手,かいて,かいて,手,"kupiec, nabywca",2-10
2-11:VOCAB:0073,2-11,11,vocabulary,夜明け,夜明け,よあけ,よあけ,明,"świt, brzask",2-10
2-11:VOCAB:0074,2-11,11,vocabulary,海外旅行,<ruby>海<rt>かい</rt></ruby>外旅行,かいがいりょこう,かいがいりょこう,旅,podróż zagraniczna,2-10
2-11:VOCAB:0075,2-11,11,vocabulary,手本,手本,てほん,てほん,手,"wzór, przykład do naśladowania",2-11
2-11:VOCAB:0076,2-11,11,vocabulary,白紙,白紙,はくし,はくし,紙,"czysta kartka, niezapisany dokument",2-11
2-11:VOCAB:0077,2-11,11,vocabulary,病,病,やまい,やまい,病,"choroba, dolegliwość",2-11
2-11:VOCAB:0078,2-11,11,vocabulary,病む,病む,やむ,やむ,病,"chorować, cierpieć",2-11
2-11:VOCAB:0079,2-11,11,vocabulary,大病,大病,たいびょう,たいびょう,病,poważna choroba,2-11
2-11:VOCAB:0080,2-11,11,vocabulary,上映,上映,じょうえい,じょうえい,映,"projekcja, wyświetlanie filmu",2-11
2-11:VOCAB:0081,2-11,11,vocabulary,画面,画<ruby>面<rt>めん</rt></ruby>,がめん,がめん,画,"ekran, wyświetlacz",2-11
2-11:VOCAB:0082,2-11,11,vocabulary,勉強会,勉強会,べんきょうかい,べんきょうかい,勉 強,spotkanie do wspólnej nauki,2-11
2-11:VOCAB:0083,2-11,11,vocabulary,勉強中,勉強中,べんきょうちゅう,べんきょうちゅう,勉 強,"w trakcie nauki, podczas uczenia się",2-11
2-11:VOCAB:0084,2-11,11,vocabulary,強さ,強さ,つよさ,つよさ,強,"siła, moc",2-11
2-11:VOCAB:0085,2-11,11,vocabulary,心強い,<ruby>心<rt>こころ</rt></ruby>強い,こころづよい,こころづよい,強,"dodający otuchy, dający poczucie bezpieczeństwa",2-11
2-11:VOCAB:0086,2-11,11,vocabulary,強調する,強<ruby>調<rt>ちょう</rt></ruby>する,きょうちょうする,きょうちょうする,強,"podkreślać, akcentować",2-11
2-11:VOCAB:0087,2-11,11,vocabulary,旅行好き,旅行好き,りょこうずき,りょこうずき,旅 好,"miłośnik podróży, lubiący podróżować",2-11
2-11:VOCAB:0088,2-11,11,vocabulary,近づく,近づく,ちかづく,ちかづく,近,"zbliżać się, podchodzić",2-11
2-11:VOCAB:0089,2-11,11,vocabulary,近道,近道,ちかみち,ちかみち,近,"skrót, krótsza droga",2-11
2-11:VOCAB:0090,2-11,11,vocabulary,明かり,明かり,あかり,あかり,明,"światło, oświetlenie",2-11
2-11:VOCAB:0091,2-11,11,vocabulary,有る,有る,ある,ある,有,"być, istnieć, mieć w odniesieniu do rzeczy",2-11
2-11:VOCAB:0092,2-11,11,vocabulary,有料,有<ruby>料<rt>りょう</rt></ruby>,ゆうりょう,ゆうりょう,有,"płatny, za opłatą",2-11
2-11:VOCAB:0093,2-11,11,vocabulary,旅人,旅人,たびびと,たびびと,旅,"podróżnik, wędrowiec",2-11
2-11:VOCAB:0094,2-11,11,vocabulary,旅先,旅先,たびさき,たびさき,旅,miejsce pobytu podczas podróży,2-11
2-12:ON:神,2-12,12,onyomi,神,神,ジン | シン,じん | しん,神,Bóg,
2-12:ON:色,2-12,12,onyomi,色,色,シキ | ショク,しき | しょく,色,Kolor,
2-12:ON:早,2-12,12,onyomi,早,早,ソウ,そう,早,wczesny,
2-12:ON:起,2-12,12,onyomi,起,起,キ,き,起,obudzić się,
2-12:ON:牛,2-12,12,onyomi,牛,牛,ギュウ,ぎゅう,牛,Krowa,
2-12:ON:使,2-12,12,onyomi,使,使,シ,し,使,używać,
2-12:ON:店,2-12,12,onyomi,店,店,テン,てん,店,sklep,
2-12:ON:働,2-12,12,onyomi,働,働,ドウ,どう,働,pracować,
2-12:ON:連,2-12,12,onyomi,連,連,レン,れん,連,łączyć,
2-12:ON:別,2-12,12,onyomi,別,別,ベツ,べつ,別,oddzielać,
2-12:ON:度,2-12,12,onyomi,度,度,ド,ど,度,"stopień, raz",
2-12:ON:寺,2-12,12,onyomi,寺,寺,ジ,じ,寺,świątynia,
2-12:ON:心,2-12,12,onyomi,心,心,シン,しん,心,serce,
2-12:KUN:昔,2-12,12,kunyomi,昔,昔,むかし,むかし,昔,dawno temu,
2-12:KUN:神,2-12,12,kunyomi,神,神,かみ,かみ,神,Bóg,
2-12:KUN:色,2-12,12,kunyomi,色,色,いろ,いろ,色,Kolor,
2-12:KUN:早,2-12,12,kunyomi,早,早,はや.い,はやい,早,wczesny,
2-12:KUN:起,2-12,12,kunyomi,起,起,お.きる | お.こす,おきる | おこす,起,obudzić się,
2-12:KUN:牛,2-12,12,kunyomi,牛,牛,うし,うし,牛,Krowa,
2-12:KUN:使,2-12,12,kunyomi,使,使,つか.う,つかう,使,używać,
2-12:KUN:店,2-12,12,kunyomi,店,店,みせ,みせ,店,sklep,
2-12:KUN:働,2-12,12,kunyomi,働,働,はたら.く,はたらく,働,pracować,
2-12:KUN:連,2-12,12,kunyomi,連,連,つ.れる,つれる,連,łączyć,
2-12:KUN:別,2-12,12,kunyomi,別,別,わか.れる,わかれる,別,oddzielać,
2-12:KUN:寺,2-12,12,kunyomi,寺,寺,てら,てら,寺,świątynia,
2-12:KUN:心,2-12,12,kunyomi,心,心,こころ,こころ,心,serce,
2-12:VOCAB:0001,2-12,12,vocabulary,起きる,起きる,おきる,おきる,起,budzić się,1-2
2-12:VOCAB:0002,2-12,12,vocabulary,お寺,お寺,おてら,おてら,寺,świątynia buddyjska,1-2
2-12:VOCAB:0003,2-12,12,vocabulary,喫茶店,<ruby>喫<rt>きっ</rt></ruby><ruby>茶<rt>さ</rt></ruby>店,きっさてん,きっさてん,店,kawiarnia,1-2
2-12:VOCAB:0004,2-12,12,vocabulary,神社,神社,じんじゃ,じんじゃ,神,świątynia shintoistyczna/chram,1-2
2-12:VOCAB:0005,2-12,12,vocabulary,昔,昔,むかし,むかし,昔,"dawno temu, dawniej",1-3
2-12:VOCAB:0006,2-12,12,vocabulary,牛乳,牛<ruby>乳<rt>にゅう</rt></ruby>,ぎゅうにゅう,ぎゅうにゅう,牛,mleko,1-3
2-12:VOCAB:0007,2-12,12,vocabulary,早い,早い,はやい,はやい,早,"wcześny, szybki | wczesny (pora)",1-3 1-5
2-12:VOCAB:0008,2-12,12,vocabulary,働く,働く,はたらく,はたらく,働,pracować,1-3
2-12:VOCAB:0009,2-12,12,vocabulary,今度,今度,こんど,こんど,度,następnym razem / tym razem,1-3
2-12:VOCAB:0010,2-12,12,vocabulary,明治神宮,明<ruby>治<rt>じ</rt></ruby>神<ruby>宮<rt>ぐう</rt></ruby>,めいじじんぐう,めいじじんぐう,神,Chram Meiji (w Tokio),1-3
2-12:VOCAB:0011,2-12,12,vocabulary,連れてくる,連れてくる,つれてくる,つれてくる,連,przyprowadzić (kogoś),1-4
2-12:VOCAB:0012,2-12,12,vocabulary,使う,使う,つかう,つかう,使,używać,1-4
2-12:VOCAB:0013,2-12,12,vocabulary,色,色,いろ,いろ,色,kolor,1-6
2-12:VOCAB:0014,2-12,12,vocabulary,オレンジ色,オレンジ色,オレンジいろ,おれんじいろ,色,pomarańczowy (kolor),1-6
2-12:VOCAB:0015,2-12,12,vocabulary,黄色い,<ruby>黄<rt>き</rt></ruby>色い,きいろい,きいろい,色,żółty,1-6
2-12:VOCAB:0016,2-12,12,vocabulary,緑色,<ruby>緑<rt>みどり</rt></ruby>色,みどりいろ,みどりいろ,色,zielony (kolor),1-6
2-12:VOCAB:0017,2-12,12,vocabulary,紫色,<ruby>紫<rt>むらさき</rt></ruby>色,むらさきいろ,むらさきいろ,色,fioletowy (kolor),1-6
2-12:VOCAB:0018,2-12,12,vocabulary,ピンク色,ピンク色,ピンクいろ,ぴんくいろ,色,różowy (kolor),1-6
2-12:VOCAB:0019,2-12,12,vocabulary,金色,金色,きんいろ,きんいろ,色,złoty (kolor),1-6
2-12:VOCAB:0020,2-12,12,vocabulary,銀色,<ruby>銀<rt>ぎん</rt></ruby>色,ぎんいろ,ぎんいろ,色,srebrny (kolor),1-6
2-12:VOCAB:0021,2-12,12,vocabulary,早く,早く,はやく,はやく,早,"szybko, wcześnie",1-4
2-12:VOCAB:0022,2-12,12,vocabulary,牛,牛,うし,うし,牛,krowa,1-5
2-12:VOCAB:0023,2-12,12,vocabulary,性別,<ruby>性<rt>せい</rt></ruby>別,せいべつ,せいべつ,別,płeć,1-5
2-12:VOCAB:0024,2-12,12,vocabulary,店,店,みせ,みせ,店,"sklep, restauracja",1-5
2-12:VOCAB:0025,2-12,12,vocabulary,一度,一度,いちど,いちど,度,jeden raz,1-6
2-12:VOCAB:0026,2-12,12,vocabulary,態度が悪い,<ruby>態<rt>たい</rt></ruby>度が<ruby>悪<rt>わる</rt></ruby>い,たいどがわるい,たいどがわるい,度,złe nastawienie / złe zachowanie,1-6
2-12:VOCAB:0027,2-12,12,vocabulary,臨床心理士,<ruby>臨<rt>りん</rt></ruby><ruby>床<rt>しょう</rt></ruby>心<ruby>理<rt>り</rt></ruby><ruby>士<rt>し</rt></ruby>,りんしょうしんりし,りんしょうしんりし,心,psycholog kliniczny,1-6
2-12:VOCAB:0028,2-12,12,vocabulary,心,心,こころ,こころ,心,serce,1-6
2-12:VOCAB:0029,2-12,12,vocabulary,居心地,<ruby>居<rt>い</rt></ruby>心<ruby>地<rt>こち</rt></ruby>,いごこち,いごこち,心,samopoczucie (w jakimś miejscu),1-6
2-12:VOCAB:0030,2-12,12,vocabulary,居心地がいい,<ruby>居<rt>い</rt></ruby>心<ruby>地<rt>こち</rt></ruby>がいい,いごこちがいい,いごこちがいい,心,przytulny / dobrze się czuć,1-6
2-12:VOCAB:0031,2-12,12,vocabulary,朝早く,朝早く,あさはやく,あさはやく,早,wcześnie rano,2-7
2-12:VOCAB:0032,2-12,12,vocabulary,連絡する,連<ruby>絡<rt>らく</rt></ruby>する,れんらくする,れんらくする,連,kontaktować się,2-7
2-12:VOCAB:0033,2-12,12,vocabulary,色鉛筆,色<ruby>鉛<rt>えん</rt></ruby><ruby>筆<rt>ぴつ</rt></ruby>,いろえんぴつ,いろえんぴつ,色,kredki ołówkowe,2-7
2-12:VOCAB:0034,2-12,12,vocabulary,商店街,<ruby>商<rt>しょう</rt></ruby>店<ruby>街<rt>がい</rt></ruby>,しょうてんがい,しょうてんがい,店,pasaż handlowy,2-9
2-12:VOCAB:0035,2-12,12,vocabulary,店員,店員,てんいん,てんいん,店,sprzedawca,2-10
2-12:VOCAB:0036,2-12,12,vocabulary,景色,<ruby>景<rt>けい</rt></ruby>色,けしき,けしき,色,widok,2-11
2-12:VOCAB:0037,2-12,12,vocabulary,昔話,昔話,むかしばなし,むかしばなし,昔,baśń / ludowa opowieść / stare historie,2-12
2-12:VOCAB:0038,2-12,12,vocabulary,大昔,大昔,おおむかし,おおむかし,昔,zamierzchłe czasy / dawno temu,2-12
2-12:VOCAB:0039,2-12,12,vocabulary,神道,神道,しんとう,しんとう,神,shinto (religia),2-12
2-12:VOCAB:0040,2-12,12,vocabulary,神,神,かみ,かみ,神,bóg / bóstwo,2-12
2-12:VOCAB:0041,2-12,12,vocabulary,特色,<ruby>特<rt>とく</rt></ruby>色,とくしょく,とくしょく,色,cecha charakterystyczna,2-12
2-12:VOCAB:0042,2-12,12,vocabulary,昔々,昔々,むかしむかし,むかしむかし,昔,"dawno, dawno temu",2-12
2-12:VOCAB:0043,2-12,12,vocabulary,色々,色々,いろいろ,いろいろ,色,różne / różnorodne / rozmaite,2-12
2-12:VOCAB:0044,2-12,12,vocabulary,早朝,早朝,そうちょう,そうちょう,早,wczesny ranek,2-12
2-12:VOCAB:0045,2-12,12,vocabulary,早起き,早起き,はやおき,はやおき,早 起,wczesne wstawanie,2-12
2-12:VOCAB:0046,2-12,12,vocabulary,起立,起立,きりつ,きりつ,起,wstanie (na równe nogi),2-12
2-12:VOCAB:0047,2-12,12,vocabulary,牛肉,牛<ruby>肉<rt>にく</rt></ruby>,ぎゅうにく,ぎゅうにく,牛,wołowina,2-12
2-12:VOCAB:0048,2-12,12,vocabulary,和牛,<ruby>和<rt>わ</rt></ruby>牛,わぎゅう,わぎゅう,牛,wagyu (japońska wołowina),2-12
2-12:VOCAB:0049,2-12,12,vocabulary,子牛,子牛,こうし,こうし,牛,cielę,2-12
2-12:VOCAB:0050,2-12,12,vocabulary,大使館,大使<ruby>館<rt>かん</rt></ruby>,たいしかん,たいしかん,使,ambasada,2-12
2-12:VOCAB:0051,2-12,12,vocabulary,天使,天使,てんし,てんし,使,anioł,2-12
2-12:VOCAB:0052,2-12,12,vocabulary,売店,売店,ばいてん,ばいてん,店,kiosk / sklepik,2-12
2-12:VOCAB:0053,2-12,12,vocabulary,労働,<ruby>労<rt>ろう</rt></ruby>働,ろうどう,ろうどう,働,praca / praca fizyczna,2-12
2-12:VOCAB:0054,2-12,12,vocabulary,労働者,<ruby>労<rt>ろう</rt></ruby>働<ruby>者<rt>しゃ</rt></ruby>,ろうどうしゃ,ろうどうしゃ,働,robotnik / pracownik,2-12
2-12:VOCAB:0055,2-12,12,vocabulary,連休,連休,れんきゅう,れんきゅう,連,ciąg dni wolnych (długi weekend),2-12
2-12:VOCAB:0056,2-12,12,vocabulary,連絡,連<ruby>絡<rt>らく</rt></ruby>,れんらく,れんらく,連,kontakt / komunikacja,2-12
2-12:VOCAB:0057,2-12,12,vocabulary,連れる,連れる,つれる,つれる,連,zabrać (ze sobą osobę lub zwierzę),2-12
2-12:VOCAB:0058,2-12,12,vocabulary,別々,別々,べつべつ,べつべつ,別,osobno / oddzielnie,2-12
2-12:VOCAB:0059,2-12,12,vocabulary,特別,<ruby>特<rt>とく</rt></ruby>別,とくべつ,とくべつ,別,specjalny / wyjątkowy,2-12
2-12:VOCAB:0060,2-12,12,vocabulary,差別,<ruby>差<rt>さ</rt></ruby>別,さべつ,さべつ,別,dyskryminacja,2-12
2-12:VOCAB:0061,2-12,12,vocabulary,別れる,別れる,わかれる,わかれる,別,rozstać się / rozejść się,2-12
2-12:VOCAB:0062,2-12,12,vocabulary,温度,<ruby>温<rt>おん</rt></ruby>度,おんど,おんど,度,temperatura,2-12
2-12:VOCAB:0063,2-12,12,vocabulary,心配,心<ruby>配<rt>ぱい</rt></ruby>,しんぱい,しんぱい,心,zmartwienie / niepokój,2-12
2-12:VOCAB:0064,2-12,12,vocabulary,安心,<ruby>安<rt>あん</rt></ruby>心,あんしん,あんしん,心,ulga / spokój ducha,2-12
2-12:VOCAB:0065,2-12,12,vocabulary,神父,神父,しんぷ,しんぷ,神,ksiądz katolicki,2-7
2-12:VOCAB:0066,2-12,12,vocabulary,心配する,心<ruby>配<rt>ぱい</rt></ruby>する,しんぱいする,しんぱいする,心,"martwić się / niepokoić się (na zapas, problem jeszcze nie ma miejsca)",2-7
2-12:VOCAB:0067,2-12,12,vocabulary,無駄に使う,<ruby>無<rt>む</rt></ruby><ruby>駄<rt>だ</rt></ruby>に使う,むだにつかう,むだにつかう,使,marnować / używać na marne,2-8
2-12:VOCAB:0068,2-12,12,vocabulary,早退する,早<ruby>退<rt>たい</rt></ruby>する,そうたいする,そうたいする,早,wyjść wcześniej,2-9
2-12:VOCAB:0069,2-12,12,vocabulary,心強い,心強い,こころづよい,こころづよい,心,"dodający otuchy, dający poczucie bezpieczeństwa",2-11
2-13:ON:料,2-13,13,onyomi,料,料,リョウ,りょう,料,opłata,
2-13:ON:理,2-13,13,onyomi,理,理,リ,り,理,"logika, prawo",
2-13:ON:鳥,2-13,13,onyomi,鳥,鳥,チョウ,ちょう,鳥,ptak,
2-13:ON:肉,2-13,13,onyomi,肉,肉,ニク,にく,肉,mięso,
2-13:ON:空,2-13,13,onyomi,空,空,クウ,くう,空,"niebo, pusty",
2-13:ON:港,2-13,13,onyomi,港,港,コウ,こう,港,port,
2-13:ON:着,2-13,13,onyomi,着,着,チャク,ちゃく,着,"dotrzeć, nosić",
2-13:ON:建,2-13,13,onyomi,建,建,ケン,けん,建,budować,
2-13:ON:物,2-13,13,onyomi,物,物,ブツ,ぶつ,物,rzecz,
2-13:ON:同,2-13,13,onyomi,同,同,ドウ,どう,同,taki sam,
2-13:ON:海,2-13,13,onyomi,海,海,カイ,かい,海,morze,
2-13:ON:特,2-13,13,onyomi,特,特,トク | トッ,とく | とっ,特,specjalny,
2-13:ON:安,2-13,13,onyomi,安,安,アン,あん,安,"tani, bezpieczny",
2-13:ON:飯,2-13,13,onyomi,飯,飯,ハン,はん,飯,ryż,
2-13:ON:悪,2-13,13,onyomi,悪,悪,アク,あく,悪,Zły,
2-13:KUN:鳥,2-13,13,kunyomi,鳥,鳥,とり,とり,鳥,ptak,
2-13:KUN:空,2-13,13,kunyomi,空,空,そら | あ.く | から,そら | あく | から,空,"niebo, pusty",
2-13:KUN:港,2-13,13,kunyomi,港,港,みなと,みなと,港,port,
2-13:KUN:着,2-13,13,kunyomi,着,着,つ.く | き.る,つく | きる,着,"dotrzeć, nosić",
2-13:KUN:建,2-13,13,kunyomi,建,建,たて | た.つ | た.てる,たて | たつ | たてる,建,budować,
2-13:KUN:物,2-13,13,kunyomi,物,物,もの,もの,物,rzecz,
2-13:KUN:同,2-13,13,kunyomi,同,同,おな.じ,おなじ,同,taki sam,
2-13:KUN:海,2-13,13,kunyomi,海,海,うみ,うみ,海,morze,
2-13:KUN:安,2-13,13,kunyomi,安,安,やす.い,やすい,安,"tani, bezpieczny",
2-13:KUN:悪,2-13,13,kunyomi,悪,悪,わる.い,わるい,悪,Zły,
2-13:VOCAB:0001,2-13,13,vocabulary,海,海,うみ | かい,うみ | かい,海,morze | morze (sufiks),1-3 2-13
2-13:VOCAB:0002,2-13,13,vocabulary,肉,肉,にく,にく,肉,mięso,1-2
2-13:VOCAB:0003,2-13,13,vocabulary,食べ物,食べ物,たべもの,たべもの,物,jedzenie / picie,1-2
2-13:VOCAB:0004,2-13,13,vocabulary,飲み物,飲み物,のみもの,のみもの,物,jedzenie / picie,1-2
2-13:VOCAB:0005,2-13,13,vocabulary,ご飯,ご飯,ごはん,ごはん,飯,posiłek / ryż gotowany,1-2
2-13:VOCAB:0006,2-13,13,vocabulary,朝ご飯,朝ご飯,あさごはん,あさごはん,飯,śniadanie,1-2
2-13:VOCAB:0007,2-13,13,vocabulary,昼ご飯,昼ご飯,ひるごはん,ひるごはん,飯,obiad,1-2
2-13:VOCAB:0008,2-13,13,vocabulary,晩ご飯,<ruby>晩<rt>ばん</rt></ruby>ご飯,ばんごはん,ばんごはん,飯,kolacja,1-2
2-13:VOCAB:0009,2-13,13,vocabulary,安い,安い,やすい,やすい,安,tani,1-2
2-13:VOCAB:0010,2-13,13,vocabulary,買い物,買い物,かいもの,かいもの,物,zakupy,1-2
2-13:VOCAB:0011,2-13,13,vocabulary,博物館,<ruby>博<rt>はく</rt></ruby>物<ruby>館<rt>かん</rt></ruby>,はくぶつかん,はくぶつかん,物,muzeum,1-2
2-13:VOCAB:0012,2-13,13,vocabulary,空港,空港,くうこう,くうこう,空 港,lotnisko,1-2
2-13:VOCAB:0013,2-13,13,vocabulary,無理,<ruby>無<rt>む</rt></ruby>理,むり,むり,理,niemożliwe / ponad siły / na siłę,1-2
2-13:VOCAB:0014,2-13,13,vocabulary,昼ご飯を作る,昼ご飯を作る,ひるごはんをつくる,ひるごはんをつくる,飯,przygotowywać lunch,1-2
2-13:VOCAB:0015,2-13,13,vocabulary,お節料理,お<ruby>節<rt>せち</rt></ruby>料理,おせちりょうり,おせちりょうり,料 理,osechi (potrawy noworoczne),1-2
2-13:VOCAB:0016,2-13,13,vocabulary,悪い,悪い,わるい,わるい,悪,zły,1-3
2-13:VOCAB:0017,2-13,13,vocabulary,無料,<ruby>無<rt>む</rt></ruby>料,むりょう,むりょう,料,bezpłatny / za darmo,1-3
2-13:VOCAB:0018,2-13,13,vocabulary,物理学,物理学,ぶつりがく,ぶつりがく,物 理,fizyka,1-3
2-13:VOCAB:0019,2-13,13,vocabulary,ジブリ博物館,ジブリ<ruby>博<rt>はく</rt></ruby>物<ruby>館<rt>かん</rt></ruby>,ジブリはくぶつかん,じぶりはくぶつかん,物,Muzeum Ghibli,1-3
2-13:VOCAB:0020,2-13,13,vocabulary,荷物,<ruby>荷<rt>に</rt></ruby>物,にもつ,にもつ,物,bagaż,1-4
2-13:VOCAB:0021,2-13,13,vocabulary,乗り物,<ruby>乗<rt>の</rt></ruby>り物,のりもの,のりもの,物,środki transportu,1-4
2-13:VOCAB:0022,2-13,13,vocabulary,料理する,料理する,りょうりする,りょうりする,料 理,gotować,1-5
2-13:VOCAB:0023,2-13,13,vocabulary,動物,<ruby>動<rt>どう</rt></ruby>物,どうぶつ,どうぶつ,物,zwierzę,1-5
2-13:VOCAB:0024,2-13,13,vocabulary,着る,着る,きる,きる,着,"mieć na sobie (od pasa w górę), zakładać",1-6
2-13:VOCAB:0025,2-13,13,vocabulary,頭が悪い,<ruby>頭<rt>あたま</rt></ruby>が悪い,あたまがわるい,あたまがわるい,悪,głupi (wyrażenie),1-6
2-13:VOCAB:0026,2-13,13,vocabulary,物,物,もの,もの,物,"rzecz, przedmiot",1-1
2-13:VOCAB:0027,2-13,13,vocabulary,義理チョコ,<ruby>義<rt>ぎ</rt></ruby>理チョコ,ぎりチョコ,ぎりちょこ,理,"czekoladki z obowiązku, czekolada ×tatemae",1-4
2-13:VOCAB:0028,2-13,13,vocabulary,鳥,鳥,とり,とり,鳥,ptak,1-5
2-13:VOCAB:0029,2-13,13,vocabulary,空,空,そら | から,そら | から,空,niebo | pusty (brak zawartości),1-5 2-13
2-13:VOCAB:0030,2-13,13,vocabulary,見物,見物,けんぶつ,けんぶつ,物,"zwiedzanie, oglądanie (konkretnej atrakcji/wydarzenia, przyglądanie się)",1-5
2-13:VOCAB:0031,2-13,13,vocabulary,果物,<ruby>果<rt>くだ</rt></ruby>物,くだもの,くだもの,物,owoce,1-5
2-13:VOCAB:0032,2-13,13,vocabulary,動物の名前,<ruby>動<rt>どう</rt></ruby>物の名前,どうぶつのなまえ,どうぶつのなまえ,物,nazwy zwierząt,1-5
2-13:VOCAB:0033,2-13,13,vocabulary,白鳥,白鳥,はくちょう,はくちょう,鳥,łabędź,1-5
2-13:VOCAB:0034,2-13,13,vocabulary,空気,空気,くうき,くうき,空,powietrze,1-5
2-13:VOCAB:0035,2-13,13,vocabulary,空気がおいしい,空気がおいしい,くうきがおいしい,くうきがおいしい,空,powietrze jest rześkie / świeże powietrze,1-5
2-13:VOCAB:0036,2-13,13,vocabulary,態度が悪い,<ruby>態<rt>たい</rt></ruby>度が悪い,たいどがわるい,たいどがわるい,悪,złe nastawienie / złe zachowanie,1-6
2-13:VOCAB:0037,2-13,13,vocabulary,下着,下着,したぎ,したぎ,着,bielizna,1-6
2-13:VOCAB:0038,2-13,13,vocabulary,水着,水着,みずぎ,みずぎ,着,strój kąpielowy,1-6
2-13:VOCAB:0039,2-13,13,vocabulary,試着する,<ruby>試<rt>し</rt></ruby>着する,しちゃくする,しちゃくする,着,przymierzać (ubrania),1-6
2-13:VOCAB:0040,2-13,13,vocabulary,臨床心理士,<ruby>臨<rt>りん</rt></ruby><ruby>床<rt>しょう</rt></ruby>心理<ruby>士<rt>し</rt></ruby>,りんしょうしんりし,りんしょうしんりし,理,psycholog kliniczny,1-6
2-13:VOCAB:0041,2-13,13,vocabulary,動物園,<ruby>動<rt>どう</rt></ruby>物<ruby>園<rt>えん</rt></ruby>,どうぶつえん,どうぶつえん,物,zoo,2-7
2-13:VOCAB:0042,2-13,13,vocabulary,意地悪,<ruby>意<rt>い</rt></ruby><ruby>地<rt>じ</rt></ruby>悪,いじわる,いじわる,悪,"złośliwy, okrutny",2-7
2-13:VOCAB:0043,2-13,13,vocabulary,都合が悪い,<ruby>都<rt>つ</rt></ruby><ruby>合<rt>ごう</rt></ruby>が悪い,つごうがわるい,つごうがわるい,悪,dosł. “warunki są złe” : Niepasujący (np. termin),2-9
2-13:VOCAB:0044,2-13,13,vocabulary,荷物をまとめる,<ruby>荷<rt>に</rt></ruby>物をまとめる,にもつをまとめる,にもつをまとめる,物,"pakować bagaż, zbierać rzeczy",2-9
2-13:VOCAB:0045,2-13,13,vocabulary,植物,<ruby>植<rt>しょく</rt></ruby>物,しょくぶつ,しょくぶつ,物,roślinność,2-10
2-13:VOCAB:0046,2-13,13,vocabulary,空手,空手,からて,からて,空,karate,2-11
2-13:VOCAB:0047,2-13,13,vocabulary,着物,着物,きもの,きもの,着 物,kimono,2-11
2-13:VOCAB:0048,2-13,13,vocabulary,物価,物<ruby>価<rt>か</rt></ruby>,ぶっか,ぶっか,物,cena detaliczna,2-11
2-13:VOCAB:0049,2-13,13,vocabulary,着く,着く,つく,つく,着,dotrzeć,2-11
2-13:VOCAB:0050,2-13,13,vocabulary,気分が悪い,気分が悪い,きぶんがわるい,きぶんがわるい,悪,czuć się źle,2-11
2-13:VOCAB:0051,2-13,13,vocabulary,安全,安<ruby>全<rt>ぜん</rt></ruby>,あんぜん,あんぜん,安,bezpieczny,2-11
2-13:VOCAB:0052,2-13,13,vocabulary,気持ちが悪い,気持ちが悪い,きもちがわるい,きもちがわるい,悪,ohydny,2-11
2-13:VOCAB:0053,2-13,13,vocabulary,筋肉,<ruby>筋<rt>きん</rt></ruby>肉,きんにく,きんにく,肉,mięsień,2-11
2-13:VOCAB:0054,2-13,13,vocabulary,同じ,同じ,おなじ,おなじ,同,taki sam,2-12
2-13:VOCAB:0055,2-13,13,vocabulary,義理の母,<ruby>義<rt>ぎ</rt></ruby>理の母,ぎりのはは,ぎりのはは,理,teściowa,2-12
2-13:VOCAB:0056,2-13,13,vocabulary,義理の父,<ruby>義<rt>ぎ</rt></ruby>理の父,ぎりのちち,ぎりのちち,理,teść,2-12
2-13:VOCAB:0057,2-13,13,vocabulary,給料,<ruby>給<rt>きゅう</rt></ruby>料,きゅうりょう,きゅうりょう,料,pensja,2-12
2-13:VOCAB:0058,2-13,13,vocabulary,青空,青空,あおぞら,あおぞら,空,błękitne niebo,2-9
2-13:VOCAB:0059,2-13,13,vocabulary,好物,好物,こうぶつ,こうぶつ,物,ulubione jedzenie / przysmak,2-11
2-13:VOCAB:0060,2-13,13,vocabulary,特色,特色,とくしょく,とくしょく,特,cecha charakterystyczna,2-12
2-13:VOCAB:0061,2-13,13,vocabulary,豚肉,<ruby>豚<rt>ぶた</rt></ruby>肉,ぶたにく,ぶたにく,肉,wieprzowina,2-12
2-13:VOCAB:0062,2-13,13,vocabulary,牛肉,牛肉,ぎゅうにく,ぎゅうにく,肉,wołowina,2-12
2-13:VOCAB:0063,2-13,13,vocabulary,特別,特別,とくべつ,とくべつ,特,specjalny / wyjątkowy,2-12
2-13:VOCAB:0064,2-13,13,vocabulary,安心,安心,あんしん,あんしん,安,ulga / spokój ducha,2-12
2-13:VOCAB:0065,2-13,13,vocabulary,料金,料金,りょうきん,りょうきん,料,opłata / cennik,2-13
2-13:VOCAB:0066,2-13,13,vocabulary,授業料,<ruby>授<rt>じゅ</rt></ruby><ruby>業<rt>ぎょう</rt></ruby>料,じゅぎょうりょう,じゅぎょうりょう,料,czesne / opłata za naukę,2-13
2-13:VOCAB:0067,2-13,13,vocabulary,理由,理<ruby>由<rt>ゆう</rt></ruby>,りゆう,りゆう,理,powód / przyczyna,2-13
2-13:VOCAB:0068,2-13,13,vocabulary,焼き鳥,<ruby>焼<rt>や</rt></ruby>き鳥,やきとり,やきとり,鳥,grillowany kurczak na patyku / yakitori,2-13
2-13:VOCAB:0069,2-13,13,vocabulary,空く,空く,あく,あく,空,być pustym / zwolnić się,2-13
2-13:VOCAB:0070,2-13,13,vocabulary,港,港,みなと,みなと,港,port,2-13
2-13:VOCAB:0071,2-13,13,vocabulary,着,着,ちゃく,ちゃく,着,przylot / przyjazd (sufiks),2-13
2-13:VOCAB:0072,2-13,13,vocabulary,建国,建国,けんこく,けんこく,建,założenie państwa,2-13
2-13:VOCAB:0073,2-13,13,vocabulary,建物,建物,たてもの,たてもの,建 物,budynek,2-13
2-13:VOCAB:0074,2-13,13,vocabulary,建つ,建つ,たつ,たつ,建,być budowanym / stać (o budynku),2-13
2-13:VOCAB:0075,2-13,13,vocabulary,建てる,建てる,たてる,たてる,建,budować / wznosić,2-13
2-13:VOCAB:0076,2-13,13,vocabulary,植物園,<ruby>植<rt>しょく</rt></ruby>物<ruby>園<rt>えん</rt></ruby>,しょくぶつえん,しょくぶつえん,物,ogród botaniczny,2-13
2-13:VOCAB:0077,2-13,13,vocabulary,同僚,同<ruby>僚<rt>りょう</rt></ruby>,どうりょう,どうりょう,同,współpracownik / kolega z pracy,2-13
2-13:VOCAB:0078,2-13,13,vocabulary,同級生,同<ruby>級<rt>きゅう</rt></ruby>生,どうきゅうせい,どうきゅうせい,同,kolega z klasy / kolega z roku,2-13
2-13:VOCAB:0079,2-13,13,vocabulary,同時,同時,どうじ,どうじ,同,ten sam czas / jednocześnie,2-13
2-13:VOCAB:0080,2-13,13,vocabulary,日本海,日本海,にほんかい,にほんかい,海,Morze Japońskie,2-13
2-13:VOCAB:0081,2-13,13,vocabulary,海外,海外,かいがい,かいがい,海,zagranica / za granicą,2-13
2-13:VOCAB:0082,2-13,13,vocabulary,特徴,特<ruby>徴<rt>ちょう</rt></ruby>,とくちょう,とくちょう,特,cecha charakterystyczna,2-13
2-13:VOCAB:0083,2-13,13,vocabulary,特に,特に,とくに,とくに,特,szczególnie / w szczególności,2-13
2-13:VOCAB:0084,2-13,13,vocabulary,特急電車,特<ruby>急<rt>きゅう</rt></ruby>電車,とっきゅうでんしゃ,とっきゅうでんしゃ,特,pociąg ekspresowy,2-13
2-13:VOCAB:0085,2-13,13,vocabulary,不安,<ruby>不<rt>ふ</rt></ruby>安,ふあん,ふあん,安,niepokój / obawa,2-13
2-13:VOCAB:0086,2-13,13,vocabulary,悪魔,悪<ruby>魔<rt>ま</rt></ruby>,あくま,あくま,悪,diabeł / demon,2-13
2-13:VOCAB:0087,2-13,13,vocabulary,最悪,<ruby>最<rt>さい</rt></ruby>悪,さいあく,さいあく,悪,najgorszy / okropny,2-13
2-13:VOCAB:0088,2-13,13,vocabulary,悪口,悪口,わるぐち,わるぐち,悪,obelga / oczernianie,1-6
2-13:VOCAB:0089,2-13,13,vocabulary,生き物,生き物,いきもの,いきもの,物,żywe stworzenie,1-6
2-13:VOCAB:0090,2-13,13,vocabulary,古着,古着,ふるぎ,ふるぎ,着,używana odzież,2-8
2-13:VOCAB:0091,2-13,13,vocabulary,読み物,読み物,よみもの,よみもの,物,"materiały do czytania, lektura",2-8
2-13:VOCAB:0092,2-13,13,vocabulary,バルト海,バルト海,バルトかい,ばるとかい,海,Morze Bałtyckie / Bałtyk,2-8
2-13:VOCAB:0093,2-13,13,vocabulary,名物,名物,めいぶつ,めいぶつ,物,"słynny produkt (lokalny), specjał",2-9
2-13:VOCAB:0094,2-13,13,vocabulary,着替える,着<ruby>替<rt>が</rt></ruby>える,きがえる,きがえる,着,przebierać się,2-8
2-13:VOCAB:0095,2-13,13,vocabulary,安売り,安売り,やすうり,やすうり,安,"wyprzedaż, tania sprzedaż",2-10
2-13:VOCAB:0096,2-13,13,vocabulary,北海道,北海道,ほっかいどう,ほっかいどう,海,Hokkaido (wyspa w Japonii),2-10
2-13:VOCAB:0097,2-13,13,vocabulary,海外旅行,海外旅行,かいがいりょこう,かいがいりょこう,海,podróż zagraniczna,2-10
2-13:VOCAB:0098,2-13,13,vocabulary,有料,有料,ゆうりょう,ゆうりょう,料,"płatny, za opłatą",2-11
