note_id,source_note_id,surface,furigana_markup,reading,accepted_readings,romaji,polish,book,chapter,lesson,lesson_order,tracked_kanji,untracked_kanji,source_note_type,source_tags
1763216199319,1763216199319,私,私[わたし],わたし,わたし,watashi,ja,1,1,1-1,1,私,,triple_cards,Doki Doki1-1 male_voice newVersion
1763216199321,1763216199321,彼,彼[かれ],かれ,かれ,kare,on,1,1,1-1,1,彼,,triple_cards,Doki Doki1-1 female_voice newVersion
1763216199322,1763216199322,彼女,彼女[かのじょ],かのじょ,かのじょ,kanojo,"ona, dziewczyna (partnerka)",1,1,1-1,1,彼 女,,triple_cards,Doki Doki1-1 female_voice newVersion
1763216199324,1763216199324,水,水[みず],みず,みず,mizu,woda,1,1,1-1,1,水,,triple_cards,Doki Doki1-1 male_voice newVersion
1763216199325,1763216199325,人,人[ひと],ひと,ひと,hito,człowiek,1,1,1-1,1,人,,triple_cards,Doki Doki1-1 male_voice newVersion
1763216199327,1763216199327,出身,出[しゅっ]身[しん],しゅっしん,しゅっしん,shusshin,miejsce pochodzenia,1,1,1-1,1,出,身,triple_cards,Doki Doki1-1 female_voice newVersion
1763216199331,1763216199331,学校,学[がっ]校[こう],がっこう,がっこう,gakkō,szkoła,1,1,1-1,1,学 校,,triple_cards,Doki Doki1-1 female_voice newVersion
1763216199332,1763216199332,小学校,小[しょう]学[がっ]校[こう],しょうがっこう,しょうがっこう,shōgakkō,szkoła podstawowa,1,1,1-1,1,小 学 校,,triple_cards,Doki Doki1-1 female_voice leech newVersion
1763216199333,1763216199333,小学生,小[しょう]学[がく]生[せい],しょうがくせい,しょうがくせい,shōgakusē,uczeń/uczennica podstawówki,1,1,1-1,1,小 学 生,,triple_cards,Doki Doki1-1 female_voice newVersion
1763216199334,1763216199334,中学校,中[ちゅう]学[がっ]校[こう],ちゅうがっこう,ちゅうがっこう,chūgakkō,gimnazjum,1,1,1-1,1,中 学 校,,triple_cards,Doki Doki1-1 leech male_voice newVersion
1763216199335,1763216199335,中学生,中[ちゅう]学[がく]生[せい],ちゅうがくせい,ちゅうがくせい,chūgakusē,gimnazjalista/gimnazjalistka,1,1,1-1,1,中 学 生,,triple_cards,Doki Doki1-1 male_voice newVersion
1763216199336,1763216199336,高校,高[こう]校[こう],こうこう,こうこう,kōkō,liceum,1,1,1-1,1,高 校,,triple_cards,Doki Doki1-1 female_voice newVersion
1763216199337,1763216199337,高校生,高[こう]校[こう]生[せい],こうこうせい,こうこうせい,kōkōsē,licealista/licealistka,1,1,1-1,1,高 校 生,,triple_cards,Doki Doki1-1 female_voice newVersion
1763216199338,1763216199338,大学,大[だい]学[がく],だいがく,だいがく,daigaku,uniwersytet,1,1,1-1,1,大 学,,triple_cards,Doki Doki1-1 male_voice newVersion
1763216199339,1763216199339,大学生,大[だい]学[がく]生[せい],だいがくせい,だいがくせい,daigakusei,student/studentka (uniwersytetu),1,1,1-1,1,大 学 生,,triple_cards,Doki Doki1-1 male_voice newVersion
1763216199340,1763216199340,大学院,大[だい]学[がく]院[いん],だいがくいん,だいがくいん,daigakuin,"studia magisterskie, szkoła podyplomowa",1,1,1-1,1,大 学 院,,triple_cards,Doki Doki1-1 male_voice newVersion
1763216199341,1763216199341,大学院生,大[だい]学[がく]院[いん]生[せい],だいがくいんせい,だいがくいんせい,daigakuinsē,student/ka studiów magisterskich,1,1,1-1,1,大 学 院 生,,triple_cards,Doki Doki1-1 male_voice newVersion
1763216199342,1763216199342,仕事,仕[し]事[ごと],しごと,しごと,shigoto,praca,1,1,1-1,1,仕 事,,triple_cards,Doki Doki1-1 female_voice newVersion
1763216199343,1763216199343,医者,医[い]者[しゃ],いしゃ,いしゃ,isha,lekarz,1,1,1-1,1,医 者,,triple_cards,Doki Doki1-1 female_voice newVersion
1763216199344,1763216199344,会社員,会[かい]社[しゃ]員[いん],かいしゃいん,かいしゃいん,kaishain,pracownik/pracownica firmy,1,1,1-1,1,会 社 員,,triple_cards,Doki Doki1-1 female_voice newVersion
1763216199345,1763216199345,学生,学[がく]生[せい],がくせい,がくせい,gakusē,student (uczeń),1,1,1-1,1,学 生,,triple_cards,Doki Doki1-1 female_voice newVersion
1763216199346,1763216199346,先生,先[せん]生[せい],せんせい,せんせい,sensei,nauczyciel,1,1,1-1,1,先 生,,triple_cards,Doki Doki1-1 male_voice newVersion
1763216199348,1763216199348,主婦,主[しゅ]婦[ふ],しゅふ,しゅふ,shufu,gospodyni domowa,1,1,1-1,1,主,婦,triple_cards,Doki Doki1-1 female_voice newVersion
1763216199349,1763216199349,事務員,事[じ]務[む]員[いん],じむいん,じむいん,jimuin,pracownik biurowy,1,1,1-1,1,事 員,務,triple_cards,Doki Doki1-1 female_voice newVersion
1763216199350,1763216199350,公務員,公[こう]務[む]員[いん],こうむいん,こうむいん,kōmuin,urzędnik,1,1,1-1,1,員,公 務,triple_cards,Doki Doki1-1 female_voice newVersion
1763216199355,1763216199355,英語,英[えい]語[ご],えいご,えいご,ēgo,j. angielski,1,1,1-1,1,英 語,,triple_cards,Doki Doki1-1 female_voice newVersion
1763216199356,1763216199356,教育,教[きょう]育[いく],きょういく,きょういく,kyōiku,pedagogika,1,1,1-1,1,教,育,triple_cards,Doki Doki1-1 female_voice leech newVersion
1763216199361,1763216199361,文学,文[ぶん]学[がく],ぶんがく,ぶんがく,bungaku,literatura,1,1,1-1,1,文 学,,triple_cards,Doki Doki1-1 male_voice newVersion
1763216199363,1763216199363,国,国[くに],くに,くに,kuni,kraj,1,1,1-1,1,国,,triple_cards,Doki Doki1-1 female_voice newVersion
1763216199366,1763216199366,韓国,韓[かん]国[こく],かんこく,かんこく,kankoku,Korea Południowa,1,1,1-1,1,国,韓,triple_cards,Doki Doki1-1 female_voice newVersion
1763216199367,1763216199367,中国,中[ちゅう]国[ごく],ちゅうごく,ちゅうごく,chūgoku,Chiny,1,1,1-1,1,中 国,,triple_cards,Doki Doki1-1 leech male_voice newVersion
1763216199369,1763216199369,日本,日[に]本[ほん],にほん,にほん,nihon,Japonia,1,1,1-1,1,日 本,,triple_cards,Doki Doki1-1 male_voice newVersion
1763216199374,1763216199374,今,今[いま],いま,いま,ima,teraz,1,1,1-1,1,今,,triple_cards,Doki Doki1-1 female_voice newVersion
1763216199375,1763216199375,午後,午[ご]後[ご],ごご,ごご,gogo,po południu,1,1,1-1,1,午 後,,triple_cards,Doki Doki1-1 female_voice newVersion
1763216199376,1763216199376,午前,午[ご]前[ぜん],ごぜん,ごぜん,gozen,przed południem,1,1,1-1,1,午 前,,triple_cards,Doki Doki1-1 female_voice newVersion
1763216199377,1763216199377,半,半[はん],はん,はん,han,połowa,1,1,1-1,1,半,,triple_cards,Doki Doki1-1 male_voice newVersion
1763216199379,1763216199379,名前,名[な]前[まえ],なまえ,なまえ,namae,imię,1,1,1-1,1,名 前,,triple_cards,Doki Doki1-1 male_voice newVersion
1763216199380,1763216199380,何,何[なに],なに,なに,nan/nani,co,1,1,1-1,1,何,,triple_cards,Doki Doki1-1 male_voice newVersion
1763216199381,1763216199381,語,語[ご],ご,ご,...go,język...,1,1,1-1,1,語,,triple_cards,Doki Doki1-1 female_voice newVersion
1763216199384,1763216199384,時,時[じ],じ,じ,...ji,...godzina,1,1,1-1,1,時,,triple_cards,Doki Doki1-1 female_voice newVersion
1763216199385,1763216199385,人,人[じん],じん,じん,...jin,(narodowość),1,1,1-1,1,人,,triple_cards,Doki Doki1-1 female_voice newVersion
1763216199386,1763216199386,年生,年[ねん]生[せい],ねんせい,ねんせい,...nensē,student ... roku,1,1,1-1,1,年 生,,triple_cards,Doki Doki1-1 male_voice newVersion
1763216199387,1763216199387,趣味,趣[しゅ]味[み],しゅみ,しゅみ,shumi,hobby,1,1,1-1,1,味,趣,triple_cards,Doki Doki1-1 female_voice newVersion
1763216199390,1763216199390,電話,電[でん]話[わ],でんわ,でんわ,denwa,telefon,1,1,1-1,1,電 話,,triple_cards,Doki Doki1-1 male_voice newVersion
1763216199391,1763216199391,時計,時[と]計[けい],とけい,とけい,tokē,zegarek,1,1,1-1,1,時,計,triple_cards,Doki Doki1-1 male_voice newVersion
1763216199393,1763216199393,本,本[ほん],ほん,ほん,hon,"książka, klasyfikator długich rzeczy",1,1,1-1,1,本,,triple_cards,Doki Doki1-1 male_voice newVersion
1763216199394,1763216199394,花,花[はな],はな,はな,hana,kwiat,1,1,1-1,1,花,,triple_cards,Doki Doki1-1 male_voice newVersion
1763216199395,1763216199395,帽子,帽[ぼう]子[し],ぼうし,ぼうし,bōshi,kapelusz/czapka,1,1,1-1,1,子,帽,triple_cards,Doki Doki1-1 male_voice newVersion
1763216199397,1763216199397,服,服[ふく],ふく,ふく,fuku,ubrania,1,1,1-1,1,服,,triple_cards,Doki Doki1-1 male_voice newVersion
1763216199406,1763216199406,車,車[くるま],くるま,くるま,kuruma,samochód,1,1,1-1,1,車,,triple_cards,Doki Doki1-1 female_voice newVersion
1763216199407,1763216199407,写真,写[しゃ]真[しん],しゃしん,しゃしん,shashin,"zdjęcie, fotografia",1,1,1-1,1,写 真,,triple_cards,Doki Doki1-1 Doki1-3 female_voice newVersion
1763221256480,1763221256480,様,様[さま],さま,さま,...sama,"zwrot grzecznościowy, bardziej formalny niż &quot;-san&quot;",1,1,1-1,1,様,,triple_cards,Doki Doki1-1 female_voice newVersion
1763221256483,1763221256483,ポーランド人,ポーランド人[じん],ポーランドじん,ぽーらんどじん,poorandojin,Polak/Polka,1,1,1-1,1,人,,triple_cards,Doki Doki1-1 male_voice newVersion
1763221256484,1763221256484,何歳,何[なん]歳[さい],なんさい,なんさい,nansai,ile lat,1,1,1-1,1,何 歳,,triple_cards,Doki Doki1-1 male_voice newVersion
1763221256485,1763221256485,歳,歳[さい],さい,さい,...sai,...lat (klasyfikator wieku),1,1,1-1,1,歳,,triple_cards,Doki Doki1-1 female_voice newVersion
1763221256489,1763221256489,私,私[あたし],あたし,あたし,atashi,"ja (nieformalnie, żeńskie)",1,1,1-1,1,私,,triple_cards,Doki Doki1-1 female_voice newVersion
1763221256490,1763221256490,一,一[いち],いち,いち,ichi,jeden,1,1,1-1,1,一,,triple_cards,Doki Doki1-1 female_voice liczebniki newVersion
1763221256491,1763221256491,二,二[に],に,に,ni,dwa,1,1,1-1,1,二,,triple_cards,Doki Doki1-1 liczebniki male_voice newVersion
1763221256492,1763221256492,三,三[さん],さん,さん,san,trzy,1,1,1-1,1,三,,triple_cards,Doki Doki1-1 female_voice liczebniki newVersion
1763221256493,1763221256493,四,四[よん/し],よん/し,し / よん,yon/shi,cztery,1,1,1-1,1,四,,triple_cards,Doki Doki1-1 liczebniki male_voice newVersion
1763221256494,1763221256494,五,五[ご],ご,ご,go,pięć,1,1,1-1,1,五,,triple_cards,Doki Doki1-1 female_voice liczebniki newVersion
1763221256495,1763221256495,六,六[ろく],ろく,ろく,roku,sześć,1,1,1-1,1,六,,triple_cards,Doki Doki1-1 liczebniki male_voice newVersion
1763221256496,1763221256496,七,七[なな/しち],なな/しち,しち / なな,nana/shichi,siedem,1,1,1-1,1,七,,triple_cards,Doki Doki1-1 liczebniki male_voice newVersion
1763221256497,1763221256497,八,八[はち],はち,はち,hachi,osiem,1,1,1-1,1,八,,triple_cards,Doki Doki1-1 liczebniki male_voice newVersion
1763221256498,1763221256498,九,九[きゅう/く],きゅう/く,きゅう / く,kyū/ku,dziewięć,1,1,1-1,1,九,,triple_cards,Doki Doki1-1 female_voice liczebniki newVersion
1763221256499,1763221256499,十,十[じゅう],じゅう,じゅう,jū,dziesięć,1,1,1-1,1,十,,triple_cards,Doki Doki1-1 female_voice liczebniki newVersion
1763221256500,1763221256500,十一,十[じゅう]一[いち],じゅういち,じゅういち,jūichi,11,1,1,1-1,1,十 一,,triple_cards,Doki Doki1-1 female_voice liczebniki newVersion
1763221256501,1763221256501,十二,十[じゅう]二[に],じゅうに,じゅうに,jūni,12,1,1,1-1,1,十 二,,triple_cards,Doki Doki1-1 female_voice liczebniki newVersion
1763221256502,1763221256502,十三,十[じゅう]三[さん],じゅうさん,じゅうさん,jūsan,13,1,1,1-1,1,十 三,,triple_cards,Doki Doki1-1 female_voice liczebniki newVersion
1763221256503,1763221256503,十四,十[じゅう]四[よん],じゅうよん,じゅうよん,jūyon,14,1,1,1-1,1,十 四,,triple_cards,Doki Doki1-1 female_voice liczebniki newVersion
1763221256504,1763221256504,十五,十[じゅう]五[ご],じゅうご,じゅうご,jūgo,15,1,1,1-1,1,十 五,,triple_cards,Doki Doki1-1 female_voice liczebniki newVersion
1763221256505,1763221256505,十六,十[じゅう]六[ろく],じゅうろく,じゅうろく,jūroku,16,1,1,1-1,1,十 六,,triple_cards,Doki Doki1-1 female_voice liczebniki newVersion
1763221256506,1763221256506,十七,十[じゅう]七[なな],じゅうなな,じゅうなな,jūnana,17,1,1,1-1,1,十 七,,triple_cards,Doki Doki1-1 female_voice liczebniki newVersion
1763221256507,1763221256507,十八,十[じゅう]八[はち],じゅうはち,じゅうはち,jūhachi,18,1,1,1-1,1,十 八,,triple_cards,Doki Doki1-1 female_voice liczebniki newVersion
1763221256508,1763221256508,十九,十[じゅう]九[きゅう],じゅうきゅう,じゅうきゅう,jūkyū,19,1,1,1-1,1,十 九,,triple_cards,Doki Doki1-1 female_voice liczebniki newVersion
1763221256509,1763221256509,二十,二[に]十[じゅう],にじゅう,にじゅう,nijū,20,1,1,1-1,1,二 十,,triple_cards,Doki Doki1-1 liczebniki male_voice newVersion
1763221256510,1763221256510,三十,三[さん]十[じゅう],さんじゅう,さんじゅう,sanjū,30,1,1,1-1,1,三 十,,triple_cards,Doki Doki1-1 female_voice liczebniki newVersion
1763221256511,1763221256511,四十,四[よん]十[じゅう],よんじゅう,よんじゅう,yonjū,40,1,1,1-1,1,四 十,,triple_cards,Doki Doki1-1 liczebniki male_voice newVersion
1763221256512,1763221256512,五十,五[ご]十[じゅう],ごじゅう,ごじゅう,gojū,50,1,1,1-1,1,五 十,,triple_cards,Doki Doki1-1 female_voice liczebniki newVersion
1763221256513,1763221256513,六十,六[ろく]十[じゅう],ろくじゅう,ろくじゅう,rokujū,60,1,1,1-1,1,六 十,,triple_cards,Doki Doki1-1 liczebniki male_voice newVersion
1763221256514,1763221256514,七十,七[なな]十[じゅう],ななじゅう,ななじゅう,nanajū,70,1,1,1-1,1,七 十,,triple_cards,Doki Doki1-1 liczebniki male_voice newVersion
1763221256515,1763221256515,八十,八[はち]十[じゅう],はちじゅう,はちじゅう,hachijū,80,1,1,1-1,1,八 十,,triple_cards,Doki Doki1-1 liczebniki male_voice newVersion
1763221256516,1763221256516,九十,九[きゅう]十[じゅう],きゅうじゅう,きゅうじゅう,kyūjū,90,1,1,1-1,1,九 十,,triple_cards,Doki Doki1-1 female_voice liczebniki newVersion
1763221256517,1763221256517,百,百[ひゃく],ひゃく,ひゃく,hyaku,100,1,1,1-1,1,百,,triple_cards,Doki Doki1-1 liczebniki male_voice newVersion
1763221256518,1763221256518,二百,二[に]百[ひゃく],にひゃく,にひゃく,nihyaku,200,1,1,1-1,1,二 百,,triple_cards,Doki Doki1-1 liczebniki male_voice newVersion
1763221256519,1763221256519,三百,三[さん]百[びゃく],さんびゃく,さんびゃく,sanbyaku,300,1,1,1-1,1,三 百,,triple_cards,Doki Doki1-1 female_voice liczebniki newVersion
1763221256520,1763221256520,四百,四[よん]百[ひゃく],よんひゃく,よんひゃく,yonhyaku,400,1,1,1-1,1,四 百,,triple_cards,Doki Doki1-1 liczebniki male_voice newVersion
1763221256521,1763221256521,五百,五[ご]百[ひゃく],ごひゃく,ごひゃく,gohyaku,500,1,1,1-1,1,五 百,,triple_cards,Doki Doki1-1 female_voice liczebniki newVersion
1763221256522,1763221256522,六百,六[ろっ]百[ぴゃく],ろっぴゃく,ろっぴゃく,roppyaku,600,1,1,1-1,1,六 百,,triple_cards,Doki Doki1-1 liczebniki male_voice newVersion
1763221256523,1763221256523,七百,七[なな]百[ひゃく],ななひゃく,ななひゃく,nanahyaku,700,1,1,1-1,1,七 百,,triple_cards,Doki Doki1-1 liczebniki male_voice newVersion
1763221256524,1763221256524,八百,八[はっ]百[ぴゃく],はっぴゃく,はっぴゃく,happyaku,800,1,1,1-1,1,八 百,,triple_cards,Doki Doki1-1 liczebniki male_voice newVersion
1763221256525,1763221256525,九百,九[きゅう]百[ひゃく],きゅうひゃく,きゅうひゃく,kyūhyaku,900,1,1,1-1,1,九 百,,triple_cards,Doki Doki1-1 female_voice liczebniki newVersion
1763221256526,1763221256526,千,千[せん],せん,せん,sen,1000,1,1,1-1,1,千,,triple_cards,Doki Doki1-1 liczebniki male_voice newVersion
1763221256527,1763221256527,二千,二[に]千[せん],にせん,にせん,nisen,2000,1,1,1-1,1,二 千,,triple_cards,Doki Doki1-1 liczebniki male_voice newVersion
1763221256528,1763221256528,三千,三[さん]千[ぜん],さんぜん,さんぜん,sanzen,3000,1,1,1-1,1,三 千,,triple_cards,Doki Doki1-1 female_voice liczebniki newVersion
1763221256529,1763221256529,四千,四[よん]千[せん],よんせん,よんせん,yonsen,4000,1,1,1-1,1,四 千,,triple_cards,Doki Doki1-1 liczebniki male_voice newVersion
1763221256530,1763221256530,五千,五[ご]千[せん],ごせん,ごせん,gosen,5000,1,1,1-1,1,五 千,,triple_cards,Doki Doki1-1 female_voice liczebniki newVersion
1763221256531,1763221256531,六千,六[ろく]千[せん],ろくせん,ろくせん,rokusen,6000,1,1,1-1,1,六 千,,triple_cards,Doki Doki1-1 liczebniki male_voice newVersion
1763221256532,1763221256532,七千,七[なな]千[せん],ななせん,ななせん,nanasen,7000,1,1,1-1,1,七 千,,triple_cards,Doki Doki1-1 liczebniki male_voice newVersion
1763221256533,1763221256533,八千,八[はっ]千[せん],はっせん,はっせん,hassen,8000,1,1,1-1,1,八 千,,triple_cards,Doki Doki1-1 liczebniki male_voice newVersion
1763221256534,1763221256534,九千,九[きゅう]千[せん],きゅうせん,きゅうせん,kyūsen,9000,1,1,1-1,1,九 千,,triple_cards,Doki Doki1-1 female_voice liczebniki newVersion
1763221256535,1763221256535,一万,一[いち]万[まん],いちまん,いちまん,ichiman,10 000,1,1,1-1,1,一 万,,triple_cards,Doki Doki1-1 female_voice liczebniki newVersion
1763221256536,1763221256536,二万,二[に]万[まん],にまん,にまん,niman,20 000,1,1,1-1,1,二 万,,triple_cards,Doki Doki1-1 liczebniki male_voice newVersion
1763221256537,1763221256537,三万,三[さん]万[まん],さんまん,さんまん,sanman,30 000,1,1,1-1,1,三 万,,triple_cards,Doki Doki1-1 female_voice liczebniki newVersion
1763221256538,1763221256538,四万,四[よん]万[まん],よんまん,よんまん,yonman,40 000,1,1,1-1,1,四 万,,triple_cards,Doki Doki1-1 liczebniki male_voice newVersion
1763221256539,1763221256539,五万,五[ご]万[まん],ごまん,ごまん,goman,50 000,1,1,1-1,1,五 万,,triple_cards,Doki Doki1-1 female_voice liczebniki newVersion
1763221256540,1763221256540,六万,六[ろく]万[まん],ろくまん,ろくまん,rokuman,60 000,1,1,1-1,1,六 万,,triple_cards,Doki Doki1-1 liczebniki male_voice newVersion
1763221256541,1763221256541,七万,七[なな]万[まん],ななまん,ななまん,nanaman,70 000,1,1,1-1,1,七 万,,triple_cards,Doki Doki1-1 liczebniki male_voice newVersion
1763221256542,1763221256542,八万,八[はち]万[まん],はちまん,はちまん,hachiman,80 000,1,1,1-1,1,八 万,,triple_cards,Doki Doki1-1 liczebniki male_voice newVersion
1763221256543,1763221256543,九万,九[きゅう]万[まん],きゅうまん,きゅうまん,kyūman,90 000,1,1,1-1,1,九 万,,triple_cards,Doki Doki1-1 female_voice liczebniki newVersion
1763221256544,1763221256544,十万,十[じゅう]万[まん],じゅうまん,じゅうまん,jūman,100 000,1,1,1-1,1,十 万,,triple_cards,Doki Doki1-1 female_voice liczebniki newVersion
1763221256545,1763221256545,百万,百[ひゃく]万[まん],ひゃくまん,ひゃくまん,hyakuman,1 000 000,1,1,1-1,1,百 万,,triple_cards,Doki Doki1-1 liczebniki male_voice newVersion
1763221963778,1763221963778,起きる,起[お]きる,おきる,おきる,okiru,budzić się,1,2,1-2,2,起,,triple_cards,Doki Doki1-2 female_voice newVersion
1763221963779,1763221963779,食べる,食[た]べる,たべる,たべる,taberu,jeść,1,2,1-2,2,食,,triple_cards,Doki Doki1-2 male_voice newVersion
1763221963781,1763221963781,見る,見[み]る,みる,みる,miru,patrzeć/ oglądać,1,2,1-2,2,見,,triple_cards,Doki Doki1-2 male_voice newVersion
1763221963782,1763221963782,行く,行[い]く,いく,いく,iku,iść,1,2,1-2,2,行,,triple_cards,Doki Doki1-2 female_voice newVersion
1763221963783,1763221963783,帰る,帰[かえ]る,かえる,かえる,kaeru (powrót do bazy)&nbsp;,wracać,1,2,1-2,2,帰,,triple_cards,Doki Doki1-2 female_voice newVersion
1763221963784,1763221963784,聞く,聞[き]く,きく,きく,kiku,słuchać/ pytać,1,2,1-2,2,聞,,triple_cards,Doki Doki1-2 female_voice newVersion
1763221963786,1763221963786,飲む,飲[の]む,のむ,のむ,nomu,pić,1,2,1-2,2,飲,,triple_cards,Doki Doki1-2 male_voice newVersion
1763221963787,1763221963787,話す,話[はな]す,はなす,はなす,hanasu,rozmawiać / mówić,1,2,1-2,2,話,,triple_cards,Doki Doki1-2 male_voice newVersion
1763221963788,1763221963788,読む,読[よ]む,よむ,よむ,yomu,czytać,1,2,1-2,2,読,,triple_cards,Doki Doki1-2 male_voice newVersion
1763221963789,1763221963789,買う,買[か]う,かう,かう,kau,kupować,1,2,1-2,2,買,,triple_cards,Doki Doki1-2 female_voice newVersion
1763221963791,1763221963791,来る,来[く]る,くる,くる,kuru,przychodzić,1,2,1-2,2,来,,triple_cards,Doki Doki1-2 Doki1-5 female_voice newVersion
1763221963792,1763221963792,勉強する,勉[べん]強[きょう]する,べんきょうする,べんきょうする,benkyō suru,uczyć się,1,2,1-2,2,勉 強,,triple_cards,Doki Doki1-2 male_voice newVersion
1763222775669,1763222775669,一分,一[いっ]分[ぷん],いっぷん,いっぷん,ippun,1 minuta,1,1,1-1,1,一 分,,triple_cards,Doki Doki1-1 female_voice minuty newVersion
1763222775670,1763222775670,二分,二[に]分[ふん],にふん,にふん,nifun,2 minuty,1,1,1-1,1,二 分,,triple_cards,Doki Doki1-1 male_voice minuty newVersion
1763222775671,1763222775671,三分,三[さん]分[ぷん],さんぷん,さんぷん,sanpun,3 minuty,1,1,1-1,1,三 分,,triple_cards,Doki Doki1-1 female_voice minuty newVersion
1763222775672,1763222775672,四分,四[よん]分[ぷん],よんぷん,よんぷん,yonpun,4 minuty,1,1,1-1,1,四 分,,triple_cards,Doki Doki1-1 leech male_voice minuty newVersion
1763222775673,1763222775673,五分,五[ご]分[ふん],ごふん,ごふん,gofun,5 minut,1,1,1-1,1,五 分,,triple_cards,Doki Doki1-1 female_voice minuty newVersion
1763222775674,1763222775674,六分,六[ろっ]分[ぷん],ろっぷん,ろっぷん,roppun,6 minut,1,1,1-1,1,六 分,,triple_cards,Doki Doki1-1 male_voice minuty newVersion
1763222775675,1763222775675,七分,七[なな]分[ふん],ななふん,ななふん,nanafun,7 minut,1,1,1-1,1,七 分,,triple_cards,Doki Doki1-1 male_voice minuty newVersion
1763222775676,1763222775676,八分,八[はっ]分[ぷん],はっぷん,はっぷん,happun,8 minut,1,1,1-1,1,八 分,,triple_cards,Doki Doki1-1 male_voice minuty newVersion
1763222775677,1763222775677,九分,九[きゅう]分[ふん],きゅうふん,きゅうふん,kyūfun,9 minut,1,1,1-1,1,九 分,,triple_cards,Doki Doki1-1 female_voice minuty newVersion
1763222775678,1763222775678,十分,十[じゅっ]分[ぷん],じゅっぷん,じゅっぷん,juppun,10 minut,1,1,1-1,1,十 分,,triple_cards,Doki Doki1-1 female_voice minuty newVersion
1763222775679,1763222775679,十五分,十[じゅう]五[ご]分[ふん],じゅうごふん,じゅうごふん,jūgofun,15 minut,1,1,1-1,1,十 五 分,,triple_cards,Doki Doki1-1 female_voice minuty newVersion
1763222775680,1763222775680,二十分,二[に]十[じゅっ]分[ぷん],にじゅっぷん,にじゅっぷん,nijuppun,20 minut,1,1,1-1,1,二 十 分,,triple_cards,Doki Doki1-1 male_voice minuty newVersion
1763222775681,1763222775681,二十五分,二[に]十[じゅう]五[ご]分[ふん],にじゅうごふん,にじゅうごふん,nijūgofun,25 minut,1,1,1-1,1,二 十 五 分,,triple_cards,Doki Doki1-1 male_voice minuty newVersion
1763222775682,1763222775682,三十分,三[さん]十[じゅっ]分[ぷん],さんじゅっぷん,さんじゅっぷん,sanjuppun,30 minut,1,1,1-1,1,三 十 分,,triple_cards,Doki Doki1-1 female_voice minuty newVersion
1763222775683,1763222775683,一時,一[いち]時[じ],いちじ,いちじ,ichiji,1:00,1,1,1-1,1,一 時,,triple_cards,Doki Doki1-1 female_voice godziny newVersion
1763222775684,1763222775684,二時,二[に]時[じ],にじ,にじ,niji,2:00,1,1,1-1,1,二 時,,triple_cards,Doki Doki1-1 godziny male_voice newVersion
1763222775685,1763222775685,三時,三[さん]時[じ],さんじ,さんじ,sanji,3:00,1,1,1-1,1,三 時,,triple_cards,Doki Doki1-1 female_voice godziny newVersion
1763222775686,1763222775686,四時,四[よ]時[じ],よじ,よじ,yoji,4:00,1,1,1-1,1,四 時,,triple_cards,Doki Doki1-1 godziny male_voice newVersion
1763222775687,1763222775687,五時,五[ご]時[じ],ごじ,ごじ,goji,5:00,1,1,1-1,1,五 時,,triple_cards,Doki Doki1-1 female_voice godziny newVersion
1763222775688,1763222775688,六時,六[ろく]時[じ],ろくじ,ろくじ,rokuji,6:00,1,1,1-1,1,六 時,,triple_cards,Doki Doki1-1 godziny male_voice newVersion
1763222775689,1763222775689,七時,七[しち]時[じ],しちじ,しちじ,shichiji,7:00,1,1,1-1,1,七 時,,triple_cards,Doki Doki1-1 female_voice godziny newVersion
1763222775690,1763222775690,八時,八[はち]時[じ],はちじ,はちじ,hachiji,8:00,1,1,1-1,1,八 時,,triple_cards,Doki Doki1-1 godziny male_voice newVersion
1763222775691,1763222775691,九時,九[く]時[じ],くじ,くじ,kuji,9:00,1,1,1-1,1,九 時,,triple_cards,Doki Doki1-1 female_voice godziny newVersion
1763222775692,1763222775692,十時,十[じゅう]時[じ],じゅうじ,じゅうじ,jūji,10:00,1,1,1-1,1,十 時,,triple_cards,Doki Doki1-1 female_voice godziny newVersion
1763222775693,1763222775693,十一時,十[じゅう]一[いち]時[じ],じゅういちじ,じゅういちじ,jūichiji,11:00,1,1,1-1,1,十 一 時,,triple_cards,Doki Doki1-1 female_voice godziny newVersion
1763222775694,1763222775694,十二時,十[じゅう]二[に]時[じ],じゅうにじ,じゅうにじ,jūniji,12:00,1,1,1-1,1,十 二 時,,triple_cards,Doki Doki1-1 female_voice godziny newVersion
1763222775695,1763222775695,一時半,一[いち]時[じ]半[はん],いちじはん,いちじはん,ichijihan,1:30,1,1,1-1,1,一 時 半,,triple_cards,Doki Doki1-1 female_voice godziny newVersion
1763222775696,1763222775696,一歳,一[いっ]歳[さい],いっさい,いっさい,issai,1 rok (wiek),1,1,1-1,1,一 歳,,triple_cards,Doki Doki1-1 female_voice newVersion wiek
1763222775697,1763222775697,二歳,二[に]歳[さい],にさい,にさい,nisai,2 lata,1,1,1-1,1,二 歳,,triple_cards,Doki Doki1-1 male_voice newVersion wiek
1763222775698,1763222775698,三歳,三[さん]歳[さい],さんさい,さんさい,sansai,3 lata,1,1,1-1,1,三 歳,,triple_cards,Doki Doki1-1 female_voice newVersion wiek
1763222775699,1763222775699,四歳,四[よん]歳[さい],よんさい,よんさい,yonsai,4 lata,1,1,1-1,1,四 歳,,triple_cards,Doki Doki1-1 male_voice newVersion wiek
1763222775700,1763222775700,五歳,五[ご]歳[さい],ごさい,ごさい,gosai,5 lat,1,1,1-1,1,五 歳,,triple_cards,Doki Doki1-1 female_voice newVersion wiek
1763222775701,1763222775701,六歳,六[ろく]歳[さい],ろくさい,ろくさい,rokusai,6 lat,1,1,1-1,1,六 歳,,triple_cards,Doki Doki1-1 male_voice newVersion wiek
1763222775702,1763222775702,七歳,七[なな]歳[さい],ななさい,ななさい,nanasai,7 lat,1,1,1-1,1,七 歳,,triple_cards,Doki Doki1-1 male_voice newVersion wiek
1763222775703,1763222775703,八歳,八[はっ]歳[さい],はっさい,はっさい,hassai,8 lat,1,1,1-1,1,八 歳,,triple_cards,Doki Doki1-1 male_voice newVersion wiek
1763222775704,1763222775704,九歳,九[きゅう]歳[さい],きゅうさい,きゅうさい,kyūsai,9 lat,1,1,1-1,1,九 歳,,triple_cards,Doki Doki1-1 female_voice newVersion wiek
1763222775705,1763222775705,十歳,十[じゅっ]歳[さい],じゅっさい,じゅっさい,jussai,10 lat,1,1,1-1,1,十 歳,,triple_cards,Doki Doki1-1 female_voice leech newVersion wiek
1763222775706,1763222775706,二十歳,二十歳[はたち/にじゅっさい],はたち/にじゅっさい,にじゅっさい / はたち,hatachi/nijussai,20 lat,1,1,1-1,1,二 十 歳,,triple_cards,Doki Doki1-1 male_voice newVersion wiek
1763222775707,1763222775707,一年生,一[いち]年[ねん]生[せい],いちねんせい,いちねんせい,ichinensei,1. rok,1,1,1-1,1,一 年 生,,triple_cards,Doki Doki1-1 female_voice newVersion rok_nauki
1763222775708,1763222775708,二年生,二[に]年[ねん]生[せい],にねんせい,にねんせい,ninensei,2. rok,1,1,1-1,1,二 年 生,,triple_cards,Doki Doki1-1 male_voice newVersion rok_nauki
1763222775709,1763222775709,三年生,三[さん]年[ねん]生[せい],さんねんせい,さんねんせい,sannensei,3. rok,1,1,1-1,1,三 年 生,,triple_cards,Doki Doki1-1 female_voice newVersion rok_nauki
1763222775710,1763222775710,四年生,四[よ]年[ねん]生[せい],よねんせい,よねんせい,yonensei,4. rok,1,1,1-1,1,四 年 生,,triple_cards,Doki Doki1-1 male_voice newVersion rok_nauki
1763222775711,1763222775711,五年生,五[ご]年[ねん]生[せい],ごねんせい,ごねんせい,gonensei,5. rok,1,1,1-1,1,五 年 生,,triple_cards,Doki Doki1-1 female_voice newVersion rok_nauki
1763222775712,1763222775712,六年生,六[ろく]年[ねん]生[せい],ろくねんせい,ろくねんせい,rokunensei,6. rok,1,1,1-1,1,六 年 生,,triple_cards,Doki Doki1-1 male_voice newVersion rok_nauki
1763222775713,1763222775713,七年生,七[しち]年[ねん]生[せい],しちねんせい,しちねんせい,shichinensei,7. rok,1,1,1-1,1,七 年 生,,triple_cards,Doki Doki1-1 female_voice newVersion rok_nauki
1763222775714,1763222775714,八年生,八[はち]年[ねん]生[せい],はちねんせい,はちねんせい,hachinensei,8. rok,1,1,1-1,1,八 年 生,,triple_cards,Doki Doki1-1 male_voice newVersion rok_nauki
1763222775715,1763222775715,何歳ですか,何[なん]歳[さい]ですか,なんさいですか,なんさいですか,Nansai desu ka?,Ile masz lat?,1,1,1-1,1,何 歳,,triple_cards,Doki Doki1-1 male_voice newVersion
1763222775716,1763222775716,私はx歳です,私[わたし]はx歳[さい]です,わたしはxさいです,わたしはxさいです,Watashi wa X-sai desu.,Mam X lat.,1,1,1-1,1,私 歳,,triple_cards,Doki Doki1-1 male_voice newVersion
1763222775717,1763222775717,今何時ですか,今[いま]何[なん]時[じ]ですか,いまなんじですか,いまなんじですか,Ima nanji desu ka?,Która jest teraz godzina?,1,1,1-1,1,今 何 時,,triple_cards,Doki Doki1-1 female_voice newVersion
1763222775718,1763222775718,今はx時です,今[いま]はx時[じ]です,いまはxじです,いまはxじです,Ima wa X-ji desu.,Teraz jest godzina X.,1,1,1-1,1,今 時,,triple_cards,Doki Doki1-1 female_voice newVersion
1763222775719,1763222775719,何年生ですか,何[なん]年[ねん]生[せい]ですか,なんねんせいですか,なんねんせいですか,Nannensei desu ka?,Na którym roku jesteś?,1,1,1-1,1,何 年 生,,triple_cards,Doki Doki1-1 male_voice newVersion
1763222775720,1763222775720,私はx年生です,私[わたし]はx年[ねん]生[せい]です,わたしはxねんせいです,わたしはxねんせいです,Watashi wa X-nensei desu.,Jestem na X roku.,1,1,1-1,1,私 年 生,,triple_cards,Doki Doki1-1 male_voice newVersion
1763224837110,1763224837110,家,家[うち],うち,うち,uchi,dom (rodzinny),1,2,1-2,2,家,,triple_cards,Doki Doki1-2 female_voice newVersion
1763224837115,1763224837115,海,海[うみ],うみ,うみ,umi,morze,1,3,1-3,3,海,,triple_cards,Doki Doki1-3 male_voice newVersion
1763224837116,1763224837116,上,上[うえ],うえ,うえ,ue,"na górze, nad",1,3,1-3,3,上,,triple_cards,Doki Doki1-3 female_voice newVersion
1763224837118,1763224837118,映画,映[えい]画[が],えいが,えいが,eiga,film,1,3,1-3,3,映 画,,triple_cards,Doki Doki1-3 female_voice newVersion
1763224837142,1763224837142,子供,子[こ]供[ども],こども,こども,kodomo,dziecko,1,3,1-3,3,子 供,,triple_cards,Doki Doki1-3 female_voice newVersion
1763224837143,1763224837143,魚,魚[さかな],さかな,さかな,sakana,ryba,1,2,1-2,2,魚,,triple_cards,Doki Doki1-2 female_voice newVersion
1763224837183,1763224837183,肉,肉[にく],にく,にく,niku,mięso,1,2,1-2,2,肉,,triple_cards,Doki Doki1-2 male_voice newVersion
1763225790767,1763225790767,飛行機,飛[ひ]行[こう]機[き],ひこうき,ひこうき,hikouki,samolot,1,2,1-2,2,行,飛 機,triple_cards,Doki Doki1-2 male_voice newVersion
1763225790768,1763225790768,左,左[ひだり],ひだり,ひだり,hidari,lewy,1,3,1-3,3,左,,triple_cards,Doki Doki1-3 leech male_voice newVersion
1763225790774,1763225790774,部屋,部[へ]屋[や],へや,へや,heya,pokój,1,3,1-3,3,部 屋,,triple_cards,Doki Doki1-3 male_voice newVersion
1763225790801,1763225790801,野菜,野[や]菜[さい],やさい,やさい,yasai,warzywa,1,2,1-2,2,野,菜,triple_cards,Doki Doki1-2 male_voice newVersion
1763225790809,1763225790809,夜,夜[よる],よる,よる,yoru,noc,1,3,1-3,3,夜,,triple_cards,Doki Doki1-3 male_voice newVersion
1763225790812,1763225790812,来週,来[らい]週[しゅう],らいしゅう,らいしゅう,raishuu,przyszły tydzień,1,3,1-3,3,来 週,,triple_cards,Doki Doki1-3 male_voice newVersion
1763225790813,1763225790813,来月,来[らい]月[げつ],らいげつ,らいげつ,raigetsu,przyszły miesiąc,1,3,1-3,3,来 月,,triple_cards,Doki Doki1-3 male_voice newVersion
1763225790814,1763225790814,来年,来[らい]年[ねん],らいねん,らいねん,rainen,przyszły rok,1,3,1-3,3,来 年,,triple_cards,Doki Doki1-3 male_voice newVersion
1763225790832,1763225790832,手紙を書く,手[て]紙[がみ]を書[か]く,てがみをかく,てがみをかく,tegami o kaku,pisać listy,1,2,1-2,2,手 紙 書,,triple_cards,Doki Doki1-2 male_voice newVersion
1763551593831,1763551593831,少し,少[すこ]し,すこし,すこし,sukoshi,trochę,1,2,1-2,2,少,,triple_cards,Doki Doki1-2 leech male_voice newVersion
1763551593832,1763551593832,少ない,少[すく]ない,すくない,すくない,sukunai,mało,1,2,1-2,2,少,,triple_cards,Doki Doki1-2 leech male_voice newVersion
1763551593835,1763551593835,一緒に,一[いっ]緒[しょ]に,いっしょに,いっしょに,issho ni,razem,1,2,1-2,2,一,緒,triple_cards,Doki Doki1-2 Doki1-3 female_voice newVersion
1763551593836:1,1763551593836,食べ物,食[た]べ物[もの],たべもの,たべもの,tabemono / nomimono,jedzenie / picie,1,2,1-2,2,食 物,,triple_cards,Doki Doki1-2 male_voice newVersion
1763551593836:2,1763551593836,飲み物,飲[の]み物[もの],のみもの,のみもの,tabemono / nomimono,jedzenie / picie,1,2,1-2,2,飲 物,,triple_cards,Doki Doki1-2 male_voice newVersion
1763551593837,1763551593837,ご飯,ご飯[はん],ごはん,ごはん,gohan,posiłek / ryż gotowany,1,2,1-2,2,飯,,triple_cards,Doki Doki1-2 female_voice newVersion
1763551593838,1763551593838,朝ご飯,朝[あさ]ご飯[はん],あさごはん,あさごはん,asagohan,śniadanie,1,2,1-2,2,朝 飯,,triple_cards,Doki Doki1-2 female_voice newVersion
1763551593839,1763551593839,昼ご飯,昼[ひる]ご飯[はん],ひるごはん,ひるごはん,hirugohan,obiad,1,2,1-2,2,昼 飯,,triple_cards,Doki Doki1-2 male_voice newVersion
1763551593840,1763551593840,晩ご飯,晩[ばん]ご飯[はん],ばんごはん,ばんごはん,bangohan,kolacja,1,2,1-2,2,飯,晩,triple_cards,Doki Doki1-2 male_voice newVersion
1763551593843,1763551593843,お茶,お茶[ちゃ],おちゃ,おちゃ,ocha,herbata,1,2,1-2,2,茶,,triple_cards,Doki Doki1-2 female_voice newVersion
1763551593847,1763551593847,お手洗い,お手[て]洗[あら]い,おてあらい,おてあらい,otearai,łazienka,1,2,1-2,2,手,洗,triple_cards,Doki Doki1-2 female_voice newVersion
1763551593848,1763551593848,お寺,お寺[てら],おてら,おてら,otera,świątynia buddyjska,1,2,1-2,2,寺,,triple_cards,Doki Doki1-2 female_voice newVersion
1763551593849,1763551593849,喫茶店,喫[きっ]茶[さ]店[てん],きっさてん,きっさてん,kissaten,kawiarnia,1,2,1-2,2,茶 店,喫,triple_cards,Doki Doki1-2 female_voice newVersion
1763551593850,1763551593850,銀行,銀[ぎん]行[こう],ぎんこう,ぎんこう,ginkō,bank,1,2,1-2,2,行,銀,triple_cards,Doki Doki1-2 female_voice newVersion
1763551593854,1763551593854,病院,病[びょう]院[いん],びょういん,びょういん,byōin,szpital,1,2,1-2,2,病 院,,triple_cards,Doki Doki1-2 leech male_voice newVersion
1763551593856,1763551593856,本屋,本[ほん]屋[や],ほんや,ほんや,honya,księgarnia,1,2,1-2,2,本 屋,,triple_cards,Doki Doki1-2 male_voice newVersion
1763551593857,1763551593857,町,町[まち],まち,まち,machi,"miasto, miasteczko",1,2,1-2,2,町,,triple_cards,Doki Doki1-2 male_voice newVersion
1763551593861,1763551593861,図書館,図[と]書[しょ]館[かん],としょかん,としょかん,toshokan,biblioteka,1,2,1-2,2,図 書 館,,triple_cards,Doki Doki1-2 leech male_voice newVersion
1763551593862,1763551593862,美術館,美[び]術[じゅつ]館[かん],びじゅつかん,びじゅつかん,bijutsukan,"galeria sztuki, muzeum sztuki",1,2,1-2,2,館,美 術,triple_cards,Doki Doki1-2 male_voice newVersion
1763551593863,1763551593863,今日,今日[きょう],きょう,きょう,kyou,dzisiaj,1,2,1-2,2,今 日,,triple_cards,Doki Doki1-2 Doki1-3 female_voice newVersion
1763551593864,1763551593864,昨日,昨日[きのう],きのう,きのう,kinou,wczoraj,1,2,1-2,2,日,昨,triple_cards,Doki Doki1-2 Doki1-3 female_voice newVersion
1763551593866,1763551593866,週末,週[しゅう]末[まつ],しゅうまつ,しゅうまつ,shūmatsu,weekend,1,2,1-2,2,週,末,triple_cards,Doki Doki1-2 female_voice newVersion
1763551593867,1763551593867,今晩,今[こん]晩[ばん],こんばん,こんばん,konban,dziś wieczór,1,2,1-2,2,今,晩,triple_cards,Doki Doki1-2 female_voice leech newVersion
1763551593868,1763551593868,毎日,毎[まい]日[にち],まいにち,まいにち,mainichi,codziennie,1,2,1-2,2,毎 日,,triple_cards,Doki Doki1-2 male_voice newVersion
1763551593869,1763551593869,毎朝,毎[まい]朝[あさ],まいあさ,まいあさ,maiasa,każdego ranka,1,2,1-2,2,毎 朝,,triple_cards,Doki Doki1-2 male_voice newVersion
1763551593870,1763551593870,毎晩,毎[まい]晩[ばん],まいばん,まいばん,maiban,każdego wieczora,1,2,1-2,2,毎,晩,triple_cards,Doki Doki1-2 male_voice newVersion
1763551593871,1763551593871,毎週,毎[まい]週[しゅう],まいしゅう,まいしゅう,maishuu,co tydzień,1,2,1-2,2,毎 週,,triple_cards,Doki Doki1-2 Doki1-3 male_voice newVersion
1763551593872,1763551593872,今週,今[こん]週[しゅう],こんしゅう,こんしゅう,konshuu,ten tydzień,1,2,1-2,2,今 週,,triple_cards,Doki Doki1-2 Doki1-3 female_voice newVersion
1763551593875,1763551593875,お兄さん,お兄[にい]さん,おにいさん,おにいさん,oniisan,starszy brat,1,2,1-2,2,兄,,triple_cards,Doki Doki1-2 female_voice newVersion
1763551593876,1763551593876,お姉さん,お姉[ねえ]さん,おねえさん,おねえさん,onēsan,starsza siostra,1,2,1-2,2,姉,,triple_cards,Doki Doki1-2 female_voice newVersion
1763551593879,1763551593879,お祖父さん,お祖父[じい]さん,おじいさん,おじいさん,ojiisan,dziadek,1,2,1-2,2,父,祖,triple_cards,Doki Doki1-2 female_voice newVersion
1763551593880,1763551593880,お祖母さん,お祖母[ばあ]さん,おばあさん,おばあさん,obāsan,babcia,1,2,1-2,2,母,祖,triple_cards,Doki Doki1-2 female_voice newVersion
1763551593881,1763551593881,美味しい,美味[おい]しい,おいしい,おいしい,oishii,pyszny,1,2,1-2,2,味,美,triple_cards,Doki Doki1-2 female_voice newVersion
1763551593882,1763551593882,不味い,不味[まず]い,まずい,まずい,mazui,obrzydliwy (niesmaczny),1,2,1-2,2,不 味,,triple_cards,Doki Doki1-2 leech male_voice newVersion
1763551593883,1763551593883,高い,高[たか]い,たかい,たかい,takai,drogi / wysoki,1,2,1-2,2,高,,triple_cards,Doki Doki1-2 male_voice newVersion
1763551593884,1763551593884,安い,安[やす]い,やすい,やすい,yasui,tani,1,2,1-2,2,安,,triple_cards,Doki Doki1-2 male_voice newVersion
1763551593885,1763551593885,新聞,新[しん]聞[ぶん],しんぶん,しんぶん,shinbun,gazeta,1,2,1-2,2,新 聞,,triple_cards,Doki Doki1-2 female_voice leech newVersion
1763551593887,1763551593887,自転車,自[じ]転[てん]車[しゃ],じてんしゃ,じてんしゃ,jitensha,rower,1,2,1-2,2,自 転 車,,triple_cards,Doki Doki1-2 female_voice newVersion
1763551593890,1763551593890,辞書,辞[じ]書[しょ],じしょ,じしょ,jisho,słownik,1,2,1-2,2,書,辞,triple_cards,Doki Doki1-2 female_voice newVersion
1763551593891,1763551593891,友達,友[とも]達[だち],ともだち,ともだち,tomodachi,przyjaciel,1,2,1-2,2,友,達,triple_cards,Doki Doki1-2 male_voice newVersion
1763551593894,1763551593894,音楽,音[おん]楽[がく],おんがく,おんがく,ongaku,muzyka,1,2,1-2,2,音 楽,,triple_cards,Doki Doki1-2 female_voice newVersion
1763551593895,1763551593895,買い物,買[か]い物[もの],かいもの,かいもの,kaimono,zakupy,1,2,1-2,2,買 物,,triple_cards,Doki Doki1-2 female_voice newVersion
1763813137795,1763813137795,博物館,博[はく]物[ぶつ]館[かん],はくぶつかん,はくぶつかん,hakubutsukan,muzeum,1,2,1-2,2,物 館,博,triple_cards,Doki Doki1-2 male_voice newVersion
1763813137796,1763813137796,空港,空[くう]港[こう],くうこう,くうこう,kūkō,lotnisko,1,2,1-2,2,空 港,,triple_cards,Doki Doki1-2 female_voice newVersion
1763813137797,1763813137797,神社,神[じん]社[じゃ],じんじゃ,じんじゃ,jinja,świątynia shintoistyczna/chram,1,2,1-2,2,神 社,,triple_cards,Doki Doki1-2 female_voice newVersion
1763813137798,1763813137798,叔父さん,叔父[おじ]さん,おじさん,おじさん,ojisan,wujek,1,2,1-2,2,父,叔,triple_cards,Doki Doki1-2 female_voice newVersion
1763813137799,1763813137799,叔母さん,叔母[おば]さん,おばさん,おばさん,obasan,ciocia,1,2,1-2,2,母,叔,triple_cards,Doki Doki1-2 female_voice newVersion
1763814618692,1763814618692,休む,休[やす]む,やすむ,やすむ,yasumu,"odpoczywać, być nieobecnym,&nbsp;brać wolne",1,2,1-2,2,休,,triple_cards,Doki Doki1-2 Doki1-3 male_voice newVersion
1763814618697,1763814618697,ご馳走様でした,ご馳[ち]走[そう]様[さま]でした,ごちそうさまでした,ごちそうさまでした,gochisōsama deshita,Dziękuję za posiłek (po jedzeniu).,1,2,1-2,2,走 様,馳,triple_cards,Doki Doki1-2 Doki1-3 female_voice leech newVersion
1763814618704,1763814618704,また明日,また明日[あした],またあした,またあした,mata ashita,do jutra!,1,2,1-2,2,明 日,,triple_cards,Doki Doki1-2 male_voice newVersion
1763814618709,1763814618709,お大事に,お大[だい]事[じ]に,おだいじに,おだいじに,odaijini,trzymaj się/wracaj do zdrowia/dbaj o siebie,1,2,1-2,2,大 事,,triple_cards,Doki Doki1-2 female_voice newVersion
1763814618710,1763814618710,お元気で,お元[げん]気[き]で,おげんきで,おげんきで,ogenki de,trzymaj się (na co dzień),1,2,1-2,2,元 気,,triple_cards,Doki Doki1-2 female_voice newVersion
1763814618711,1763814618711,元気,元[げん]気[き],げんき,げんき,genki,"zdrowie, energia, pełen energii/życia",1,2,1-2,2,元 気,,triple_cards,Doki Doki1-2 female_voice newVersion
1763814618717,1763814618717,明日,明日[あした],あした,あした,ashita,jutro,1,2,1-2,2,明 日,,triple_cards,Doki Doki1-2 Doki1-3 female_voice newVersion
1763814618719,1763814618719,一昨日,一昨日[おととい],おととい,おととい,ototoi,przedwczoraj,1,2,1-2,2,一 日,昨,triple_cards,Doki Doki1-2 female_voice newVersion
1763814618720,1763814618720,明後日,明後日[あさって],あさって,あさって,asatte,pojutrze,1,2,1-2,2,明 後 日,,triple_cards,Doki Doki1-2 Doki1-3 female_voice newVersion
1764275207105,1764275207105,家,家[いえ],いえ,いえ,ie,dom (budynek),1,2,1-2,2,家,,triple_cards,Doki Doki1-2 female_voice newVersion
1765304963078,1765304963078,映画館,映[えい]画[が]館[かん],えいがかん,えいがかん,eigakan,kino,1,2,1-2,2,映 画 館,,triple_cards,Doki Doki1-2 Doki1-3 female_voice newVersion
1765399966837,1765399966837,時々,時々[ときどき],ときどき,ときどき,tokidoki,czasami,1,2,1-2,2,時,,triple_cards,Doki Doki1-2 male_voice newVersion
1765399966839,1765399966839,全然,全[ぜん]然[ぜん],ぜんぜん,ぜんぜん,zenzen,wcale / nigdy&nbsp;,1,2,1-2,2,全,然,triple_cards,Doki Doki1-2 male_voice newVersion
1765399966840,1765399966840,無理,無[む]理[り],むり,むり,muri,niemożliwe / ponad siły / na siłę,1,2,1-2,2,無 理,,triple_cards,Doki Doki1-2 male_voice newVersion
1765399966843,1765399966843,散歩する,散[さん]歩[ぽ]する,さんぽする,さんぽする,sanpo suru,spacerować,1,2,1-2,2,歩,散,triple_cards,Doki Doki1-2 female_voice newVersion
1765399966849,1765399966849,父,父[ちち],ちち,ちち,chichi,tata (mój tata),1,2,1-2,2,父,,triple_cards,Doki Doki1-2 male_voice newVersion
1765399966850,1765399966850,母,母[はは],はは,はは,haha,mama (o mojej mamie),1,2,1-2,2,母,,triple_cards,Doki Doki1-2 male_voice newVersion
1765399966852,1765399966852,お風呂に入る,お風[ふ]呂[ろ]に入[はい]る,おふろにはいる,おふろにはいる,ofuro ni hairu,brać kąpiel,1,2,1-2,2,入,風 呂,triple_cards,Doki Doki1-2 female_voice newVersion
1765399966856,1765399966856,家事,家[か]事[じ],かじ,かじ,kaji,"prace domowe, obowiązki domowe",1,2,1-2,2,家 事,,triple_cards,Doki Doki1-2 female_voice newVersion
1765399966857,1765399966857,野菜を切る,野[や]菜[さい]を切[き]る,やさいをきる,やさいをきる,yasai o kiru,kroić warzywa,1,2,1-2,2,野 切,菜,triple_cards,Doki Doki1-2 male_voice newVersion
1765399966859,1765399966859,昼ご飯を作る,昼[ひる]ご飯[はん]を作[つく]る,ひるごはんをつくる,ひるごはんをつくる,hirugohan o tsukuru,przygotowywać lunch,1,2,1-2,2,昼 飯 作,,triple_cards,Doki Doki1-2 male_voice newVersion
1765399966860,1765399966860,教室,教[きょう]室[しつ],きょうしつ,きょうしつ,kyōshitsu,zajęcia/sala lekcyjna,1,2,1-2,2,教 室,,triple_cards,Doki Doki1-2 female_voice leech newVersion
1765617652767,1765617652767,会う,会[あ]う,あう,あう,au,spotkać się,1,2,1-2,2,会,,triple_cards,Doki Doki1-2 Doki1-3 female_voice newVersion
1765622359652,1765622359652,数学,数[すう]学[がく],すうがく,すうがく,suugaku,matematyka,1,2,1-2,2,学,数,triple_cards,Doki Doki1-2 male_voice newVersion
1765622359654,1765622359654,分かる,分[わ]かる,わかる,わかる,wakaru,rozumieć,1,2,1-2,2,分,,triple_cards,Doki Doki1-2 Doki1-3 male_voice newVersion
1765795752553,1765795752553,これは1000円です,これは1000円[えん]です,これは1000えんです,これは1000えんです,Kore wa 1000 en desu,To kosztuje 1000 jenów.,1,1,1-1,1,円,,triple_cards,Doki Doki1-1 female_voice newVersion
1766217656027,1766217656027,家族,家[か]族[ぞく],かぞく,かぞく,kazoku,rodzina,1,2,1-2,2,家 族,,triple_cards,Doki Doki1-2 female_voice newVersion
1766217656029,1766217656029,場所,場[ば]所[しょ],ばしょ,ばしょ,basho,"miejsce, lokalizacja",1,2,1-2,2,場 所,,triple_cards,Doki Doki1-2 male_voice newVersion
1766217656030,1766217656030,動詞,動[どう]詞[し],どうし,どうし,doushi,czasownik (część mowy),1,2,1-2,2,動,詞,triple_cards,Doki Doki1-2 male_voice newVersion
1766222359249,1766222359249,土曜日,土[ど]曜[よう]日[び],どようび,どようび,doyoubi,sobota,1,2,1-2,2,土 曜 日,,triple_cards,Doki Doki1-2 Doki1-3 female_voice newVersion
1766222359252,1766222359252,教科書,教[きょう]科[か]書[しょ],きょうかしょ,きょうかしょ,kyoukasho,"podręcznik, książka do nauki",1,2,1-2,2,教 書,科,triple_cards,Doki Doki1-2 female_voice leech newVersion
1766231580434,1766231580434,ほぼ毎日,ほぼ毎[まい]日[にち],ほぼまいにち,ほぼまいにち,hobomainichi,prawie codziennie,1,2,1-2,2,毎 日,,triple_cards,Doki Doki1-2 female_voice newVersion
1766231580436,1766231580436,子どもの時,子[こ]どもの時[とき],こどものとき,こどものとき,kodomo no toki,kiedy byłem dzieckiem,1,3,1-3,3,子 時,,triple_cards,Doki Doki1-3 female_voice newVersion
1766231580437,1766231580437,大学の時,大[だい]学[がく]の時[とき],だいがくのとき,だいがくのとき,daigaku no toki,podczas studiów,1,2,1-2,2,大 学 時,,triple_cards,Doki Doki1-2 female_voice newVersion
1766231580440,1766231580440,本棚,本[ほん]棚[だな],ほんだな,ほんだな,hondana,regał na książki,1,2,1-2,2,本,棚,triple_cards,Doki Doki1-2 female_voice newVersion
1766231580441,1766231580441,お正月,お正[しょう]月[がつ],おしょうがつ,おしょうがつ,oshougatsu,Nowy Rok (święto),1,2,1-2,2,正 月,,triple_cards,Doki Doki1-2 female_voice leech newVersion
1766231580442,1766231580442,大掃除,大[おお]掃[そう]除[じ],おおそうじ,おおそうじ,oosouji,wielkie sprzątanie,1,2,1-2,2,大,掃 除,triple_cards,Doki Doki1-2 female_voice newVersion
1766231580446,1766231580446,除夜の鐘,除[じょ]夜[や]の鐘[かね],じょやのかね,じょやのかね,joya no kane,dzwony w noc sylwestrową,1,2,1-2,2,夜,除 鐘,triple_cards,Doki Doki1-2 leech male_voice newVersion
1766231580448,1766231580448,お節料理,お節[せち]料[りょう]理[り],おせちりょうり,おせちりょうり,osechi ryouri,osechi (potrawy noworoczne),1,2,1-2,2,料 理,節,triple_cards,Doki Doki1-2 male_voice newVersion
1766231580449,1766231580449,年越しそば,年[とし]越[こ]しそば,としこしそば,としこしそば,toshikoshi soba,makaron soba na koniec roku,1,2,1-2,2,年,越,triple_cards,Doki Doki1-2 male_voice newVersion
1766231580451,1766231580451,年賀状,年[ねん]賀[が]状[じょう],ねんがじょう,ねんがじょう,nengajou,kartka noworoczna,1,2,1-2,2,年,賀 状,triple_cards,Doki Doki1-2 male_voice newVersion
1766231979413,1766231979413,手紙,手[て]紙[がみ],てがみ,てがみ,tegami,list,1,3,1-3,3,手 紙,,triple_cards,Doki Doki1-3 female_voice newVersion
1766231979415,1766231979415,授業,授[じゅ]業[ぎょう],じゅぎょう,じゅぎょう,jugyou,"lekcja, zajęcia",1,3,1-3,3,授 業,,triple_cards,Doki Doki1-3 female_voice leech newVersion
1766231979426,1766231979426,昔,昔[むかし],むかし,むかし,mukashi,"dawno temu, dawniej",1,3,1-3,3,昔,,triple_cards,Doki Doki1-3 male_voice newVersion
1766231979427,1766231979427,宿題,宿[しゅく]題[だい],しゅくだい,しゅくだい,shukudai,praca domowa,1,3,1-3,3,宿 題,,triple_cards,Doki Doki1-3 leech male_voice newVersion
1766231979428,1766231979428,夕方,夕[ゆう]方[がた],ゆうがた,ゆうがた,yuugata,"wieczór, późne popołudnie",1,3,1-3,3,方,夕,triple_cards,Doki Doki1-3 male_voice newVersion
1766232349563,1766232349563,牛乳,牛[ぎゅう]乳[にゅう],ぎゅうにゅう,ぎゅうにゅう,gyuunyuu,mleko,1,3,1-3,3,牛,乳,triple_cards,Doki Doki1-3 leech male_voice newVersion
1766232349564,1766232349564,朝,朝[あさ],あさ,あさ,asa,ranek,1,3,1-3,3,朝,,triple_cards,Doki Doki1-3 male_voice newVersion
1766232349565,1766232349565,昼,昼[ひる],ひる,ひる,hiru,południe (pora dnia),1,3,1-3,3,昼,,triple_cards,Doki Doki1-3 male_voice newVersion
1766232349567,1766232349567,先週,先[せん]週[しゅう],せんしゅう,せんしゅう,senshuu,zeszły tydzień,1,3,1-3,3,先 週,,triple_cards,Doki Doki1-3 male_voice newVersion
1766232617503,1766232617503,右,右[みぎ],みぎ,みぎ,migi,prawy,1,3,1-3,3,右,,triple_cards,Doki Doki1-3 female_voice newVersion
1766232617504,1766232617504,前,前[まえ],まえ,まえ,mae,z przodu,1,3,1-3,3,前,,triple_cards,Doki Doki1-3 female_voice newVersion
1766232617505,1766232617505,後ろ,後[うし]ろ,うしろ,うしろ,ushiro,z tyłu,1,3,1-3,3,後,,triple_cards,Doki Doki1-3 female_voice leech newVersion
1766232617506,1766232617506,下,下[した],した,した,shita,"na dole, pod",1,3,1-3,3,下,,triple_cards,Doki Doki1-3 female_voice newVersion
1766232617507,1766232617507,中,中[なか],なか,なか,naka,w środku,1,3,1-3,3,中,,triple_cards,Doki Doki1-3 female_voice newVersion
1766232617508,1766232617508,近く,近[ちか]く,ちかく,ちかく,chikaku,blisko,1,3,1-3,3,近,,triple_cards,Doki Doki1-3 female_voice leech newVersion
1766232617510,1766232617510,間,間[あいだ],あいだ,あいだ,aida,pomiędzy,1,3,1-3,3,間,,triple_cards,Doki Doki1-3 female_voice newVersion
1766232617511,1766232617511,月曜日,月[げつ]曜[よう]日[び],げつようび,げつようび,getsuyoubi,poniedziałek,1,3,1-3,3,月 曜 日,,triple_cards,Doki Doki1-3 female_voice newVersion
1766232617512,1766232617512,火曜日,火[か]曜[よう]日[び],かようび,かようび,kayoubi,wtorek,1,3,1-3,3,火 曜 日,,triple_cards,Doki Doki1-3 female_voice newVersion
1766232617513,1766232617513,水曜日,水[すい]曜[よう]日[び],すいようび,すいようび,suiyoubi,środa,1,3,1-3,3,水 曜 日,,triple_cards,Doki Doki1-3 female_voice newVersion
1766232617514,1766232617514,木曜日,木[もく]曜[よう]日[び],もくようび,もくようび,mokuyoubi,czwartek,1,3,1-3,3,木 曜 日,,triple_cards,Doki Doki1-3 female_voice newVersion
1766232617515,1766232617515,金曜日,金[きん]曜[よう]日[び],きんようび,きんようび,kinyoubi,piątek,1,3,1-3,3,金 曜 日,,triple_cards,Doki Doki1-3 female_voice newVersion
1766232617516,1766232617516,日曜日,日[にち]曜[よう]日[び],にちようび,にちようび,nichiyoubi,niedziela,1,3,1-3,3,日 曜,,triple_cards,Doki Doki1-3 female_voice newVersion
1766232617517,1766232617517,何曜日,何[なん]曜[よう]日[び],なんようび,なんようび,nanyoubi,jaki dzień tygodnia?,1,3,1-3,3,何 曜 日,,triple_cards,Doki Doki1-3 female_voice newVersion
1766232617519,1766232617519,悪い,悪[わる]い,わるい,わるい,warui,zły,1,3,1-3,3,悪,,triple_cards,Doki Doki1-3 female_voice newVersion
1766232617521:1,1766232617521,早い,早[はや]い,はやい,はやい,hayai,"wcześny, szybki",1,3,1-3,3,早,,triple_cards,Doki Doki1-3 female_voice newVersion
1766233113414,1766233113414,書く,書[か]く,かく,かく,kaku,pisać,1,3,1-3,3,書,,triple_cards,Doki Doki1-3 male_voice newVersion
1766233113416,1766233113416,働く,働[はたら]く,はたらく,はたらく,hataraku,pracować,1,3,1-3,3,働,,triple_cards,Doki Doki1-3 male_voice newVersion
1766233113418,1766233113418,一つ,一[ひと]つ,ひとつ,ひとつ,hitotsu,jedna sztuka,1,3,1-3,3,一,,triple_cards,Doki Doki1-3 male_voice newVersion
1766233113419,1766233113419,二つ,二[ふた]つ,ふたつ,ふたつ,futatsu,dwie sztuki,1,3,1-3,3,二,,triple_cards,Doki Doki1-3 male_voice newVersion
1766233113420,1766233113420,三つ,三[みっ]つ,みっつ,みっつ,mittsu,trzy sztuki,1,3,1-3,3,三,,triple_cards,Doki Doki1-3 male_voice newVersion
1766233113421,1766233113421,四つ,四[よっ]つ,よっつ,よっつ,yottsu,cztery sztuki,1,3,1-3,3,四,,triple_cards,Doki Doki1-3 male_voice newVersion
1766233113422,1766233113422,五つ,五[いつ]つ,いつつ,いつつ,itsutsu,pięć sztuk,1,3,1-3,3,五,,triple_cards,Doki Doki1-3 male_voice newVersion
1766233113423,1766233113423,六つ,六[むっ]つ,むっつ,むっつ,muttsu,sześć sztuk,1,3,1-3,3,六,,triple_cards,Doki Doki1-3 male_voice newVersion
1766233113424,1766233113424,七つ,七[なな]つ,ななつ,ななつ,nanatsu,siedem sztuk,1,3,1-3,3,七,,triple_cards,Doki Doki1-3 male_voice newVersion
1766233113425,1766233113425,八つ,八[やっ]つ,やっつ,やっつ,yattsu,osiem sztuk,1,3,1-3,3,八,,triple_cards,Doki Doki1-3 leech male_voice newVersion
1766233113426,1766233113426,九つ,九[ここの]つ,ここのつ,ここのつ,kokonotsu,dziewięć sztuk,1,3,1-3,3,九,,triple_cards,Doki Doki1-3 female_voice newVersion
1766233113427,1766233113427,十,十[とお],とお,とお,too,dziesięć sztuk,1,3,1-3,3,十,,triple_cards,Doki Doki1-3 female_voice newVersion
1766233113428,1766233113428,椅子,椅[い]子[す],いす,いす,isu,krzesło,1,3,1-3,3,子,椅,triple_cards,Doki Doki1-3 female_voice newVersion
1766948990598,1766948990598,作文,作[さく]文[ぶん],さくぶん,さくぶん,sakubun,wypracowanie / esej,1,3,1-3,3,作 文,,triple_cards,Doki Doki1-3 leech male_voice newVersion
1766948990601,1766948990601,会社,会[かい]社[しゃ],かいしゃ,かいしゃ,kaisha,firma,1,3,1-3,3,会 社,,triple_cards,Doki Doki1-3 male_voice newVersion
1766948990603,1766948990603,時,時[とき],とき,とき,~ toki,kiedy / podczas,1,3,1-3,3,時,,triple_cards,Doki Doki1-3 male_voice newVersion
1766950362844,1766950362844,時間,時[じ]間[かん],じかん,じかん,jikan,czas,1,3,1-3,3,時 間,,triple_cards,Doki Doki1-3 female_voice newVersion
1766950362845,1766950362845,方向,方[ほう]向[こう],ほうこう,ほうこう,houkou,kierunek / strona,1,3,1-3,3,方,向,triple_cards,Doki Doki1-3 female_voice newVersion
1766950362846,1766950362846,曜日,曜[よう]日[び],ようび,ようび,youbi,dzień tygodnia,1,3,1-3,3,曜 日,,triple_cards,Doki Doki1-3 female_voice newVersion
1767437498925,1767437498925,お金,お金[かね],おかね,おかね,okane,pieniądze,1,3,1-3,3,金,,triple_cards,Doki Doki1-3 female_voice newVersion
1768037144043,1768037144043,道の右側,道[みち]の右[みぎ]側[がわ],みちのみぎがわ,みちのみぎがわ,michi no migigawa,"prawa strona drogi, po prawej stronie ulicy",1,3,1-3,3,道 右,側,triple_cards,Doki Doki1-3 male_voice newVersion
1768037144044,1768037144044,真ん中,真[ま]ん中[なか],まんなか,まんなか,mannaka,"w samym centrum, środek, sam środek",1,3,1-3,3,真 中,,triple_cards,Doki Doki1-3 male_voice newVersion
1768041380635,1768041380635,一日,一日[ついたち],ついたち,ついたち,tsuitachi,1 dzień miesiąca,1,3,1-3,3,一 日,,triple_cards,dni_miesiąca Doki Doki1-3 female_voice newVersion
1768041380636,1768041380636,二日,二日[ふつか],ふつか,ふつか,futsuka,2 dzień miesiąca,1,3,1-3,3,二 日,,triple_cards,dni_miesiąca Doki Doki1-3 female_voice newVersion
1768041380637,1768041380637,三日,三日[みっか],みっか,みっか,mikka,3 dzień miesiąca,1,3,1-3,3,三 日,,triple_cards,dni_miesiąca Doki Doki1-3 female_voice newVersion
1768041380638,1768041380638,四日,四日[よっか],よっか,よっか,yokka,4 dzień miesiąca,1,3,1-3,3,四 日,,triple_cards,dni_miesiąca Doki Doki1-3 female_voice newVersion
1768041380639,1768041380639,五日,五日[いつか],いつか,いつか,itsuka,5 dzień miesiąca,1,3,1-3,3,五 日,,triple_cards,dni_miesiąca Doki Doki1-3 female_voice newVersion
1768041380640,1768041380640,六日,六日[むいか],むいか,むいか,muika,6 dzień miesiąca,1,3,1-3,3,六 日,,triple_cards,dni_miesiąca Doki Doki1-3 female_voice newVersion
1768041380641,1768041380641,七日,七日[なのか],なのか,なのか,nanoka,7 dzień miesiąca,1,3,1-3,3,七 日,,triple_cards,dni_miesiąca Doki Doki1-3 female_voice newVersion
1768041380642,1768041380642,八日,八日[ようか],ようか,ようか,youka,8 dzień miesiąca,1,3,1-3,3,八 日,,triple_cards,dni_miesiąca Doki Doki1-3 female_voice newVersion
1768041380643,1768041380643,九日,九日[ここのか],ここのか,ここのか,kokonoka,9 dzień miesiąca,1,3,1-3,3,九 日,,triple_cards,dni_miesiąca Doki Doki1-3 female_voice newVersion
1768041380644,1768041380644,十日,十日[とおか],とおか,とおか,tooka,10 dzień miesiąca,1,3,1-3,3,十 日,,triple_cards,dni_miesiąca Doki Doki1-3 female_voice newVersion
1768041380645,1768041380645,十一日,十[じゅう]一[いち]日[にち],じゅういちにち,じゅういちにち,juuichinichi,11 dzień miesiąca,1,3,1-3,3,十 一 日,,triple_cards,dni_miesiąca Doki Doki1-3 female_voice newVersion
1768041380646,1768041380646,十二日,十[じゅう]二[に]日[にち],じゅうににち,じゅうににち,juuninichi,12 dzień miesiąca,1,3,1-3,3,十 二 日,,triple_cards,dni_miesiąca Doki Doki1-3 female_voice newVersion
1768041380647,1768041380647,十三日,十[じゅう]三[さん]日[にち],じゅうさんにち,じゅうさんにち,juusannichi,13 dzień miesiąca,1,3,1-3,3,十 三 日,,triple_cards,dni_miesiąca Doki Doki1-3 female_voice newVersion
1768041380648,1768041380648,十四日,十四日[じゅうよっか],じゅうよっか,じゅうよっか,juuyokka,14 dzień miesiąca,1,3,1-3,3,十 四 日,,triple_cards,dni_miesiąca Doki Doki1-3 female_voice newVersion
1768041380649,1768041380649,十五日,十[じゅう]五[ご]日[にち],じゅうごにち,じゅうごにち,juugonichi,15 dzień miesiąca,1,3,1-3,3,十 五 日,,triple_cards,dni_miesiąca Doki Doki1-3 female_voice newVersion
1768041380650,1768041380650,十六日,十[じゅう]六[ろく]日[にち],じゅうろくにち,じゅうろくにち,juurokunichi,16 dzień miesiąca,1,3,1-3,3,十 六 日,,triple_cards,dni_miesiąca Doki Doki1-3 female_voice newVersion
1768041380651,1768041380651,十七日,十[じゅう]七[しち]日[にち],じゅうしちにち,じゅうしちにち,juushichinichi,17 dzień miesiąca,1,3,1-3,3,十 七 日,,triple_cards,dni_miesiąca Doki Doki1-3 female_voice newVersion
1768041380652,1768041380652,十八日,十[じゅう]八[はち]日[にち],じゅうはちにち,じゅうはちにち,juuhachinichi,18 dzień miesiąca,1,3,1-3,3,十 八 日,,triple_cards,dni_miesiąca Doki Doki1-3 female_voice newVersion
1768041380653,1768041380653,十九日,十[じゅう]九[く]日[にち],じゅうくにち,じゅうくにち,juukunichi,19 dzień miesiąca,1,3,1-3,3,十 九 日,,triple_cards,dni_miesiąca Doki Doki1-3 female_voice newVersion
1768041380654,1768041380654,二十日,二十日[はつか],はつか,はつか,hatsuka,20 dzień miesiąca,1,3,1-3,3,二 十 日,,triple_cards,dni_miesiąca Doki Doki1-3 female_voice newVersion
1768041380655,1768041380655,二十一日,二[に]十[じゅう]一[いち]日[にち],にじゅういちにち,にじゅういちにち,nijuu ichinichi,21 dzień miesiąca,1,3,1-3,3,二 十 一 日,,triple_cards,dni_miesiąca Doki Doki1-3 female_voice newVersion
1768041380656,1768041380656,二十二日,二[に]十[じゅう]二[に]日[にち],にじゅうににち,にじゅうににち,nijuuninichi,22 dzień miesiąca,1,3,1-3,3,二 十 日,,triple_cards,dni_miesiąca Doki Doki1-3 female_voice newVersion
1768041380657,1768041380657,二十三日,二[に]十[じゅう]三[さん]日[にち],にじゅうさんにち,にじゅうさんにち,nijuusannichi,23 dzień miesiąca,1,3,1-3,3,二 十 三 日,,triple_cards,dni_miesiąca Doki Doki1-3 female_voice newVersion
1768041380658,1768041380658,二十四日,二十四日[にじゅうよっか],にじゅうよっか,にじゅうよっか,nijuuyokka,24 dzień miesiąca,1,3,1-3,3,二 十 四 日,,triple_cards,dni_miesiąca Doki Doki1-3 female_voice newVersion
1768041380659,1768041380659,二十五日,二[に]十[じゅう]五[ご]日[にち],にじゅうごにち,にじゅうごにち,nijuugonichi,25 dzień miesiąca,1,3,1-3,3,二 十 五 日,,triple_cards,dni_miesiąca Doki Doki1-3 female_voice newVersion
1768041380660,1768041380660,二十六日,二[に]十[じゅう]六[ろく]日[にち],にじゅうろくにち,にじゅうろくにち,nijuurokunichi,26 dzień miesiąca,1,3,1-3,3,二 十 六 日,,triple_cards,dni_miesiąca Doki Doki1-3 female_voice newVersion
1768041380661,1768041380661,二十七日,二[に]十[じゅう]七[しち]日[にち],にじゅうしちにち,にじゅうしちにち,nijuushichinichi,27 dzień miesiąca,1,3,1-3,3,二 十 七 日,,triple_cards,dni_miesiąca Doki Doki1-3 female_voice newVersion
1768041380662,1768041380662,二十八日,二[に]十[じゅう]八[はち]日[にち],にじゅうはちにち,にじゅうはちにち,nijuuhachinichi,28 dzień miesiąca,1,3,1-3,3,二 十 八 日,,triple_cards,dni_miesiąca Doki Doki1-3 female_voice newVersion
1768041380663,1768041380663,二十九日,二[に]十[じゅう]九[く]日[にち],にじゅうくにち,にじゅうくにち,nijuukunichi,29 dzień miesiąca,1,3,1-3,3,二 十 九 日,,triple_cards,dni_miesiąca Doki Doki1-3 female_voice newVersion
1768041380664,1768041380664,三十日,三[さん]十[じゅう]日[にち],さんじゅうにち,さんじゅうにち,sanjuu nichi,30 dzień miesiąca,1,3,1-3,3,三 十 日,,triple_cards,dni_miesiąca Doki Doki1-3 female_voice newVersion
1768041380665,1768041380665,三十一日,三[さん]十[じゅう]一[いち]日[にち],さんじゅういちにち,さんじゅういちにち,sanjuu ichinichi,31 dzień miesiąca,1,3,1-3,3,三 十 一 日,,triple_cards,dni_miesiąca Doki Doki1-3 female_voice newVersion
1768041849990,1768041849990,一月,一[いち]月[がつ],いちがつ,いちがつ,ichigatsu,styczeń,1,3,1-3,3,一 月,,triple_cards,Doki Doki1-3 male_voice miesiące newVersion
1768041849991,1768041849991,二月,二[に]月[がつ],にがつ,にがつ,nigatsu,luty,1,3,1-3,3,二 月,,triple_cards,Doki Doki1-3 male_voice miesiące newVersion
1768041849992,1768041849992,三月,三[さん]月[がつ],さんがつ,さんがつ,sangatsu,marzec,1,3,1-3,3,三 月,,triple_cards,Doki Doki1-3 male_voice miesiące newVersion
1768041849993,1768041849993,四月,四[し]月[がつ],しがつ,しがつ,shigatsu,kwiecień,1,3,1-3,3,四 月,,triple_cards,Doki Doki1-3 male_voice miesiące newVersion
1768041849994,1768041849994,五月,五[ご]月[がつ],ごがつ,ごがつ,gogatsu,maj,1,3,1-3,3,五 月,,triple_cards,Doki Doki1-3 male_voice miesiące newVersion
1768041849995,1768041849995,六月,六[ろく]月[がつ],ろくがつ,ろくがつ,rokugatsu,czerwiec,1,3,1-3,3,六 月,,triple_cards,Doki Doki1-3 male_voice miesiące newVersion
1768041849996,1768041849996,七月,七[しち]月[がつ],しちがつ,しちがつ,shichigatsu,lipiec,1,3,1-3,3,七 月,,triple_cards,Doki Doki1-3 male_voice miesiące newVersion
1768041849997,1768041849997,八月,八[はち]月[がつ],はちがつ,はちがつ,hachigatsu,sierpień,1,3,1-3,3,八 月,,triple_cards,Doki Doki1-3 male_voice miesiące newVersion
1768041849998,1768041849998,九月,九[く]月[がつ],くがつ,くがつ,kugatsu,wrzesień,1,3,1-3,3,九 月,,triple_cards,Doki Doki1-3 male_voice miesiące newVersion
1768041849999,1768041849999,十月,十[じゅう]月[がつ],じゅうがつ,じゅうがつ,juugatsu,październik,1,3,1-3,3,十 月,,triple_cards,Doki Doki1-3 male_voice miesiące newVersion
1768041850000,1768041850000,十一月,十[じゅう]一[いち]月[がつ],じゅういちがつ,じゅういちがつ,juuichigatsu,listopad,1,3,1-3,3,十 一 月,,triple_cards,Doki Doki1-3 male_voice miesiące newVersion
1768041850001,1768041850001,十二月,十[じゅう]二[に]月[がつ],じゅうにがつ,じゅうにがつ,juunigatsu,grudzień,1,3,1-3,3,十 二 月,,triple_cards,Doki Doki1-3 male_voice miesiące newVersion
1768042539231,1768042539231,誕生日,誕生日[たんじょうび],たんじょうび,たんじょうび,tanjoubi,urodziny,1,3,1-3,3,生 日,誕,triple_cards,Doki Doki1-3 female_voice newVersion
1768042539232,1768042539232,誕生日はいつですか,誕生日[たんじょうび]はいつですか,たんじょうびはいつですか,たんじょうびはいつですか,tanjoubi wa itsu desu ka,Kiedy są urodziny?,1,3,1-3,3,生 日,誕,triple_cards,Doki Doki1-3 female_voice newVersion
1768042539233,1768042539233,先々週,先々週[せんせんしゅう],せんせんしゅう,せんせんしゅう,sensenshuu,przedzeszły tydzień,1,3,1-3,3,先 週,,triple_cards,Doki Doki1-3 female_voice newVersion
1768042539234,1768042539234,再来週,再来週[さらいしゅう],さらいしゅう,さらいしゅう,saraishuu,za dwa tygodnie,1,3,1-3,3,来 週,再,triple_cards,Doki Doki1-3 female_voice newVersion
1768042539235,1768042539235,先々月,先々月[せんせんげつ],せんせんげつ,せんせんげつ,sensengatsu,przedzeszły miesiąc,1,3,1-3,3,先 月,,triple_cards,Doki Doki1-3 female_voice newVersion
1768042539236,1768042539236,先月,先[せん]月[げつ],せんげつ,せんげつ,sengetsu,zeszły miesiąc,1,3,1-3,3,先 月,,triple_cards,Doki Doki1-3 female_voice leech newVersion
1768042539237,1768042539237,今月,今[こん]月[げつ],こんげつ,こんげつ,kongetsu,ten miesiąc,1,3,1-3,3,今 月,,triple_cards,Doki Doki1-3 female_voice newVersion
1768042539238,1768042539238,再来月,再[さ]来[らい]月[げつ],さらいげつ,さらいげつ,saraigetsu,za dwa miesiące,1,3,1-3,3,来 月,再,triple_cards,Doki Doki1-3 female_voice newVersion
1768042539239,1768042539239,一昨年,一昨年[おととし],おととし,おととし,ototoshi,przedzeszły rok,1,3,1-3,3,一 年,昨,triple_cards,Doki Doki1-3 female_voice newVersion
1768042539240,1768042539240,昨年,昨[きょ]年[ねん],きょねん,きょねん,kyonen,zeszły rok,1,3,1-3,3,年,昨,triple_cards,Doki Doki1-3 female_voice newVersion
1768042539241,1768042539241,今年,今年[ことし],ことし,ことし,kotoshi,ten rok,1,3,1-3,3,今 年,,triple_cards,Doki Doki1-3 female_voice newVersion
1768042539242,1768042539242,再来年,再[さ]来[らい]年[ねん],さらいねん,さらいねん,sarainen,za dwa lata,1,3,1-3,3,来 年,再,triple_cards,Doki Doki1-3 female_voice newVersion
1768156765421,1768156765421,お誕生日おめでとう,お誕生日[たんじょうび]おめでとう,おたんじょうびおめでとう,おたんじょうびおめでとう,otanjoubi omedetou,Wszystkiego najlepszego z okazji urodzin,1,3,1-3,3,生 日,誕,triple_cards,Doki Doki1-3 male_voice newVersion
1768646664153,1768646664153,滅多に,滅[めっ]多[た]に,めったに,めったに,metta ni,rzadko (z przeczeniem),1,3,1-3,3,多,滅,triple_cards,Doki Doki1-3 female_voice newVersion
1768646664156,1768646664156,十年前,十[じゅう]年[ねん]前[まえ],じゅうねんまえ,じゅうねんまえ,juunen mae,10 lat temu,1,3,1-3,3,十 年 前,,triple_cards,Doki Doki1-3 female_voice newVersion
1768646664161,1768646664161,電車,電[でん]車[しゃ],でんしゃ,でんしゃ,densha,pociąg,1,3,1-3,3,電 車,,triple_cards,Doki Doki1-3 female_voice newVersion
1768772008268,1768772008268,今度,今[こん]度[ど],こんど,こんど,kondo,następnym razem / tym razem,1,3,1-3,3,今 度,,triple_cards,Doki Doki1-3 female_voice newVersion
1768772008269,1768772008269,昼休み,昼[ひる]休[やす]み,ひるやすみ,ひるやすみ,hiruyasumi,przerwa na lunch,1,3,1-3,3,昼 休,,triple_cards,Doki Doki1-3 female_voice newVersion
1768772008272,1768772008272,年取った,年[とし]取[と]った,としとった,としとった,toshitotta,stary (o ludziach/zwierzętach),1,3,1-3,3,年,取,triple_cards,Doki Doki1-3 female_voice newVersion
1768772394896,1768772394896,休み,休[やす]み,やすみ,やすみ,yasumi,"przerwa / wolne / odpoczynek (Dzień wolny, urlop lub dłuższy odpoczynek)",1,3,1-3,3,休,,triple_cards,Doki Doki1-3 male_voice newVersion
1769011957438,1769011957438,半分,半[はん]分[ぶん],はんぶん,はんぶん,hanbun,"pół / połowa (np. ciasta, pracy) – samodzielny rzeczownik",1,3,1-3,3,半 分,,triple_cards,Doki Doki1-3 female_voice newVersion
1769011957439,1769011957439,自分,自[じ]分[ぶん],じぶん,じぶん,jibun,"ja sam, siebie, własny",1,3,1-3,3,自 分,,triple_cards,Doki Doki1-3 female_voice leech newVersion
1769253601127,1769253601127,馬小屋,馬[うま]小[ご]屋[や],うまごや,うまごや,umagoya,stajnia,1,3,1-3,3,小 屋,馬,triple_cards,Doki Doki1-3 female_voice newVersion
1769253601128,1769253601128,以上です,以[い]上[じょう]です,いじょうです,いじょうです,ijō desu,To wszystko (koniec wypowiedzi/zamówienia).,1,3,1-3,3,以 上,,triple_cards,Doki Doki1-3 female_voice leech newVersion
1769253601132,1769253601132,お会計,お会計[かいけい],おかいけい,おかいけい,okaikei,rachunek / płatność,1,3,1-3,3,会,計,triple_cards,Doki Doki1-3 female_voice newVersion
1769253601133,1769253601133,お会計をお願いします,お会計[かいけい]をお願[ねが]いします,おかいけいをおねがいします,おかいけいをおねがいします,okaikei o onegaishimasu,Poproszę o rachunek.,1,3,1-3,3,会,計 願,triple_cards,Doki Doki1-3 female_voice newVersion
1769253601134,1769253601134,何名様ですか,何[なん]名[めい]様[さま]ですか,なんめいさまですか,なんめいさまですか,nanmeisama desu ka,Ile osób? (pytanie o stolik).,1,3,1-3,3,何 名 様,,triple_cards,Doki Doki1-3 female_voice newVersion
1769253601138,1769253601138,無料,無[む]料[りょう],むりょう,むりょう,muryō,bezpłatny / za darmo,1,3,1-3,3,無 料,,triple_cards,Doki Doki1-3 male_voice newVersion
1769253601139,1769253601139,ご注文,ご注文[ちゅうもん],ごちゅうもん,ごちゅうもん,gochūmon,zamówienie (grzecznie),1,3,1-3,3,注 文,,triple_cards,Doki Doki1-3 male_voice newVersion
1769253601140,1769253601140,ご注文がお決まりになりましたらお呼びください,ご注文[ちゅうもん]がお決[き]まりになりましたらお呼[よ]びください,ごちゅうもんがおきまりになりましたらおよびください,ごちゅうもんがおきまりになりましたらおよびください,gochūmon ga okimari ni narimashitara oyobi kudasai,"Proszę dać znać, jak zdecydują się Państwo zamówić.",1,3,1-3,3,注 文,決 呼,triple_cards,Doki Doki1-3 male_voice newVersion
1769253601141,1769253601141,営業中,営[えい]業[ぎょう]中[ちゅう],えいぎょうちゅう,えいぎょうちゅう,eigyōchū,Otwarte (restauracja/sklep),1,3,1-3,3,業 中,営,triple_cards,Doki Doki1-3 male_voice newVersion
1769253601142,1769253601142,準備中,準[じゅん]備[び]中[ちゅう],じゅんびちゅう,じゅんびちゅう,junbichū,Zamknięte (w trakcie przygotowań),1,3,1-3,3,中,準 備,triple_cards,Doki Doki1-3 leech male_voice newVersion
1769858247202,1769858247202,書道,書[しょ]道[どう],しょどう,しょどう,shodou,kaligrafia,1,3,1-3,3,書 道,,triple_cards,Doki Doki1-3 female_voice newVersion
1769858247203,1769858247203,交通政策,交[こう]通[つう]政[せい]策[さく],こうつうせいさく,こうつうせいさく,koutsuu seisaku,polityka transportowa,1,3,1-3,3,通,交 政 策,triple_cards,Doki Doki1-3 female_voice leech newVersion
1769858247204,1769858247204,オランダ語,オランダ語[ご],オランダご,おらんだご,orandago,język niderlandzki (holenderski),1,3,1-3,3,語,,triple_cards,Doki Doki1-3 female_voice newVersion
1769858247205,1769858247205,会計,会[かい]計[けい],かいけい,かいけい,kaikei,księgowość,1,3,1-3,3,会,計,triple_cards,Doki Doki1-3 female_voice leech newVersion
1769858247206,1769858247206,山岳,山[さん]岳[がく],さんがく,さんがく,sangaku,łańcuch górski / góry,1,3,1-3,3,山,岳,triple_cards,Doki Doki1-3 female_voice newVersion
1769858247207,1769858247207,南,南[みなみ],みなみ,みなみ,minami,południe (kierunek),1,3,1-3,3,南,,triple_cards,Doki Doki1-3 female_voice newVersion
1769858247209,1769858247209,ゲーム会社の法律家,ゲーム会社[がいしゃ]の法[ほう]律[りつ]家[か],ゲームがいしゃのほうりつか,げーむがいしゃのほうりつか,geemugaisha no houritsuka,prawnik w firmie produkującej gry,1,3,1-3,3,会 社 家,法 律,triple_cards,Doki Doki1-3 female_voice newVersion
1769858247212,1769858247212,法律家,法[ほう]律[りつ]家[か],ほうりつか,ほうりつか,houritsuka,"prawnik (ogólne pojęcie), jurysta, znawca prawa",1,3,1-3,3,家,法 律,triple_cards,Doki Doki1-3 female_voice newVersion
1769858247227,1769858247227,一人です,一人[ひとり]です,ひとりです,ひとりです,hitori desu,jestem sam / w pojedynkę,1,3,1-3,3,一 人,,triple_cards,Doki Doki1-3 male_voice newVersion
1769858247229,1769858247229,台所,台[だい]所[どころ],だいどころ,だいどころ,daidokoro,kuchnia (natywnie),1,3,1-3,3,所,台,triple_cards,Doki Doki1-3 male_voice newVersion
1769858247231,1769858247231,作る,作[つく]る,つくる,つくる,tsukuru,robić / tworzyć,1,3,1-3,3,作,,triple_cards,Doki Doki1-3 male_voice newVersion
1771440447489,1771440447489,大きい,大[おお]きい,おおきい,おおきい,ookii,duży,1,3,1-3,3,大,,triple_cards,Doki Doki1-3 male_voice newVersion
1771440447490,1771440447490,小さい,小[ちい]さい,ちいさい,ちいさい,chiisai,mały,1,3,1-3,3,小,,triple_cards,Doki Doki1-3 male_voice newVersion
1771440447491,1771440447491,休学,休[きゅう]学[がく],きゅうがく,きゅうがく,kyuugaku,urlop dziekański / przerwa w nauce,1,3,1-3,3,休 学,,triple_cards,Doki Doki1-3 leech male_voice newVersion
1771440447492,1771440447492,読書,読[どく]書[しょ],どくしょ,どくしょ,dokusho,czytanie książek (jako hobby),1,3,1-3,3,読 書,,triple_cards,Doki Doki1-3 leech male_voice newVersion
1771440447493,1771440447493,科学,科[か]学[がく],かがく,かがく,kagaku,"nauka (ścisła), inżynieria&nbsp;",1,3,1-3,3,学,科,triple_cards,Doki Doki1-3 leech male_voice newVersion
1771440447494,1771440447494,物理学,物[ぶつ]理[り]学[がく],ぶつりがく,ぶつりがく,butsurigaku,fizyka,1,3,1-3,3,物 理 学,,triple_cards,Doki Doki1-3 male_voice newVersion
1771440447499,1771440447499,和食,和[わ]食[しょく],わしょく,わしょく,washoku,kuchnia japońska / jedzenie japońskie,1,3,1-3,3,食,和,triple_cards,Doki Doki1-3 male_voice newVersion
1771440447500,1771440447500,明治神宮,明[めい]治[じ]神[じん]宮[ぐう],めいじじんぐう,めいじじんぐう,meiji jinguu,Chram Meiji (w Tokio),1,3,1-3,3,明 神,治 宮,triple_cards,Doki Doki1-3 male_voice newVersion
1771440447501,1771440447501,三味線,三味線[しゃみせん],しゃみせん,しゃみせん,shamisen,shamisen (trzystrunowy instrument japoński),1,3,1-3,3,三 味,線,triple_cards,Doki Doki1-3 male_voice newVersion
1771440447506,1771440447506,歌う,歌[うた]う,うたう,うたう,utau,śpiewać,1,3,1-3,3,歌,,triple_cards,Doki Doki1-3 female_voice newVersion
1771442732175,1771442732175,ジブリ博物館,ジブリ博[はく]物[ぶつ]館[かん],ジブリはくぶつかん,じぶりはくぶつかん,jiburi hakubutsukan,Muzeum Ghibli,1,3,1-3,3,物 館,博,triple_cards,Doki Doki1-3 female_voice newVersion
1771442732176,1771442732176,雨,雨[あめ],あめ,あめ,ame,deszcz,1,3,1-3,3,雨,,triple_cards,Doki Doki1-3 female_voice newVersion
1771670597688,1771670597688,兄弟,兄[きょう]弟[だい],きょうだい,きょうだい,kyoudai,"rodzeństwo, bracia",1,4,1-4,4,兄,弟,triple_cards,Doki Doki1-4 Doki1-5 female_voice leech newVersion
1771670597693,1771670597693,旅行,旅[りょ]行[こう],りょこう,りょこう,ryokou,"wycieczka, podróż",1,4,1-4,4,旅 行,,triple_cards,Doki Doki1-4 female_voice newVersion
1771670597694,1771670597694,電気,電[でん]気[き],でんき,でんき,denki,światło (elektryczność),1,4,1-4,4,電 気,,triple_cards,Doki Doki1-4 female_voice newVersion
1771670597697,1771670597697,川,川[かわ],かわ,かわ,kawa,rzeka,1,4,1-4,4,川,,triple_cards,Doki Doki1-4 female_voice newVersion
1771670597700,1771670597700,時間,時[じ]間[かん],じかん,じかん,jikan,przez … godzin,1,4,1-4,4,時 間,,triple_cards,Doki Doki1-4 female_voice newVersion
1771670597701,1771670597701,一人で,一人[ひとり]で,ひとりで,ひとりで,hitoride,"samemu, w pojedynkę",1,4,1-4,4,一 人,,triple_cards,Doki Doki1-4 female_voice newVersion
1771671396261,1771671396261,教える,教[おし]える,おしえる,おしえる,oshieru,"uczyć (kogoś), wyjaśniać, powiedzieć (w celu wyjaśnienia), informować",1,4,1-4,4,教,,triple_cards,Doki Doki1-4 male_voice newVersion
1771671396263,1771671396263,開ける,開[あ]ける,あける,あける,akeru,otwierać coś,1,4,1-4,4,開,,triple_cards,Doki Doki1-4 leech male_voice newVersion
1771671396266,1771671396266,乗る,乗[の]る,のる,のる,noru,"wsiadać, jechać czymś",1,4,1-4,4,乗,,triple_cards,Doki Doki1-4 male_voice newVersion
1771671396270,1771671396270,借りる,借[か]りる,かりる,かりる,kariru,"pożyczać od kogoś, wynajmować",1,4,1-4,4,借,,triple_cards,Doki Doki1-4 leech male_voice newVersion
1771671396271,1771671396271,貸す,貸[か]す,かす,かす,kasu,"pożyczać komuś, wynajmować komuś",1,4,1-4,4,貸,,triple_cards,Doki Doki1-4 male_voice newVersion
1771671396272,1771671396272,歩く,歩[ある]く,あるく,あるく,aruku,"chodzić, iść pieszo",1,4,1-4,4,歩,,triple_cards,Doki Doki1-4 male_voice newVersion
1771673977829,1771673977829,始める,始[はじ]める,はじめる,はじめる,hajimeru,"zaczynać coś, rozpoczynać",1,4,1-4,4,始,,triple_cards,Doki Doki1-4 female_voice newVersion
1771673977831,1771673977831,手伝う,手[て]伝[つだ]う,てつだう,てつだう,tetsudau,pomagać,1,4,1-4,4,手,伝,triple_cards,Doki Doki1-4 female_voice newVersion
1771673977834,1771673977834,急ぐ,急[いそ]ぐ,いそぐ,いそぐ,isogu,śpieszyć się,1,4,1-4,4,急,,triple_cards,Doki Doki1-4 female_voice leech newVersion
1771673977835,1771673977835,入る,入[はい]る,はいる,はいる,hairu,wchodzić,1,4,1-4,4,入,,triple_cards,Doki Doki1-4 Doki1-6 female_voice newVersion
1771673977836,1771673977836,持つ,持[も]つ,もつ,もつ,motsu,"trzymać, chwycić, nieść&nbsp;",1,4,1-4,4,持,,triple_cards,Doki Doki1-4 female_voice newVersion
1771673977838,1771673977838,連れてくる,連[つ]れてくる,つれてくる,つれてくる,tsuretekuru,przyprowadzić (kogoś),1,4,1-4,4,連,,triple_cards,Doki Doki1-4 female_voice leech newVersion
1771673977839,1771673977839,使う,使[つか]う,つかう,つかう,tsukau,używać,1,4,1-4,4,使,,triple_cards,Doki Doki1-4 female_voice newVersion
1771673977840,1771673977840,死ぬ,死[し]ぬ,しぬ,しぬ,shinu,umierać,1,4,1-4,4,死,,triple_cards,Doki Doki1-4 female_voice newVersion
1771673977841,1771673977841,持ってくる,持[も]ってくる,もってくる,もってくる,mottekuru,przynieść,1,4,1-4,4,持,,triple_cards,Doki Doki1-4 female_voice newVersion
1771673977842,1771673977842,出かける,出[で]かける,でかける,でかける,dekakeru,wychodzić (w jakimś celu),1,4,1-4,4,出,,triple_cards,Doki Doki1-4 female_voice newVersion
1771673977844,1771673977844,お土産,お土産[みやげ],おみやげ,おみやげ,omiyage,pamiątka z podróży,1,4,1-4,4,土,産,triple_cards,Doki Doki1-4 female_voice newVersion
1771673977846,1771673977846,荷物,荷[に]物[もつ],にもつ,にもつ,nimotsu,bagaż,1,4,1-4,4,物,荷,triple_cards,Doki Doki1-4 female_voice newVersion
1771673977847,1771673977847,切符,切[きっ]符[ぷ],きっぷ,きっぷ,kippu,bilet,1,4,1-4,4,切,符,triple_cards,Doki Doki1-4 female_voice newVersion
1771674800648,1771674800648,一人,一人[ひとり],ひとり,ひとり,hitori,jedna osoba,1,4,1-4,4,一 人,,triple_cards,Doki Doki1-4 male_voice newVersion
1771674800649,1771674800649,二人,二人[ふたり],ふたり,ふたり,futari,dwie osoby,1,4,1-4,4,二 人,,triple_cards,Doki Doki1-4 male_voice newVersion
1771674800650,1771674800650,三人,三[さん]人[にん],さんにん,さんにん,sannin,trzy osoby,1,4,1-4,4,三 人,,triple_cards,Doki Doki1-4 male_voice newVersion
1771674800651,1771674800651,四人,四[よ]人[にん],よにん,よにん,yonin,cztery osoby,1,4,1-4,4,四 人,,triple_cards,Doki Doki1-4 male_voice newVersion
1771674800652,1771674800652,五人,五[ご]人[にん],ごにん,ごにん,gonin,pięć osób,1,4,1-4,4,五 人,,triple_cards,Doki Doki1-4 male_voice newVersion
1771674800653,1771674800653,六人,六[ろく]人[にん],ろくにん,ろくにん,rokunin,sześć osób,1,4,1-4,4,六 人,,triple_cards,Doki Doki1-4 male_voice newVersion
1771674800654,1771674800654,七人,七[なな]人[にん],ななにん,ななにん,nananin,siedem osób,1,4,1-4,4,七 人,,triple_cards,Doki Doki1-4 male_voice newVersion
1771674800655,1771674800655,八人,八[はち]人[にん],はちにん,はちにん,hachinin,osiem osób,1,4,1-4,4,八 人,,triple_cards,Doki Doki1-4 male_voice newVersion
1771674800656,1771674800656,九人,九[きゅう]人[にん],きゅうにん,きゅうにん,kyuunin,dziewięć osób,1,4,1-4,4,九 人,,triple_cards,Doki Doki1-4 male_voice newVersion
1771674800657,1771674800657,十人,十[じゅう]人[にん],じゅうにん,じゅうにん,juunin,dziesięć osób,1,4,1-4,4,十 人,,triple_cards,Doki Doki1-4 male_voice newVersion
1771674800658,1771674800658,何人,何[なん]人[にん],なんにん,なんにん,nannin,ile osób?,1,4,1-4,4,何 人,,triple_cards,Doki Doki1-4 male_voice newVersion
1771675201467,1771675201467,乗り物,乗[の]り物[もの],のりもの,のりもの,norimono,środki transportu,1,4,1-4,4,乗 物,,triple_cards,Doki Doki1-4 male_voice newVersion
1771675201470,1771675201470,新幹線,新[しん]幹[かん]線[せん],しんかんせん,しんかんせん,shinkansen,shinkansen,1,4,1-4,4,新,幹 線,triple_cards,Doki Doki1-4 male_voice newVersion
1771675201472,1771675201472,地下鉄,地[ち]下[か]鉄[てつ],ちかてつ,ちかてつ,chikatetsu,metro,1,4,1-4,4,地 下,鉄,triple_cards,Doki Doki1-4 male_voice newVersion
1771675201475,1771675201475,路面電車,路[ろ]面[めん]電[でん]車[しゃ],ろめんでんしゃ,ろめんでんしゃ,romendensha,tramwaj,1,4,1-4,4,電 車,路 面,triple_cards,Doki Doki1-4 male_voice newVersion
1771675201476,1771675201476,歩いて,歩[ある]いて,あるいて,あるいて,aruite,pieszo,1,4,1-4,4,歩,,triple_cards,Doki Doki1-4 male_voice newVersion
1771675698859,1771675698859,冬休み,冬[ふゆ]休[やす]み,ふゆやすみ,ふゆやすみ,fuyuyasumi,ferie zimowe,1,4,1-4,4,冬 休,,triple_cards,Doki Doki1-4 female_voice newVersion
1771680240745,1771680240745,好き,好[す]き,すき,すき,suki,lubić / być lubianym,1,4,1-4,4,好,,triple_cards,Doki Doki1-4 female_voice newVersion
1771871839082,1771871839082,天気,天[てん]気[き],てんき,てんき,tenki,pogoda,1,5,1-5,5,天 気,,triple_cards,Doki Doki1-5 female_voice newVersion
1771871839083,1771871839083,葉書,葉書[はがき],はがき,はがき,hagaki,pocztówka,1,5,1-5,5,書,葉,triple_cards,Doki Doki1-5 female_voice leech newVersion
1771871839087,1771871839087,切手,切[きっ]手[て],きって,きって,kitte,znaczek pocztowy,1,5,1-5,5,切 手,,triple_cards,Doki Doki1-5 female_voice newVersion
1771871839091,1771871839091,大丈夫,大[だい]丈[じょう]夫[ぶ],だいじょうぶ,だいじょうぶ,daijōbu,w porządku,1,5,1-5,5,大,丈 夫,triple_cards,Doki Doki1-5 female_voice newVersion
1771871839095,1771871839095,人気がある,人[にん]気[き]がある,にんきがある,にんきがある,ninki ga aru,być popularnym,1,5,1-5,5,人 気,,triple_cards,Doki Doki1-5 female_voice newVersion
1771871839101,1771871839101,水泳,水[すい]泳[えい],すいえい,すいえい,suiei,pływanie,1,5,1-5,5,水,泳,triple_cards,Doki Doki1-5 female_voice leech newVersion
1771871839105,1771871839105,野球,野[や]球[きゅう],やきゅう,やきゅう,yakyū,baseball,1,5,1-5,5,野,球,triple_cards,Doki Doki1-5 female_voice leech newVersion
1771871839106,1771871839106,出る,出[で]る,でる,でる,deru,"wychodzić, pojawić się (np. problem, pryszcz)",1,5,1-5,5,出,,triple_cards,Doki Doki1-5 female_voice newVersion
1771871839108,1771871839108,立つ,立[た]つ,たつ,たつ,tatsu,wstać,1,5,1-5,5,立,,triple_cards,Doki Doki1-5 female_voice newVersion
1771871839110,1771871839110,走る,走[はし]る,はしる,はしる,hashiru,biegać,1,5,1-5,5,走,,triple_cards,Doki Doki1-5 female_voice newVersion
1771871839112,1771871839112,料理する,料[りょう]理[り]する,りょうりする,りょうりする,ryōri suru,gotować,1,5,1-5,5,料 理,,triple_cards,Doki Doki1-5 female_voice newVersion
1771871839113,1771871839113,運転する,運[うん]転[てん]する,うんてんする,うんてんする,unten suru,prowadzić pojazd,1,5,1-5,5,運 転,,triple_cards,Doki Doki1-5 male_voice newVersion
1771871839117,1771871839117,新しい,新[あたら]しい,あたらしい,あたらしい,atarashii,nowy,1,5,1-5,5,新,,triple_cards,Doki Doki1-5 male_voice newVersion
1771871839124,1771871839124,面白い,面[おも]白[しろ]い,おもしろい,おもしろい,omoshiroi,"interesujący, ciekawy",1,5,1-5,5,白,面,triple_cards,Doki Doki1-5 male_voice newVersion
1771871839125,1771871839125,楽しい,楽[たの]しい,たのしい,たのしい,tanoshii,wesoły,1,5,1-5,5,楽,,triple_cards,Doki Doki1-5 male_voice newVersion
1771871839130,1771871839130,大好き,大[だい]好[す]き,だいすき,だいすき,daisuki,bardzo lubiany (bardzo lubić),1,5,1-5,5,大 好,,triple_cards,Doki Doki1-5 male_voice newVersion
1771871839138,1771871839138,近い,近[ちか]い,ちかい,ちかい,chikai,"bliski, niedaleki",1,5,1-5,5,近,,triple_cards,Doki Doki1-5 male_voice newVersion
1771871839139,1771871839139,大変,大[たい]変[へん],たいへん,たいへん,taihen,"trudny, ciężki (również psychicznie)",1,5,1-5,5,大,変,triple_cards,Doki Doki1-5 male_voice newVersion
1771871839140,1771871839140,親切,親[しん]切[せつ],しんせつ,しんせつ,shinsetsu,"uprzejmy, miły",1,5,1-5,5,親 切,,triple_cards,Doki Doki1-5 male_voice newVersion
1771871839143,1771871839143,上手,上手[じょうず],じょうず,じょうず,jōzu,dobry w czymś,1,4,1-4,4,上 手,,triple_cards,Doki Doki1-4 Doki1-5 male_voice newVersion
1771871839144,1771871839144,下手,下手[へた],へた,へた,heta,słaby w czymś,1,1,1-1,1,下 手,,triple_cards,Doki Doki1-1 Doki1-4 Doki1-5 male_voice newVersion
1771871839146,1771871839146,大嫌い,大[だい]嫌[きら]い,だいきらい,だいきらい,daikirai,bardzo znienawidzony (nienawidzić),1,5,1-5,5,大,嫌,triple_cards,Doki Doki1-5 male_voice newVersion
1771871839147,1771871839147,長い,長[なが]い,ながい,ながい,nagai,długi,1,5,1-5,5,長,,triple_cards,Doki Doki1-5 male_voice newVersion
1771871839150,1771871839150,苦手,苦[にが]手[て],にがて,にがて,nigate,"słaby w czymś (nie lubić, nie czuć się pewnie)",1,5,1-5,5,手,苦,triple_cards,Doki Doki1-5 male_voice newVersion
1771871839151,1771871839151,楽,楽[らく],らく,らく,raku,"łatwy, prosty (Łatwy, bo nie wymaga wysiłku)",1,5,1-5,5,楽,,triple_cards,Doki Doki1-5 male_voice newVersion
1771871839152,1771871839152,動物,動[どう]物[ぶつ],どうぶつ,どうぶつ,dōbutsu,zwierzę,1,5,1-5,5,動 物,,triple_cards,Doki Doki1-5 male_voice newVersion
1771871839164,1771871839164,夏,夏[なつ],なつ,なつ,natsu,lato,1,5,1-5,5,夏,,triple_cards,Doki Doki1-5 male_voice newVersion
1771871839165,1771871839165,春,春[はる],はる,はる,haru,wiosna,1,5,1-5,5,春,,triple_cards,Doki Doki1-5 male_voice newVersion
1771871839166,1771871839166,秋,秋[あき],あき,あき,aki,jesień,1,5,1-5,5,秋,,triple_cards,Doki Doki1-5 male_voice newVersion
1771871839167,1771871839167,冬,冬[ふゆ],ふゆ,ふゆ,fuyu,zima,1,5,1-5,5,冬,,triple_cards,Doki Doki1-5 male_voice newVersion
1771873005488,1771873005488,お菓子,お菓子[かし],おかし,おかし,okashi,słodycze,1,6,1-6,6,子,菓,triple_cards,Doki Doki1-6 female_voice leech newVersion
1771873005490,1771873005490,男の子,男[おとこ]の子[こ],おとこのこ,おとこのこ,otokonoko,chłopiec,1,5,1-5,5,男 子,,triple_cards,Doki Doki1-5 Doki1-6 female_voice newVersion
1771873005491,1771873005491,女の子,女[おんな]の子[こ],おんなのこ,おんなのこ,onnanoko,dziewczynka,1,5,1-5,5,女 子,,triple_cards,Doki Doki1-5 Doki1-6 female_voice newVersion
1771873005492,1771873005492,後で,後[あと]で,あとで,あとで,atode,później,1,6,1-6,6,後,,triple_cards,Doki Doki1-6 female_voice leech newVersion
1771873005493,1771873005493,目,目[め],め,め,me,oko,1,6,1-6,6,目,,triple_cards,Doki Doki1-6 female_voice newVersion
1771873005494,1771873005494,足,足[あし],あし,あし,ashi,"noga, stopa",1,6,1-6,6,足,,triple_cards,Doki Doki1-6 female_voice newVersion
1771873005496,1771873005496,口,口[くち],くち,くち,kuchi,usta,1,6,1-6,6,口,,triple_cards,Doki Doki1-6 female_voice newVersion
1771873005498,1771873005498,茶髪,茶[ちゃ]髪[ぱつ],ちゃぱつ,ちゃぱつ,chapatsu,brązowe włosy,1,6,1-6,6,茶,髪,triple_cards,Doki Doki1-6 female_voice newVersion
1771873005499,1771873005499,金髪,金[きん]髪[ぱつ],きんぱつ,きんぱつ,kinpatsu,blond włosy,1,6,1-6,6,金,髪,triple_cards,Doki Doki1-6 female_voice newVersion
1771873005503,1771873005503,用事,用[よう]事[じ],ようじ,ようじ,yōji,"sprawy do załatwienia, sprawunki",1,6,1-6,6,事,用,triple_cards,Doki Doki1-6 female_voice leech newVersion
1771873005504,1771873005504,留学生,留[りゅう]学[がく]生[せい],りゅうがくせい,りゅうがくせい,ryūgakusei,student z wymiany,1,6,1-6,6,留 学 生,,triple_cards,Doki Doki1-6 female_voice newVersion
1771873005507,1771873005507,結構です,結[けっ]構[こう]です,けっこうです,けっこうです,kekkōdesu,"tyle wystarczy, dziękuję",1,6,1-6,6,結,構,triple_cards,Doki Doki1-6 female_voice newVersion
1771873005510,1771873005510,次,次[つぎ],つぎ,つぎ,tsugi,następny,1,6,1-6,6,次,,triple_cards,Doki Doki1-6 female_voice leech newVersion
1771873005511,1771873005511,将来,将[しょう]来[らい],しょうらい,しょうらい,shōrai,przyszłość,1,6,1-6,6,来,将,triple_cards,Doki Doki1-6 female_voice newVersion
1771873005515,1771873005515,雪,雪[ゆき],ゆき,ゆき,yuki,śnieg,1,6,1-6,6,雪,,triple_cards,Doki Doki1-6 female_voice newVersion
1771873005517,1771873005517,校長,校[こう]長[ちょう],こうちょう,こうちょう,kōchō,dyrektor szkoły,1,6,1-6,6,校 長,,triple_cards,Doki Doki1-6 female_voice newVersion
1771873005519,1771873005519,住む,住[す]む,すむ,すむ,sumu,mieszkać,1,5,1-5,5,住,,triple_cards,Doki Doki1-5 Doki1-6 female_voice leech newVersion
1771873005520,1771873005520,結婚する,結[けっ]婚[こん]する,けっこんする,けっこんする,kekkon suru,wziąć ślub,1,6,1-6,6,結 婚,,triple_cards,Doki Doki1-6 female_voice newVersion
1771873005521,1771873005521,雨が降る,雨[あめ]が降[ふ]る,あめがふる,あめがふる,ame ga furu,pada deszcz,1,6,1-6,6,雨,降,triple_cards,Doki Doki1-6 female_voice newVersion
1771873005525,1771873005525,知る,知[し]る,しる,しる,shiru,znać,1,6,1-6,6,知,,triple_cards,Doki Doki1-6 female_voice newVersion
1771873005527,1771873005527,着る,着[き]る,きる,きる,kiru,"mieć na sobie (od pasa w górę), zakładać",1,6,1-6,6,着,,triple_cards,Doki Doki1-6 female_voice newVersion
1771873005531,1771873005531,背が高い,背[せ]が高[たか]い,せがたかい,せがたかい,se ga takai,wysoki,1,6,1-6,6,高,背,triple_cards,Doki Doki1-6 female_voice newVersion
1771873005534,1771873005534,頭が悪い,頭[あたま]が悪[わる]い,あたまがわるい,あたまがわるい,atama ga warui,głupi (wyrażenie),1,6,1-6,6,悪,頭,triple_cards,Doki Doki1-6 female_voice newVersion
1771873005538,1771873005538,兄,兄[あに],あに,あに,ani,(mój) starszy brat,1,6,1-6,6,兄,,triple_cards,Doki Doki1-6 male_voice newVersion
1771873005539,1771873005539,姉,姉[あね],あね,あね,ane,(moja) starsza siostra,1,6,1-6,6,姉,,triple_cards,Doki Doki1-6 male_voice newVersion
1771873005540,1771873005540,祖母,祖[そ]母[ぼ],そぼ,そぼ,sobo,(moja) babcia,1,6,1-6,6,母,祖,triple_cards,Doki Doki1-6 male_voice newVersion
1771873005541,1771873005541,祖父,祖[そ]父[ふ],そふ,そふ,sofu,(mój) dziadek,1,6,1-6,6,父,祖,triple_cards,Doki Doki1-6 male_voice newVersion
1771873005542,1771873005542,主人,主[しゅ]人[じん],しゅじん,しゅじん,shujin,mąż (mój – głowa rodziny) / właściciel,1,6,1-6,6,主 人,,triple_cards,Doki Doki1-6 male_voice newVersion
1771873005556,1771873005556,制服,制[せい]服[ふく],せいふく,せいふく,seifuku,"mundurek, mundur",1,6,1-6,6,服,制,triple_cards,Doki Doki1-6 male_voice newVersion
1771873005564,1771873005564,色,色[いろ],いろ,いろ,iro,kolor,1,6,1-6,6,色,,triple_cards,Doki Doki1-6 male_voice newVersion
1771873005566,1771873005566,黒い,黒[くろ]い,くろい,くろい,kuroi,czarny,1,6,1-6,6,黒,,triple_cards,Doki Doki1-6 male_voice newVersion
1771873005568,1771873005568,オレンジ色,オレンジ色[いろ],オレンジいろ,おれんじいろ,orenji iro no,pomarańczowy (kolor),1,6,1-6,6,色,,triple_cards,Doki Doki1-6 male_voice newVersion
1771873005569,1771873005569,黄色い,黄[き]色[いろ]い,きいろい,きいろい,kiiroi,żółty,1,6,1-6,6,色,黄,triple_cards,Doki Doki1-6 male_voice newVersion
1771873005570,1771873005570,緑色,緑[みどり]色[いろ],みどりいろ,みどりいろ,midori iro no,zielony (kolor),1,6,1-6,6,色,緑,triple_cards,Doki Doki1-6 male_voice newVersion
1771873005572,1771873005572,紫色,紫[むらさき]色[いろ],むらさきいろ,むらさきいろ,murasaki iro no,fioletowy (kolor),1,6,1-6,6,色,紫,triple_cards,Doki Doki1-6 male_voice newVersion
1771873005573,1771873005573,ピンク色,ピンク色[いろ],ピンクいろ,ぴんくいろ,pinku iro no,różowy (kolor),1,6,1-6,6,色,,triple_cards,Doki Doki1-6 male_voice newVersion
1771873005575,1771873005575,金色,金[きん]色[いろ],きんいろ,きんいろ,kin iro no,złoty (kolor),1,6,1-6,6,金 色,,triple_cards,Doki Doki1-6 male_voice newVersion
1771873005576,1771873005576,銀色,銀[ぎん]色[いろ],ぎんいろ,ぎんいろ,gin iro no,srebrny (kolor),1,6,1-6,6,色,銀,triple_cards,Doki Doki1-6 male_voice newVersion
1771873725924,1771873725924,物,物[もの],もの,もの,mono,"rzecz, przedmiot",1,1,1-1,1,物,,triple_cards,Doki Doki1-1 male_voice newVersion
1772697078980,1772697078980,飲食する,飲[いん]食[しょく]する,いんしょくする,いんしょくする,inshokusuru,spożywać,1,4,1-4,4,飲 食,,triple_cards,Doki Doki1-4 female_voice newVersion
1772697078981,1772697078981,地球,地[ち]球[きゅう],ちきゅう,ちきゅう,chikyū,Ziemia,1,4,1-4,4,地,球,triple_cards,Doki Doki1-4 female_voice newVersion
1772697078982,1772697078982,土,土[つち],つち,つち,tsuchi,ziemia (gleba),1,4,1-4,4,土,,triple_cards,Doki Doki1-4 female_voice newVersion
1772697078983,1772697078983,火,火[ひ],ひ,ひ,hi,ogień,1,4,1-4,4,火,,triple_cards,Doki Doki1-4 female_voice newVersion
1772697078984,1772697078984,月,月[つき],つき,つき,tsuki,księżyc,1,4,1-4,4,月,,triple_cards,Doki Doki1-4 female_voice newVersion
1772697078985,1772697078985,花火,花[はな]火[び],はなび,はなび,hanabi,fajerwerki,1,4,1-4,4,花 火,,triple_cards,Doki Doki1-4 female_voice newVersion
1772697078986,1772697078986,木,木[き],き,き,ki,drzewo,1,4,1-4,4,木,,triple_cards,Doki Doki1-4 female_voice newVersion
1772697078991,1772697078991,義理チョコ,義[ぎ]理[り]チョコ,ぎりチョコ,ぎりちょこ,girichoko,"czekoladki z obowiązku, czekolada ×tatemae",1,4,1-4,4,理,義,triple_cards,Doki Doki1-4 male_voice newVersion
1772697078992,1772697078992,本命チョコ,本[ほん]命[めい]チョコ,ほんめいチョコ,ほんめいちょこ,honmeichoko,"czekoladki dla ukochanej osoby, czekolada ♡honne",1,4,1-4,4,本,命,triple_cards,Doki Doki1-4 male_voice newVersion
1772697078995,1772697078995,化粧品,化[け]粧[しょう]品[ひん],けしょうひん,けしょうひん,keshōhin,kosmetyki,1,4,1-4,4,品,化 粧,triple_cards,Doki Doki1-4 leech male_voice newVersion
1772697078996,1772697078996,家具,家[か]具[ぐ],かぐ,かぐ,kagu,meble,1,4,1-4,4,家,具,triple_cards,Doki Doki1-4 leech male_voice newVersion
1772697911524,1772697911524,母の日,母[はは]の日[ひ],ははのひ,ははのひ,hahanohi,Dzień Matki,1,4,1-4,4,母 日,,triple_cards,Doki Doki1-4 male_voice newVersion
1772697911526,1772697911526,上げる,上[あ]げる,あげる,あげる,ageru,podnosić,1,4,1-4,4,上,,triple_cards,Doki Doki1-4 male_voice newVersion
1772697911527,1772697911527,下る,下[くだ]る,くだる,くだる,kudaru,iść w dół / schodzić,1,4,1-4,4,下,,triple_cards,Doki Doki1-4 male_voice newVersion
1772697911528,1772697911528,一年中,一[いち]年[ねん]中[じゅう],いちねんじゅう,いちねんじゅう,ichinenjū,przez cały rok,1,4,1-4,4,一 年 中,,triple_cards,Doki Doki1-4 male_voice newVersion
1772697911529,1772697911529,外国,外[がい]国[こく],がいこく,がいこく,gaikoku,zagranica,1,4,1-4,4,外 国,,triple_cards,Doki Doki1-4 male_voice newVersion
1772697911530,1772697911530,外国人,外[がい]国[こく]人[じん],がいこくじん,がいこくじん,gaikokujin,obcokrajowiec,1,4,1-4,4,外 国 人,,triple_cards,Doki Doki1-4 male_voice newVersion
1772697911531,1772697911531,外,外[そと],そと,そと,soto,"zewnątrz, na zewnątrz",1,4,1-4,4,外,,triple_cards,Doki Doki1-4 male_voice newVersion
1772874053320,1772874053320,屋根,屋[や]根[ね],やね,やね,yane,dach,1,4,1-4,4,屋,根,triple_cards,Doki Doki1-4 female_voice newVersion
1772874053322,1772874053322,外人,外[がい]人[じん],がいじん,がいじん,gaijin,obcokrajowiec (potocznie),1,4,1-4,4,外 人,,triple_cards,Doki Doki1-4 female_voice newVersion
1773418499895,1773418499895,両親,両[りょう]親[しん],りょうしん,りょうしん,ryōshin,rodzice,1,4,1-4,4,両 親,,triple_cards,Doki Doki1-4 female_voice newVersion
1773418499897,1773418499897,お父さん,お父[とう]さん,おとうさん,おとうさん,otōsan,ojciec (czyjś/grzecznie),1,4,1-4,4,父,,triple_cards,Doki Doki1-4 female_voice newVersion
1773418499898,1773418499898,お母さん,お母[かあ]さん,おかあさん,おかあさん,okāsan,matka (czyjś/grzecznie),1,4,1-4,4,母,,triple_cards,Doki Doki1-4 female_voice newVersion
1773475378396,1773475378396,まっすぐ行く,まっすぐ行[い]く,まっすぐいく,まっすぐいく,massugu iku,iść prosto,1,4,1-4,4,行,,triple_cards,Doki Doki1-4 female_voice new
1773475378397,1773475378397,左に曲がる,左[ひだり]に曲[ま]がる,ひだりにまがる,ひだりにまがる,hidari ni magaru,skręcać w lewo,1,4,1-4,4,左,曲,triple_cards,Doki Doki1-4 female_voice new
1773475378398,1773475378398,右に曲がる,右[みぎ]に曲[ま]がる,みぎにまがる,みぎにまがる,migi ni magaru,skręcać w prawo,1,4,1-4,4,右,曲,triple_cards,Doki Doki1-4 female_voice new
1773475378399,1773475378399,道を渡る,道[みち]を渡[わた]る,みちをわたる,みちをわたる,michi o wataru,przejść na drugą stronę ulicy,1,4,1-4,4,道,渡,triple_cards,Doki Doki1-4 female_voice new
1773475378400,1773475378400,一つ目の角を右に曲がる,一[ひと]つ目[め]の角[かど]を右[みぎ]に曲[ま]がる,ひとつめのかどをみぎにまがる,ひとつめのかどをみぎにまがる,hitotsume no kado o migi ni magaru,skręcać w prawo na pierwszym skrzyżowaniu,1,4,1-4,4,一 目 右,角 曲,triple_cards,Doki Doki1-4 female_voice new
1773475378401,1773475378401,二つ目の角を右に曲がる,二[ふた]つ目[め]の角[かど]を右[みぎ]に曲[ま]がる,ふたつめのかどをみぎにまがる,ふたつめのかどをみぎにまがる,futatsume no kado o migi ni magaru,skręcać w prawo na drugim skrzyżowaniu,1,4,1-4,4,二 目 右,角 曲,triple_cards,Doki Doki1-4 female_voice new
1773475378402,1773475378402,一つ目の信号を右に曲がる,一[ひと]つ目[め]の信[しん]号[ごう]を右[みぎ]に曲[ま]がる,ひとつめのしんごうをみぎにまがる,ひとつめのしんごうをみぎにまがる,hitotsume no shingō o migi ni magaru,skręcać w prawo na pierwszych światłach,1,4,1-4,4,一 目 右,信 号 曲,triple_cards,Doki Doki1-4 female_voice new
1773475378403,1773475378403,二つ目の信号を右に曲がる,二[ふた]つ目[め]の信[しん]号[ごう]を右[みぎ]に曲[ま]がる,ふたつめのしんごうをみぎにまがる,ふたつめのしんごうをみぎにまがる,futatsume no shingō o migi ni magaru,skręcać w prawo na drugich światłach,1,4,1-4,4,二 目 右,信 号 曲,triple_cards,Doki Doki1-4 female_voice new
1773475378404,1773475378404,道の左側,道[みち]の左[ひだり]側[がわ],みちのひだりがわ,みちのひだりがわ,michi no hidarigawa,po lewej stronie ulicy,1,4,1-4,4,道 左,側,triple_cards,Doki Doki1-4 female_voice new
1773475378406,1773475378406,北,北[きた],きた,きた,kita,północ,1,4,1-4,4,北,,triple_cards,Doki Doki1-4 female_voice new
1773475378408,1773475378408,東,東[ひがし],ひがし,ひがし,higashi,wschód,1,4,1-4,4,東,,triple_cards,Doki Doki1-4 male_voice new
1773475378409,1773475378409,西,西[にし],にし,にし,nishi,zachód,1,4,1-4,4,西,,triple_cards,Doki Doki1-4 male_voice new
1773479597563,1773479597563,結ぶ,結[むす]ぶ,むすぶ,むすぶ,musubu,"łączyć, wiązać",1,4,1-4,4,結,,triple_cards,Doki Doki1-4 female_voice leech new
1773479597564,1773479597564,読み方,読[よ]み方[かた],よみかた,よみかた,yomikata,"sposób czytania, odczyt",1,4,1-4,4,読 方,,triple_cards,Doki Doki1-4 female_voice new
1773479597573,1773479597573,旧市街,旧[きゅう]市[し]街[がい],きゅうしがい,きゅうしがい,kyūshigai,stare miasto,1,4,1-4,4,市,旧 街,triple_cards,Doki Doki1-4 female_voice leech new
1773479597574,1773479597574,散歩,散[さん]歩[ぽ],さんぽ,さんぽ,sampo,spacer,1,4,1-4,4,歩,散,triple_cards,Doki Doki1-4 female_voice new
1773479597578,1773479597578,電話に出る,電[でん]話[わ]に出[で]る,でんわにでる,でんわにでる,denwa ni deru,odebrać telefon,1,4,1-4,4,電 話 出,,triple_cards,Doki Doki1-4 leech male_voice new
1773479597580,1773479597580,早く,早[はや]く,はやく,はやく,hayaku,"szybko, wcześnie",1,4,1-4,4,早,,triple_cards,Doki Doki1-4 male_voice new
1773483733138,1773483733138,パン屋,パン屋[や],パンや,ぱんや,panya,piekarnia,1,4,1-4,4,屋,,triple_cards,Doki Doki1-4 female_voice
1773483733139,1773483733139,道,道[みち],みち,みち,michi,"ulica, droga",1,4,1-4,4,道,,triple_cards,Doki Doki1-4 female_voice
1773484281460,1773484281460,桜開花の予想,桜[さくら]開[かい]花[か]の予[よ]想[そう],さくらかいかのよそう,さくらかいかのよそう,sakura kaika no yosō,prognoza kwitnienia wiśni,1,4,1-4,4,開 花,桜 予 想,triple_cards,Doki Doki1-4 male_voice
1773484281461,1773484281461,桜前線,桜[さくら]前[ぜん]線[せん],さくらぜんせん,さくらぜんせん,sakura zensen,front kwitnienia wiśni,1,4,1-4,4,前,桜 線,triple_cards,Doki Doki1-4 male_voice
1773746079072,1773746079072,下げる,下[さ]げる,さげる,さげる,sageru,"obniżać, opuszczać (np. cenę, temperaturę)",1,4,1-4,4,下,,triple_cards,Doki Doki1-4 female_voice
1774080159499,1774080159499,お世話になりました,お世[せ]話[わ]になりました,おせわになりました,おせわになりました,osewa ni narimashita,dziękuję za opiekę / dziękuję za wszystko,1,4,1-4,4,世 話,,triple_cards,Doki Doki1-4 female_voice
1774085031589,1774085031589,気を付ける,気[き]を付[つ]ける,きをつける,きをつける,ki o tsukeru,uważać,1,5,1-5,5,気,付,triple_cards,Doki Doki1-5 male_voice
1774090048750,1774090048750,早い,早[はや]い,はやい,はやい,hayai,wczesny (pora),1,5,1-5,5,早,,triple_cards,Doki Doki1-5 female_voice
1774090048766,1774090048766,鳥,鳥[とり],とり,とり,tori,ptak,1,5,1-5,5,鳥,,triple_cards,Doki Doki1-5 female_voice
1774090048769,1774090048769,牛,牛[うし],うし,うし,ushi,krowa,1,5,1-5,5,牛,,triple_cards,Doki Doki1-5 male_voice
1774169694801,1774169694801,分ける,分[わ]ける,わける,わける,wakeru,dzielić,1,3,1-3,3,分,,triple_cards,Doki Doki1-3 female_voice
1774169960459,1774169960459,人気,人[にん]気[き],にんき,にんき,ninki,popularność,1,5,1-5,5,人 気,,triple_cards,Doki Doki1-5 male_voice
1774694479085,1774694479085,気持ち,気[き]持[も]ち,きもち,きもち,kimochi,"uczucie, samopoczucie",1,5,1-5,5,気 持,,triple_cards,Doki Doki1-5 female_voice
1774694479086,1774694479086,天国,天[てん]国[ごく],てんごく,てんごく,tengoku,"niebo, raj",1,5,1-5,5,天 国,,triple_cards,Doki Doki1-5 female_voice leech
1774694479087,1774694479087,天皇,天[てん]皇[のう],てんのう,てんのう,tennou,cesarz Japonii,1,5,1-5,5,天,皇,triple_cards,Doki Doki1-5 female_voice
1774694479088,1774694479088,元,元[もと],もと,もと,moto,"oryginał, pochodzenie",1,5,1-5,5,元,,triple_cards,Doki Doki1-5 female_voice
1774694479089,1774694479089,山奥,山[やま]奥[おく],やまおく,やまおく,yamaoku,w głębi gór,1,5,1-5,5,山,奥,triple_cards,Doki Doki1-5 female_voice
1774694479090,1774694479090,山,山[やま],やま,やま,yama,góra,1,5,1-5,5,山,,triple_cards,Doki Doki1-5 female_voice
1774694479091,1774694479091,富士山,富[ふ]士[じ]山[さん],ふじさん,ふじさん,fujisan,góra Fuji,1,5,1-5,5,山,富 士,triple_cards,Doki Doki1-5 female_voice
1774694479092,1774694479092,小川,小[お]川[がわ],おがわ,おがわ,ogawa,"mała rzeka, strumień",1,5,1-5,5,小 川,,triple_cards,Doki Doki1-5 female_voice
1774694479093,1774694479093,私立大学,私[し]立[りつ]大[だい]学[がく],しりつだいがく,しりつだいがく,shiritsudaigaku,prywatny uniwersytet,1,5,1-5,5,私 立 大 学,,triple_cards,Doki Doki1-5 female_voice
1774694479094,1774694479094,田んぼ,田[た]んぼ,たんぼ,たんぼ,tanbo,pole ryżowe,1,5,1-5,5,田,,triple_cards,Doki Doki1-5 female_voice
1774694479095,1774694479095,長女,長[ちょう]女[じょ],ちょうじょ,ちょうじょ,choujo,najstarsza córka,1,5,1-5,5,長 女,,triple_cards,Doki Doki1-5 female_voice
1774694479096,1774694479096,空,空[そら],そら,そら,sora,niebo,1,5,1-5,5,空,,triple_cards,Doki Doki1-5 female_voice
1774694479097,1774694479097,女の人,女[おんな]の人[ひと],おんなのひと,おんなのひと,onnanohito,kobieta,1,5,1-5,5,女 人,,triple_cards,Doki Doki1-5 female_voice
1774694479098,1774694479098,男子学生,男[だん]子[し]学[がく]生[せい],だんしがくせい,だんしがくせい,danshigakusei,student (mężczyzna),1,5,1-5,5,男 子 学 生,,triple_cards,Doki Doki1-5 female_voice
1774694479099,1774694479099,男の人,男[おとこ]の人[ひと],おとこのひと,おとこのひと,otokonohito,mężczyzna,1,5,1-5,5,男 人,,triple_cards,Doki Doki1-5 female_voice
1774694479100,1774694479100,見物,見[けん]物[ぶつ],けんぶつ,けんぶつ,kenbutsu,"zwiedzanie, oglądanie (konkretnej atrakcji/wydarzenia, przyglądanie się)",1,5,1-5,5,見 物,,triple_cards,Doki Doki1-5 female_voice
1774694479101,1774694479101,一行目,一[いち]行[ぎょう]目[め],いちぎょうめ,いちぎょうめ,ichigyoume,pierwsza linijka,1,5,1-5,5,一 行 目,,triple_cards,Doki Doki1-5 female_voice
1774694479103,1774694479103,来ない,来[こ]ない,こない,こない,konai,nie przychodzić,1,5,1-5,5,来,,triple_cards,Doki Doki1-5 female_voice
1774694479104,1774694479104,食事,食[しょく]事[じ],しょくじ,しょくじ,shokuji,posiłek,1,5,1-5,5,食 事,,triple_cards,Doki Doki1-5 female_voice
1774694479105,1774694479105,飲酒運転,飲[いん]酒[しゅ]運[うん]転[てん],いんしゅうんてん,いんしゅうんてん,inshuunten,jazda po spożyciu alkoholu,1,5,1-5,5,飲 運 転,酒,triple_cards,Doki Doki1-5 female_voice
1774702692808,1774702692808,得意,得[とく]意[い],とくい,とくい,tokui,"dobry w czymś, mocna strona",1,5,1-5,5,意,得,triple_cards,Doki Doki1-5 male_voice
1774702692809,1774702692809,果物,果[くだ]物[もの],くだもの,くだもの,kudamono,owoce,1,5,1-5,5,物,果,triple_cards,Doki Doki1-5 male_voice
1774703269723,1774703269723,真面目,真面目[まじめ],まじめ,まじめ,majime,"poważny, pilny",1,5,1-5,5,真 目,面,triple_cards,Doki Doki1-5 leech trudne
1774703269726,1774703269726,勇気,勇[ゆう]気[き],ゆうき,ゆうき,yuuki,odwaga,1,5,1-5,5,気,勇,triple_cards,Doki Doki1-5 leech trudne
1774703269730,1774703269730,考える,考[かんが]える,かんがえる,かんがえる,kangaeru,"myśleć, zastanawiać się, rozważać",1,5,1-5,5,考,,triple_cards,Doki Doki1-5 leech trudne
1774703269731,1774703269731,行動する,行[こう]動[どう]する,こうどうする,こうどうする,koudou suru,"działać, postępować",1,5,1-5,5,行 動,,triple_cards,Doki Doki1-5 leech trudne
1774703269732,1774703269732,自由,自[じ]由[ゆう],じゆう,じゆう,jiyuu,"wolność, swoboda",1,5,1-5,5,自,由,triple_cards,Doki Doki1-5 leech trudne
1774703269734,1774703269734,時間を守る,時[じ]間[かん]を守[まも]る,じかんをまもる,じかんをまもる,jikan o mamoru,"być punktualnym, dotrzymywać czasu",1,5,1-5,5,時 間,守,triple_cards,Doki Doki1-5
1774703269735,1774703269735,大切,大[たい]切[せつ],たいせつ,たいせつ,taisetsu,"ważny (emocjonalnie, cenne)",1,5,1-5,5,大 切,,triple_cards,Doki Doki1-5 leech
1774703269736,1774703269736,真っ直ぐ,真[ま]っ直[す]ぐ,まっすぐ,まっすぐ,massugu,prosto,1,5,1-5,5,真,直,triple_cards,Doki Doki1-5
1774703269738,1774703269738,動物の名前,動[どう]物[ぶつ]の名[な]前[まえ],どうぶつのなまえ,どうぶつのなまえ,doubutsu no namae,nazwy zwierząt,1,5,1-5,5,動 物 名 前,,triple_cards,Doki Doki1-5
1775895062104,1775895062104,上手い,上手[うま]い,うまい,うまい,umai,"zręczny, dobry (w czymś)",1,5,1-5,5,上 手,,triple_cards,Doki Doki1-5 male_voice
1775895062105,1775895062105,大人,大人[おとな],おとな,おとな,otona,dorosły,1,5,1-5,5,大 人,,triple_cards,Doki Doki1-5 male_voice
1775895062106,1775895062106,もう元気,もう元[げん]気[き],もうげんき,もうげんき,mou genki,"już zdrowy, już dobrze",1,5,1-5,5,元 気,,triple_cards,Doki Doki1-5 male_voice
1775899943443,1775899943443,性別,性[せい]別[べつ],せいべつ,せいべつ,seibetsu,płeć,1,5,1-5,5,別,性,triple_cards,Doki Doki1-5 female_voice
1775899943444,1775899943444,年,年[とし],とし,とし,toshi,wiek,1,5,1-5,5,年,,triple_cards,Doki Doki1-5 female_voice
1775899943453,1775899943453,畜生,畜[ちく]生[しょう],ちくしょう,ちくしょう,chikushou,cholera (przekleństwo),1,5,1-5,5,生,畜,triple_cards,Doki Doki1-5 female_voice
1775899943454,1775899943454,痛い,痛[いた]い,いたい,いたい,itai,boleć / bolesny,1,5,1-5,5,痛,,triple_cards,Doki Doki1-5 female_voice
1775899943461,1775899943461,旨味,旨[うま]味[み],うまみ,うまみ,umami,umami (jeden z pięciu smaków),1,5,1-5,5,味,旨,triple_cards,Doki Doki1-5 female_voice
1776505858084,1776505858084,全部,全[ぜん]部[ぶ],ぜんぶ,ぜんぶ,zenbu,"wszystko, całość",1,5,1-5,5,全 部,,triple_cards,Doki Doki1-5 female_voice
1776505858086,1776505858086,海豚,海豚[いるか],いるか,いるか,iruka,delfin,1,5,1-5,5,海,豚,triple_cards,Doki Doki1-5 female_voice
1776505858088,1776505858088,常用漢字,常[じょう]用[よう]漢[かん]字[じ],じょうようかんじ,じょうようかんじ,jōyō kanji,znaki kanji powszechnego użytku,1,5,1-5,5,漢 字,常 用,triple_cards,Doki Doki1-5 female_voice leech
1776960017343,1776960017343,知識,知[ち]識[しき],ちしき,ちしき,chishiki,wiedza,1,5,1-5,5,知,識,triple_cards,Doki Doki1-5 female_voice
1776960017345,1776960017345,質問,質[しつ]問[もん],しつもん,しつもん,shitsumon,pytanie,1,5,1-5,5,質 問,,triple_cards,Doki Doki1-5 female_voice
1776960017347,1776960017347,最初,最[さい]初[しょ],さいしょ,さいしょ,saisho,początek,1,5,1-5,5,最,初,triple_cards,Doki Doki1-5 female_voice leech
1777106089441,1777106089441,店,店[みせ],みせ,みせ,mise,"sklep, restauracja",1,5,1-5,5,店,,triple_cards,Doki Doki1-5
1777106089443,1777106089443,時間です,時[じ]間[かん]です,じかんです,じかんです,jikan desu,to jest czas / czas na,1,5,1-5,5,時 間,,triple_cards,Doki Doki1-5
1777110114853,1777110114853,出来る,出[で]来[き]る,できる,できる,dekiru,móc / potrafić,1,5,1-5,5,出 来,,triple_cards,Doki Doki1-5
1777110114855,1777110114855,白鳥,白[はく]鳥[ちょう],はくちょう,はくちょう,hakuchou,łabędź,1,5,1-5,5,白 鳥,,triple_cards,Doki Doki1-5 leech
1777110114856,1777110114856,自然,自[し]然[ぜん],しぜん,しぜん,shizen,natura / przyroda,1,5,1-5,5,自,然,triple_cards,Doki Doki1-5 leech
1777110114859,1777110114859,擬声語,擬[ぎ]声[せい]語[ご],ぎせいご,ぎせいご,giseigo,wyraz dźwiękonaśladowczy (głosy),1,5,1-5,5,声 語,擬,triple_cards,Doki Doki1-5 leech
1777110114860,1777110114860,擬音語,擬[ぎ]音[おん]語[ご],ぎおんご,ぎおんご,giongo,wyraz dźwiękonaśladowczy (dźwięki),1,5,1-5,5,音 語,擬,triple_cards,Doki Doki1-5
1777110114861,1777110114861,擬態語,擬[ぎ]態[たい]語[ご],ぎたいご,ぎたいご,gitaigo,wyraz mimetyczny,1,5,1-5,5,語,擬 態,triple_cards,Doki Doki1-5
1777110114862,1777110114862,強大,強[きょう]大[だい],きょうだい,きょうだい,kyoudai,potężny / ogromny,1,5,1-5,5,強 大,,triple_cards,Doki Doki1-5
1777110114863,1777110114863,空気,空[くう]気[き],くうき,くうき,kuuki,powietrze,1,5,1-5,5,空 気,,triple_cards,Doki Doki1-5
1777110114864,1777110114864,空気がおいしい,空[くう]気[き]がおいしい,くうきがおいしい,くうきがおいしい,kuuki ga oishii,powietrze jest rześkie / świeże powietrze,1,5,1-5,5,空 気,,triple_cards,Doki Doki1-5
1777719811525,1777719811525,右折,右[う]折[せつ],うせつ,うせつ,usetsu,skręt w prawo,1,6,1-6,6,右,折,triple_cards,Doki Doki1-6 male_voice
1777719811526,1777719811526,左右,左[さ]右[ゆう],さゆう,さゆう,sayū,lewa i prawa strona,1,6,1-6,6,左 右,,triple_cards,Doki Doki1-6 male_voice
1777719811527,1777719811527,右手,右[みぎ]手[て],みぎて,みぎて,migite,prawa ręka,1,6,1-6,6,右 手,,triple_cards,Doki Doki1-6 male_voice
1777719811528,1777719811528,左利き,左[ひだり]利[き]き,ひだりきき,ひだりきき,hidarikiki,leworęczny,1,6,1-6,6,左,利,triple_cards,Doki Doki1-6 male_voice
1777719811529,1777719811529,北西,北[ほく]西[せい],ほくせい,ほくせい,hokusei,północny zachód,1,6,1-6,6,北 西,,triple_cards,Doki Doki1-6 male_voice
1777719811531,1777719811531,関西地方,関[かん]西[さい]地[ち]方[ほう],かんさいちほう,かんさいちほう,Kansai chihō,region Kansai,1,6,1-6,6,西 地 方,関,triple_cards,Doki Doki1-6 male_voice
1777719811532,1777719811532,一生,一[いっ]生[しょう],いっしょう,いっしょう,isshō,całe życie,1,6,1-6,6,一 生,,triple_cards,Doki Doki1-6 female_voice
1777719811533,1777719811533,一度,一[いち]度[ど],いちど,いちど,ichido,jeden raz,1,6,1-6,6,一 度,,triple_cards,Doki Doki1-6 female_voice
1777719811534,1777719811534,生まれる,生[う]まれる,うまれる,うまれる,umareru,urodzić się,1,6,1-6,6,生,,triple_cards,Doki Doki1-6 male_voice
1777719811535,1777719811535,赤ちゃん,赤[あか]ちゃん,あかちゃん,あかちゃん,akachan,niemowlę,1,6,1-6,6,赤,,triple_cards,Doki Doki1-6 leech male_voice
1777719811536,1777719811536,東口,東[ひがし]口[ぐち],ひがしぐち,ひがしぐち,higashiguchi,wyjście wschodnie,1,6,1-6,6,東 口,,triple_cards,Doki Doki1-6 male_voice
1777719811537,1777719811537,右利き,右[みぎ]利[き]き,みぎきき,みぎきき,migikiki,praworęczny,1,6,1-6,6,右,利,triple_cards,Doki Doki1-6 male_voice
1777719811538,1777719811538,学ぶ,学[まな]ぶ,まなぶ,まなぶ,manabu,uczyć się / zdobywać wiedzę &nbsp;/ studiować,1,6,1-6,6,学,,triple_cards,Doki Doki1-6 male_voice
1777719811539,1777719811539,国会,国[こっ]会[かい],こっかい,こっかい,kokkai,parlament,1,6,1-6,6,国 会,,triple_cards,Doki Doki1-6 male_voice
1777719811540,1777719811540,世界,世[せ]界[かい],せかい,せかい,sekai,świat,1,6,1-6,6,世 界,,triple_cards,Doki Doki1-6 female_voice
1777719811541,1777719811541,人口,人[じん]口[こう],じんこう,じんこう,jinkō,populacja,1,6,1-6,6,人 口,,triple_cards,Doki Doki1-6 female_voice
1777719811542,1777719811542,北口,北[きた]口[ぐち],きたぐち,きたぐち,kitaguchi,wyjście północne,1,6,1-6,6,北 口,,triple_cards,Doki Doki1-6 male_voice
1777719811543,1777719811543,入口,入[いり]口[ぐち],いりぐち,いりぐち,iriguchi,wejście,1,6,1-6,6,入 口,,triple_cards,Doki Doki1-6 female_voice
1777719811544,1777719811544,東南アジア,東[とう]南[なん]アジア,とうなんアジア,とうなんあじあ,tōnan ajia,Azja Południowo-Wschodnia,1,6,1-6,6,東 南,,triple_cards,Doki Doki1-6 male_voice
1777719811546,1777719811546,南口,南[みなみ]口[ぐち],みなみぐち,みなみぐち,minamiguchi,wyjście południowe,1,6,1-6,6,南 口,,triple_cards,Doki Doki1-6 male_voice
1777719811547,1777719811547,東北地方,東[とう]北[ほく]地[ち]方[ほう],とうほくちほう,とうほくちほう,tōhoku chihō,region Tohoku,1,6,1-6,6,東 北 地 方,,triple_cards,Doki Doki1-6 male_voice
1777719811548,1777719811548,地震,地[じ]震[しん],じしん,じしん,jishin,trzęsienie ziemi,1,6,1-6,6,地,震,triple_cards,Doki Doki1-6 male_voice
1777719811550,1777719811550,外出,外[がい]出[しゅつ],がいしゅつ,がいしゅつ,gaishutsu,wyjście z domu,1,6,1-6,6,外 出,,triple_cards,Doki Doki1-6 male_voice
1777719811551,1777719811551,出席,出[しゅっ]席[せき],しゅっせき,しゅっせき,shusseki,obecność,1,6,1-6,6,出,席,triple_cards,Doki Doki1-6 male_voice
1777719811552,1777719811552,出口,出[で]口[ぐち],でぐち,でぐち,deguchi,wyjście,1,6,1-6,6,出 口,,triple_cards,Doki Doki1-6 female_voice
1777719811553,1777719811553,入院,入[にゅう]院[いん],にゅういん,にゅういん,nyūin,hospitalizacja,1,6,1-6,6,入 院,,triple_cards,Doki Doki1-6 female_voice
1777719811554,1777719811554,入れる,入[い]れる,いれる,いれる,ireru,"wkładać, umieszczać",1,6,1-6,6,入,,triple_cards,Doki Doki1-6 female_voice
1777719811556,1777719811556,先輩,先[せん]輩[ぱい],せんぱい,せんぱい,senpai,"starszy kolega, bardziej doświadczona osoba",1,6,1-6,6,先,輩,triple_cards,Doki Doki1-6 female_voice
1777719811557,1777719811557,先,先[さき],さき,さき,saki,"przód, wcześniej, naprzód",1,6,1-6,6,先,,triple_cards,Doki Doki1-6 female_voice
1778319627132,1778319627132,文法,文[ぶん]法[ぽう],ぶんぽう,ぶんぽう,bunpō,gramatyka,1,6,1-6,6,文,法,triple_cards,Doki Doki1-6 male_voice
1778319627133,1778319627133,復習,復[ふく]習[しゅう],ふくしゅう,ふくしゅう,fukushū,"powtórka, powtórzenie materiału",1,6,1-6,6,習,復,triple_cards,Doki Doki1-6 leech male_voice
1778319627134,1778319627134,単語,単[たん]語[ご],たんご,たんご,tango,słowo / słownictwo,1,6,1-6,6,語,単,triple_cards,Doki Doki1-6 male_voice
1778319627135,1778319627135,有名,有[ゆう]名[めい],ゆうめい,ゆうめい,yūmei,sławny / znany,1,6,1-6,6,有 名,,triple_cards,Doki Doki1-6 male_voice
1778319627136,1778319627136,床屋,床[とこ]屋[や],とこや,とこや,tokoya,fryzjer męski / zakład fryzjerski,1,6,1-6,6,屋,床,triple_cards,Doki Doki1-6 male_voice
1778319627137,1778319627137,一週間,一[いっ]週[しゅう]間[かん],いっしゅうかん,いっしゅうかん,isshūkan,jeden tydzień,1,6,1-6,6,一 週 間,,triple_cards,Doki Doki1-6 male_voice
1778319627139,1778319627139,日によって違います,日[ひ]によって違[ちが]います,ひによってちがいます,ひによってちがいます,hi ni yotte chigaimasu,zależy od dnia,1,6,1-6,6,日,違,triple_cards,Doki Doki1-6 male_voice
1778319627140,1778319627140,一年の中,一[いち]年[ねん]の中[なか],いちねんのなか,いちねんのなか,ichinen no naka,"w ciągu roku / w roku, spośród całego roku, w skali roku",1,6,1-6,6,一 年 中,,triple_cards,Doki Doki1-6 male_voice
1778319627141,1778319627141,態度が悪い,態[たい]度[ど]が悪[わる]い,たいどがわるい,たいどがわるい,taido ga warui,złe nastawienie / złe zachowanie,1,6,1-6,6,度 悪,態,triple_cards,Doki Doki1-6 leech male_voice
1778319627142,1778319627142,郵便屋さん,郵[ゆう]便[びん]屋[や]さん,ゆうびんやさん,ゆうびんやさん,yūbin'yasan,listonosz,1,6,1-6,6,屋,郵 便,triple_cards,Doki Doki1-6 male_voice
1778319627144,1778319627144,未来,未[み]来[らい],みらい,みらい,mirai,przyszłość (ogólna),1,6,1-6,6,来,未,triple_cards,Doki Doki1-6 male_voice
1778319627146,1778319627146,例文,例[れい]文[ぶん],れいぶん,れいぶん,reibun,zdanie przykładowe,1,6,1-6,6,文,例,triple_cards,Doki Doki1-6 male_voice
1778319627148,1778319627148,私達,私[わたし]達[たち],わたしたち,わたしたち,watashitachi,my,1,6,1-6,6,私,達,triple_cards,Doki Doki1-6 male_voice
1778428548817,1778428548817,円,円[えん],えん,えん,en,jen,1,6,1-6,6,円,,triple_cards,Doki Doki1-6
1778428548822,1778428548822,常盤木,常[とき]盤[わ]木[ぎ],ときわぎ,ときわぎ,tokiwagi,liście laurowe,1,6,1-6,6,木,常 盤,triple_cards,Doki Doki1-6
1778428548824,1778428548824,歯車,歯[は]車[ぐるま],はぐるま,はぐるま,haguruma,koło zębate,1,6,1-6,6,車,歯,triple_cards,Doki Doki1-6
1778428548826,1778428548826,若木,若[わか]木[ぎ],わかぎ,わかぎ,wakagi,młode drzewko,1,6,1-6,6,木,若,triple_cards,Doki Doki1-6 leech
1778924021480,1778924021480,病気,病[びょう]気[き],びょうき,びょうき,byōki,"choroba, chory ~の",1,6,1-6,6,病 気,,triple_cards,Doki Doki1-6 male_voice
1778924021481,1778924021481,最近,最[さい]近[きん],さいきん,さいきん,saikin,ostatnio,1,6,1-6,6,最 近,,triple_cards,Doki Doki1-6 male_voice
1778924021483,1778924021483,南西,南[なん]西[せい],なんせい,なんせい,nansei,południowy zachód,1,6,1-6,6,南 西,,triple_cards,Doki Doki1-6 male_voice
1778924021484,1778924021484,北東,北[ほく]東[とう],ほくとう,ほくとう,hokutō,północny wschód,1,6,1-6,6,北 東,,triple_cards,Doki Doki1-6 leech male_voice
1778924021485,1778924021485,南東,南[なん]東[とう],なんとう,なんとう,nantō,południowy wschód,1,6,1-6,6,南 東,,triple_cards,Doki Doki1-6 male_voice
1778924021486,1778924021486,多い,多[おお]い,おおい,おおい,ōi,"dużo, liczny",1,6,1-6,6,多,,triple_cards,Doki Doki1-6 male_voice
1778924021487,1778924021487,歌,歌[うた],うた,うた,uta,piosenka,1,6,1-6,6,歌,,triple_cards,Doki Doki1-6 male_voice
1778924931342,1778924931342,手袋,手[て]袋[ぶくろ],てぶくろ,てぶくろ,tebukuro,rękawiczki,1,6,1-6,6,手,袋,triple_cards,Doki Doki1-6
1778924931343,1778924931343,靴下,靴[くつ]下[した],くつした,くつした,kutsushita,skarpetki,1,6,1-6,6,下,靴,triple_cards,Doki Doki1-6
1778924931344,1778924931344,下着,下[した]着[ぎ],したぎ,したぎ,shitagi,bielizna,1,6,1-6,6,下 着,,triple_cards,Doki Doki1-6
1778924931345,1778924931345,水着,水[みず]着[ぎ],みずぎ,みずぎ,mizugi,strój kąpielowy,1,6,1-6,6,水 着,,triple_cards,Doki Doki1-6
1778924931351,1778924931351,試着する,試[し]着[ちゃく]する,しちゃくする,しちゃくする,shichaku suru,przymierzać (ubrania),1,6,1-6,6,試 着,,triple_cards,Doki Doki1-6 leech
1779523778974,1779523778974,臨床心理士,臨[りん]床[しょう]心[しん]理[り]士[し],りんしょうしんりし,りんしょうしんりし,rinshōshinrishi,psycholog kliniczny,1,6,1-6,6,心 理,臨 床 士,triple_cards,Doki Doki1-6 leech
1779523778977,1779523778977,口に合う,口[くち]に合[あ]う,くちにあう,くちにあう,kuchi ni au,"smakować (komuś), trafiać w (czyjś) gust",1,6,1-6,6,口,合,triple_cards,Doki Doki1-6
1779524063505,1779524063505,退職者,退[たい]職[しょく]者[しゃ],たいしょくしゃ,たいしょくしゃ,taishokusha,emeryt,1,6,1-6,6,者,退 職,triple_cards,Doki Doki1-6
1780984776078,1780984776078,問題,問[もん]題[だい],もんだい,もんだい,mondai,"problem, zagadnienie, ćwiczenie",1,6,1-6,6,問 題,,triple_cards,Doki Doki1-6
1780984776080,1780984776080,人生,人[じん]生[せい],じんせい,じんせい,jinsei,ludzkie życie,1,6,1-6,6,人 生,,triple_cards,Doki Doki1-6 leech
1780984776081,1780984776081,卒業する,卒[そつ]業[ぎょう]する,そつぎょうする,そつぎょうする,sotsugyō suru,kończyć szkołę,1,6,1-6,6,卒 業,,triple_cards,Doki Doki1-6
1780984776082,1780984776082,卒業式,卒[そつ]業[ぎょう]式[しき],そつぎょうしき,そつぎょうしき,sotsugyōshiki,ceremonia ukończenia szkoły,1,6,1-6,6,卒 業,式,triple_cards,Doki Doki1-6
1780984776083,1780984776083,卒業生,卒[そつ]業[ぎょう]生[せい],そつぎょうせい,そつぎょうせい,sotsugyōsei,absolwent,1,6,1-6,6,卒 業 生,,triple_cards,Doki Doki1-6
1780984776084,1780984776084,電話をかける,電話[でんわ]をかける,でんわをかける,でんわをかける,denwa o kakeru,dzwonić,1,6,1-6,6,電 話,,triple_cards,Doki Doki1-6
1780984776087,1780984776087,広い,広[ひろ]い,ひろい,ひろい,hiroi,szeroki / przestronny,1,6,1-6,6,広,,triple_cards,Doki Doki1-6
1780984776100,1780984776100,心,心[こころ],こころ,こころ,kokoro,serce,1,6,1-6,6,心,,triple_cards,Doki Doki1-6
1780984776106,1780984776106,本当に,本[ほん]当[とう]に,ほんとうに,ほんとうに,hontō ni,naprawdę,1,6,1-6,6,本 当,,triple_cards,Doki Doki1-6
1780984776108,1780984776108,見える,見[み]える,みえる,みえる,mieru,wyglądać / być widocznym / widać,1,6,1-6,6,見,,triple_cards,Doki Doki1-6
1780984776111,1780984776111,足す,足[た]す,たす,たす,tasu,plus / dodawać,1,6,1-6,6,足,,triple_cards,Doki Doki1-6
1780984776116,1780984776116,一日中,一日中[いちにちじゅう],いちにちじゅう,いちにちじゅう,ichinichijū,przez cały dzień,1,6,1-6,6,一 日 中,,triple_cards,Doki Doki1-6
1781343185324,1781343185324,思い出,思[おも]い出[で],おもいで,おもいで,omoide,wspomnienie,1,6,1-6,6,思 出,,triple_cards,Doki Doki1-6
1781343185326,1781343185326,食堂,食[しょく]堂[どう],しょくどう,しょくどう,shokudō,stołówka / jadalnia,1,6,1-6,6,食 堂,,triple_cards,Doki Doki1-6
1781343185327,1781343185327,居心地,居[い]心[ご]地[こち],いごこち,いごこち,igokochi,samopoczucie (w jakimś miejscu),1,6,1-6,6,心 地,居,triple_cards,Doki Doki1-6
1781343185328,1781343185328,居心地がいい,居[い]心[ご]地[こち]がいい,いごこちがいい,いごこちがいい,igokochi ga ii,przytulny / dobrze się czuć,1,6,1-6,6,心 地,居,triple_cards,Doki Doki1-6
1781343185329,1781343185329,寝室,寝[しん]室[しつ],しんしつ,しんしつ,shinshitsu,sypialnia,1,6,1-6,6,室,寝,triple_cards,Doki Doki1-6
1781343185330,1781343185330,地図,地[ち]図[ず],ちず,ちず,chizu,mapa,1,6,1-6,6,地 図,,triple_cards,Doki Doki1-6
1781519740960,1781519740960,お弁当,お弁[べん]当[とう],おべんとう,おべんとう,obentō,bento (japoński lunch),2,7,2-7,7,当,弁,triple_cards_new,Doki Doki2-7
1781519740961,1781519740961,会議,会[かい]議[ぎ],かいぎ,かいぎ,kaigi,"spotkanie, zebranie, konferencja",2,7,2-7,7,会,議,triple_cards_new,Doki Doki2-7
1781519740963,1781519740963,今朝,今[け]朝[さ],けさ,けさ,kesa,dziś rano,2,7,2-7,7,今 朝,,triple_cards_new,Doki Doki2-7
1781519740966,1781519740966,税金,税[ぜい]金[きん],ぜいきん,ぜいきん,zeikin,podatek,2,7,2-7,7,金,税,triple_cards_new,Doki Doki2-7
1781519740968,1781519740968,夜遅く,夜[よる]遅[おそ]く,よるおそく,よるおそく,yoru osoku,"późno w nocy, do późna w nocy",2,7,2-7,7,夜,遅,triple_cards_new,Doki Doki2-7
1781519740969,1781519740969,朝早く,朝[あさ]早[はや]く,あさはやく,あさはやく,asa hayaku,wcześnie rano,2,7,2-7,7,朝 早,,triple_cards_new,Doki Doki2-7
1781519740979,1781519740979,文化,文[ぶん]化[か],ぶんか,ぶんか,bunka,kultura,2,7,2-7,7,文,化,triple_cards_new,Doki Doki2-7
1781519740984,1781519740984,動物園,動[どう]物[ぶつ]園[えん],どうぶつえん,どうぶつえん,dōbutsuen,zoo,2,7,2-7,7,動 物,園,triple_cards_new,Doki Doki2-7
1781519740987,1781519740987,美容院,美[び]容[よう]院[いん],びよういん,びよういん,biyōin,"salon fryzjerski (damski), salon urody damskiej",2,7,2-7,7,院,美 容,triple_cards_new,Doki Doki2-7
1781519740990,1781519740990,言う,言[い]う,いう,いう,iu,mówić (!= はなす),2,7,2-7,7,言,,triple_cards_new,Doki Doki2-7
1781519740991,1781519740991,思う,思[おも]う,おもう,おもう,omou,myśleć,2,7,2-7,7,思,,triple_cards_new,Doki Doki2-7
1781519740992,1781519740992,切る,切[き]る,きる,きる,kiru,"ciąć, kroić",2,7,2-7,7,切,,triple_cards_new,Doki Doki2-7
1781519740994,1781519740994,持っていく,持[も]っていく,もっていく,もっていく,motteiku,zabrać ze sobą (rzecz),2,7,2-7,7,持,,triple_cards_new,Doki Doki2-7
1781519741005,1781519741005,連絡する,連[れん]絡[らく]する,れんらくする,れんらくする,renrakusuru,kontaktować się,2,7,2-7,7,連,絡,triple_cards_new,Doki Doki2-7
1781519741007,1781519741007,運動する,運[うん]動[どう]する,うんどうする,うんどうする,undōsuru,ćwiczyć fizycznie,2,7,2-7,7,運 動,,triple_cards_new,Doki Doki2-7
1781519741009,1781519741009,練習する,練[れん]習[しゅう]する,れんしゅうする,れんしゅうする,renshūsuru,ćwiczyć (trenować),2,7,2-7,7,習,練,triple_cards_new,Doki Doki2-7
1781519741011,1781519741011,笑う,笑[わら]う,わらう,わらう,warau,śmiać się,2,7,2-7,7,笑,,triple_cards_new,Doki Doki2-7
1781519741017,1781519741017,年とった,年[とし]とった,としとった,としとった,toshitotta,stary (o osobie),2,7,2-7,7,年,,triple_cards_new,Doki Doki2-7
1781519741019,1781519741019,楽しみ,楽[たの]しみ,たのしみ,たのしみ,tanoshimi,"czekający z niecierpliwością, wyczekiwany",2,7,2-7,7,楽,,triple_cards_new,Doki Doki2-7
1781519741020,1781519741020,普通,普[ふ]通[つう],ふつう,ふつう,futsū,"zwykły, normalny",2,7,2-7,7,通,普,triple_cards_new,Doki Doki2-7
1781519741021,1781519741021,意地悪,意[い]地[じ]悪[わる],いじわる,いじわる,ijiwaruna,"złośliwy, okrutny",2,7,2-7,7,意 地 悪,,triple_cards_new,Doki Doki2-7
1781519741023,1781519741023,不便,不[ふ]便[べん],ふべん,ふべん,fuben,niewygodny,2,7,2-7,7,不,便,triple_cards_new,Doki Doki2-7
1781519741024,1781519741024,紙,紙[かみ],かみ,かみ,kami,papier,2,7,2-7,7,紙,,triple_cards_new,Doki Doki2-7
1781519741029,1781519741029,手帳,手[て]帳[ちょう],てちょう,てちょう,techō,"notes, kalendarzyk",2,7,2-7,7,手,帳,triple_cards_new,Doki Doki2-7
1781519741034,1781519741034,画用紙,画[が]用[よう]紙[し],がようし,がようし,gayōshi,"brystol, papier rysunkowy",2,7,2-7,7,画 紙,用,triple_cards_new,Doki Doki2-7
1781519741038,1781519741038,色鉛筆,色[いろ]鉛[えん]筆[ぴつ],いろえんぴつ,いろえんぴつ,iroenpitsu,kredki ołówkowe,2,7,2-7,7,色,鉛 筆,triple_cards_new,Doki Doki2-7
1781519741044,1781519741044,電子辞書,電[でん]子[し]辞[じ]書[しょ],でんしじしょ,でんしじしょ,denshijisho,słownik elektroniczny,2,7,2-7,7,電 子 書,辞,triple_cards_new,Doki Doki2-7
1781519741047,1781519741047,電子レンジ,電[でん]子[し]レンジ,でんしレンジ,でんしれんじ,denshirenji,mikrofalówka,2,7,2-7,7,電 子,,triple_cards_new,Doki Doki2-7
1781519741048,1781519741048,携帯電話,携[けい]帯[たい]電[でん]話[わ],けいたいでんわ,けいたいでんわ,keitaidenwa,telefon komórkowy,2,7,2-7,7,電 話,携 帯,triple_cards_new,Doki Doki2-7
1781519741053,1781519741053,充電器,充[じゅう]電[でん]器[き],じゅうでんき,じゅうでんき,jūdenki,ładowarka,2,7,2-7,7,電,充 器,triple_cards_new,Doki Doki2-7
1781519741054,1781519741054,電化製品,電[でん]化[か]製[せい]品[ひん],でんかせいひん,でんかせいひん,denkaseihin,sprzęt AGD/RTV,2,7,2-7,7,電 品,化 製,triple_cards_new,Doki Doki2-7 leech
1781519741055,1781519741055,文房具,文[ぶん]房[ぼう]具[ぐ],ぶんぼうぐ,ぶんぼうぐ,bunbōgu,artykuły biurowe/papiernicze,2,7,2-7,7,文,房 具,triple_cards_new,Doki Doki2-7
1781545234685,1781545234685,試験,試験[しけん],しけん,しけん,shiken,egzamin,2,8,2-8,8,試 験,,triple_cards_new,Doki Doki2-8
1781545234686,1781545234686,電池,電池[でんち],でんち,でんち,denchi,bateria,2,8,2-8,8,電,池,triple_cards_new,Doki Doki2-8
1781545234690,1781545234690,有名人,有[ゆう]名[めい]人[じん],ゆうめいじん,ゆうめいじん,yūmeijin,celebryta,2,8,2-8,8,有 名 人,,triple_cards_new,Doki Doki2-8
1781545234692,1781545234692,お金持ち,お金[かね]持[も]ち,おかねもち,おかねもち,okanemochi,bogacz,2,8,2-8,8,金 持,,triple_cards_new,Doki Doki2-8
1781545234694,1781545234694,生活,生[せい]活[かつ],せいかつ,せいかつ,seikatsu,"życie, życie codzienne",2,8,2-8,8,生 活,,triple_cards_new,Doki Doki2-8
1781545234695,1781545234695,学期,学[がっ]期[き],がっき,がっき,gakki,semestr,2,8,2-8,8,学,期,triple_cards_new,Doki Doki2-8
1781545234703,1781545234703,後,後[あと],あと,あと,ato,potem,2,8,2-8,8,後,,triple_cards_new,Doki Doki2-8
1781545234708,1781545234708,お疲れ様,お疲[つか]れ様[さま],おつかれさま,おつかれさま,otsukaresama,dziękuję za dzisiaj (dobra robota),2,8,2-8,8,様,疲,triple_cards_new,Doki Doki2-8
1781545234709,1781545234709,始まる,始[はじ]まる,はじまる,はじまる,hajimaru,zaczynać się,2,8,2-8,8,始,,triple_cards_new,Doki Doki2-8
1781545234717,1781545234717,感動する,感[かん]動[どう]する,かんどうする,かんどうする,kandō suru,"być poruszonym, wzruszyć się",2,8,2-8,8,動,感,triple_cards_new,Doki Doki2-8
1781545234720,1781545234720,見つける,見[み]つける,みつける,みつける,mitsukeru,znaleźć,2,8,2-8,8,見,,triple_cards_new,Doki Doki2-8
1781545234724,1781545234724,咳が出る,咳[せき]が出[で]る,せきがでる,せきがでる,seki ga deru,kaszleć,2,8,2-8,8,出,咳,triple_cards_new,Doki Doki2-8
1781545234726,1781545234726,払う,払[はら]う,はらう,はらう,harau,płacić,2,8,2-8,8,払,,triple_cards_new,Doki Doki2-8
1781545234727,1781545234727,無くす,無[な]くす,なくす,なくす,nakusu,zgubić,2,8,2-8,8,無,,triple_cards_new,Doki Doki2-8
1781545234729,1781545234729,充電する,充[じゅう]電[でん]する,じゅうでんする,じゅうでんする,jūden suru,ładować (baterie),2,8,2-8,8,電,充,triple_cards_new,Doki Doki2-8
1781545234731,1781545234731,電池が切れる,電[でん]池[ち]が切[き]れる,でんちがきれる,でんちがきれる,denchi ga kireru,bateria się rozładowuje,2,8,2-8,8,電 切,池,triple_cards_new,Doki Doki2-8
1781545234744,1781545234744,大事,大[だい]事[じ],だいじ,だいじ,daiji,ważny (obiektywnie),2,8,2-8,8,大 事,,triple_cards_new,Doki Doki2-8
1781545234745,1781545234745,駄目,駄[だ]目[め],だめ,だめ,dame,"niedobry, niedozwolony",2,8,2-8,8,目,駄,triple_cards_new,Doki Doki2-8
1781545234753,1781545234753,人参,人[にん]参[じん],にんじん,にんじん,ninjin,marchewka,2,8,2-8,8,人,参,triple_cards_new,Doki Doki2-8
1781545234754,1781545234754,茄子,茄子[なす],なす,なす,nasu,bakłażan,2,8,2-8,8,子,茄,triple_cards_new,Doki Doki2-8
1781545234764,1781545234764,洋梨,洋[よう]梨[なし],ようなし,ようなし,yōnashi,gruszka,2,8,2-8,8,洋,梨,triple_cards_new,Doki Doki2-8
1781545234765,1781545234765,西瓜,西瓜[すいか],すいか,すいか,suika,arbuz,2,8,2-8,8,西,瓜,triple_cards_new,Doki Doki2-8
1781545234767,1781545234767,柚子,柚子[ゆず],ゆず,ゆず,yuzu,yuzu,2,8,2-8,8,子,柚,triple_cards_new,Doki Doki2-8
1781597269805,1781597269805,今学期,今[こん]学[がっ]期[き],こんがっき,こんがっき,kongakki,obecny semestr,2,9,2-9,9,今 学,期,triple_cards_new,Doki Doki2-9
1781597269806,1781597269806,来学期,来[らい]学[がっ]期[き],らいがっき,らいがっき,raigakki,przyszły semestr,2,9,2-9,9,来 学,期,triple_cards_new,Doki Doki2-9
1781597269807,1781597269807,先学期,先[せん]学[がっ]期[き],せんがっき,せんがっき,sengakki,poprzedni semestr,2,9,2-9,9,先 学,期,triple_cards_new,Doki Doki2-9
1781597269810,1781597269810,社長,社[しゃ]長[ちょう],しゃちょう,しゃちょう,shachō,szef,2,9,2-9,9,社 長,,triple_cards_new,Doki Doki2-9
1781597269811,1781597269811,歌手,歌[か]手[しゅ],かしゅ,かしゅ,kashu,piosenkarz,2,9,2-9,9,歌 手,,triple_cards_new,Doki Doki2-9
1781597269816,1781597269816,歌舞伎,歌[か]舞[ぶ]伎[き],かぶき,かぶき,kabuki,teatr kabuki,2,9,2-9,9,歌,舞 伎,triple_cards_new,Doki Doki2-9
1781597269817,1781597269817,緑茶,緑[りょく]茶[ちゃ],りょくちゃ,りょくちゃ,ryokucha,zielona herbata,2,9,2-9,9,茶,緑,triple_cards_new,Doki Doki2-9
1781597269819,1781597269819,花瓶,花[か]瓶[びん],かびん,かびん,kabin,wazon,2,9,2-9,9,花,瓶,triple_cards_new,Doki Doki2-9
1781597269825,1781597269825,言語,言[げん]語[ご],げんご,げんご,gengo,język,2,9,2-9,9,言 語,,triple_cards_new,Doki Doki2-9
1781597269834,1781597269834,習う,習[なら]う,ならう,ならう,narau,"uczyć się, zdobywać umiejętność (od kogoś)",2,9,2-9,9,習,,triple_cards_new,Doki Doki2-9
1781597269838,1781597269838,留学する,留[りゅう]学[がく]する,りゅうがくする,りゅうがくする,ryūgaku suru,być na wymianie zagranicznej,2,9,2-9,9,留 学,,triple_cards_new,Doki Doki2-9
1781597269840,1781597269840,楽しむ,楽[たの]しむ,たのしむ,たのしむ,tanoshimu,bawić się dobrze,2,9,2-9,9,楽,,triple_cards_new,Doki Doki2-9
1781597269849,1781597269849,都合が悪い,都[つ]合[ごう]が悪[わる]い,つごうがわるい,つごうがわるい,tsugō ga warui,dosł. “warunki są złe” : Niepasujący (np. termin),2,9,2-9,9,悪,都 合,triple_cards_new,Doki Doki2-9
1781597269854,1781597269854,自動販売機,自[じ]動[どう]販[はん]売[ばい]機[き],じどうはんばいき,じどうはんばいき,jidōhanbaiki,automat do sprzedaży,2,9,2-9,9,自 動 売,販 機,triple_cards_new,Doki Doki2-9
1781597269855,1781597269855,商店街,商[しょう]店[てん]街[がい],しょうてんがい,しょうてんがい,shōtengai,pasaż handlowy,2,9,2-9,9,店,商 街,triple_cards_new,Doki Doki2-9
1781597269857,1781597269857,行列,行[ぎょう]列[れつ],ぎょうれつ,ぎょうれつ,gyōretsu,kolejka,2,9,2-9,9,行,列,triple_cards_new,Doki Doki2-9
1781597269859,1781597269859,お金をおろす,お金[かね]をおろす,おかねをおろす,おかねをおろす,okane o orosu,wyciągać pieniądze,2,9,2-9,9,金,,triple_cards_new,Doki Doki2-9
1781597269861,1781597269861,小銭,小[こ]銭[ぜに],こぜに,こぜに,kozeni,drobne,2,9,2-9,9,小,銭,triple_cards_new,Doki Doki2-9
1781597269863,1781597269863,両替,両[りょう]替[がえ],りょうがえ,りょうがえ,ryōgae,wymiana waluty,2,9,2-9,9,両,替,triple_cards_new,Doki Doki2-9
1781597269864,1781597269864,送金,送[そう]金[きん],そうきん,そうきん,sōkin,"przekaz pieniężny, przelew",2,9,2-9,9,金,送,triple_cards_new,Doki Doki2-9
1781597269865,1781597269865,貯金,貯[ちょ]金[きん],ちょきん,ちょきん,chokin,"oszczędności, oszczędzanie pieniędzy",2,9,2-9,9,金,貯,triple_cards_new,Doki Doki2-9
1781597269866,1781597269866,口座,口[こう]座[ざ],こうざ,こうざ,kōza,konto bankowe,2,9,2-9,9,口,座,triple_cards_new,Doki Doki2-9
1781597269867,1781597269867,無駄遣い,無[む]駄[だ]遣[づか]い,むだづかい,むだづかい,mudazukai,"marnowanie pieniędzy, rozrzutność",2,9,2-9,9,無,駄 遣,triple_cards_new,Doki Doki2-9
1781597269868,1781597269868,銀行カード,銀[ぎん]行[こう]カード,ぎんこうカード,ぎんこうかーど,ginkō kādo,karta bankowa,2,9,2-9,9,行,銀,triple_cards_new,Doki Doki2-9
1781597269876,1781597269876,荷物をまとめる,荷[に]物[もつ]をまとめる,にもつをまとめる,にもつをまとめる,nimotsu o matomeru,"pakować bagaż, zbierać rzeczy",2,9,2-9,9,物,荷,triple_cards_new,Doki Doki2-9
1781597269878,1781597269878,遠足,遠[えん]足[そく],えんそく,えんそく,ensoku,"wycieczka szkolna, piesza wycieczka",2,9,2-9,9,足,遠,triple_cards_new,Doki Doki2-9
1781599221295,1781599221295,意味,意[い]味[み],いみ,いみ,imi,znaczenie,2,10,2-10,10,意 味,,triple_cards_new,Doki Doki2-10
1781599221301,1781599221301,体,体[からだ],からだ,からだ,karada,ciało,2,10,2-10,10,体,,triple_cards_new,Doki Doki2-10
1781599221303,1781599221303,試合,試[し]合[あい],しあい,しあい,shiai,mecz,2,10,2-10,10,試,合,triple_cards_new,Doki Doki2-10
1781599221304,1781599221304,絶対に,絶[ぜっ]対[たい]に,ぜったいに,ぜったいに,zettaini,"koniecznie (absolutnie, na 100%, pod żadnym pozorem)",2,10,2-10,10,絶 対,,triple_cards_new,Doki Doki2-10
1781599221306,1781599221306,この前,この前[まえ],このまえ,このまえ,kono mae,jakiś czas temu,2,10,2-10,10,前,,triple_cards_new,Doki Doki2-10
1781599221310,1781599221310,言葉,言葉[ことば],ことば,ことば,kotoba,"język, słowa, wyraz",2,10,2-10,10,言,葉,triple_cards_new,Doki Doki2-10
1781599221311,1781599221311,最低気温,最[さい]低[てい]気[き]温[おん],さいていきおん,さいていきおん,saitei kion,najniższa temperatura,2,10,2-10,10,最 気,低 温,triple_cards_new,Doki Doki2-10
1781599221312,1781599221312,最高気温,最[さい]高[こう]気[き]温[おん],さいこうきおん,さいこうきおん,saikou kion,najwyższa temperatura,2,10,2-10,10,最 高 気,温,triple_cards_new,Doki Doki2-10
1781599221319,1781599221319,見せる,見[み]せる,みせる,みせる,miseru,pokazywać,2,10,2-10,10,見,,triple_cards_new,Doki Doki2-10
1781599221322,1781599221322,聞こえる,聞[き]こえる,きこえる,きこえる,kikoeru,być słyszalnym,2,10,2-10,10,聞,,triple_cards_new,Doki Doki2-10
1781599221323,1781599221323,興味がある,興[きょう]味[み]がある,きょうみがある,きょうみがある,kyoumi ga aru,interesować się,2,10,2-10,10,味,興,triple_cards_new,Doki Doki2-10
1781599221325,1781599221325,質問する,質[しつ]問[もん]する,しつもんする,しつもんする,shitsumon suru,zadawać pytanie,2,10,2-10,10,質 問,,triple_cards_new,Doki Doki2-10
1781599221333,1781599221333,四角い,四[し]角[かく]い,しかくい,しかくい,shikakui,kwadratowy,2,10,2-10,10,四,角,triple_cards_new,Doki Doki2-10
1781599221334,1781599221334,強い,強[つよ]い,つよい,つよい,tsuyoi,silny,2,10,2-10,10,強,,triple_cards_new,Doki Doki2-10
1781599221337,1781599221337,晴れ時々曇り,晴[は]れ時々[ときどき]曇[くも]り,はれときどきくもり,はれときどきくもり,hare tokidoki kumori,pochmurno z przejaśnieniami,2,10,2-10,10,時,晴 曇,triple_cards_new,Doki Doki2-10
1781599221343,1781599221343,天気予報,天[てん]気[き]予[よ]報[ほう],てんきよほう,てんきよほう,tenki yohō,prognoza pogody,2,10,2-10,10,天 気,予 報,triple_cards_new,Doki Doki2-10 Doki2-7
1781599221350,1781599221350,植物,植[しょく]物[ぶつ],しょくぶつ,しょくぶつ,shokubutsu,roślinność,2,10,2-10,10,物,植,triple_cards_new,Doki Doki2-10
1781599221355,1781599221355,山脈,山[さん]脈[みゃく],さんみゃく,さんみゃく,sanmyaku,łańcuch górski,2,10,2-10,10,山,脈,triple_cards_new,Doki Doki2-10
1781599221356,1781599221356,画家,画[が]家[か],がか,がか,gaka,malarz,2,10,2-10,10,画 家,,triple_cards_new,Doki Doki2-10
1781599221357,1781599221357,店員,店[てん]員[いん],てんいん,てんいん,ten&#x27;in,sprzedawca,2,10,2-10,10,店 員,,triple_cards_new,Doki Doki2-10
1781599221359,1781599221359,教授,教[きょう]授[じゅ],きょうじゅ,きょうじゅ,kyouju,"wykładowca, profesor",2,10,2-10,10,教 授,,triple_cards_new,Doki Doki2-10
1781599221361,1781599221361,通訳,通[つう]訳[やく],つうやく,つうやく,tsuuyaku,tłumacz,2,10,2-10,10,通,訳,triple_cards_new,Doki Doki2-10 leech
1781599221364,1781599221364,声優,声[せい]優[ゆう],せいゆう,せいゆう,seiyuu,osoba podkładająca głos do filmów,2,10,2-10,10,声,優,triple_cards_new,Doki Doki2-10
1781599221366,1781599221366,職業,職[しょく]業[ぎょう],しょくぎょう,しょくぎょう,shokugyou,zawód,2,10,2-10,10,業,職,triple_cards_new,Doki Doki2-10
1781607717734,1781607717734,外国語,外[がい]国[こく]語[ご],がいこくご,がいこくご,gaikokugo,język obcy,2,11,2-11,11,外 国 語,,triple_cards_new,Doki Doki2-11
1781607717735,1781607717735,空手,空[から]手[て],からて,からて,karate,karate,2,11,2-11,11,空 手,,triple_cards_new,Doki Doki2-11
1781607717737,1781607717737,着物,着[き]物[もの],きもの,きもの,kimono,kimono,2,11,2-11,11,着 物,,triple_cards_new,Doki Doki2-11
1781607717739,1781607717739,紅茶,紅[こう]茶[ちゃ],こうちゃ,こうちゃ,kōcha,czarna herbata,2,11,2-11,11,茶,紅,triple_cards_new,Doki Doki2-11
1781607717740,1781607717740,広告,広[こう]告[こく],こうこく,こうこく,kōkoku,reklama,2,11,2-11,11,広,告,triple_cards_new,Doki Doki2-11
1781607717745,1781607717745,楽器,楽[がっ]器[き],がっき,がっき,gakki,instrument muzyczny,2,11,2-11,11,楽,器,triple_cards_new,Doki Doki2-11
1781607717747,1781607717747,発音,発[はつ]音[おん],はつおん,はつおん,hatsuon,wymowa,2,11,2-11,11,発 音,,triple_cards_new,Doki Doki2-11
1781607717748,1781607717748,物価,物[ぶっ]価[か],ぶっか,ぶっか,bukka,cena detaliczna,2,11,2-11,11,物,価,triple_cards_new,Doki Doki2-11
1781607717752,1781607717752,募集,募[ぼ]集[しゅう],ぼしゅう,ぼしゅう,boshū,nabór/rekrutacja,2,11,2-11,11,集,募,triple_cards_new,Doki Doki2-11
1781607717757,1781607717757,私,私[わたくし],わたくし,わたくし,watakushi,ja (oficjalnie),2,11,2-11,11,私,,triple_cards_new,Doki Doki2-11
1781607717760,1781607717760,景色,景[けい]色[しき],けしき,けしき,keshiki,widok,2,11,2-11,11,色,景,triple_cards_new,Doki Doki2-11
1781607717761,1781607717761,天道虫,天[てん]道[とう]虫[むし],てんとうむし,てんとうむし,tentōmushi,biedronka,2,11,2-11,11,天 道,虫,triple_cards_new,Doki Doki2-11
1781607717767,1781607717767,売る,売[う]る,うる,うる,uru,sprzedawać,2,11,2-11,11,売,,triple_cards_new,Doki Doki2-11
1781607717773,1781607717773,着く,着[つ]く,つく,つく,tsuku,dotrzeć,2,11,2-11,11,着,,triple_cards_new,Doki Doki2-11
1781607717780,1781607717780,保険に入る,保[ほ]険[けん]に入[はい]る,ほけんにはいる,ほけんにはいる,hoken ni hairu&nbsp;,ubezpieczyć się,2,11,2-11,11,入,保 険,triple_cards_new,Doki Doki2-11
1781607717781,1781607717781,婚約する,婚[こん]約[やく]する,こんやくする,こんやくする,konyakusuru,zaręczyć się,2,11,2-11,11,婚,約,triple_cards_new,Doki Doki2-11
1781607717785,1781607717785,通訳する,通[つう]訳[やく]する,つうやくする,つうやくする,tsūyakusuru,tłumaczyć ustnie,2,11,2-11,11,通,訳,triple_cards_new,Doki Doki2-11
1781607717789,1781607717789,明るい,明[あか]るい,あかるい,あかるい,akarui,jasny,2,11,2-11,11,明,,triple_cards_new,Doki Doki2-11
1781607717791,1781607717791,気分が悪い,気[き]分[ぶん]が悪[わる]い,きぶんがわるい,きぶんがわるい,kibun ga warui,czuć się źle,2,11,2-11,11,気 分 悪,,triple_cards_new,Doki Doki2-11
1781607717792,1781607717792,気分がいい,気[き]分[ぶん]がいい,きぶんがいい,きぶんがいい,kibun ga ii,czuć się dobrze,2,11,2-11,11,気 分,,triple_cards_new,Doki Doki2-11
1781607717793,1781607717793,安全,安[あん]全[ぜん],あんぜん,あんぜん,anzen,bezpieczny,2,11,2-11,11,安 全,,triple_cards_new,Doki Doki2-11
1781607717795,1781607717795,新鮮,新[しん]鮮[せん],しんせん,しんせん,shinsen,świeży,2,11,2-11,11,新,鮮,triple_cards_new,Doki Doki2-11
1781607717796,1781607717796,気持ちがいい,気[き]持[も]ちがいい,きもちがいい,きもちがいい,kimochi ga ii,przyjemny,2,11,2-11,11,気 持,,triple_cards_new,Doki Doki2-11
1781607717797,1781607717797,気持ちが悪い,気[き]持[も]ちが悪[わる]い,きもちがわるい,きもちがわるい,kimochi ga warui,ohydny,2,11,2-11,11,気 持 悪,,triple_cards_new,Doki Doki2-11
1781607717800,1781607717800,筋肉,筋[きん]肉[にく],きんにく,きんにく,kinniku,mięsień,2,11,2-11,11,肉,筋,triple_cards_new,Doki Doki2-11
1781607717806,1781607717806,前髪,前[まえ]髪[がみ],まえがみ,まえがみ,maegami,grzywka,2,11,2-11,11,前,髪,triple_cards_new,Doki Doki2-11
1781607717811,1781607717811,手,手[て],て,て,te,ręce,2,11,2-11,11,手,,triple_cards_new,Doki Doki2-11
1781607717824,1781607717824,手首,手[て]首[くび],てくび,てくび,tekubi,nadgarstek,2,11,2-11,11,手,首,triple_cards_new,Doki Doki2-11
1781607717826,1781607717826,足首,足[あし]首[くび],あしくび,あしくび,ashikubi,kostka,2,11,2-11,11,足,首,triple_cards_new,Doki Doki2-11
1781607717827,1781607717827,つま先,つま先[さき],つまさき,つまさき,tsumasaki,palec u nogi,2,11,2-11,11,先,,triple_cards_new,Doki Doki2-11
1781610943047,1781610943047,同じ,同[おな]じ,おなじ,おなじ,onaji,taki sam,2,12,2-12,12,同,,triple_cards_new,Doki Doki2-12
1781610943050,1781610943050,義理の母,義[ぎ]理[り]の母[はは],ぎりのはは,ぎりのはは,giri no haha,teściowa,2,12,2-12,12,理 母,義,triple_cards_new,Doki Doki2-12
1781610943051,1781610943051,義理の父,義[ぎ]理[り]の父[ちち],ぎりのちち,ぎりのちち,giri no chichi,teść,2,12,2-12,12,理 父,義,triple_cards_new,Doki Doki2-12
1781610943054,1781610943054,皿,皿[さら],さら,さら,sara,talerz,2,12,2-12,12,皿,,triple_cards_new,Doki Doki2-12
1781610943060,1781610943060,従兄弟,従兄弟[いとこ],いとこ,いとこ,itoko,kuzyn,2,12,2-12,12,兄,従 弟,triple_cards_new,Doki Doki2-12
1781610943061,1781610943061,給料,給[きゅう]料[りょう],きゅうりょう,きゅうりょう,kyūryō,pensja,2,12,2-12,12,料,給,triple_cards_new,Doki Doki2-12
1781610943071,1781610943071,漫画,漫[まん]画[が],まんが,まんが,manga,manga,2,12,2-12,12,画,漫,triple_cards_new,Doki Doki2-12
1781610943075,1781610943075,履歴書,履[り]歴[れき]書[しょ],りれきしょ,りれきしょ,rirekisho,CV,2,12,2-12,12,書,履 歴,triple_cards_new,Doki Doki2-12
1781610943078,1781610943078,彼ら,彼[かれ]ら,かれら,かれら,karera,oni,2,12,2-12,12,彼,,triple_cards_new,Doki Doki2-12
1781610943080,1781610943080,大家さん,大[おお]家[や]さん,おおやさん,おおやさん,ōyasan,właściciel (nieruchomości),2,12,2-12,12,大 家,,triple_cards_new,Doki Doki2-12
1781610943082,1781610943082,文句を言う,文[もん]句[く]を言[い]う,もんくをいう,もんくをいう,monku o iu,narzekać / poskarżyć się,2,12,2-12,12,文 言,句,triple_cards_new,Doki Doki2-12
1781610943088,1781610943088,運動会,運[うん]動[どう]会[かい],うんどうかい,うんどうかい,undōkai,"zawody sportowe, dzień sportu",2,12,2-12,12,運 動 会,,triple_cards_new,Doki Doki2-12
1781610943089,1781610943089,忘年会,忘[ぼう]年[ねん]会[かい],ぼうねんかい,ぼうねんかい,bōnenkai,"impreza na koniec roku, pożegnanie starego roku",2,12,2-12,12,年 会,忘,triple_cards_new,Doki Doki2-12
1781610943090,1781610943090,入学式,入[にゅう]学[がく]式[しき],にゅうがくしき,にゅうがくしき,nyūgakushiki,ceremonia rozpoczęcia roku szkolnego,2,12,2-12,12,入 学,式,triple_cards_new,Doki Doki2-12
1781610943092,1781610943092,花見,花[はな]見[み],はなみ,はなみ,hanami,oglądanie kwiatów wiśni,2,12,2-12,12,花 見,,triple_cards_new,Doki Doki2-12
1781610943094,1781610943094,花火大会,花[はな]火[び]大[たい]会[かい],はなびたいかい,はなびたいかい,hanabitaikai,pokaz sztucznych ogni,2,12,2-12,12,花 火 大 会,,triple_cards_new,Doki Doki2-12
1781610943095,1781610943095,結婚式,結[けっ]婚[こん]式[しき],けっこんしき,けっこんしき,kekkonshiki,"ślub, ceremonia ślubu",2,12,2-12,12,結 婚,式,triple_cards_new,Doki Doki2-12
1781610943097,1781610943097,お月見,お月[つき]見[み],おつきみ,おつきみ,otsukimi,oglądanie księżyca,2,12,2-12,12,月 見,,triple_cards_new,Doki Doki2-12
1781610943099,1781610943099,成人式,成[せい]人[じん]式[しき],せいじんしき,せいじんしき,seijinshiki,ceremonia wejścia w dorosłość,2,12,2-12,12,人,成 式,triple_cards_new,Doki Doki2-12
1781610943100,1781610943100,子どもの日,子[こ]どもの日[ひ],こどものひ,こどものひ,kodomo no hi,Dzień Dziecka,2,12,2-12,12,子 日,,triple_cards_new,Doki Doki2-12
1781610943101,1781610943101,七五三,七[しち]五[ご]三[さん],しちごさん,しちごさん,shichigosan,"święto dzieci (7, 5, 3 lata)",2,12,2-12,12,七 五 三,,triple_cards_new,Doki Doki2-12
1781610943106,1781610943106,一個,一[いっ]個[こ],いっこ,いっこ,ikko,jedna mała rzecz,2,12,2-12,12,一,個,triple_cards_new,Doki Doki2-12
1781610943107,1781610943107,二個,二[に]個[こ],にこ,にこ,niko,dwie małe rzeczy,2,12,2-12,12,二,個,triple_cards_new,Doki Doki2-12
1781610943108,1781610943108,三個,三[さん]個[こ],さんこ,さんこ,sanko,trzy małe rzeczy,2,12,2-12,12,三,個,triple_cards_new,Doki Doki2-12
1781610943109,1781610943109,四個,四[よん]個[こ],よんこ,よんこ,yonko,cztery małe rzeczy,2,12,2-12,12,四,個,triple_cards_new,Doki Doki2-12
1781610943110,1781610943110,五個,五[ご]個[こ],ごこ,ごこ,goko,pięć małych rzeczy,2,12,2-12,12,五,個,triple_cards_new,Doki Doki2-12
1781610943111,1781610943111,六個,六[ろっ]個[こ],ろっこ,ろっこ,rokko,sześć małych rzeczy,2,12,2-12,12,六,個,triple_cards_new,Doki Doki2-12
1781610943112,1781610943112,七個,七[なな]個[こ],ななこ,ななこ,nanako,siedem małych rzeczy,2,12,2-12,12,七,個,triple_cards_new,Doki Doki2-12
1781610943113,1781610943113,八個,八[はっ]個[こ],はっこ,はっこ,hakko,osiem małych rzeczy,2,12,2-12,12,八,個,triple_cards_new,Doki Doki2-12
1781610943114,1781610943114,九個,九[きゅう]個[こ],きゅうこ,きゅうこ,kyūko,dziewięć małych rzeczy,2,12,2-12,12,九,個,triple_cards_new,Doki Doki2-12
1781610943115,1781610943115,十個,十[じゅっ]個[こ],じゅっこ,じゅっこ,jukko,dziesięć małych rzeczy,2,12,2-12,12,十,個,triple_cards_new,Doki Doki2-12
1781610943116,1781610943116,何個,何[なん]個[こ],なんこ,なんこ,nanko,ile (małych rzeczy),2,12,2-12,12,何,個,triple_cards_new,Doki Doki2-12
1781610943118,1781610943118,一冊,一[いっ]冊[さつ],いっさつ,いっさつ,issatsu,jedna książka,2,12,2-12,12,一,冊,triple_cards_new,Doki Doki2-12
1781610943119,1781610943119,二冊,二[に]冊[さつ],にさつ,にさつ,nisatsu,dwie książki,2,12,2-12,12,二,冊,triple_cards_new,Doki Doki2-12
1781610943120,1781610943120,三冊,三[さん]冊[さつ],さんさつ,さんさつ,sansatsu,trzy książki,2,12,2-12,12,三,冊,triple_cards_new,Doki Doki2-12
1781610943121,1781610943121,四冊,四[よん]冊[さつ],よんさつ,よんさつ,yonsatsu,cztery książki,2,12,2-12,12,四,冊,triple_cards_new,Doki Doki2-12
1781610943122,1781610943122,五冊,五[ご]冊[さつ],ごさつ,ごさつ,gosatsu,pięć książek,2,12,2-12,12,五,冊,triple_cards_new,Doki Doki2-12
1781610943123,1781610943123,六冊,六[ろく]冊[さつ],ろくさつ,ろくさつ,rokusatsu,sześć książek,2,12,2-12,12,六,冊,triple_cards_new,Doki Doki2-12
1781610943124,1781610943124,七冊,七[なな]冊[さつ],ななさつ,ななさつ,nanasatsu,siedem książek,2,12,2-12,12,七,冊,triple_cards_new,Doki Doki2-12
1781610943125,1781610943125,八冊,八[はっ]冊[さつ],はっさつ,はっさつ,hassatsu,osiem książek,2,12,2-12,12,八,冊,triple_cards_new,Doki Doki2-12
1781610943126,1781610943126,九冊,九[きゅう]冊[さつ],きゅうさつ,きゅうさつ,kyūsatsu,dziewięć książek,2,12,2-12,12,九,冊,triple_cards_new,Doki Doki2-12
1781610943127,1781610943127,十冊,十[じゅっ]冊[さつ],じゅっさつ,じゅっさつ,jussatsu,dziesięć książek,2,12,2-12,12,十,冊,triple_cards_new,Doki Doki2-12
1781610943128,1781610943128,何冊,何[なん]冊[さつ],なんさつ,なんさつ,nansatsu,ile książek,2,12,2-12,12,何,冊,triple_cards_new,Doki Doki2-12
1781610943130,1781610943130,一台,一[いち]台[だい],いちだい,いちだい,ichidai,jedna maszyna,2,12,2-12,12,一,台,triple_cards_new,Doki Doki2-12
1781610943131,1781610943131,二台,二[に]台[だい],にだい,にだい,nidai,dwie maszyny,2,12,2-12,12,二,台,triple_cards_new,Doki Doki2-12
1781610943132,1781610943132,三台,三[さん]台[だい],さんだい,さんだい,sandai,trzy maszyny,2,12,2-12,12,三,台,triple_cards_new,Doki Doki2-12
1781610943133,1781610943133,四台,四[よん]台[だい],よんだい,よんだい,yondai,cztery maszyny,2,12,2-12,12,四,台,triple_cards_new,Doki Doki2-12
1781610943134,1781610943134,五台,五[ご]台[だい],ごだい,ごだい,godai,pięć maszyn,2,12,2-12,12,五,台,triple_cards_new,Doki Doki2-12
1781610943135,1781610943135,六台,六[ろく]台[だい],ろくだい,ろくだい,rokudai,sześć maszyn,2,12,2-12,12,六,台,triple_cards_new,Doki Doki2-12
1781610943136,1781610943136,七台,七[なな]台[だい],ななだい,ななだい,nanadai,siedem maszyn,2,12,2-12,12,七,台,triple_cards_new,Doki Doki2-12
1781610943137,1781610943137,八台,八[はち]台[だい],はちだい,はちだい,hachidai,osiem maszyn,2,12,2-12,12,八,台,triple_cards_new,Doki Doki2-12
1781610943138,1781610943138,九台,九[きゅう]台[だい],きゅうだい,きゅうだい,kyūdai,dziewięć maszyn,2,12,2-12,12,九,台,triple_cards_new,Doki Doki2-12
1781610943139,1781610943139,十台,十[じゅう]台[だい],じゅうだい,じゅうだい,jūdai,dziesięć maszyn,2,12,2-12,12,十,台,triple_cards_new,Doki Doki2-12
1781610943140,1781610943140,何台,何[なん]台[だい],なんだい,なんだい,nandai,ile maszyn,2,12,2-12,12,何,台,triple_cards_new,Doki Doki2-12
1781610943141,1781610943141,枚,枚[まい],まい,まい,mai,klasyfikator płaskich rzeczy,2,12,2-12,12,枚,,triple_cards_new,Doki Doki2-12
1781610943142,1781610943142,一枚,一[いち]枚[まい],いちまい,いちまい,ichimai,jedna płaska rzecz,2,12,2-12,12,一 枚,,triple_cards_new,Doki Doki2-12
1781610943143,1781610943143,二枚,二[に]枚[まい],にまい,にまい,nimai,dwie płaskie rzeczy,2,12,2-12,12,二 枚,,triple_cards_new,Doki Doki2-12
1781610943144,1781610943144,三枚,三[さん]枚[まい],さんまい,さんまい,sanmai,trzy płaskie rzeczy,2,12,2-12,12,三 枚,,triple_cards_new,Doki Doki2-12
1781610943145,1781610943145,四枚,四[よん]枚[まい],よんまい,よんまい,yonmai,cztery płaskie rzeczy,2,12,2-12,12,四 枚,,triple_cards_new,Doki Doki2-12
1781610943146,1781610943146,五枚,五[ご]枚[まい],ごまい,ごまい,gomai,pięć płaskich rzeczy,2,12,2-12,12,五 枚,,triple_cards_new,Doki Doki2-12
1781610943147,1781610943147,六枚,六[ろく]枚[まい],ろくまい,ろくまい,rokumai,sześć płaskich rzeczy,2,12,2-12,12,六 枚,,triple_cards_new,Doki Doki2-12
1781610943148,1781610943148,七枚,七[なな]枚[まい],ななまい,ななまい,nanamai,siedem płaskich rzeczy,2,12,2-12,12,七 枚,,triple_cards_new,Doki Doki2-12
1781610943149,1781610943149,八枚,八[はち]枚[まい],はちまい,はちまい,hachimai,osiem płaskich rzeczy,2,12,2-12,12,八 枚,,triple_cards_new,Doki Doki2-12
1781610943150,1781610943150,九枚,九[きゅう]枚[まい],きゅうまい,きゅうまい,kyūmai,dziewięć płaskich rzeczy,2,12,2-12,12,九 枚,,triple_cards_new,Doki Doki2-12
1781610943151,1781610943151,十枚,十[じゅう]枚[まい],じゅうまい,じゅうまい,jūmai,dziesięć płaskich rzeczy,2,12,2-12,12,十 枚,,triple_cards_new,Doki Doki2-12
1781610943152,1781610943152,何枚,何[なん]枚[まい],なんまい,なんまい,nanmai,ile płaskich rzeczy,2,12,2-12,12,何 枚,,triple_cards_new,Doki Doki2-12
1781610943154,1781610943154,一匹,一[いっ]匹[ぴき],いっぴき,いっぴき,ippiki,jedno małe zwierzę,2,12,2-12,12,一,匹,triple_cards_new,Doki Doki2-12
1781610943155,1781610943155,二匹,二[に]匹[ひき],にひき,にひき,nihiki,dwa małe&nbsp;zwierzęta,2,12,2-12,12,二,匹,triple_cards_new,Doki Doki2-12
1781610943156,1781610943156,三匹,三[さん]匹[びき],さんびき,さんびき,sanbiki,trzy małe&nbsp;zwierzęta,2,12,2-12,12,三,匹,triple_cards_new,Doki Doki2-12
1781610943157,1781610943157,四匹,四[よん]匹[ひき],よんひき,よんひき,yonhiki,cztery małe&nbsp;zwierzęta,2,12,2-12,12,四,匹,triple_cards_new,Doki Doki2-12
1781610943158,1781610943158,五匹,五[ご]匹[ひき],ごひき,ごひき,gohiki,pięć małych zwierząt,2,12,2-12,12,五,匹,triple_cards_new,Doki Doki2-12
1781610943159,1781610943159,六匹,六[ろっ]匹[ぴき],ろっぴき,ろっぴき,roppiki,sześć małych&nbsp;zwierząt,2,12,2-12,12,六,匹,triple_cards_new,Doki Doki2-12
1781610943160,1781610943160,七匹,七[なな]匹[ひき],ななひき,ななひき,nanahiki,siedem małych&nbsp;zwierząt,2,12,2-12,12,七,匹,triple_cards_new,Doki Doki2-12
1781610943161,1781610943161,八匹,八[はっ]匹[ぴき],はっぴき,はっぴき,happiki,osiem małych&nbsp;zwierząt,2,12,2-12,12,八,匹,triple_cards_new,Doki Doki2-12
1781610943162,1781610943162,九匹,九[きゅう]匹[ひき],きゅうひき,きゅうひき,kyūhiki,dziewięć małych&nbsp;zwierząt,2,12,2-12,12,九,匹,triple_cards_new,Doki Doki2-12
1781610943163,1781610943163,十匹,十[じゅっ]匹[ぴき],じゅっぴき,じゅっぴき,juppiki,dziesięć małych&nbsp;zwierząt,2,12,2-12,12,十,匹,triple_cards_new,Doki Doki2-12
1781610943164,1781610943164,何匹,何[なん]匹[びき],なんびき,なんびき,nanbiki,ile małych&nbsp;zwierząt,2,12,2-12,12,何,匹,triple_cards_new,Doki Doki2-12
1781610943166,1781610943166,一本,一[いっ]本[ぽん],いっぽん,いっぽん,ippon,jedna długa rzecz,2,12,2-12,12,一 本,,triple_cards_new,Doki Doki2-12
1781610943167,1781610943167,二本,二[に]本[ほん],にほん,にほん,nihon,dwie długie rzeczy,2,12,2-12,12,二 本,,triple_cards_new,Doki Doki2-12
1781610943168,1781610943168,三本,三[さん]本[ぼん],さんぼん,さんぼん,sanbon,trzy długie rzeczy,2,12,2-12,12,三 本,,triple_cards_new,Doki Doki2-12
1781610943169,1781610943169,四本,四[よん]本[ほん],よんほん,よんほん,yonhon,cztery długie rzeczy,2,12,2-12,12,四 本,,triple_cards_new,Doki Doki2-12
1781610943170,1781610943170,五本,五[ご]本[ほん],ごほん,ごほん,gohon,pięć długich rzeczy,2,12,2-12,12,五 本,,triple_cards_new,Doki Doki2-12
1781610943171,1781610943171,六本,六[ろっ]本[ぽん],ろっぽん,ろっぽん,roppon,sześć długich rzeczy,2,12,2-12,12,六 本,,triple_cards_new,Doki Doki2-12
1781610943172,1781610943172,七本,七[なな]本[ほん],ななほん,ななほん,nanahon,siedem długich rzeczy,2,12,2-12,12,七 本,,triple_cards_new,Doki Doki2-12
1781610943173,1781610943173,八本,八[はっ]本[ぽん],はっぽん,はっぽん,happon,osiem długich rzeczy,2,12,2-12,12,八 本,,triple_cards_new,Doki Doki2-12
1781610943174,1781610943174,九本,九[きゅう]本[ほん],きゅうほん,きゅうほん,kyūhon,dziewięć długich rzeczy,2,12,2-12,12,九 本,,triple_cards_new,Doki Doki2-12
1781610943175,1781610943175,十本,十[じゅっ]本[ぽん],じゅっぽん,じゅっぽん,juppon,dziesięć długich rzeczy,2,12,2-12,12,十 本,,triple_cards_new,Doki Doki2-12
1781610943176,1781610943176,何本,何[なん]本[ぼん],なんぼん,なんぼん,nanbon,ile długich rzeczy,2,12,2-12,12,何 本,,triple_cards_new,Doki Doki2-12
1781614251682,1781614251682,習慣,習[しゅう]慣[かん],しゅうかん,しゅうかん,shūkan,obyczaj,2,13,2-13,13,習,慣,triple_cards_new,Doki Doki2-13
1781614251683,1781614251683,締め切り,締[し]め切[き]り,しめきり,しめきり,shimekiri,"ostateczny termin, deadline",2,13,2-13,13,切,締,triple_cards_new,Doki Doki2-13
1781614251686,1781614251686,直行便,直[ちょっ]行[こう]便[びん],ちょっこうびん,ちょっこうびん,chokkōbin,bezpośrednie loty,2,13,2-13,13,行,直 便,triple_cards_new,Doki Doki2-13
1781614251689,1781614251689,目覚まし時計,目[め]覚[ざ]まし時[ど]計[けい],めざましどけい,めざましどけい,mezamashidokei,budzik,2,13,2-13,13,目 時,覚 計,triple_cards_new,Doki Doki2-13
1781614251690,1781614251690,食器,食[しょっ]器[き],しょっき,しょっき,shokki,zastawa stołowa,2,13,2-13,13,食,器,triple_cards_new,Doki Doki2-13
1781614251694,1781614251694,発表,発[はっ]表[ぴょう],はっぴょう,はっぴょう,happyō,prezentacja,2,13,2-13,13,発 表,,triple_cards_new,Doki Doki2-13
1781614251697,1781614251697,息子,息[むす]子[こ],むすこ,むすこ,musuko,syn,2,13,2-13,13,子,息,triple_cards_new,Doki Doki2-13
1781614251700,1781614251700,旅館,旅[りょ]館[かん],りょかん,りょかん,ryokan,pensjonat w styl japońskim,2,13,2-13,13,旅 館,,triple_cards_new,Doki Doki2-13
1781614251702,1781614251702,一日券,一[いち]日[にち]券[けん],いちにちけん,いちにちけん,ichinichiken,bilet dobowy,2,13,2-13,13,一 日,券,triple_cards_new,Doki Doki2-13
1781614251703,1781614251703,販売機,販[はん]売[ばい]機[き],はんばいき,はんばいき,hanbaiki,automat,2,13,2-13,13,売,販 機,triple_cards_new,Doki Doki2-13
1781614251704,1781614251704,有効化,有[ゆう]効[こう]化[か],ゆうこうか,ゆうこうか,yūkōka,aktywacja,2,13,2-13,13,有,効 化,triple_cards_new,Doki Doki2-13
1781614251705,1781614251705,小麦粉,小[こ]麦[むぎ]粉[こ],こむぎこ,こむぎこ,komugiko,mąka,2,13,2-13,13,小,麦 粉,triple_cards_new,Doki Doki2-13
1781614251709,1781614251709,熱心,熱[ねっ]心[しん],ねっしん,ねっしん,nesshin,entuzjastyczny,2,13,2-13,13,心,熱,triple_cards_new,Doki Doki2-13
1781614251710,1781614251710,不真面目,不[ふ]真[ま]面[じ]目[め],ふまじめ,ふまじめ,fumajime,lekkomyślny,2,13,2-13,13,不 真 目,面,triple_cards_new,Doki Doki2-13
1781614251711,1781614251711,集める,集[あつ]める,あつめる,あつめる,atsumeru,zbierać,2,13,2-13,13,集,,triple_cards_new,Doki Doki2-13
1781614251712,1781614251712,動く,動[うご]く,うごく,うごく,ugoku,ruszać się,2,13,2-13,13,動,,triple_cards_new,Doki Doki2-13
1781614251718,1781614251718,注文する,注[ちゅう]文[もん]する,ちゅうもんする,ちゅうもんする,chūmonsuru,zamówić,2,13,2-13,13,注 文,,triple_cards_new,Doki Doki2-13
1781614251720,1781614251720,起こす,起[お]こす,おこす,おこす,okosu,budzić kogoś,2,13,2-13,13,起,,triple_cards_new,Doki Doki2-13
1781614251739,1781614251739,弁当箱,弁[べん]当[とう]箱[ばこ],べんとうばこ,べんとうばこ,bentōbako,pudełko bento,2,13,2-13,13,当,弁 箱,triple_cards_new,Doki Doki2-13
1781614251740,1781614251740,紙コップ,紙[かみ]コップ,かみコップ,かみこっぷ,kamikoppu,papierowy kubek,2,13,2-13,13,紙,,triple_cards_new,Doki Doki2-13
1781614251742,1781614251742,茶碗,茶[ちゃ]碗[わん],ちゃわん,ちゃわん,chawan,miseczka na ryż / filiżanka do herbaty,2,13,2-13,13,茶,碗,triple_cards_new,Doki Doki2-13
1781614251743,1781614251743,急須,急[きゅう]須[す],きゅうす,きゅうす,kyūsu,czajniczek do herbaty,2,13,2-13,13,急,須,triple_cards_new,Doki Doki2-13
1781683050038,1781683050038,社会,社[しゃ]会[かい],しゃかい,しゃかい,shakai,społeczeństwo,2,7,2-7,7,社 会,,triple_cards_new,Doki Doki2-7 leech
1781683050039,1781683050039,最高,最[さい]高[こう],さいこう,さいこう,saikō,najlepszy,2,7,2-7,7,最 高,,triple_cards_new,Doki Doki2-7
1781683050041,1781683050041,何語,何[なに]語[ご],なにご,なにご,nanigo,jaki język,2,7,2-7,7,何 語,,triple_cards_new,Doki Doki2-7
1781683050042,1781683050042,帰国,帰[き]国[こく],きこく,きこく,kikoku,powrót do kraju,2,7,2-7,7,帰 国,,triple_cards_new,Doki Doki2-7
1781683659155,1781683659155,駅員,駅[えき]員[いん],えきいん,えきいん,ekiin,pracownik stacji / kolejarz,2,8,2-8,8,員,駅,triple_cards_new,Doki Doki2-8
1781683659156,1781683659156,中古,中[ちゅう]古[こ],ちゅうこ,ちゅうこ,chūko,używany / z drugiej ręki,2,8,2-8,8,中 古,,triple_cards_new,Doki Doki2-8
1781683659157,1781683659157,古い,古[ふる]い,ふるい,ふるい,furui,stary,2,8,2-8,8,古,,triple_cards_new,Doki Doki2-8
1781683659158,1781683659158,新入生,新[しん]入[にゅう]生[せい],しんにゅうせい,しんにゅうせい,shinnyūsei,nowy uczeń / student pierwszego roku,2,8,2-8,8,新 入 生,,triple_cards_new,Doki Doki2-8
1781683659159,1781683659159,最新,最[さい]新[しん],さいしん,さいしん,saishin,najnowszy,2,8,2-8,8,最 新,,triple_cards_new,Doki Doki2-8
1781683659161,1781683659161,作品,作[さく]品[ひん],さくひん,さくひん,sakuhin,dzieło (sztuki) / utwór,2,8,2-8,8,作 品,,triple_cards_new,Doki Doki2-8
1781683659162,1781683659162,仕方,仕[し]方[かた],しかた,しかた,shikata,sposób robienia (czegoś),2,8,2-8,8,仕 方,,triple_cards_new,Doki Doki2-8
1781683659163,1781683659163,事,事[こと],こと,こと,koto,rzecz / sprawa (niematerialna),2,8,2-8,8,事,,triple_cards_new,Doki Doki2-8
1781683659164,1781683659164,休日,休[きゅう]日[じつ],きゅうじつ,きゅうじつ,kyūjitsu,dzień wolny / święto,2,8,2-8,8,休 日,,triple_cards_new,Doki Doki2-8
1781683659165,1781683659165,言語学,言[げん]語[ご]学[がく],げんごがく,げんごがく,gengogaku,językoznawstwo / lingwistyka,2,8,2-8,8,言 語 学,,triple_cards_new,Doki Doki2-8
1781683659166,1781683659166,意思,意[い]思[し],いし,いし,ishi,zamiar / intencja,2,8,2-8,8,意 思,,triple_cards_new,Doki Doki2-8
1781683659167,1781683659167,作家,作[さっ]家[か],さっか,さっか,sakka,pisarz / autor,2,8,2-8,8,作 家,,triple_cards_new,Doki Doki2-8
1781683659168,1781683659168,会話,会[かい]話[わ],かいわ,かいわ,kaiwa,rozmowa / konwersacja,2,8,2-8,8,会 話,,triple_cards_new,Doki Doki2-8
1781683659169,1781683659169,話,話[はなし],はなし,はなし,hanashi,rozmowa / opowieść / opowiadanie,2,8,2-8,8,話,,triple_cards_new,Doki Doki2-8
1781683659170,1781683659170,次回,次[じ]回[かい],じかい,じかい,jikai,następnym razem / kolejna tura,2,8,2-8,8,次,回,triple_cards_new,Doki Doki2-8
1781684880231,1781684880231,名刺,名[めい]刺[し],めいし,めいし,meishi,wizytówka,2,9,2-9,9,名,刺,triple_cards_new,Doki Doki2-9
1781684880232,1781684880232,午前中,午[ご]前[ぜん]中[ちゅう],ごぜんちゅう,ごぜんちゅう,gozenchū,przed południem / rano,2,9,2-9,9,午 前 中,,triple_cards_new,Doki Doki2-9
1781684880233,1781684880233,赤十字,赤[せき]十[じゅう]字[じ],せきじゅうじ,せきじゅうじ,sekijūji,Czerwony Krzyż,2,9,2-9,9,赤 十 字,,triple_cards_new,Doki Doki2-9
1781684880234,1781684880234,青春,青[せい]春[しゅん],せいしゅん,せいしゅん,seishun,młodość,2,9,2-9,9,青 春,,triple_cards_new,Doki Doki2-9
1781684880235,1781684880235,青空,青[あお]空[ぞら],あおぞら,あおぞら,aozora,błękitne niebo,2,9,2-9,9,青 空,,triple_cards_new,Doki Doki2-9
1781684880236,1781684880236,告白,告[こく]白[はく],こくはく,こくはく,kokuhaku,wyznanie,2,9,2-9,9,白,告,triple_cards_new,Doki Doki2-9
1781684880238,1781684880238,黒板,黒[こく]板[ばん],こくばん,こくばん,kokuban,tablica,2,9,2-9,9,黒,板,triple_cards_new,Doki Doki2-9 leech
1781684880239,1781684880239,雨天,雨[う]天[てん],うてん,うてん,uten,deszczowa pogoda,2,9,2-9,9,雨 天,,triple_cards_new,Doki Doki2-9
1781684880242,1781684880242,新雪,新[しん]雪[せつ],しんせつ,しんせつ,shinsetsu,świeży śnieg,2,9,2-9,9,新 雪,,triple_cards_new,Doki Doki2-9
1781684880243,1781684880243,雪だるま,雪[ゆき]だるま,ゆきだるま,ゆきだるま,yukidaruma,bałwan,2,9,2-9,9,雪,,triple_cards_new,Doki Doki2-9
1781684880244,1781684880244,スキー場,スキー場[じょう],スキーじょう,すきーじょう,sukījō,ośrodek narciarski,2,9,2-9,9,場,,triple_cards_new,Doki Doki2-9
1781684880245,1781684880245,友人,友[ゆう]人[じん],ゆうじん,ゆうじん,yūjin,przyjaciel (bardziej formalnie),2,9,2-9,9,友 人,,triple_cards_new,Doki Doki2-9
1781684880246,1781684880246,友情,友[ゆう]情[じょう],ゆうじょう,ゆうじょう,yūjō,przyjaźń,2,9,2-9,9,友,情,triple_cards_new,Doki Doki2-9
1781684880248,1781684880248,人間,人[にん]間[げん],にんげん,にんげん,ningen,człowiek / ludzkość,2,9,2-9,9,人 間,,triple_cards_new,Doki Doki2-9
1781684880249,1781684880249,間に合う,間[ま]に合[あ]う,まにあう,まにあう,maniau,zdążyć (na czas),2,9,2-9,9,間,合,triple_cards_new,Doki Doki2-9
1781684880250,1781684880250,少年,少[しょう]年[ねん],しょうねん,しょうねん,shōnen,"chłopiec,&nbsp;  dorastający chłopiec",2,9,2-9,9,少 年,,triple_cards_new,Doki Doki2-9
1781684880251,1781684880251,多少,多[た]少[しょう],たしょう,たしょう,tashō,trochę / nieco,2,9,2-9,9,多 少,,triple_cards_new,Doki Doki2-9
1781684880252,1781684880252,知人,知[ち]人[じん],ちじん,ちじん,chijin,znajomy (daleki),2,9,2-9,9,知 人,,triple_cards_new,Doki Doki2-9
1781684880253,1781684880253,知り合う,知[し]り合[あ]う,しりあう,しりあう,shiriau,poznać się,2,9,2-9,9,知,合,triple_cards_new,Doki Doki2-9
1781686821199,1781686821199,住所,住[じゅう]所[しょ],じゅうしょ,じゅうしょ,jūsho,adres,2,10,2-10,10,住 所,,triple_cards_new,Doki Doki2-10
1781686821201,1781686821201,正しい,正[ただ]しい,ただしい,ただしい,tadashii,poprawny / prawidłowy,2,10,2-10,10,正,,triple_cards_new,Doki Doki2-10
1781686821202,1781686821202,売買,売[ばい]買[ばい],ばいばい,ばいばい,baibai,handel / kupno i sprzedaż,2,10,2-10,10,売 買,,triple_cards_new,Doki Doki2-10
1781686821203,1781686821203,町長,町[ちょう]長[ちょう],ちょうちょう,ちょうちょう,chōchō,burmistrz miasteczka / wójt,2,10,2-10,10,町 長,,triple_cards_new,Doki Doki2-10
1781686821205,1781686821205,市長,市[し]長[ちょう],しちょう,しちょう,shichō,prezydent miasta / burmistrz,2,10,2-10,10,市 長,,triple_cards_new,Doki Doki2-10
1781686821207,1781686821207,武道,武[ぶ]道[どう],ぶどう,ぶどう,budō,sztuki walki,2,10,2-10,10,道,武,triple_cards_new,Doki Doki2-10
1781686821208,1781686821208,柔道,柔[じゅう]道[どう],じゅうどう,じゅうどう,jūdō,judo,2,10,2-10,10,道,柔,triple_cards_new,Doki Doki2-10
1781686821209,1781686821209,国立,国[こく]立[りつ],こくりつ,こくりつ,kokuritsu,narodowy / państwowy,2,10,2-10,10,国 立,,triple_cards_new,Doki Doki2-10
1781686821210,1781686821210,夜中,夜[よ]中[なか],よなか,よなか,yonaka,środek nocy / późno w nocy,2,10,2-10,10,夜 中,,triple_cards_new,Doki Doki2-10
1781686821211,1781686821211,夜食,夜[や]食[しょく],やしょく,やしょく,yashoku,nocny posiłek / kolacja (późna),2,10,2-10,10,夜 食,,triple_cards_new,Doki Doki2-10
1781686821212,1781686821212,朝食,朝[ちょう]食[しょく],ちょうしょく,ちょうしょく,chōshoku,śniadanie (bardziej formalnie),2,10,2-10,10,朝 食,,triple_cards_new,Doki Doki2-10
1781686821214,1781686821214,持参する,持[じ]参[さん]する,じさんする,じさんする,jisan suru,przynieść ze sobą / zabrać ze sobą,2,10,2-10,10,持,参,triple_cards_new,Doki Doki2-10
1781686821215,1781686821215,昼食,昼[ちゅう]食[しょく],ちゅうしょく,ちゅうしょく,chūshoku,obiad / lunch (bardziej formalnie),2,10,2-10,10,昼 食,,triple_cards_new,Doki Doki2-10
1781686821216,1781686821216,昼寝,昼[ひる]寝[ね],ひるね,ひるね,hirune,drzemka (w ciągu dnia),2,10,2-10,10,昼,寝,triple_cards_new,Doki Doki2-10
1781695660003,1781695660003,手話,手[しゅ]話[わ],しゅわ,しゅわ,shuwa,język migowy,2,11,2-11,11,手 話,,triple_cards_new,Doki Doki2-11
1781695660004,1781695660004,折り紙,折[お]り紙[がみ],おりがみ,おりがみ,origami,origami / sztuka składania papieru,2,11,2-11,11,紙,折,triple_cards_new,Doki Doki2-11
1781695660005,1781695660005,和紙,和[わ]紙[し],わし,わし,washi,japoński papier (washi),2,11,2-11,11,紙,和,triple_cards_new,Doki Doki2-11
1781695660007,1781695660007,映る,映[うつ]る,うつる,うつる,utsuru,odbijać się (np. w lustrze) / wyświetlać się,2,11,2-11,11,映,,triple_cards_new,Doki Doki2-11
1781695660008,1781695660008,計画,計[けい]画[かく],けいかく,けいかく,keikaku,plan / projekt,2,11,2-11,11,画,計,triple_cards_new,Doki Doki2-11
1781695660009,1781695660009,美術大学,美[び]術[じゅつ]大[だい]学[がく],びじゅつだいがく,びじゅつだいがく,bijutsudaigaku,uniwersytet artystyczny / akademia sztuk pięknych,2,11,2-11,11,大 学,美 術,triple_cards_new,Doki Doki2-11
1781695660010,1781695660010,勉強,勉[べん]強[きょう],べんきょう,べんきょう,benkyō,nauka,2,11,2-11,11,勉 強,,triple_cards_new,Doki Doki2-11
1781695660012,1781695660012,好物,好[こう]物[ぶつ],こうぶつ,こうぶつ,kōbutsu,ulubione jedzenie / przysmak,2,11,2-11,11,好 物,,triple_cards_new,Doki Doki2-11
1781695660013,1781695660013,好み,好[この]み,このみ,このみ,konomi,gust / upodobanie,2,11,2-11,11,好,,triple_cards_new,Doki Doki2-11
1781695660014,1781695660014,説明,説[せつ]明[めい],せつめい,せつめい,setsumei,wyjaśnienie / tłumaczenie,2,11,2-11,11,明,説,triple_cards_new,Doki Doki2-11
1781695660015,1781695660015,所,所[ところ],ところ,ところ,tokoro,miejsce,2,11,2-11,11,所,,triple_cards_new,Doki Doki2-11
1781695660016,1781695660016,近所,近[きん]所[じょ],きんじょ,きんじょ,kinjo,sąsiedztwo / okolica,2,11,2-11,11,近 所,,triple_cards_new,Doki Doki2-11
1781695660017,1781695660017,旅,旅[たび],たび,たび,tabi,podróż,2,11,2-11,11,旅,,triple_cards_new,Doki Doki2-11
1781695660018,1781695660018,国歌,国[こっ]歌[か],こっか,こっか,kokka,hymn państwowy,2,11,2-11,11,国 歌,,triple_cards_new,Doki Doki2-11
1781695895106,1781695895106,昔話,昔[むかし]話[ばなし],むかしばなし,むかしばなし,mukashibanashi,baśń / ludowa opowieść / stare historie,2,12,2-12,12,昔 話,,triple_cards_new,Doki Doki2-12
1781695895107,1781695895107,大昔,大[おお]昔[むかし],おおむかし,おおむかし,ōmukashi,zamierzchłe czasy / dawno temu,2,12,2-12,12,大 昔,,triple_cards_new,Doki Doki2-12
1781695895108,1781695895108,神道,神[しん]道[とう],しんとう,しんとう,shintō,shinto (religia),2,12,2-12,12,神 道,,triple_cards_new,Doki Doki2-12
1781695895109,1781695895109,仏教,仏[ぶっ]教[きょう],ぶっきょう,ぶっきょう,bukkyō,buddyzm,2,12,2-12,12,教,仏,triple_cards_new,Doki Doki2-12
1781695895110,1781695895110,神,神[かみ],かみ,かみ,kami,bóg / bóstwo,2,12,2-12,12,神,,triple_cards_new,Doki Doki2-12
1781695895111,1781695895111,八百万,八[やお]百[よろ]万[ず],やおよろず,やおよろず,yaoyorozu,osiem milionów / niezliczona ilość,2,12,2-12,12,八 百 万,,triple_cards_new,Doki Doki2-12
1781695895112,1781695895112,特色,特[とく]色[しょく],とくしょく,とくしょく,tokushoku,cecha charakterystyczna,2,12,2-12,12,特 色,,triple_cards_new,Doki Doki2-12
1781695895113,1781695895113,昔々,昔[むかし]々[むかし],むかしむかし,むかしむかし,mukashimukashi,"dawno, dawno temu",2,12,2-12,12,昔,,triple_cards_new,Doki Doki2-12
1781695895114,1781695895114,人々,人[ひと]々[びと],ひとびと,ひとびと,hitobito,ludzie,2,12,2-12,12,人,,triple_cards_new,Doki Doki2-12
1781695895115,1781695895115,色々,色々[いろいろ],いろいろ,いろいろ,iroiro,różne / różnorodne / rozmaite,2,12,2-12,12,色,,triple_cards_new,Doki Doki2-12 Doki2-7
1781695895117,1781695895117,早朝,早[そう]朝[ちょう],そうちょう,そうちょう,sōchō,wczesny ranek,2,12,2-12,12,早 朝,,triple_cards_new,Doki Doki2-12
1781695895118,1781695895118,早起き,早[はや]起[お]き,はやおき,はやおき,hayaoki,wczesne wstawanie,2,12,2-12,12,早 起,,triple_cards_new,Doki Doki2-12
1781695895119,1781695895119,起立,起[き]立[りつ],きりつ,きりつ,kiritsu,wstanie (na równe nogi),2,12,2-12,12,起 立,,triple_cards_new,Doki Doki2-12
1781695895121,1781695895121,豚肉,豚[ぶた]肉[にく],ぶたにく,ぶたにく,butaniku,wieprzowina,2,12,2-12,12,肉,豚,triple_cards_new,Doki Doki2-12
1781695895122,1781695895122,牛肉,牛[ぎゅう]肉[にく],ぎゅうにく,ぎゅうにく,gyūniku,wołowina,2,12,2-12,12,牛 肉,,triple_cards_new,Doki Doki2-12
1781695895123,1781695895123,和牛,和[わ]牛[ぎゅう],わぎゅう,わぎゅう,wagyū,wagyu (japońska wołowina),2,12,2-12,12,牛,和,triple_cards_new,Doki Doki2-12
1781695895124,1781695895124,子牛,子[こ]牛[うし],こうし,こうし,koushi,cielę,2,12,2-12,12,子 牛,,triple_cards_new,Doki Doki2-12
1781695895125,1781695895125,大使館,大[たい]使[し]館[かん],たいしかん,たいしかん,taishikan,ambasada,2,12,2-12,12,大 使 館,,triple_cards_new,Doki Doki2-12
1781695895127,1781695895127,天使,天[てん]使[し],てんし,てんし,tenshi,anioł,2,12,2-12,12,天 使,,triple_cards_new,Doki Doki2-12
1781695895128,1781695895128,売店,売[ばい]店[てん],ばいてん,ばいてん,baiten,kiosk / sklepik,2,12,2-12,12,売 店,,triple_cards_new,Doki Doki2-12
1781695895129,1781695895129,労働,労[ろう]働[どう],ろうどう,ろうどう,rōdō,praca / praca fizyczna,2,12,2-12,12,働,労,triple_cards_new,Doki Doki2-12
1781695895130,1781695895130,労働者,労[ろう]働[どう]者[しゃ],ろうどうしゃ,ろうどうしゃ,rōdōsha,robotnik / pracownik,2,12,2-12,12,働 者,労,triple_cards_new,Doki Doki2-12
1781695895131,1781695895131,連休,連[れん]休[きゅう],れんきゅう,れんきゅう,renkyū,ciąg dni wolnych (długi weekend),2,12,2-12,12,連 休,,triple_cards_new,Doki Doki2-12
1781695895132,1781695895132,連絡,連[れん]絡[らく],れんらく,れんらく,renraku,kontakt / komunikacja,2,12,2-12,12,連,絡,triple_cards_new,Doki Doki2-12
1781695895133,1781695895133,連れる,連[つ]れる,つれる,つれる,tsureru,zabrać (ze sobą osobę lub zwierzę),2,12,2-12,12,連,,triple_cards_new,Doki Doki2-12
1781695895134,1781695895134,別々,別[べつ]々[べつ],べつべつ,べつべつ,betsubetsu,osobno / oddzielnie,2,12,2-12,12,別,,triple_cards_new,Doki Doki2-12
1781695895135,1781695895135,特別,特[とく]別[べつ],とくべつ,とくべつ,tokubetsu,specjalny / wyjątkowy,2,12,2-12,12,特 別,,triple_cards_new,Doki Doki2-12
1781695895136,1781695895136,差別,差[さ]別[べつ],さべつ,さべつ,sabetsu,dyskryminacja,2,12,2-12,12,別,差,triple_cards_new,Doki Doki2-12
1781695895137,1781695895137,別れる,別[わか]れる,わかれる,わかれる,wakareru,rozstać się / rozejść się,2,12,2-12,12,別,,triple_cards_new,Doki Doki2-12 leech
1781695895138,1781695895138,温度,温[おん]度[ど],おんど,おんど,ondo,temperatura,2,12,2-12,12,度,温,triple_cards_new,Doki Doki2-12
1781695895139,1781695895139,大仏,大[だい]仏[ぶつ],だいぶつ,だいぶつ,daibutsu,wielki posąg Buddy,2,12,2-12,12,大,仏,triple_cards_new,Doki Doki2-12
1781695895141,1781695895141,心配,心[しん]配[ぱい],しんぱい,しんぱい,shinpai,zmartwienie / niepokój,2,12,2-12,12,心,配,triple_cards_new,Doki Doki2-12
1781695895142,1781695895142,安心,安[あん]心[しん],あんしん,あんしん,anshin,ulga / spokój ducha,2,12,2-12,12,安 心,,triple_cards_new,Doki Doki2-12
1781696679974,1781696679974,料金,料[りょう]金[きん],りょうきん,りょうきん,ryōkin,opłata / cennik,2,13,2-13,13,料 金,,triple_cards_new,Doki Doki2-13
1781696679975,1781696679975,駐車場,駐[ちゅう]車[しゃ]場[じょう],ちゅうしゃじょう,ちゅうしゃじょう,chūshajō,parking,2,13,2-13,13,車 場,駐,triple_cards_new,Doki Doki2-13
1781696679976,1781696679976,授業料,授[じゅ]業[ぎょう]料[りょう],じゅぎょうりょう,じゅぎょうりょう,jugyōryō,czesne / opłata za naukę,2,13,2-13,13,授 業 料,,triple_cards_new,Doki Doki2-13
1781696679977,1781696679977,理由,理[り]由[ゆう],りゆう,りゆう,riyū,powód / przyczyna,2,13,2-13,13,理,由,triple_cards_new,Doki Doki2-13
1781696679979,1781696679979,焼き鳥,焼[や]き鳥[とり],やきとり,やきとり,yakitori,grillowany kurczak na patyku / yakitori,2,13,2-13,13,鳥,焼,triple_cards_new,Doki Doki2-13
1781696679980,1781696679980,空く,空[あ]く,あく,あく,aku,być pustym / zwolnić się,2,13,2-13,13,空,,triple_cards_new,Doki Doki2-13
1781696679981,1781696679981,空,空[から],から,から,kara,pusty (brak zawartości),2,13,2-13,13,空,,triple_cards_new,Doki Doki2-13
1781696679982,1781696679982,港,港[みなと],みなと,みなと,minato,port,2,13,2-13,13,港,,triple_cards_new,Doki Doki2-13
1781696679983,1781696679983,着,着[ちゃく],ちゃく,ちゃく,~chaku,przylot / przyjazd (sufiks),2,13,2-13,13,着,,triple_cards_new,Doki Doki2-13
1781696679985,1781696679985,建国,建[けん]国[こく],けんこく,けんこく,kenkoku,założenie państwa,2,13,2-13,13,建 国,,triple_cards_new,Doki Doki2-13
1781696679986,1781696679986,記念日,記[き]念[ねん]日[び],きねんび,きねんび,kinenbi,rocznica / dzień pamięci,2,13,2-13,13,日,記 念,triple_cards_new,Doki Doki2-13
1781696679987,1781696679987,建物,建[たて]物[もの],たてもの,たてもの,tatemono,budynek,2,13,2-13,13,建 物,,triple_cards_new,Doki Doki2-13
1781696679988,1781696679988,建つ,建[た]つ,たつ,たつ,tatsu,być budowanym / stać (o budynku),2,13,2-13,13,建,,triple_cards_new,Doki Doki2-13
1781696679989,1781696679989,建てる,建[た]てる,たてる,たてる,tateru,budować / wznosić,2,13,2-13,13,建,,triple_cards_new,Doki Doki2-13
1781696679990,1781696679990,植物園,植[しょく]物[ぶつ]園[えん],しょくぶつえん,しょくぶつえん,shokubutsuen,ogród botaniczny,2,13,2-13,13,物,植 園,triple_cards_new,Doki Doki2-13
1781696679991,1781696679991,同僚,同[どう]僚[りょう],どうりょう,どうりょう,dōryō,współpracownik / kolega z pracy,2,13,2-13,13,同,僚,triple_cards_new,Doki Doki2-13
1781696679992,1781696679992,同級生,同[どう]級[きゅう]生[せい],どうきゅうせい,どうきゅうせい,dōkyūsei,kolega z klasy / kolega z roku,2,13,2-13,13,同 生,級,triple_cards_new,Doki Doki2-13
1781696679993,1781696679993,同時,同[どう]時[じ],どうじ,どうじ,dōji,ten sam czas / jednocześnie,2,13,2-13,13,同 時,,triple_cards_new,Doki Doki2-13
1781696679994,1781696679994,海,海[かい],かい,かい,~kai,morze (sufiks),2,13,2-13,13,海,,triple_cards_new,Doki Doki2-13
1781696679995,1781696679995,日本海,日[に]本[ほん]海[かい],にほんかい,にほんかい,nihonkai,Morze Japońskie,2,13,2-13,13,日 本 海,,triple_cards_new,Doki Doki2-13
1781696679996,1781696679996,海外,海[かい]外[がい],かいがい,かいがい,kaigai,zagranica / za granicą,2,13,2-13,13,海 外,,triple_cards_new,Doki Doki2-13
1781696679997,1781696679997,特徴,特[とく]徴[ちょう],とくちょう,とくちょう,tokuchō,cecha charakterystyczna,2,13,2-13,13,特,徴,triple_cards_new,Doki Doki2-13
1781696679998,1781696679998,特に,特[とく]に,とくに,とくに,tokuni,szczególnie / w szczególności,2,13,2-13,13,特,,triple_cards_new,Doki Doki2-13
1781696679999,1781696679999,特急電車,特[とっ]急[きゅう]電[でん]車[しゃ],とっきゅうでんしゃ,とっきゅうでんしゃ,tokkyūdensha,pociąg ekspresowy,2,13,2-13,13,特 急 電 車,,triple_cards_new,Doki Doki2-13
1781696680000,1781696680000,不安,不[ふ]安[あん],ふあん,ふあん,fuan,niepokój / obawa,2,13,2-13,13,不 安,,triple_cards_new,Doki Doki2-13
1781696680003,1781696680003,悪魔,悪[あく]魔[ま],あくま,あくま,akuma,diabeł / demon,2,13,2-13,13,悪,魔,triple_cards_new,Doki Doki2-13
1781696680004,1781696680004,最悪,最[さい]悪[あく],さいあく,さいあく,saiaku,najgorszy / okropny,2,13,2-13,13,最 悪,,triple_cards_new,Doki Doki2-13
1781949707945,1781949707945,基本情報,基[き]本[ほん]情[じょう]報[ほう],きほんじょうほう,きほんじょうほう,kihonjouhou,podstawowe informacje,2,7,2-7,7,本,基 情 報,triple_cards_new,Doki Doki2-7
1781949707951,1781949707951,麦茶,麦[むぎ]茶[ちゃ],むぎちゃ,むぎちゃ,mugicha,herbata jęczmienna,2,7,2-7,7,茶,麦,triple_cards_new,Doki Doki2-7
1782553117943,1782553117943,女子高生,女[じょ]子[し]高[こう]生[せい],じょしこうせい,じょしこうせい,joshikōsei,licealistka,2,7,2-7,7,女 子 高 生,,triple_cards_new,Doki Doki2-7
1782553117944,1782553117944,毎年,毎[まい]年[とし],まいとし,まいとし,maitoshi,co roku,2,7,2-7,7,毎 年,,triple_cards_new,Doki Doki2-7
1782553117945,1782553117945,出す,出[だ]す,だす,だす,dasu,wyjmować / wysyłać / oddawać,2,7,2-7,7,出,,triple_cards_new,Doki Doki2-7
1782553654106,1782553654106,遊びに行く,遊[あそ]びに行[い]く,あそびにいく,あそびにいく,asobi ni iku,iść się bawić / iść na miasto / odwiedzić kogoś,2,7,2-7,7,行,遊,triple_cards_new,Doki Doki2-7
1782830622306,1782830622306,万が一,万[まん]が一[いち],まんがいち,まんがいち,mangaichi,w najgorszym razie / na wszelki wypadek,1,3,1-3,3,万 一,,triple_cards_new,Doki Doki1-3
1782830622307,1782830622307,万歩計,万[まん]歩[ぽ]計[けい],まんぽけい,まんぽけい,manpokei,krokomierz,1,3,1-3,3,万 歩,計,triple_cards_new,Doki Doki1-3
1782830622308,1782830622308,円形,円[えん]形[けい],えんけい,えんけい,enkei,okrągły kształt / koło,1,3,1-3,3,円,形,triple_cards_new,Doki Doki1-3
1782830622309,1782830622309,時差,時[じ]差[さ],じさ,じさ,jisa,różnica czasu,1,3,1-3,3,時,差,triple_cards_new,Doki Doki1-3
1782830622310,1782830622310,十分,十[じゅう]分[ぶん],じゅうぶん,じゅうぶん,jūbun,wystarczający,1,3,1-3,3,十 分,,triple_cards_new,Doki Doki1-3
1782830964950,1782830964950,火山,火[か]山[ざん],かざん,かざん,kazan,wulkan,1,4,1-4,4,火 山,,triple_cards_new,Doki Doki1-4
1782830964951,1782830964951,火星,火[か]星[せい],かせい,かせい,kasei,Mars,1,4,1-4,4,火,星,triple_cards_new,Doki Doki1-4
1782830964952,1782830964952,飲み水,飲[の]み水[みず],のみみず,のみみず,nomimizu,woda pitna,1,4,1-4,4,飲 水,,triple_cards_new,Doki Doki1-4
1782830964954,1782830964954,木製,木[もく]製[せい],もくせい,もくせい,mokusei,drewniany,1,4,1-4,4,木,製,triple_cards_new,Doki Doki1-4
1782830964955,1782830964955,現金,現[げん]金[きん],げんきん,げんきん,genkin,gotówka,1,4,1-4,4,金,現,triple_cards_new,Doki Doki1-4
1782830964956,1782830964956,金星,金[きん]星[せい],きんせい,きんせい,kinsei,Wenus,1,4,1-4,4,金,星,triple_cards_new,Doki Doki1-4
1782830964957,1782830964957,土地,土[と]地[ち],とち,とち,tochi,ziemia / grunt,1,4,1-4,4,土 地,,triple_cards_new,Doki Doki1-4
1782830964958,1782830964958,土星,土[ど]星[せい],どせい,どせい,dosei,Saturn,1,4,1-4,4,土,星,triple_cards_new,Doki Doki1-4
1782830964959,1782830964959,国土,国[こく]土[ど],こくど,こくど,kokudo,terytorium kraju,1,4,1-4,4,国 土,,triple_cards_new,Doki Doki1-4
1782830964960,1782830964960,日の出,日[ひ]の出[で],ひので,ひので,hinode,wschód słońca,1,4,1-4,4,日 出,,triple_cards_new,Doki Doki1-4
1782830964961,1782830964961,日の入り,日[ひ]の入[い]り,ひのいり,ひのいり,hinoiri,zachód słońca,1,4,1-4,4,日 入,,triple_cards_new,Doki Doki1-4
1782830964962,1782830964962,平日,平[へい]日[じつ],へいじつ,へいじつ,heijitsu,dzień powszedni,1,4,1-4,4,日,平,triple_cards_new,Doki Doki1-4
1782830964963,1782830964963,絵本,絵[え]本[ほん],えほん,えほん,ehon,książka z obrazkami,1,4,1-4,4,本,絵,triple_cards_new,Doki Doki1-4
1782830964964,1782830964964,本当,本[ほん]当[とう],ほんとう,ほんとう,hontō,prawda,1,4,1-4,4,本 当,,triple_cards_new,Doki Doki1-4
1782830964965,1782830964965,巨人,巨[きょ]人[じん],きょじん,きょじん,kyojin,gigant / olbrzym,1,4,1-4,4,人,巨,triple_cards_new,Doki Doki1-4
1782830964966,1782830964966,愛人,愛[あい]人[じん],あいじん,あいじん,aijin,kochanek / kochanka,1,4,1-4,4,人,愛,triple_cards_new,Doki Doki1-4
1782830964967,1782830964967,隣人,隣[りん]人[じん],りんじん,りんじん,rinjin,sąsiad,1,4,1-4,4,人,隣,triple_cards_new,Doki Doki1-4
1782830964968,1782830964968,他人,他[た]人[にん],たにん,たにん,tanin,obcy / inna osoba,1,4,1-4,4,人,他,triple_cards_new,Doki Doki1-4
1782830964969,1782830964969,以上,以[い]上[じょう],いじょう,いじょう,ijō,więcej niż / powyżej,1,4,1-4,4,以 上,,triple_cards_new,Doki Doki1-4
1782830964970,1782830964970,屋上,屋[おく]上[じょう],おくじょう,おくじょう,okujō,dach (płaski),1,4,1-4,4,屋 上,,triple_cards_new,Doki Doki1-4 leech
1782830964971,1782830964971,以下,以[い]下[か],いか,いか,ika,mniej niż / poniżej,1,4,1-4,4,以 下,,triple_cards_new,Doki Doki1-4
1782830964972,1782830964972,仕事中,仕[し]事[ごと]中[ちゅう],しごとちゅう,しごとちゅう,shigotochū,w trakcie pracy,1,4,1-4,4,仕 事 中,,triple_cards_new,Doki Doki1-4
1782830964973,1782830964973,意外,意[い]外[がい],いがい,いがい,igai,nieoczekiwany / zaskakujący,1,4,1-4,4,意 外,,triple_cards_new,Doki Doki1-4
1782830964974,1782830964974,半パン,半[はん]パン,はんパン,はんぱん,hanpan,krótkie spodenki,1,4,1-4,4,半,,triple_cards_new,Doki Doki1-4
1782830964975,1782830964975,中途半端,中[ちゅう]途[と]半[はん]端[ぱ],ちゅうとはんぱ,ちゅうとはんぱ,chūtohanpa,niedokończony / w połowie drogi,1,4,1-4,4,中 半,途 端,triple_cards_new,Doki Doki1-4
1782831798044,1782831798044,本気,本[ほん]気[き],ほんき,ほんき,honki,powaga / na serio,1,5,1-5,5,本 気,,triple_cards_new,Doki Doki1-5
1782831798045,1782831798045,元カノ,元[もと]カノ,もとカノ,もとかの,motokano,była dziewczyna,1,5,1-5,5,元,,triple_cards_new,Doki Doki1-5
1782831798046,1782831798046,元カレ,元[もと]カレ,もとカレ,もとかれ,motokare,były chłopak,1,5,1-5,5,元,,triple_cards_new,Doki Doki1-5
1782831798047,1782831798047,登山,登[と]山[ざん],とざん,とざん,tozan,wspinaczka górska,1,5,1-5,5,山,登,triple_cards_new,Doki Doki1-5
1782831798048,1782831798048,下山,下[げ]山[ざん],げざん,げざん,gezan,zejście z góry,1,5,1-5,5,下 山,,triple_cards_new,Doki Doki1-5
1782831798049,1782831798049,川岸,川[かわ]岸[ぎし],かわぎし,かわぎし,kawagishi,brzeg rzeki,1,5,1-5,5,川,岸,triple_cards_new,Doki Doki1-5
1782831798050,1782831798050,私語,私[し]語[ご],しご,しご,shigo,prywatna rozmowa / szeptanie,1,5,1-5,5,私 語,,triple_cards_new,Doki Doki1-5
1782831798051,1782831798051,私生活,私[し]生[せい]活[かつ],しせいかつ,しせいかつ,shiseikatsu,życie prywatne,1,5,1-5,5,私 生 活,,triple_cards_new,Doki Doki1-5
1782831798052,1782831798052,田舎,田舎[いなか],いなか,いなか,inaka,wieś / prowincja,1,5,1-5,5,田,舎,triple_cards_new,Doki Doki1-5
1782831798053,1782831798053,女性,女[じょ]性[せい],じょせい,じょせい,josei,"kobieta (uprzejme, objektywne)",1,5,1-5,5,女,性,triple_cards_new,Doki Doki1-5
1782831798054,1782831798054,少女,少[しょう]女[じょ],しょうじょ,しょうじょ,shōjo,dziewczynka / młoda dziewczyna,1,5,1-5,5,少 女,,triple_cards_new,Doki Doki1-5
1782831798055,1782831798055,女王,女[じょ]王[おう],じょおう,じょおう,joō,królowa,1,5,1-5,5,女,王,triple_cards_new,Doki Doki1-5
1782831798056,1782831798056,王女,王[おう]女[じょ],おうじょ,おうじょ,ōjo,księżniczka,1,5,1-5,5,女,王,triple_cards_new,Doki Doki1-5
1782831798057,1782831798057,長男,長[ちょう]男[なん],ちょうなん,ちょうなん,chōnan,najstarszy syn,1,5,1-5,5,長 男,,triple_cards_new,Doki Doki1-5
1782831798058,1782831798058,男性,男[だん]性[せい],だんせい,だんせい,dansei,"mężczyzna (uprzejmie, skromnie)",1,5,1-5,5,男,性,triple_cards_new,Doki Doki1-5
1782831798059,1782831798059,男前,男[おとこ]前[まえ],おとこまえ,おとこまえ,otokomae,przystojny mężczyzna,1,5,1-5,5,男 前,,triple_cards_new,Doki Doki1-5
1782831798060,1782831798060,男女,男[だん]女[じょ],だんじょ,だんじょ,danjo,mężczyźni i kobiety / obie płcie,1,5,1-5,5,男 女,,triple_cards_new,Doki Doki1-5
1782831798062,1782831798062,意見,意[い]見[けん],いけん,いけん,iken,opinia / zdanie,1,5,1-5,5,意 見,,triple_cards_new,Doki Doki1-5
1782831798063,1782831798063,見本,見[み]本[ほん],みほん,みほん,mihon,próbka / wzór,1,5,1-5,5,見 本,,triple_cards_new,Doki Doki1-5
1782831798064,1782831798064,一見,一[いっ]見[けん],いっけん,いっけん,ikken,rzut oka / na pierwszy rzut oka,1,5,1-5,5,一 見,,triple_cards_new,Doki Doki1-5
1782831798066,1782831798066,外食,外[がい]食[しょく],がいしょく,がいしょく,gaishoku,jedzenie na mieście,1,5,1-5,5,外 食,,triple_cards_new,Doki Doki1-5
1782831798067,1782831798067,夕食,夕[ゆう]食[しょく],ゆうしょく,ゆうしょく,yūshoku,kolacja (formalnie),1,5,1-5,5,食,夕,triple_cards_new,Doki Doki1-5
1782831798068,1782831798068,少食,少[しょう]食[しょく],しょうしょく,しょうしょく,shōshoku,jedzący mało (mały apetyt),1,5,1-5,5,少 食,,triple_cards_new,Doki Doki1-5
1782831798069,1782831798069,飲酒,飲[いん]酒[しゅ],いんしゅ,いんしゅ,inshu,spożywanie alkoholu,1,5,1-5,5,飲,酒,triple_cards_new,Doki Doki1-5
1782847371409,1782847371409,右目,右[みぎ]目[め],みぎめ,みぎめ,migime,prawe oko,1,6,1-6,6,右 目,,triple_cards_new,Doki Doki1-6
1782847371410,1782847371410,右側,右[みぎ]側[がわ],みぎがわ,みぎがわ,migigawa,prawa strona,1,6,1-6,6,右,側,triple_cards_new,Doki Doki1-6
1782847371411,1782847371411,左目,左[ひだり]目[め],ひだりめ,ひだりめ,hidarime,lewe oko,1,6,1-6,6,左 目,,triple_cards_new,Doki Doki1-6
1782847371412,1782847371412,左側,左[ひだり]側[がわ],ひだりがわ,ひだりがわ,hidarigawa,lewa strona,1,6,1-6,6,左,側,triple_cards_new,Doki Doki1-6
1782847371413,1782847371413,左手,左[ひだり]手[て],ひだりて,ひだりて,hidarite,lewa ręka,1,6,1-6,6,左 手,,triple_cards_new,Doki Doki1-6
1782847371414,1782847371414,東欧,東[とう]欧[おう],とうおう,とうおう,touou,Europa Wschodnia,1,6,1-6,6,東,欧,triple_cards_new,Doki Doki1-6
1782847371415,1782847371415,東西,東[とう]西[ざい],とうざい,とうざい,touzai,wschód i zachód,1,6,1-6,6,東 西,,triple_cards_new,Doki Doki1-6
1782847371416,1782847371416,西口,西[にし]口[ぐち],にしぐち,にしぐち,nishiguchi,zachodnie wyjście,1,6,1-6,6,西 口,,triple_cards_new,Doki Doki1-6
1782847371417,1782847371417,西欧,西[せい]欧[おう],せいおう,せいおう,seiou,Europa Zachodnia,1,6,1-6,6,西,欧,triple_cards_new,Doki Doki1-6
1782847371418,1782847371418,南北,南[なん]北[ぼく],なんぼく,なんぼく,nanboku,północ i południe,1,6,1-6,6,南 北,,triple_cards_new,Doki Doki1-6
1782847371419,1782847371419,南国,南[なん]国[ごく],なんごく,なんごく,nangoku,południowy kraj / kraje tropikalne,1,6,1-6,6,南 国,,triple_cards_new,Doki Doki1-6
1782847371420,1782847371420,悪口,悪[わる]口[ぐち],わるぐち,わるぐち,waruguchi,obelga / oczernianie,1,6,1-6,6,悪 口,,triple_cards_new,Doki Doki1-6
1782847371421,1782847371421,生える,生[は]える,はえる,はえる,haeru,"rosnąć (o włosach, roślinach)",1,6,1-6,6,生,,triple_cards_new,Doki Doki1-6
1782847371422,1782847371422,生き物,生[い]き物[もの],いきもの,いきもの,ikimono,żywe stworzenie,1,6,1-6,6,生 物,,triple_cards_new,Doki Doki1-6
1782847371423,1782847371423,大中小,大[だい]中[ちゅう]小[しょう],だいちゅうしょう,だいちゅうしょう,daichuushou,"duży, średni i mały",1,6,1-6,6,大 中 小,,triple_cards_new,Doki Doki1-6
1782847371424,1782847371424,小山,小[こ]山[やま],こやま,こやま,koyama,wzgórze / mała góra,1,6,1-6,6,小 山,,triple_cards_new,Doki Doki1-6
1782847371425,1782847371425,大気,大[たい]気[き],たいき,たいき,taiki,atmosfera / powietrze,1,6,1-6,6,大 気,,triple_cards_new,Doki Doki1-6
1782847371426,1782847371426,大雨,大[おお]雨[あめ],おおあめ,おおあめ,ooame,ulewa / silny deszcz,1,6,1-6,6,大 雨,,triple_cards_new,Doki Doki1-6
1782847371427,1782847371427,入学,入[にゅう]学[がく],にゅうがく,にゅうがく,nyuugaku,przyjęcie do szkoły / rozpoczęcie nauki,1,6,1-6,6,入 学,,triple_cards_new,Doki Doki1-6
1782847371428,1782847371428,国家,国[こっ]家[か],こっか,こっか,kokka,państwo / naród,1,6,1-6,6,国 家,,triple_cards_new,Doki Doki1-6
1782847371429,1782847371429,学位,学[がく]位[い],がくい,がくい,gakui,stopień naukowy,1,6,1-6,6,学,位,triple_cards_new,Doki Doki1-6
1782847696199,1782847696199,水星,水[すい]星[せい],すいせい,すいせい,suisei,Merkury (planeta),1,4,1-4,4,水,星,triple_cards_new,Doki Doki1-4
1782847789821,1782847789821,大会,大[たい]会[かい],たいかい,たいかい,taikai,turniej / zawody / zjazd,2,7,2-7,7,大 会,,triple_cards_new,Doki Doki2-7
1782847789822,1782847789822,教会,教[きょう]会[かい],きょうかい,きょうかい,kyoukai,kościół,2,7,2-7,7,教 会,,triple_cards_new,Doki Doki2-7
1782847789823,1782847789823,本社,本[ほん]社[しゃ],ほんしゃ,ほんしゃ,honsha,siedziba główna (firmy),2,7,2-7,7,本 社,,triple_cards_new,Doki Doki2-7
1782847789824,1782847789824,入社,入[にゅう]社[しゃ],にゅうしゃ,にゅうしゃ,nyuusha,podjęcie pracy w firmie,2,7,2-7,7,入 社,,triple_cards_new,Doki Doki2-7
1782847789825,1782847789825,高さ,高[たか]さ,たかさ,たかさ,takasa,wysokość,2,7,2-7,7,高,,triple_cards_new,Doki Doki2-7
1782847789826,1782847789826,高める,高[たか]める,たかめる,たかめる,takameru,podnosić / potęgować,2,7,2-7,7,高,,triple_cards_new,Doki Doki2-7
1782847789827,1782847789827,父親,父[ちち]親[おや],ちちおや,ちちおや,chichioya,ojciec,2,7,2-7,7,父 親,,triple_cards_new,Doki Doki2-7
1782847789828,1782847789828,神父,神[しん]父[ぷ],しんぷ,しんぷ,shinpu,ksiądz katolicki,2,7,2-7,7,神 父,,triple_cards_new,Doki Doki2-7
1782847789829,1782847789829,母親,母[はは]親[おや],ははおや,ははおや,hahaoya,matka,2,7,2-7,7,母 親,,triple_cards_new,Doki Doki2-7
1782847789830,1782847789830,母国,母[ぼ]国[こく],ぼこく,ぼこく,bokoku,ojczyzna / kraj ojczysty,2,7,2-7,7,母 国,,triple_cards_new,Doki Doki2-7
1782847789831,1782847789831,一人っ子,一人[ひとり]っ子[こ],ひとりっこ,ひとりっこ,hitorikko,jedynak,2,7,2-7,7,一 人 子,,triple_cards_new,Doki Doki2-7
1782847789832,1782847789832,子猫,子[こ]猫[ねこ],こねこ,こねこ,koneko,kociątko / mały kot,2,7,2-7,7,子,猫,triple_cards_new,Doki Doki2-7
1782847789833,1782847789833,一時間毎,一[いち]時[じ]間[かん]毎[ごと],いちじかんごと,いちじかんごと,ichijikangoto,co godzinę,2,7,2-7,7,一 時 間 毎,,triple_cards_new,Doki Doki2-7
1782847789834,1782847789834,毎月,毎[まい]月[つき],まいつき,まいつき,maitsuki,co miesiąc,2,7,2-7,7,毎 月,,triple_cards_new,Doki Doki2-7
1782847789836,1782847789836,語る,語[かた]る,かたる,かたる,kataru,opowiadać / mówić,2,7,2-7,7,語,,triple_cards_new,Doki Doki2-7
1782847789838,1782847789838,持ち帰り,持[も]ち帰[かえ]り,もちかえり,もちかえり,mochikaeri,jedzenie na wynos,2,7,2-7,7,持 帰,,triple_cards_new,Doki Doki2-7
1782847789839,1782847789839,日帰り,日[ひ]帰[がえ]り,ひがえり,ひがえり,higaeri,wycieczka jednodniowa,2,7,2-7,7,日 帰,,triple_cards_new,Doki Doki2-7 leech
1782847789840,1782847789840,帰り道,帰[かえ]り道[みち],かえりみち,かえりみち,kaerimichi,droga powrotna,2,7,2-7,7,帰 道,,triple_cards_new,Doki Doki2-7
1782847789841,1782847789841,終電,終[しゅう]電[でん],しゅうでん,しゅうでん,shuuden,ostatni pociąg,2,7,2-7,7,終 電,,triple_cards_new,Doki Doki2-7
1782847789842,1782847789842,汽車,汽[き]車[しゃ],きしゃ,きしゃ,kisha,pociąg (parowy),2,7,2-7,7,車,汽,triple_cards_new,Doki Doki2-7
1782847789843,1782847789843,北京,北[ぺ]京[きん],ぺきん,ぺきん,pekin,Pekin,2,7,2-7,7,北 京,,triple_cards_new,Doki Doki2-7
1783158087615,1783158087615,そう思う,そう思[おも]う,そうおもう,そうおもう,sō omou,też tak myślę,2,7,2-7,7,思,,triple_cards_new,Doki Doki2-7
1783158087618,1783158087618,心配する,心[しん]配[ぱい]する,しんぱいする,しんぱいする,shinpai suru,"martwić się / niepokoić się (na zapas, problem jeszcze nie ma miejsca)",2,7,2-7,7,心,配,triple_cards_new,Doki Doki2-7
1783158087619,1783158087619,恋人,恋[こい]人[びと],こいびと,こいびと,koibito,chłopak / dziewczyna / partner (w związku),2,7,2-7,7,人,恋,triple_cards_new,Doki Doki2-7
1783158087621,1783158087621,丁寧に話す,丁[てい]寧[ねい]に話[はな]す,ていねいにはなす,ていねいにはなす,teinei ni hanasu,mówić uprzejmie / grzecznie,2,7,2-7,7,話,丁 寧,triple_cards_new,Doki Doki2-7
1783158087625,1783158087625,願い事,願[ねが]い事[ごと],ねがいごと,ねがいごと,negaigoto,życzenie / prośba (do bóstwa lub gwiazd),2,7,2-7,7,事,願,triple_cards_new,Doki Doki2-7
1783158087627,1783158087627,行事,行[ぎょう]事[じ],ぎょうじ,ぎょうじ,gyōji,wydarzenie / uroczystość / impreza tradycyjna,2,7,2-7,7,行 事,,triple_cards_new,Doki Doki2-7
1783158087628,1783158087628,両側,両[りょう]側[がわ],りょうがわ,りょうがわ,ryōgawa,obie strony / po obu stronach,2,7,2-7,7,両,側,triple_cards_new,Doki Doki2-7
1783158087629,1783158087629,天の川,天[あま]の川[がわ],あまのがわ,あまのがわ,Amanogawa,Droga Mleczna,2,7,2-7,7,天 川,,triple_cards_new,Doki Doki2-7
1783158087631,1783158087631,どう思う,どう思[おも]う,どうおもう,どうおもう,dō omou,co (o tym) myślisz? / jak uważasz?,2,7,2-7,7,思,,triple_cards_new,Doki Doki2-7
1783671317839,1783671317839,会員,会[かい]員[いん],かいいん,かいいん,kaiin,"członek (np. klubu, stowarzyszenia)",2,8,2-8,8,会 員,,triple_cards_new,Doki Doki2-8
1783671317840,1783671317840,考古学,考[こう]古[こ]学[がく],こうこがく,こうこがく,koukogaku,archeologia,2,8,2-8,8,考 古 学,,triple_cards_new,Doki Doki2-8
1783671317841,1783671317841,古語,古[こ]語[ご],こご,こご,kogo,"archaizm, stary język",2,8,2-8,8,古 語,,triple_cards_new,Doki Doki2-8
1783671317842,1783671317842,古着,古[ふる]着[ぎ],ふるぎ,ふるぎ,furugi,używana odzież,2,8,2-8,8,古 着,,triple_cards_new,Doki Doki2-8
1783671317843,1783671317843,新年,新[しん]年[ねん],しんねん,しんねん,shinnen,Nowy Rok,2,8,2-8,8,新 年,,triple_cards_new,Doki Doki2-8
1783671317844,1783671317844,聞き取る,聞[き]き取[と]る,ききとる,ききとる,kikitoru,"usłyszeć, zrozumieć ze słuchu",2,8,2-8,8,聞,取,triple_cards_new,Doki Doki2-8
1783671317845,1783671317845,聞き手,聞[き]き手[て],ききて,ききて,kikite,słuchacz,2,8,2-8,8,聞 手,,triple_cards_new,Doki Doki2-8
1783671317846,1783671317846,手作り,手[て]作[づく]り,てづくり,てづくり,tezukuri,"ręczna robota, zrobione własnoręcznie",2,8,2-8,8,手 作,,triple_cards_new,Doki Doki2-8
1783671317847,1783671317847,仕方ない,仕[し]方[かた]ない,しかたない,しかたない,shikatanai,"nie ma na to rady, trudno",2,8,2-8,8,仕 方,,triple_cards_new,Doki Doki2-8
1783671317848,1783671317848,休憩,休[きゅう]憩[けい],きゅうけい,きゅうけい,kyuukei,"przerwa, odpoczynek (Przerwa w trakcie pracy lub aktywności)",2,8,2-8,8,休,憩,triple_cards_new,Doki Doki2-8
1783671317849,1783671317849,夏休み,夏[なつ]休[やす]み,なつやすみ,なつやすみ,natsuyasumi,letnie wakacje,2,8,2-8,8,夏 休,,triple_cards_new,Doki Doki2-8
1783671317850,1783671317850,一言,一[ひと]言[こと],ひとこと,ひとこと,hitokoto,"jedno słowo, krótka wypowiedź",2,8,2-8,8,一 言,,triple_cards_new,Doki Doki2-8
1783671317851,1783671317851,読み物,読[よ]み物[もの],よみもの,よみもの,yomimono,"materiały do czytania, lektura",2,8,2-8,8,読 物,,triple_cards_new,Doki Doki2-8
1783671317852,1783671317852,読者,読[どく]者[しゃ],どくしゃ,どくしゃ,dokusha,czytelnik,2,8,2-8,8,読 者,,triple_cards_new,Doki Doki2-8
1783671317853,1783671317853,思い出す,思[おも]い出[だ]す,おもいだす,おもいだす,omoidasu,przypomnieć sobie,2,8,2-8,8,思 出,,triple_cards_new,Doki Doki2-8
1783671317854,1783671317854,思いつく,思[おも]いつく,おもいつく,おもいつく,omoitsuku,"wpaść na pomysł, wymyślić",2,8,2-8,8,思,,triple_cards_new,Doki Doki2-8
1783671317855,1783671317855,実家,実[じっ]家[か],じっか,じっか,jikka,dom rodzinny,2,8,2-8,8,家,実,triple_cards_new,Doki Doki2-8
1783671317857,1783671317857,大家,大[おお]家[や],おおや,おおや,ooya,"właściciel (mieszkania, budynku)",2,8,2-8,8,大 家,,triple_cards_new,Doki Doki2-8
1783671317858,1783671317858,世話,世[せ]話[わ],せわ,せわ,sewa,"opieka, dbanie o coś/kogoś",2,8,2-8,8,世 話,,triple_cards_new,Doki Doki2-8
1783671317859,1783671317859,話題,話[わ]題[だい],わだい,わだい,wadai,temat rozmowy,2,8,2-8,8,話 題,,triple_cards_new,Doki Doki2-8
1783671317860,1783671317860,話しかた,話[はな]しかた,はなしかた,はなしかた,hanashikata,sposób mówienia,2,8,2-8,8,話,,triple_cards_new,Doki Doki2-8
1783671317861,1783671317861,次々に,次[つぎ]々[つぎ]に,つぎつぎに,つぎつぎに,tsugitsugini,"jeden po drugim, kolejno",2,8,2-8,8,次,,triple_cards_new,Doki Doki2-8
1783671317862,1783671317862,何千,何[なん]千[ぜん],なんぜん,なんぜん,nanzen,tysiące,2,8,2-8,8,何 千,,triple_cards_new,Doki Doki2-8
1783671317863,1783671317863,何人,何[なに]人[じん],なにじん,なにじん,nanijin,jakiej narodowości,2,8,2-8,8,何 人,,triple_cards_new,Doki Doki2-8
1783671317864,1783671317864,何か,何[なに]か,なにか,なにか,nanika,coś,2,8,2-8,8,何,,triple_cards_new,Doki Doki2-8
1783671317865,1783671317865,何も,何[なに]も,なにも,なにも,nanimo,nic,2,8,2-8,8,何,,triple_cards_new,Doki Doki2-8
1783762598113,1783762598113,定食,定[てい]食[しょく],ていしょく,ていしょく,teishoku,zestaw obiadowy,2,7,2-7,7,食,定,triple_cards_new,Doki Doki2-7
1783762598114,1783762598114,一人前,一[ひと]人[り]前[まえ],ひとりまえ,ひとりまえ,hitorimae,"porcja (dla jednej osoby), jedna porcja",2,7,2-7,7,一 人 前,,triple_cards_new,Doki Doki2-7
1784363583580,1784363583580,生活を送る,生[せい]活[かつ]を送[おく]る,せいかつをおくる,せいかつをおくる,seikatsu o okuru,prowadzić życie,2,8,2-8,8,生 活,送,triple_cards_new,Doki Doki2-8
1784363583584,1784363583584,今回,今[こん]回[かい],こんかい,こんかい,konkai,tym razem,2,8,2-8,8,今,回,triple_cards_new,Doki Doki2-8
1784363583585,1784363583585,声,声[こえ],こえ,こえ,koe,głos,2,8,2-8,8,声,,triple_cards_new,Doki Doki2-8
1784363583586,1784363583586,大きな声,大[おお]きな声[こえ],おおきなこえ,おおきなこえ,ookina koe,głośny głos,2,8,2-8,8,大 声,,triple_cards_new,Doki Doki2-8
1784972022796,1784972022796,強い意志,強[つよ]い意[い]志[し],つよいいし,つよいいし,tsuyoi ishi,silna wola,2,8,2-8,8,強 意,志,triple_cards_new,Doki Doki2-8
1784972022797,1784972022797,バルト海,バルト海[かい],バルトかい,ばるとかい,baruto kai,Morze Bałtyckie / Bałtyk,2,8,2-8,8,海,,triple_cards_new,Doki Doki2-8
1784972022801,1784972022801,元国,元[げん]国[こく],げんこく,げんこく,genkoku,dawny kraj / kraj pochodzenia,2,8,2-8,8,元 国,,triple_cards_new,Doki Doki2-8
1784972022802,1784972022802,雰囲気,雰[ふん]囲[い]気[き],ふんいき,ふんいき,fun&#x27;iki,atmosfera / nastrój,2,8,2-8,8,気,雰 囲,triple_cards_new,Doki Doki2-8
1784972022803,1784972022803,町中,町[まち]中[じゅう],まちじゅう,まちじゅう,machijū,całe miasto / w całym mieście,2,8,2-8,8,町 中,,triple_cards_new,Doki Doki2-8
1784972022804,1784972022804,山車,山車[だし],だし,だし,dashi,platforma festiwalowa / rydwan świąteczny,2,8,2-8,8,山 車,,triple_cards_new,Doki Doki2-8
1785576918730,1785576918730,無駄に使う,無[む]駄[だ]に使[つか]う,むだにつかう,むだにつかう,muda ni tsukau,marnować / używać na marne,2,8,2-8,8,無 使,駄,triple_cards_new,Doki Doki2-8 leech
1785576918732,1785576918732,哲学,哲[てつ]学[がく],てつがく,てつがく,tetsugaku,filozofia,2,8,2-8,8,学,哲,triple_cards_new,Doki Doki2-8
1785576918734,1785576918734,駄目になる,駄[だ]目[め]になる,だめになる,だめになる,dame ni naru,zepsuć się / nie udać się / nici z...,2,8,2-8,8,目,駄,triple_cards_new,Doki Doki2-8
1785578140820,1785578140820,体にいい,体[からだ]にいい,からだにいい,からだにいい,karada ni ii,dobre dla zdrowia,2,8,2-8,8,体,,triple_cards_new,Doki Doki2-8
1785744816813,1785744816813,名物,名[めい]物[ぶつ],めいぶつ,めいぶつ,meibutsu,"słynny produkt (lokalny), specjał",2,9,2-9,9,名 物,,triple_cards_new,Doki Doki2-9
1785744816814,1785744816814,名所,名[めい]所[しょ],めいしょ,めいしょ,meisho,słynne miejsce,2,9,2-9,9,名 所,,triple_cards_new,Doki Doki2-9
1785744816815,1785744816815,五年前,五[ご]年[ねん]前[まえ],ごねんまえ,ごねんまえ,gonenmae,pięć lat temu,2,9,2-9,9,五 年 前,,triple_cards_new,Doki Doki2-9
1785744816816,1785744816816,前回,前[ぜん]回[かい],ぜんかい,ぜんかい,zenkai,poprzednim razem,2,9,2-9,9,前,回,triple_cards_new,Doki Doki2-9
1785744816817,1785744816817,正午,正[しょう]午[ご],しょうご,しょうご,shougo,południe (godzina 12:00),2,9,2-9,9,正 午,,triple_cards_new,Doki Doki2-9
1785744816818,1785744816818,後の祭り,後[あと]の祭[まつ]り,あとのまつり,あとのまつり,atonomatsuri,musztarda po obiedzie (za późno na coś),2,9,2-9,9,後,祭,triple_cards_new,Doki Doki2-9
1785744816819,1785744816819,後輩,後[こう]輩[はい],こうはい,こうはい,kouhai,młodszy kolega (ze szkoły lub pracy),2,9,2-9,9,後,輩,triple_cards_new,Doki Doki2-9
1785744816820,1785744816820,赤,赤[あか],あか,あか,aka,czerwień (kolor),2,9,2-9,9,赤,,triple_cards_new,Doki Doki2-9
1785744816821,1785744816821,真っ赤,真[ま]っ赤[か],まっか,まっか,makka,"jaskrawoczerwony, cały czerwony",2,9,2-9,9,真 赤,,triple_cards_new,Doki Doki2-9
1785744816822,1785744816822,青,青[あお],あお,あお,ao,błękit (kolor niebieski),2,9,2-9,9,青,,triple_cards_new,Doki Doki2-9
1785744816823,1785744816823,真っ青,真[ま]っ青[さお],まっさお,まっさお,massao,blady / ciemnoniebieski,2,9,2-9,9,真 青,,triple_cards_new,Doki Doki2-9
1785744816824,1785744816824,白,白[しろ],しろ,しろ,shiro,biel (kolor),2,9,2-9,9,白,,triple_cards_new,Doki Doki2-9
1785744816825,1785744816825,黒,黒[くろ],くろ,くろ,kuro,czerń (kolor),2,9,2-9,9,黒,,triple_cards_new,Doki Doki2-9
1785744816826,1785744816826,真っ白,真[ま]っ白[しろ],まっしろ,まっしろ,masshiro,"śnieżnobiały, cały biały",2,9,2-9,9,真 白,,triple_cards_new,Doki Doki2-9
1785744816827,1785744816827,白黒,白[しろ]黒[くろ],しろくろ,しろくろ,shirokuro,czarno-biały,2,9,2-9,9,白 黒,,triple_cards_new,Doki Doki2-9
1785744816828,1785744816828,真っ黒,真[ま]っ黒[くろ],まっくろ,まっくろ,makkuro,"kruczoczarny, cały czarny",2,9,2-9,9,真 黒,,triple_cards_new,Doki Doki2-9
1785744816829,1785744816829,小雨,小[こ]雨[さめ],こさめ,こさめ,kosame,mżawka (drobny deszcz),2,9,2-9,9,小 雨,,triple_cards_new,Doki Doki2-9
1785744816830,1785744816830,雨水,雨[あま]水[みず],あまみず,あまみず,amamizu,woda deszczowa,2,9,2-9,9,雨 水,,triple_cards_new,Doki Doki2-9
1785744816831,1785744816831,大雪,大[おお]雪[ゆき],おおゆき,おおゆき,ooyuki,obfite opady śniegu,2,9,2-9,9,大 雪,,triple_cards_new,Doki Doki2-9
1785744816832,1785744816832,小雪,小[こ]雪[ゆき],こゆき,こゆき,koyuki,lekki śnieg,2,9,2-9,9,小 雪,,triple_cards_new,Doki Doki2-9
1785744816833,1785744816833,吹雪,吹雪[ふぶき],ふぶき,ふぶき,fubuki,zamieć śnieżna,2,9,2-9,9,雪,吹,triple_cards_new,Doki Doki2-9
1785744816834,1785744816834,初雪,初[はつ]雪[ゆき],はつゆき,はつゆき,hatsuyuki,pierwszy śnieg (w roku),2,9,2-9,9,雪,初,triple_cards_new,Doki Doki2-9
1785744816835,1785744816835,雪国,雪[ゆき]国[ぐに],ゆきぐに,ゆきぐに,yukiguni,"śnieżny kraj (rejon o dużych opadach), śnieżna kraina",2,9,2-9,9,雪 国,,triple_cards_new,Doki Doki2-9
1785744816836,1785744816836,親友,親[しん]友[ゆう],しんゆう,しんゆう,shinyuu,bliski przyjaciel,2,9,2-9,9,親 友,,triple_cards_new,Doki Doki2-9
1785744816837,1785744816837,少々,少[しょう]々[しょう],しょうしょう,しょうしょう,shoushou,"trochę, chwileczkę",2,9,2-9,9,少,,triple_cards_new,Doki Doki2-9
1785744816838,1785744816838,多数決,多[た]数[すう]決[けつ],たすうけつ,たすうけつ,tasuuketsu,decyzja większości,2,9,2-9,9,多,数 決,triple_cards_new,Doki Doki2-9
1785744816839,1785744816839,多分,多[た]分[ぶん],たぶん,たぶん,tabun,"prawdopodobnie, chyba (dość pewne)",1,5,1-5,5,多 分,,triple_cards_new,Doki Doki1-5 Doki2-9
1785744816840,1785744816840,人見知り,人[ひと]見[み]知[し]り,ひとみしり,ひとみしり,hitomishiri,nieśmiałość (do obcych),2,9,2-9,9,人 見 知,,triple_cards_new,Doki Doki2-9
1785744816841,1785744816841,通知,通[つう]知[ち],つうち,つうち,tsuuchi,"zawiadomienie, powiadomienie",2,9,2-9,9,通 知,,triple_cards_new,Doki Doki2-9
1786181888667,1786181888667,説明する,説[せつ]明[めい]する,せつめいする,せつめいする,setsumei suru,"wyjaśniać, tłumaczyć",2,8,2-8,8,明,説,triple_cards_new,Doki Doki2-8
1786181888670,1786181888670,終わる,終[お]わる,おわる,おわる,owaru,kończyć się,2,8,2-8,8,終,,triple_cards_new,Doki Doki2-8
1786181888674,1786181888674,着替える,着[き]替[が]える,きがえる,きがえる,kigaeru,przebierać się,2,8,2-8,8,着,替,triple_cards_new,Doki Doki2-8
1786181888676,1786181888676,木苺,木[き]苺[いちご],きいちご,きいちご,kiichigo,"malina, jeżyna",2,8,2-8,8,木,苺,triple_cards_new,Doki Doki2-8
1787509716960,1787509716960,早退する,早[そう]退[たい]する,そうたいする,そうたいする,sōtaisuru,wyjść wcześniej,2,9,2-9,9,早,退,triple_cards_new,Doki Doki2-9
1787509716967,1787509716967,両替所,両[りょう]替[がえ]所[じょ],りょうがえじょ,りょうがえじょ,ryōgaejo,kantor,2,9,2-9,9,両 所,替,triple_cards_new,Doki Doki2-9
1787509716968,1787509716968,旅券,旅[りょ]券[けん],りょけん,りょけん,ryoken,paszport (natywnie),2,9,2-9,9,旅,券,triple_cards_new,Doki Doki2-9
1787509716972,1787509716972,遠足に行く,遠[えん]足[そく]に行[い]く,えんそくにいく,えんそくにいく,ensoku ni iku,iść na wycieczkę szkolną,2,9,2-9,9,足 行,遠,triple_cards_new,Doki Doki2-9
1787509716973,1787509716973,能力,能[のう]力[りょく],のうりょく,のうりょく,nōryoku,"zdolność, umiejętność",2,9,2-9,9,力,能,triple_cards_new,Doki Doki2-9
1787996327030,1787996327030,計画を立てる,計[けい]画[かく]を立[た]てる,けいかくをたてる,けいかくをたてる,keikaku o tateru,robić plany,2,9,2-9,9,画 立,計,triple_cards_new,Doki Doki2-9
1788508209236,1788508209236,知り合い,知[し]り合[あ]い,しりあい,しりあい,shiriai,"znajomy (język codzienny, mówiony)",2,10,2-10,10,知,合,triple_cards_new,Doki Doki2-10
1788508209237,1788508209237,住まい,住[す]まい,すまい,すまい,sumai,"mieszkanie, miejsce zamieszkania",2,10,2-10,10,住,,triple_cards_new,Doki Doki2-10
1788508209238,1788508209238,住民,住[じゅう]民[みん],じゅうみん,じゅうみん,jūmin,"mieszkaniec, mieszkańcy",2,10,2-10,10,住,民,triple_cards_new,Doki Doki2-10
1788508209239,1788508209239,正式,正[せい]式[しき],せいしき,せいしき,seishiki,"oficjalny, formalny",2,10,2-10,10,正,式,triple_cards_new,Doki Doki2-10
1788508209240,1788508209240,学年,学[がく]年[ねん],がくねん,がくねん,gakunen,rok szkolny,2,10,2-10,10,学 年,,triple_cards_new,Doki Doki2-10
1788508209241,1788508209241,年寄,年[とし]寄[より],としより,としより,toshiyori,osoba starsza,2,10,2-10,10,年,寄,triple_cards_new,Doki Doki2-10
1788508209242,1788508209242,売り切れ,売[う]り切[き]れ,うりきれ,うりきれ,urikire,"wyprzedane, brak towaru",2,10,2-10,10,売 切,,triple_cards_new,Doki Doki2-10
1788508209243,1788508209243,安売り,安[やす]売[う]り,やすうり,やすうり,yasuuri,"wyprzedaż, tania sprzedaż",2,10,2-10,10,安 売,,triple_cards_new,Doki Doki2-10
1788508209244,1788508209244,買い手,買[か]い手[て],かいて,かいて,kaite,"kupiec, nabywca",2,10,2-10,10,買 手,,triple_cards_new,Doki Doki2-10
1788508209245,1788508209245,下町,下[した]町[まち],したまち,したまち,shitamachi,"stare miasto, tradycyjna dzielnica",2,10,2-10,10,下 町,,triple_cards_new,Doki Doki2-10
1788508209246,1788508209246,長時間,長[ちょう]時[じ]間[かん],ちょうじかん,ちょうじかん,chōjikan,"długi czas, długo",2,10,2-10,10,長 時 間,,triple_cards_new,Doki Doki2-10
1788508209247,1788508209247,長生き,長[なが]生[い]き,ながいき,ながいき,nagaiki,długie życie,2,10,2-10,10,長 生,,triple_cards_new,Doki Doki2-10
1788508209248,1788508209248,長さ,長[なが]さ,ながさ,ながさ,nagasa,długość,2,10,2-10,10,長,,triple_cards_new,Doki Doki2-10
1788508209249,1788508209249,ワルシャワ市,ワルシャワ市[し],ワルシャワし,わるしゃわし,Warushawashi,miasto Warszawa,2,10,2-10,10,市,,triple_cards_new,Doki Doki2-10
1788508209250,1788508209250,都市,都[と]市[し],とし,とし,toshi,"duże miasto, metropolia",2,10,2-10,10,市,都,triple_cards_new,Doki Doki2-10
1788508209251,1788508209251,市場,市[し]場[じょう],しじょう,しじょう,shijō,rynek (w sensie ekonomicznym),2,10,2-10,10,市 場,,triple_cards_new,Doki Doki2-10
1788508209252,1788508209252,市場,市[いち]場[ば],いちば,いちば,ichiba,"targ, rynek (fizyczne miejsce)",2,10,2-10,10,市 場,,triple_cards_new,Doki Doki2-10
1788508209253,1788508209253,茶道,茶[さ]道[どう],さどう,さどう,sadō,ceremonia parzenia herbaty,2,10,2-10,10,茶 道,,triple_cards_new,Doki Doki2-10
1788508209254,1788508209254,水道,水[すい]道[どう],すいどう,すいどう,suidō,"wodociąg, bieżąca woda",2,10,2-10,10,水 道,,triple_cards_new,Doki Doki2-10
1788508209255,1788508209255,山道,山[やま]道[みち],やまみち,やまみち,yamamichi,"górska droga, szlak górski",2,10,2-10,10,山 道,,triple_cards_new,Doki Doki2-10
1788508209256,1788508209256,北海道,北[ほっ]海[かい]道[どう],ほっかいどう,ほっかいどう,Hokkaidō,Hokkaido (wyspa w Japonii),2,10,2-10,10,北 海 道,,triple_cards_new,Doki Doki2-10
1788508209257,1788508209257,私立,私[し]立[りつ],しりつ,しりつ,shiritsu,prywatny,2,10,2-10,10,私 立,,triple_cards_new,Doki Doki2-10
1788508209258,1788508209258,立ち上がる,立[た]ち上[あ]がる,たちあがる,たちあがる,tachiagaru,"wstawać, podnieść się",2,10,2-10,10,立 上,,triple_cards_new,Doki Doki2-10
1788508209259,1788508209259,立ち入り,立[た]ち入[い]り,たちいり,たちいり,tachiiri,"wejście, wstęp",2,10,2-10,10,立 入,,triple_cards_new,Doki Doki2-10
1788508209260,1788508209260,自ら,自[みずか]ら,みずから,みずから,mizukara,"samemu, osobiście",2,10,2-10,10,自,,triple_cards_new,Doki Doki2-10
1788508209261,1788508209261,夜明け,夜[よ]明[あ]け,よあけ,よあけ,yoake,"świt, brzask",2,10,2-10,10,夜 明,,triple_cards_new,Doki Doki2-10
1788508209262,1788508209262,持参,持[じ]参[さん],じさん,じさん,jisan,"rzeczy osobiste, przyniesienie własnego (np. jedzenia), zabranie ze sobą",2,10,2-10,10,持,参,triple_cards_new,Doki Doki2-10
1788508209263,1788508209263,持ち上げる,持[も]ち上[あ]げる,もちあげる,もちあげる,mochiageru,"podnieść, unieść (coś ciężkiego)",2,10,2-10,10,持 上,,triple_cards_new,Doki Doki2-10
1788600873424,1788600873424,間にか,間[ま]にか,まにか,まにか,manika,"niepostrzeżenie, w międzyczasie",2,9,2-9,9,間,,triple_cards_new,Doki Doki2-9
1788600873436,1788600873436,異世界,異[い]世[せ]界[かい],いせかい,いせかい,isekai,inny świat,2,10,2-10,10,世 界,異,triple_cards_new,Doki Doki2-10
1788600873437,1788600873437,気温,気[き]温[おん],きおん,きおん,kion,temperatura powietrza,2,10,2-10,10,気,温,triple_cards_new,Doki Doki2-10
1788600873438,1788600873438,最低,最[さい]低[てい],さいてい,さいてい,saitei,"najniższy, najgorszy",2,10,2-10,10,最,低,triple_cards_new,Doki Doki2-10
1788716790685,1788716790685,女優,女[じょ]優[ゆう],じょゆう,じょゆう,joyuu,aktorka,2,10,2-10,10,女,優,triple_cards_new,Doki Doki2-10
1789206097154,1789206097154,最後,最[さい]後[ご],さいご,さいご,saigo,"koniec, ostatni",2,9,2-9,9,最 後,,triple_cards_new,Doki Doki2-9
1789206097158,1789206097158,獣医,獣[じゅう]医[い],じゅうい,じゅうい,jūi,weterynarz,2,9,2-9,9,医,獣,triple_cards_new,Doki Doki2-9
1789813541904,1789813541904,住宅街,住[じゅう]宅[たく]街[がい],じゅうたくがい,じゅうたくがい,jūtakugai,"dzielnica mieszkaniowa, osiedle mieszkaniowe",2,10,2-10,10,住,宅 街,triple_cards_new,Doki Doki2-10
1789813541905,1789813541905,部長,部[ぶ]長[ちょう],ぶちょう,ぶちょう,buchō,"kierownik działu, szef działu",2,10,2-10,10,部 長,,triple_cards_new,Doki Doki2-10
1789813541907,1789813541907,海外旅行,海[かい]外[がい]旅[りょ]行[こう],かいがいりょこう,かいがいりょこう,kaigai ryokō,podróż zagraniczna,2,10,2-10,10,海 外 旅 行,,triple_cards_new,Doki Doki2-10
1789813541910,1789813541910,元日,元[がん]日[じつ],がんじつ,がんじつ,ganjitsu,"Nowy Rok, 1 stycznia",2,10,2-10,10,元 日,,triple_cards_new,Doki Doki2-10
1789813541911,1789813541911,お年玉,お年[とし]玉[だま],おとしだま,おとしだま,otoshidama,noworoczny prezent pieniężny dla dzieci,2,10,2-10,10,年,玉,triple_cards_new,Doki Doki2-10
1789819318049,1789819318049,出発,出[しゅっ]発[ぱつ],しゅっぱつ,しゅっぱつ,shuppatsu,"wyjazd, odjazd, wyruszenie",2,10,2-10,10,出 発,,triple_cards_new,Doki Doki2-10
1791015272094,1791015272094,商品,商[しょう]品[ひん],しょうひん,しょうひん,shōhin,"produkt, towar oferowany w sprzedaży",2,10,2-10,10,品,商,triple_cards_new,Doki Doki2-10
1791015272095,1791015272095,自由に,自[じ]由[ゆう]に,じゆうに,じゆうに,jiyū ni,"swobodnie, dowolnie, bez ograniczeń",2,10,2-10,10,自,由,triple_cards_new,Doki Doki2-10
1791015272097,1791015272097,小豆,小豆[あずき],あずき,あずき,azuki,"fasola azuki, drobna czerwona fasola",2,10,2-10,10,小,豆,triple_cards_new,Doki Doki2-10
1791198221234,1791198221234,手本,手[て]本[ほん],てほん,てほん,tehon,"wzór, przykład do naśladowania",2,11,2-11,11,手 本,,triple_cards_new,Doki Doki2-11
1791198221236,1791198221236,白紙,白[はく]紙[し],はくし,はくし,hakushi,"czysta kartka, niezapisany dokument",2,11,2-11,11,白 紙,,triple_cards_new,Doki Doki2-11
1791198221237,1791198221237,病,病[やまい],やまい,やまい,yamai,"choroba, dolegliwość",2,11,2-11,11,病,,triple_cards_new,Doki Doki2-11
1791198221238,1791198221238,病む,病[や]む,やむ,やむ,yamu,"chorować, cierpieć",2,11,2-11,11,病,,triple_cards_new,Doki Doki2-11
1791198221239,1791198221239,大病,大[たい]病[びょう],たいびょう,たいびょう,taibyō,poważna choroba,2,11,2-11,11,大 病,,triple_cards_new,Doki Doki2-11
1791198221240,1791198221240,上映,上[じょう]映[えい],じょうえい,じょうえい,jōei,"projekcja, wyświetlanie filmu",2,11,2-11,11,上 映,,triple_cards_new,Doki Doki2-11
1791198221241,1791198221241,画面,画[が]面[めん],がめん,がめん,gamen,"ekran, wyświetlacz",2,11,2-11,11,画,面,triple_cards_new,Doki Doki2-11
1791198221242,1791198221242,勉強会,勉[べん]強[きょう]会[かい],べんきょうかい,べんきょうかい,benkyōkai,spotkanie do wspólnej nauki,2,11,2-11,11,勉 強 会,,triple_cards_new,Doki Doki2-11
1791198221243,1791198221243,勉強中,勉[べん]強[きょう]中[ちゅう],べんきょうちゅう,べんきょうちゅう,benkyōchū,"w trakcie nauki, podczas uczenia się",2,11,2-11,11,勉 強 中,,triple_cards_new,Doki Doki2-11
1791198221244,1791198221244,強さ,強[つよ]さ,つよさ,つよさ,tsuyosa,"siła, moc",2,11,2-11,11,強,,triple_cards_new,Doki Doki2-11
1791198221245,1791198221245,心強い,心[こころ]強[づよ]い,こころづよい,こころづよい,kokorozuyoi,"dodający otuchy, dający poczucie bezpieczeństwa",2,11,2-11,11,心 強,,triple_cards_new,Doki Doki2-11
1791198221246,1791198221246,強調する,強[きょう]調[ちょう]する,きょうちょうする,きょうちょうする,kyōchō suru,"podkreślać, akcentować",2,11,2-11,11,強,調,triple_cards_new,Doki Doki2-11
1791198221247,1791198221247,旅行好き,旅[りょ]行[こう]好[ず]き,りょこうずき,りょこうずき,ryokōzuki,"miłośnik podróży, lubiący podróżować",2,11,2-11,11,旅 行 好,,triple_cards_new,Doki Doki2-11
1791198221248,1791198221248,近づく,近[ちか]づく,ちかづく,ちかづく,chikazuku,"zbliżać się, podchodzić",2,11,2-11,11,近,,triple_cards_new,Doki Doki2-11
1791198221249,1791198221249,近道,近[ちか]道[みち],ちかみち,ちかみち,chikamichi,"skrót, krótsza droga",2,11,2-11,11,近 道,,triple_cards_new,Doki Doki2-11
1791198221250,1791198221250,明かり,明[あ]かり,あかり,あかり,akari,"światło, oświetlenie",2,11,2-11,11,明,,triple_cards_new,Doki Doki2-11
1791198221252,1791198221252,有る,有[あ]る,ある,ある,aru,"być, istnieć, mieć w odniesieniu do rzeczy",2,11,2-11,11,有,,triple_cards_new,Doki Doki2-11
1791198221253,1791198221253,有料,有[ゆう]料[りょう],ゆうりょう,ゆうりょう,yūryō,"płatny, za opłatą",2,11,2-11,11,有 料,,triple_cards_new,Doki Doki2-11
1791198221254,1791198221254,旅人,旅[たび]人[びと],たびびと,たびびと,tabibito,"podróżnik, wędrowiec",2,11,2-11,11,旅 人,,triple_cards_new,Doki Doki2-11
1791198221255,1791198221255,旅先,旅[たび]先[さき],たびさき,たびさき,tabisaki,miejsce pobytu podczas podróży,2,11,2-11,11,旅 先,,triple_cards_new,Doki Doki2-11
1791199258534,1791199258534,職員,職[しょく]員[いん],しょくいん,しょくいん,shokuin,"personel, pracownik instytucji",3,14,3-14,14,員,職,triple_cards_new,Doki Doki3-14
1791199258537,1791199258537,奨学金,奨[しょう]学[がく]金[きん],しょうがくきん,しょうがくきん,shōgakukin,stypendium,3,14,3-14,14,学 金,奨,triple_cards_new,Doki Doki3-14
1791199258539,1791199258539,親戚,親[しん]戚[せき],しんせき,しんせき,shinseki,"krewni, krewny",3,14,3-14,14,親,戚,triple_cards_new,Doki Doki3-14
1791199258541,1791199258541,この間,この間[あいだ],このあいだ,このあいだ,kono aida,"ostatnio, niedawno",3,14,3-14,14,間,,triple_cards_new,Doki Doki3-14
1791199258543,1791199258543,大統領,大[だい]統[とう]領[りょう],だいとうりょう,だいとうりょう,daitōryō,prezydent,3,14,3-14,14,大,統 領,triple_cards_new,Doki Doki3-14
1791199258544,1791199258544,自分で,自[じ]分[ぶん]で,じぶんで,じぶんで,jibun de,"samodzielnie, samemu",3,14,3-14,14,自 分,,triple_cards_new,Doki Doki3-14
1791199258545,1791199258545,生地,生[き]地[じ],きじ,きじ,kiji,"ciasto, masa, tkanina",3,14,3-14,14,生 地,,triple_cards_new,Doki Doki3-14
1791199258566,1791199258566,朝寝坊する,朝[あさ]寝[ね]坊[ぼう]する,あさねぼうする,あさねぼうする,asanebō suru,zaspać,3,14,3-14,14,朝,寝 坊,triple_cards_new,Doki Doki3-14
1791199258571,1791199258571,目を閉じる,目[め]を閉[と]じる,めをとじる,めをとじる,me o tojiru,zamknąć oczy,3,14,3-14,14,目,閉,triple_cards_new,Doki Doki3-14
1791199258573,1791199258573,道に迷う,道[みち]に迷[まよ]う,みちにまよう,みちにまよう,michi ni mayou,"zgubić się, zabłądzić",3,14,3-14,14,道,迷,triple_cards_new,Doki Doki3-14
1791199258574,1791199258574,連れて行く,連[つ]れて行[い]く,つれていく,つれていく,tsurete iku,"zabrać kogoś ze sobą, zaprowadzić",3,14,3-14,14,連 行,,triple_cards_new,Doki Doki3-14
1791199258575,1791199258575,連れて来る,連[つ]れて来[く]る,つれてくる,つれてくる,tsurete kuru,"przyprowadzić, przywieźć kogoś",3,14,3-14,14,連 来,,triple_cards_new,Doki Doki3-14
1791199258576,1791199258576,連れて帰る,連[つ]れて帰[かえ]る,つれてかえる,つれてかえる,tsurete kaeru,"zabrać kogoś do domu, odprowadzić",3,14,3-14,14,連 帰,,triple_cards_new,Doki Doki3-14
1791199258577,1791199258577,迎えに来る,迎[むか]えに来[く]る,むかえにくる,むかえにくる,mukae ni kuru,przyjechać lub przyjść po kogoś,3,14,3-14,14,来,迎,triple_cards_new,Doki Doki3-14
1791199258578,1791199258578,迎えに行く,迎[むか]えに行[い]く,むかえにいく,むかえにいく,mukae ni iku,"iść lub jechać po kogoś, odebrać kogoś",3,14,3-14,14,行,迎,triple_cards_new,Doki Doki3-14
1791199258579,1791199258579,乗り遅れる,乗[の]り遅[おく]れる,のりおくれる,のりおくれる,noriokureru,"spóźnić się na transport, nie zdążyć wsiąść",3,14,3-14,14,乗,遅,triple_cards_new,Doki Doki3-14
1791199258591,1791199258591,一晩中,一[ひと]晩[ばん]中[じゅう],ひとばんじゅう,ひとばんじゅう,hitobanjū,całą noc,3,14,3-14,14,一 中,晩,triple_cards_new,Doki Doki3-14
1791199258592,1791199258592,日中,日[にっ]中[ちゅう],にっちゅう,にっちゅう,nicchū,"w trakcie dnia, za dnia",3,14,3-14,14,日 中,,triple_cards_new,Doki Doki3-14
1791199258593,1791199258593,今日中に,今日[きょう]中[じゅう]に,きょうじゅうに,きょうじゅうに,kyōjū ni,"do końca dnia, jeszcze dzisiaj",3,14,3-14,14,今 日 中,,triple_cards_new,Doki Doki3-14
1791199258594,1791199258594,授業中に,授[じゅ]業[ぎょう]中[ちゅう]に,じゅぎょうちゅうに,じゅぎょうちゅうに,jugyōchū ni,w trakcie zajęć,3,14,3-14,14,授 業 中,,triple_cards_new,Doki Doki3-14
1791199258595,1791199258595,食材,食[しょく]材[ざい],しょくざい,しょくざい,shokuzai,składniki spożywcze,3,14,3-14,14,食,材,triple_cards_new,Doki Doki3-14
1791199258598,1791199258598,鶏肉,鶏[とり]肉[にく],とりにく,とりにく,toriniku,"mięso z kurczaka, drób",3,14,3-14,14,肉,鶏,triple_cards_new,Doki Doki3-14
1791199258606,1791199258606,味噌,味[み]噌[そ],みそ,みそ,miso,pasta miso,3,14,3-14,14,味,噌,triple_cards_new,Doki Doki3-14
1791199258607,1791199258607,出汁,出汁[だし],だし,だし,dashi,"bulion, wywar dashi",3,14,3-14,14,出,汁,triple_cards_new,Doki Doki3-14
1791202088754,1791202088754,海賊,海[かい]賊[ぞく],かいぞく,かいぞく,kaizoku,pirat,3,15,3-15,15,海,賊,triple_cards_new,Doki Doki3-15
1791202088756,1791202088756,就職活動,就[しゅう]職[しょく]活[かつ]動[どう],しゅうしょくかつどう,しゅうしょくかつどう,shūshoku katsudō,poszukiwanie pracy,3,15,3-15,15,活 動,就 職,triple_cards_new,Doki Doki3-15
1791202088757,1791202088757,結構,結[けっ]構[こう],けっこう,けっこう,kekkō,"całkiem, wystarczy",3,15,3-15,15,結,構,triple_cards_new,Doki Doki3-15
1791202088758,1791202088758,旅行会社,旅[りょ]行[こう]会[がい]社[しゃ],りょこうがいしゃ,りょこうがいしゃ,ryokōgaisha,biuro podróży,3,15,3-15,15,旅 行 会 社,,triple_cards_new,Doki Doki3-15
1791202088764,1791202088764,残業,残[ざん]業[ぎょう],ざんぎょう,ざんぎょう,zangyō,nadgodziny,3,15,3-15,15,業,残,triple_cards_new,Doki Doki3-15
1791202088766,1791202088766,時期,時[じ]期[き],じき,じき,jiki,"sezon, okres",3,15,3-15,15,時,期,triple_cards_new,Doki Doki3-15
1791202088771,1791202088771,怠け者,怠[なま]け者[もの],なまけもの,なまけもの,namakemono,"leń, leniwiec",3,15,3-15,15,者,怠,triple_cards_new,Doki Doki3-15
1791202088785,1791202088785,足りる,足[た]りる,たりる,たりる,tariru,wystarczyć,3,15,3-15,15,足,,triple_cards_new,Doki Doki3-15
1791202088789,1791202088789,離婚する,離[り]婚[こん]する,りこんする,りこんする,rikon suru,rozwieść się,3,15,3-15,15,婚,離,triple_cards_new,Doki Doki3-15
1791202088796,1791202088796,浮気をする,浮[うわ]気[き]をする,うわきをする,うわきをする,uwaki o suru,zdradzić partnera,3,15,3-15,15,気,浮,triple_cards_new,Doki Doki3-15
1791202088798,1791202088798,反対する,反[はん]対[たい]する,はんたいする,はんたいする,hantai suru,sprzeciwić się,3,15,3-15,15,対,反,triple_cards_new,Doki Doki3-15
1791202088806,1791202088806,学校生活,学[がっ]校[こう]生[せい]活[かつ],がっこうせいかつ,がっこうせいかつ,gakkō seikatsu,życie szkolne,3,15,3-15,15,学 校 生 活,,triple_cards_new,Doki Doki3-15
1791202088808,1791202088808,通学,通[つう]学[がく],つうがく,つうがく,tsūgaku,"chodzenie do szkoły, dojazd do szkoły",3,15,3-15,15,通 学,,triple_cards_new,Doki Doki3-15
1791202088809,1791202088809,受験,受[じゅ]験[けん],じゅけん,じゅけん,juken,"zdawanie egzaminu, przystępowanie do egzaminu",3,15,3-15,15,験,受,triple_cards_new,Doki Doki3-15
1791202088811,1791202088811,試験に落ちる,試[し]験[けん]に落[お]ちる,しけんにおちる,しけんにおちる,shiken ni ochiru,oblać egzamin,3,15,3-15,15,試 験,落,triple_cards_new,Doki Doki3-15
1791202088813,1791202088813,廊下,廊[ろう]下[か],ろうか,ろうか,rōka,korytarz,3,15,3-15,15,下,廊,triple_cards_new,Doki Doki3-15
1791202088815,1791202088815,図書室,図[と]書[しょ]室[しつ],としょしつ,としょしつ,toshoshitsu,"biblioteka, czytelnia szkolna",3,15,3-15,15,図 書 室,,triple_cards_new,Doki Doki3-15
1791202088817,1791202088817,集中する,集[しゅう]中[ちゅう]する,しゅうちゅうする,しゅうちゅうする,shūchū suru,"skupić się, koncentrować się",3,15,3-15,15,集 中,,triple_cards_new,Doki Doki3-15
1791202088818,1791202088818,体育館,体[たい]育[いく]館[かん],たいいくかん,たいいくかん,taiikukan,sala gimnastyczna,3,15,3-15,15,体 館,育,triple_cards_new,Doki Doki3-15
1791202088819,1791202088819,校庭,校[こう]庭[てい],こうてい,こうてい,kōtei,"boisko szkolne, teren szkolny",3,15,3-15,15,校,庭,triple_cards_new,Doki Doki3-15
1791205190741,1791205190741,日記,日[にっ]記[き],にっき,にっき,nikki,"pamiętnik, dziennik",3,16,3-16,16,日,記,triple_cards_new,Doki Doki3-16
1791205190743,1791205190743,家賃,家[や]賃[ちん],やちん,やちん,yachin,czynsz,3,16,3-16,16,家,賃,triple_cards_new,Doki Doki3-16
1791205190749,1791205190749,留守番電話,留[る]守[す]番[ばん]電[でん]話[わ],るすばんでんわ,るすばんでんわ,rusubandenwa,"automatyczna sekretarka, poczta głosowa",3,16,3-16,16,留 電 話,守 番,triple_cards_new,Doki Doki3-16
1791205190760,1791205190760,転ぶ,転[ころ]ぶ,ころぶ,ころぶ,korobu,przewrócić się,3,16,3-16,16,転,,triple_cards_new,Doki Doki3-16
1791205190773,1791205190773,手を挙げる,手[て]を挙[あ]げる,てをあげる,てをあげる,te o ageru,podnosić rękę,3,16,3-16,16,手,挙,triple_cards_new,Doki Doki3-16
1791205190774,1791205190774,今すぐ,今[いま]すぐ,いますぐ,いますぐ,ima sugu,"natychmiast, od razu",3,16,3-16,16,今,,triple_cards_new,Doki Doki3-16
1791205190779,1791205190779,お疲れ様でした,お疲[つか]れ様[さま]でした,おつかれさまでした,おつかれさまでした,otsukaresama deshita,"dobra robota, dziękuję za pracę",3,16,3-16,16,様,疲,triple_cards_new,Doki Doki3-16
1791205190780,1791205190780,お先に失礼します,お先[さき]に失[しつ]礼[れい]します,おさきにしつれいします,おさきにしつれいします,osaki ni shitsurei shimasu,"przepraszam, że wychodzę wcześniej",3,16,3-16,16,先,失 礼,triple_cards_new,Doki Doki3-16
1791205190781,1791205190781,料理,料[りょう]理[り],りょうり,りょうり,ryōri,"gotowanie, kuchnia, potrawa",3,16,3-16,16,料 理,,triple_cards_new,Doki Doki3-16
1791205190786,1791205190786,炊飯器,炊[すい]飯[はん]器[き],すいはんき,すいはんき,suihanki,"ryżowar, urządzenie do gotowania ryżu",3,16,3-16,16,飯,炊 器,triple_cards_new,Doki Doki3-16
1791205190795,1791205190795,室内風景,室[しつ]内[ない]風[ふう]景[けい],しつないふうけい,しつないふうけい,shitsunai fūkei,"wnętrze, widok wnętrza",3,16,3-16,16,室,内 風 景,triple_cards_new,Doki Doki3-16
1791205190803,1791205190803,洋室,洋[よう]室[しつ],ようしつ,ようしつ,yōshitsu,pokój w stylu zachodnim,3,16,3-16,16,洋 室,,triple_cards_new,Doki Doki3-16
1791205190804,1791205190804,和室,和[わ]室[しつ],わしつ,わしつ,washitsu,pokój w stylu japońskim,3,16,3-16,16,室,和,triple_cards_new,Doki Doki3-16
1791206653420,1791206653420,工場,工[こう]場[じょう],こうじょう,こうじょう,kōjō,fabryka,3,17,3-17,17,工 場,,triple_cards_new,Doki Doki3-17
1791206653422,1791206653422,中止,中[ちゅう]止[し],ちゅうし,ちゅうし,chūshi,"odwołanie, przerwanie",3,17,3-17,17,中 止,,triple_cards_new,Doki Doki3-17
1791206653427,1791206653427,強盗,強[ごう]盗[とう],ごうとう,ごうとう,gōtō,włamywacz,3,17,3-17,17,強,盗,triple_cards_new,Doki Doki3-17
1791206653431,1791206653431,犯人,犯[はん]人[にん],はんにん,はんにん,hannin,"przestępca, sprawca",3,17,3-17,17,人,犯,triple_cards_new,Doki Doki3-17
1791206653434,1791206653434,文句,文[もん]句[く],もんく,もんく,monku,"narzekanie, skarga",3,17,3-17,17,文,句,triple_cards_new,Doki Doki3-17
1791206653435,1791206653435,留守,留[る]守[す],るす,るす,rusu,"nieobecność, bycie poza domem",3,17,3-17,17,留,守,triple_cards_new,Doki Doki3-17
1791206653437,1791206653437,気候,気[き]候[こう],きこう,きこう,kikō,klimat,3,17,3-17,17,気,候,triple_cards_new,Doki Doki3-17
1791206653448,1791206653448,仲が悪い,仲[なか]が悪[わる]い,なかがわるい,なかがわるい,naka ga warui,"nie lubić się, być w złych stosunkach",3,17,3-17,17,悪,仲,triple_cards_new,Doki Doki3-17
1791206653460,1791206653460,無視する,無[む]視[し]する,むしする,むしする,mushi suru,ignorować,3,17,3-17,17,無,視,triple_cards_new,Doki Doki3-17
1791206653462,1791206653462,続ける,続[つづ]ける,つづける,つづける,tsuzukeru,kontynuować,3,17,3-17,17,続,,triple_cards_new,Doki Doki3-17
1791206653464,1791206653464,間違える,間[ま]違[ちが]える,まちがえる,まちがえる,machigaeru,pomylić się,3,17,3-17,17,間,違,triple_cards_new,Doki Doki3-17
1791206653465,1791206653465,昼寝をする,昼[ひる]寝[ね]をする,ひるねをする,ひるねをする,hirune o suru,zdrzemnąć się,3,17,3-17,17,昼,寝,triple_cards_new,Doki Doki3-17
1791206653469,1791206653469,自信がつく,自[じ]信[しん]がつく,じしんがつく,じしんがつく,jishin ga tsuku,zyskać pewność siebie,3,17,3-17,17,自,信,triple_cards_new,Doki Doki3-17
1791206653473,1791206653473,間に,間[あいだ]に,あいだに,あいだに,~aida ni,"w międzyczasie, podczas gdy",3,17,3-17,17,間,,triple_cards_new,Doki Doki3-17
1791206653478,1791206653478,じろじろ見る,じろじろ見[み]る,じろじろみる,じろじろみる,jirojiro miru,wpatrywać się intensywnie,3,17,3-17,17,見,,triple_cards_new,Doki Doki3-17
1791206653479,1791206653479,町の風景,町[まち]の風[ふう]景[けい],まちのふうけい,まちのふうけい,machi no fūkei,"krajobraz miejski, widok miasta",3,17,3-17,17,町,風 景,triple_cards_new,Doki Doki3-17
1791206653481,1791206653481,排気ガス,排[はい]気[き]ガス,はいきガス,はいきがす,haiki gasu,spaliny,3,17,3-17,17,気,排,triple_cards_new,Doki Doki3-17
1791206653482,1791206653482,高速道路,高[こう]速[そく]道[どう]路[ろ],こうそくどうろ,こうそくどうろ,kōsoku dōro,autostrada,3,17,3-17,17,高 道,速 路,triple_cards_new,Doki Doki3-17
1791206653484,1791206653484,空地,空[あき]地[ち],あきち,あきち,akichi,"otwarta przestrzeń, pusty plac",3,17,3-17,17,空 地,,triple_cards_new,Doki Doki3-17
1791206653486,1791206653486,土手,土[ど]手[て],どて,どて,dote,"wał, nasyp",3,17,3-17,17,土 手,,triple_cards_new,Doki Doki3-17
1791206653487,1791206653487,ゴミ処理場,ゴミ処[しょ]理[り]場[じょう],ゴミしょりじょう,ごみしょりじょう,gomi shorijō,"wysypisko śmieci, zakład przetwarzania odpadów",3,17,3-17,17,理 場,処,triple_cards_new,Doki Doki3-17
1791206653488,1791206653488,夜景,夜[や]景[けい],やけい,やけい,yakei,widok nocny,3,17,3-17,17,夜,景,triple_cards_new,Doki Doki3-17
1791206653489,1791206653489,治安が悪い,治[ち]安[あん]が悪[わる]い,ちあんがわるい,ちあんがわるい,chian ga warui,"niebezpieczny, o złym poziomie bezpieczeństwa",3,17,3-17,17,安 悪,治,triple_cards_new,Doki Doki3-17
1791206653492,1791206653492,踏切,踏[ふみ]切[きり],ふみきり,ふみきり,fumikiri,przejazd kolejowy,3,17,3-17,17,切,踏,triple_cards_new,Doki Doki3-17
1791209223408,1791209223408,英会話,英[えい]会[かい]話[わ],えいかいわ,えいかいわ,eikaiwa,konwersacja po angielsku,3,18,3-18,18,英 会 話,,triple_cards_new,Doki Doki3-18
1791209223410,1791209223410,期末試験,期[き]末[まつ]試[し]験[けん],きまつしけん,きまつしけん,kimatsu shiken,test semestralny,3,18,3-18,18,試 験,期 末,triple_cards_new,Doki Doki3-18
1791209223412,1791209223412,文化祭,文[ぶん]化[か]祭[さい],ぶんかさい,ぶんかさい,bunkasai,festiwal kulturowy,3,18,3-18,18,文,化 祭,triple_cards_new,Doki Doki3-18
1791209223414,1791209223414,一人暮らし,一[ひと]人[り]暮[ぐ]らし,ひとりぐらし,ひとりぐらし,hitorigurashi,mieszkanie w pojedynkę,3,18,3-18,18,一 人,暮,triple_cards_new,Doki Doki3-18
1791209223416,1791209223416,予習,予[よ]習[しゅう],よしゅう,よしゅう,yoshū,przygotowanie do zajęć,3,18,3-18,18,習,予,triple_cards_new,Doki Doki3-18
1791209223418,1791209223418,学費,学[がく]費[ひ],がくひ,がくひ,gakuhi,"czesne, koszty nauki",3,18,3-18,18,学,費,triple_cards_new,Doki Doki3-18
1791209223419,1791209223419,手品,手[て]品[じな],てじな,てじな,tejina,magiczne sztuczki,3,18,3-18,18,手 品,,triple_cards_new,Doki Doki3-18
1791209223421,1791209223421,相手,相[あい]手[て],あいて,あいて,aite,"partner, przeciwnik, druga osoba",3,18,3-18,18,手,相,triple_cards_new,Doki Doki3-18
1791209223422,1791209223422,部下,部[ぶ]下[か],ぶか,ぶか,buka,podwładny,3,18,3-18,18,部 下,,triple_cards_new,Doki Doki3-18
1791209223425,1791209223425,熟語,熟[じゅく]語[ご],じゅくご,じゅくご,jukugo,"złożenie, złożenie wyrazowe",3,18,3-18,18,語,熟,triple_cards_new,Doki Doki3-18
1791209223426,1791209223426,書類,書[しょ]類[るい],しょるい,しょるい,shorui,"dokument, dokumenty",3,18,3-18,18,書,類,triple_cards_new,Doki Doki3-18
1791209223444,1791209223444,お茶をいれる,お茶[ちゃ]をいれる,おちゃをいれる,おちゃをいれる,ocha o ireru,zrobić herbatę,3,18,3-18,18,茶,,triple_cards_new,Doki Doki3-18
1791209223446,1791209223446,徹夜する,徹[てつ]夜[や]する,てつやする,てつやする,tetsuya suru,nie spać całą noc,3,18,3-18,18,夜,徹,triple_cards_new,Doki Doki3-18
1791209223447,1791209223447,声に出す,声[こえ]に出[だ]す,こえにだす,こえにだす,koe ni dasu,mówić na głos,3,18,3-18,18,声 出,,triple_cards_new,Doki Doki3-18
1791209223448,1791209223448,盛り上げる,盛[も]り上[あ]げる,もりあげる,もりあげる,moriageru,"rozkręcić, ożywić atmosferę",3,18,3-18,18,上,盛,triple_cards_new,Doki Doki3-18
1791209223453,1791209223453,運ぶ,運[はこ]ぶ,はこぶ,はこぶ,hakobu,"przewieźć, przenieść",3,18,3-18,18,運,,triple_cards_new,Doki Doki3-18
1791209223455,1791209223455,話し合う,話[はな]し合[あ]う,はなしあう,はなしあう,hanashiau,"dyskutować, omawiać",3,18,3-18,18,話,合,triple_cards_new,Doki Doki3-18
1791209223464,1791209223464,何度も,何[なん]度[ど]も,なんども,なんども,nando mo,wiele razy,3,18,3-18,18,何 度,,triple_cards_new,Doki Doki3-18
1791209223466,1791209223466,もう少し,もう少[すこ]し,もうすこし,もうすこし,mō sukoshi,jeszcze trochę,3,18,3-18,18,少,,triple_cards_new,Doki Doki3-18
1791209223467,1791209223467,紀元前,紀[き]元[げん]前[ぜん],きげんぜん,きげんぜん,kigenzen,"p.n.e., przed naszą erą",3,18,3-18,18,元 前,紀,triple_cards_new,Doki Doki3-18
1791209223473,1791209223473,疑問に思う,疑[ぎ]問[もん]に思[おも]う,ぎもんにおもう,ぎもんにおもう,gimon ni omou,"wątpić, mieć wątpliwości",3,18,3-18,18,問 思,疑,triple_cards_new,Doki Doki3-18
1791209223480,1791209223480,安心する,安[あん]心[しん]する,あんしんする,あんしんする,anshin suru,"uspokoić się, poczuć ulgę",3,18,3-18,18,安 心,,triple_cards_new,Doki Doki3-18
1791210562486,1791210562486,複雑な気持ち,複[ふく]雑[ざつ]な気[き]持[も]ち,ふくざつなきもち,ふくざつなきもち,fukuzatsu na kimochi,"skomplikowane uczucia, mieszane uczucia",3,18,3-18,18,気 持,複 雑,triple_cards_new,Doki Doki3-18
1791211860491,1791211860491,敬語,敬[けい]語[ご],けいご,けいご,keigo,język honorificzny,3,19,3-19,19,語,敬,triple_cards_new,Doki Doki3-19
1791211860492,1791211860492,失業率,失[しつ]業[ぎょう]率[りつ],しつぎょうりつ,しつぎょうりつ,shitsugyōritsu,stopa bezrobocia,3,19,3-19,19,業,失 率,triple_cards_new,Doki Doki3-19
1791211860494,1791211860494,出張,出[しゅっ]張[ちょう],しゅっちょう,しゅっちょう,shutchō,"delegacja, podróż służbowa",3,19,3-19,19,出,張,triple_cards_new,Doki Doki3-19
1791211860495,1791211860495,無理やり,無[む]理[り]やり,むりやり,むりやり,muriyari,na siłę,3,19,3-19,19,無 理,,triple_cards_new,Doki Doki3-19
1791211860496,1791211860496,間違い,間[ま]違[ちが]い,まちがい,まちがい,machigai,"pomyłka, błąd",3,19,3-19,19,間,違,triple_cards_new,Doki Doki3-19
1791211860498,1791211860498,言い訳,言[い]い訳[わけ],いいわけ,いいわけ,iiwake,wymówka,3,19,3-19,19,言,訳,triple_cards_new,Doki Doki3-19
1791211860499,1791211860499,お子さん,お子[こ]さん,おこさん,おこさん,okosan,dziecko,3,19,3-19,19,子,,triple_cards_new,Doki Doki3-19
1791211860500,1791211860500,恥ずかしがり屋,恥[は]ずかしがり屋[や],はずかしがりや,はずかしがりや,hazukashigariya,"nieśmiały, nieśmiała osoba",3,19,3-19,19,屋,恥,triple_cards_new,Doki Doki3-19
1791211860503,1791211860503,切り絵,切[き]り絵[え],きりえ,きりえ,kirie,wycinanki,3,19,3-19,19,切,絵,triple_cards_new,Doki Doki3-19
1791211860505,1791211860505,洗濯物,洗[せん]濯[たく]物[もの],せんたくもの,せんたくもの,sentakumono,"ubrania po praniu, pranie",3,19,3-19,19,物,洗 濯,triple_cards_new,Doki Doki3-19
1791211860506,1791211860506,奥様,奥[おく]様[さま],おくさま,おくさま,okusama,żona,3,19,3-19,19,様,奥,triple_cards_new,Doki Doki3-19
1791211860511,1791211860511,店内,店[てん]内[ない],てんない,てんない,tennai,"w sklepie, wnętrze sklepu",3,19,3-19,19,店,内,triple_cards_new,Doki Doki3-19
1791211860516,1791211860516,建設,建[けん]設[せつ],けんせつ,けんせつ,kensetsu,budowa,3,19,3-19,19,建,設,triple_cards_new,Doki Doki3-19
1791211860519,1791211860519,立札,立[たて]札[ふだ],たてふだ,たてふだ,tatefuda,"tablica, tabliczka informacyjna",3,19,3-19,19,立,札,triple_cards_new,Doki Doki3-19
1791211860528,1791211860528,話をする,話[はなし]をする,はなしをする,はなしをする,hanashi o suru,rozmawiać,3,19,3-19,19,話,,triple_cards_new,Doki Doki3-19
1791211860532,1791211860532,注意する,注[ちゅう]意[い]する,ちゅういする,ちゅういする,chūi suru,"uważać, zwracać uwagę",3,19,3-19,19,注 意,,triple_cards_new,Doki Doki3-19
1791211860534,1791211860534,御馳走する,御[ご]馳[ち]走[そう]する,ごちそうする,ごちそうする,gochisō suru,stawiać posiłek,3,19,3-19,19,走,御 馳,triple_cards_new,Doki Doki3-19
1791211860540,1791211860540,本当は,本[ほん]当[とう]は,ほんとうは,ほんとうは,hontō wa,"prawdę mówiąc, tak naprawdę",3,19,3-19,19,本 当,,triple_cards_new,Doki Doki3-19
1791211860543,1791211860543,名様,名[めい]様[さま],めいさま,めいさま,~mei-sama,liczba gości,3,19,3-19,19,名 様,,triple_cards_new,Doki Doki3-19
1791211860552,1791211860552,体温計,体[たい]温[おん]計[けい],たいおんけい,たいおんけい,taionkei,termometr,3,19,3-19,19,体,温 計,triple_cards_new,Doki Doki3-19
1791211860555,1791211860555,換気扇,換[かん]気[き]扇[せん],かんきせん,かんきせん,kankisen,"wyciąg, wentylator wyciągowy",3,19,3-19,19,気,換 扇,triple_cards_new,Doki Doki3-19
1791214779428,1791214779428,宇宙人,宇[う]宙[ちゅう]人[じん],うちゅうじん,うちゅうじん,uchūjin,"ufoludek, kosmita",3,20,3-20,20,人,宇 宙,triple_cards_new,Doki Doki3-20
1791214779429,1791214779429,音,音[おと],おと,おと,oto,dźwięk,3,20,3-20,20,音,,triple_cards_new,Doki Doki3-20
1791214779432,1791214779432,神様,神[かみ]様[さま],かみさま,かみさま,kamisama,"bóg, bóstwo",3,20,3-20,20,神 様,,triple_cards_new,Doki Doki3-20
1791214779434,1791214779434,係の者,係[かかり]の者[もの],かかりのもの,かかりのもの,kakari no mono,osoba odpowiedzialna,3,20,3-20,20,者,係,triple_cards_new,Doki Doki3-20
1791214779435,1791214779435,自己紹介,自[じ]己[こ]紹[しょう]介[かい],じこしょうかい,じこしょうかい,jikoshōkai,przedstawienie się,3,20,3-20,20,自,己 紹 介,triple_cards_new,Doki Doki3-20
1791214779436,1791214779436,時給,時[じ]給[きゅう],じきゅう,じきゅう,jikyū,stawka godzinowa,3,20,3-20,20,時,給,triple_cards_new,Doki Doki3-20
1791214779437,1791214779437,総理大臣,総[そう]理[り]大[だい]臣[じん],そうりだいじん,そうりだいじん,sōridaijin,premier Japonii,3,20,3-20,20,理 大,総 臣,triple_cards_new,Doki Doki3-20
1791214779439,1791214779439,運転手,運[うん]転[てん]手[しゅ],うんてんしゅ,うんてんしゅ,untenshu,kierowca,3,20,3-20,20,運 転 手,,triple_cards_new,Doki Doki3-20
1791214779441,1791214779441,動画,動[どう]画[が],どうが,どうが,dōga,"filmik, wideo",3,20,3-20,20,動 画,,triple_cards_new,Doki Doki3-20
1791214779443,1791214779443,支店,支[し]店[てん],してん,してん,shiten,"oddział, filia",3,20,3-20,20,店,支,triple_cards_new,Doki Doki3-20
1791214779445,1791214779445,字,字[じ],じ,じ,ji,"litera, znak",3,20,3-20,20,字,,triple_cards_new,Doki Doki3-20
1791214779447,1791214779447,小説,小[しょう]説[せつ],しょうせつ,しょうせつ,shōsetsu,powieść,3,20,3-20,20,小,説,triple_cards_new,Doki Doki3-20
1791214779450,1791214779450,扇子,扇[せん]子[す],せんす,せんす,sensu,wachlarz,3,20,3-20,20,子,扇,triple_cards_new,Doki Doki3-20
1791214779455,1791214779455,姉妹,姉[し]妹[まい],しまい,しまい,shimai,siostry,3,20,3-20,20,姉,妹,triple_cards_new,Doki Doki3-20
1791214779459,1791214779459,編集,編[へん]集[しゅう],へんしゅう,へんしゅう,henshū,"edytowanie, montaż",3,20,3-20,20,集,編,triple_cards_new,Doki Doki3-20
1791214779461,1791214779461,総理,総[そう]理[り],そうり,そうり,sōri,"premier Japonii, skrót",3,20,3-20,20,理,総,triple_cards_new,Doki Doki3-20
1791214779462,1791214779462,内閣総理大臣,内[ない]閣[かく]総[そう]理[り]大[だい]臣[じん],ないかくそうりだいじん,ないかくそうりだいじん,naikaku sōridaijin,"premier Japonii, oficjalny tytuł",3,20,3-20,20,理 大,内 閣 総 臣,triple_cards_new,Doki Doki3-20
1791214779465,1791214779465,生活する,生[せい]活[かつ]する,せいかつする,せいかつする,seikatsu suru,"żyć, prowadzić życie",3,20,3-20,20,生 活,,triple_cards_new,Doki Doki3-20
1791214779466,1791214779466,返品する,返[へん]品[ぴん]する,へんぴんする,へんぴんする,henpin suru,zwrócić towar,3,20,3-20,20,品,返,triple_cards_new,Doki Doki3-20
1791214779471,1791214779471,ソフトを入れる,ソフトを入[い]れる,ソフトをいれる,そふとをいれる,sofuto o ireru,instalować oprogramowanie,3,20,3-20,20,入,,triple_cards_new,Doki Doki3-20
1791214779472,1791214779472,公開する,公[こう]開[かい]する,こうかいする,こうかいする,kōkai suru,"opublikować, udostępnić publicznie",3,20,3-20,20,開,公,triple_cards_new,Doki Doki3-20
1791214779485,1791214779485,方,方[かた],かた,かた,~kata,określenie liczby mnogiej osób,3,20,3-20,20,方,,triple_cards_new,Doki Doki3-20
1791214779486,1791214779486,先生方,先[せん]生[せい]方[がた],せんせいがた,せんせいがた,senseigata,"nauczyciele, szanowni nauczyciele",3,20,3-20,20,先 生 方,,triple_cards_new,Doki Doki3-20
1791214779487,1791214779487,あなた方,あなた方[がた],あなたがた,あなたがた,anatagata,"wy, państwo",3,20,3-20,20,方,,triple_cards_new,Doki Doki3-20
1791214779488,1791214779488,自然の風景,自[し]然[ぜん]の風[ふう]景[けい],しぜんのふうけい,しぜんのふうけい,shizen no fūkei,"krajobraz naturalny, przyroda",3,20,3-20,20,自,然 風 景,triple_cards_new,Doki Doki3-20
1791214779491,1791214779491,花畑,花[はな]畑[ばたけ],はなばたけ,はなばたけ,hanabatake,pole kwiatowe,3,20,3-20,20,花,畑,triple_cards_new,Doki Doki3-20
1791214779493,1791214779493,星空,星[ほし]空[ぞら],ほしぞら,ほしぞら,hoshizora,gwiaździste niebo,3,20,3-20,20,空,星,triple_cards_new,Doki Doki3-20
1791214779498,1791214779498,海辺,海[うみ]辺[べ],うみべ,うみべ,umibe,"wybrzeże, brzeg morza",3,20,3-20,20,海,辺,triple_cards_new,Doki Doki3-20
1791214779499,1791214779499,並木,並[なみ]木[き],なみき,なみき,namiki,"aleja drzew, rząd drzew",3,20,3-20,20,木,並,triple_cards_new,Doki Doki3-20
1791219779280,1791219779280,開く,開[ひら]く,ひらく,ひらく,hiraku,"otwierać, otworzyć",3,16,3-16,16,開,,triple_cards_new,Doki Doki3-16
1791219779281,1791219779281,開く,開[あ]く,あく,あく,aku,"otwierać się, być otwartym",3,16,3-16,16,開,,triple_cards_new,Doki Doki3-16
1791219779282,1791219779282,浴室,浴[よく]室[しつ],よくしつ,よくしつ,yokushitsu,"łazienka, pomieszczenie kąpielowe",3,16,3-16,16,室,浴,triple_cards_new,Doki Doki3-16
1791356748700,1791356748700,医学,医[い]学[がく],いがく,いがく,igaku,"medycyna, nauki medyczne",3,14,3-14,14,医 学,,triple_cards_new,Doki Doki3-14
1791356748701,1791356748701,学者,学[がく]者[しゃ],がくしゃ,がくしゃ,gakusha,"uczony, naukowiec",3,14,3-14,14,学 者,,triple_cards_new,Doki Doki3-14
1791356748702,1791356748702,若者,若[わか]者[もの],わかもの,わかもの,wakamono,"młody człowiek, młodzi ludzie",3,14,3-14,14,者,若,triple_cards_new,Doki Doki3-14
1791356748703,1791356748703,社会学者,社[しゃ]会[かい]学[がく]者[しゃ],しゃかいがくしゃ,しゃかいがくしゃ,shakaigakusha,socjolog,3,14,3-14,14,社 会 学 者,,triple_cards_new,Doki Doki3-14
1791356748704,1791356748704,軽音部,軽[けい]音[おん]部[ぶ],けいおんぶ,けいおんぶ,keionbu,"klub muzyki rozrywkowej, szkolny klub zespołów muzycznych",3,14,3-14,14,音 部,軽,triple_cards_new,Doki Doki3-14
1791356748705,1791356748705,本音,本[ほん]音[ね],ほんね,ほんね,honne,"prawdziwe uczucia, szczera opinia",3,14,3-14,14,本 音,,triple_cards_new,Doki Doki3-14
1791356748707,1791356748707,時代,時[じ]代[だい],じだい,じだい,jidai,"epoka, okres, czasy",3,14,3-14,14,時 代,,triple_cards_new,Doki Doki3-14
1791356748708,1791356748708,電気代,電[でん]気[き]代[だい],でんきだい,でんきだい,denkidai,"rachunek za prąd, koszt energii elektrycznej",3,14,3-14,14,電 気 代,,triple_cards_new,Doki Doki3-14
1791356748709,1791356748709,代わり,代[か]わり,かわり,かわり,kawari,"zastępstwo, zamiennik, zamiast",3,14,3-14,14,代,,triple_cards_new,Doki Doki3-14
1791356748710,1791356748710,英国,英[えい]国[こく],えいこく,えいこく,Eikoku,"Wielka Brytania, Zjednoczone Królestwo",3,14,3-14,14,英 国,,triple_cards_new,Doki Doki3-14
1791356748711,1791356748711,英雄,英[えい]雄[ゆう],えいゆう,えいゆう,eiyū,"bohater, bohater narodowy",3,14,3-14,14,英,雄,triple_cards_new,Doki Doki3-14
1791356748712,1791356748712,去年,去[きょ]年[ねん],きょねん,きょねん,kyonen,zeszły rok,3,14,3-14,14,去 年,,triple_cards_new,Doki Doki3-14
1791356748713,1791356748713,消去,消[しょう]去[きょ],しょうきょ,しょうきょ,shōkyo,"usunięcie, skasowanie, wymazanie",3,14,3-14,14,去,消,triple_cards_new,Doki Doki3-14
1791356748714,1791356748714,過去,過[か]去[こ],かこ,かこ,kako,przeszłość,3,14,3-14,14,去,過,triple_cards_new,Doki Doki3-14
1791356748715,1791356748715,去る,去[さ]る,さる,さる,saru,"odejść, opuścić, przeminąć",3,14,3-14,14,去,,triple_cards_new,Doki Doki3-14
1791356748716,1791356748716,留年,留[りゅう]年[ねん],りゅうねん,りゅうねん,ryūnen,powtarzanie roku w szkole lub na studiach,3,14,3-14,14,留 年,,triple_cards_new,Doki Doki3-14
1791356748717,1791356748717,水族館,水[すい]族[ぞく]館[かん],すいぞくかん,すいぞくかん,suizokukan,"oceanarium, akwarium publiczne",3,14,3-14,14,水 族 館,,triple_cards_new,Doki Doki3-14
1791356748718,1791356748718,民族,民[みん]族[ぞく],みんぞく,みんぞく,minzoku,"grupa etniczna, lud",3,14,3-14,14,族,民,triple_cards_new,Doki Doki3-14
1791356748719,1791356748719,特急,特[とっ]急[きゅう],とっきゅう,とっきゅう,tokkyū,"ekspres, pociąg ekspresowy",3,14,3-14,14,特 急,,triple_cards_new,Doki Doki3-14
1791356748720,1791356748720,急に,急[きゅう]に,きゅうに,きゅうに,kyū ni,"nagle, niespodziewanie",3,14,3-14,14,急,,triple_cards_new,Doki Doki3-14
1791356748721,1791356748721,乗馬,乗[じょう]馬[ば],じょうば,じょうば,jōba,jazda konna,3,14,3-14,14,乗,馬,triple_cards_new,Doki Doki3-14
1791356748722,1791356748722,乗車,乗[じょう]車[しゃ],じょうしゃ,じょうしゃ,jōsha,"wsiadanie do pojazdu, wejście do środka transportu",3,14,3-14,14,乗 車,,triple_cards_new,Doki Doki3-14
1791357256498,1791357256498,注意,注[ちゅう]意[い],ちゅうい,ちゅうい,chūi,"uwaga, ostrożność",3,15,3-15,15,注 意,,triple_cards_new,Doki Doki3-15
1791357256499,1791357256499,注文,注[ちゅう]文[もん],ちゅうもん,ちゅうもん,chūmon,zamówienie,3,15,3-15,15,注 文,,triple_cards_new,Doki Doki3-15
1791357256500,1791357256500,注目,注[ちゅう]目[もく],ちゅうもく,ちゅうもく,chūmoku,"uwaga, skupienie uwagi",3,15,3-15,15,注 目,,triple_cards_new,Doki Doki3-15
1791357256501,1791357256501,注ぐ,注[そそ]ぐ,そそぐ,そそぐ,sosogu,"nalewać, wlewać",3,15,3-15,15,注,,triple_cards_new,Doki Doki3-15
1791357256502,1791357256502,用意する,用[よう]意[い]する,よういする,よういする,yōi suru,"przygotować, naszykować",3,15,3-15,15,意,用,triple_cards_new,Doki Doki3-15
1791357256503,1791357256503,興味,興[きょう]味[み],きょうみ,きょうみ,kyōmi,zainteresowanie,3,15,3-15,15,味,興,triple_cards_new,Doki Doki3-15
1791357256504,1791357256504,味,味[あじ],あじ,あじ,aji,smak,3,15,3-15,15,味,,triple_cards_new,Doki Doki3-15
1791357256505,1791357256505,借家,借[しゃく]家[や],しゃくや,しゃくや,shakuya,"wynajęty dom, dom na wynajem",3,15,3-15,15,借 家,,triple_cards_new,Doki Doki3-15
1791357256506,1791357256506,借金,借[しゃっ]金[きん],しゃっきん,しゃっきん,shakkin,"dług, pożyczone pieniądze",3,15,3-15,15,借 金,,triple_cards_new,Doki Doki3-15
1791357256508,1791357256508,賃貸,賃[ちん]貸[たい],ちんたい,ちんたい,chintai,"najem, wynajem",3,15,3-15,15,貸,賃,triple_cards_new,Doki Doki3-15
1791357256509,1791357256509,貸与,貸[たい]与[よ],たいよ,たいよ,taiyo,"użyczenie, udostępnienie, pożyczanie",3,15,3-15,15,貸,与,triple_cards_new,Doki Doki3-15
1791357256511,1791357256511,体育,体[たい]育[いく],たいいく,たいいく,taiiku,"wychowanie fizyczne, WF",3,15,3-15,15,体,育,triple_cards_new,Doki Doki3-15
1791357256512,1791357256512,体操,体[たい]操[そう],たいそう,たいそう,taisō,"gimnastyka, ćwiczenia",3,15,3-15,15,体,操,triple_cards_new,Doki Doki3-15
1791357256513,1791357256513,歩道,歩[ほ]道[どう],ほどう,ほどう,hodō,chodnik,3,15,3-15,15,歩 道,,triple_cards_new,Doki Doki3-15
1791357256515,1791357256515,止める,止[と]める,とめる,とめる,tomeru,"zatrzymywać, parkować pojazd w kontekście",3,15,3-15,15,止,,triple_cards_new,Doki Doki3-15
1791357256516,1791357256516,脱走,脱[だっ]走[そう],だっそう,だっそう,dassō,"ucieczka, zbiegnięcie",3,15,3-15,15,走,脱,triple_cards_new,Doki Doki3-15
1791357256517,1791357256517,走行,走[そう]行[こう],そうこう,そうこう,sōkō,"jazda, poruszanie się pojazdu",3,15,3-15,15,走 行,,triple_cards_new,Doki Doki3-15
1791357256518,1791357256518,不足,不[ふ]足[そく],ふそく,ふそく,fusoku,"niedobór, brak",3,15,3-15,15,不 足,,triple_cards_new,Doki Doki3-15
1791357256519,1791357256519,通る,通[とお]る,とおる,とおる,tōru,"przechodzić, przejeżdżać, mijać",3,15,3-15,15,通,,triple_cards_new,Doki Doki3-15
1791357256520,1791357256520,通う,通[かよ]う,かよう,かよう,kayou,"regularnie uczęszczać, dojeżdżać",3,15,3-15,15,通,,triple_cards_new,Doki Doki3-15
1791357256521,1791357256521,通り,通[とお]り,とおり,とおり,tōri,"ulica, aleja",3,15,3-15,15,通,,triple_cards_new,Doki Doki3-15
1791357256522,1791357256522,場合,場[ば]合[あい],ばあい,ばあい,baai,"przypadek, sytuacja",3,15,3-15,15,場,合,triple_cards_new,Doki Doki3-15
1791357256524,1791357256524,運転,運[うん]転[てん],うんてん,うんてん,unten,prowadzenie pojazdu,3,15,3-15,15,運 転,,triple_cards_new,Doki Doki3-15
1791357256525,1791357256525,回転寿司,回[かい]転[てん]寿[ず]司[し],かいてんずし,かいてんずし,kaitenzushi,sushi na taśmie,3,15,3-15,15,転,回 寿 司,triple_cards_new,Doki Doki3-15
1791357256526,1791357256526,広告会社,広[こう]告[こく]会[がい]社[しゃ],こうこくがいしゃ,こうこくがいしゃ,kōkoku gaisha,"firma reklamowa, agencja reklamowa",3,15,3-15,15,広 会 社,告,triple_cards_new,Doki Doki3-15
1791357256527,1791357256527,広場,広[ひろ]場[ば],ひろば,ひろば,hiroba,"plac, otwarta przestrzeń",3,15,3-15,15,広 場,,triple_cards_new,Doki Doki3-15
1791357256528,1791357256528,人魚,人[にん]魚[ぎょ],にんぎょ,にんぎょ,ningyo,syrena,3,15,3-15,15,人 魚,,triple_cards_new,Doki Doki3-15
1791357256529,1791357256529,金魚,金[きん]魚[ぎょ],きんぎょ,きんぎょ,kingyo,złota rybka,3,15,3-15,15,金 魚,,triple_cards_new,Doki Doki3-15
1791357256530,1791357256530,魚市場,魚[うお]市[いち]場[ば],うおいちば,うおいちば,uoichiba,targ rybny,3,15,3-15,15,魚 市 場,,triple_cards_new,Doki Doki3-15
1791357668617,1791357668617,運命,運[うん]命[めい],うんめい,うんめい,unmei,"los, przeznaczenie",3,16,3-16,16,運,命,triple_cards_new,Doki Doki3-16
1791357668619,1791357668619,運動,運[うん]動[どう],うんどう,うんどう,undō,"ćwiczenia fizyczne, ruch",3,16,3-16,16,運 動,,triple_cards_new,Doki Doki3-16
1791357668620,1791357668620,自動車,自[じ]動[どう]車[しゃ],じどうしゃ,じどうしゃ,jidōsha,samochód,3,16,3-16,16,自 動 車,,triple_cards_new,Doki Doki3-16
1791357668621,1791357668621,研究室,研[けん]究[きゅう]室[しつ],けんきゅうしつ,けんきゅうしつ,kenkyūshitsu,"pracownia badawcza, gabinet naukowy, laboratorium",3,16,3-16,16,研 究 室,,triple_cards_new,Doki Doki3-16
1791357668622,1791357668622,待合室,待[まち]合[あい]室[しつ],まちあいしつ,まちあいしつ,machiaishitsu,poczekalnia,3,16,3-16,16,室,待 合,triple_cards_new,Doki Doki3-16
1791357668623,1791357668623,世代,世[せ]代[だい],せだい,せだい,sedai,"pokolenie, generacja",3,16,3-16,16,世 代,,triple_cards_new,Doki Doki3-16
1791357668625,1791357668625,二世,二[に]世[せい],にせい,にせい,nisei,"drugi, druga generacja",3,16,3-16,16,二 世,,triple_cards_new,Doki Doki3-16
1791357668626,1791357668626,世の中,世[よ]の中[なか],よのなか,よのなか,yononaka,"świat, społeczeństwo",3,16,3-16,16,世 中,,triple_cards_new,Doki Doki3-16
1791357668627,1791357668627,限界,限[げん]界[かい],げんかい,げんかい,genkai,"granica, limit, kres możliwości",3,16,3-16,16,界,限,triple_cards_new,Doki Doki3-16
1791357668628,1791357668628,政界,政[せい]界[かい],せいかい,せいかい,seikai,świat polityki,3,16,3-16,16,界,政,triple_cards_new,Doki Doki3-16
1791357668631,1791357668631,全国,全[ぜん]国[こく],ぜんこく,ぜんこく,zenkoku,"cały kraj, w całym kraju",3,16,3-16,16,全 国,,triple_cards_new,Doki Doki3-16
1791357668632,1791357668632,全く,全[まった]く,まったく,まったく,mattaku,"zupełnie, całkowicie",3,16,3-16,16,全,,triple_cards_new,Doki Doki3-16
1791357668633,1791357668633,全て,全[すべ]て,すべて,すべて,subete,"wszystko, wszystkie",3,16,3-16,16,全,,triple_cards_new,Doki Doki3-16
1791357668635,1791357668635,部,部[ぶ],ぶ,ぶ,bu,"część, dział, sekcja, klub",3,16,3-16,16,部,,triple_cards_new,Doki Doki3-16
1791357668636,1791357668636,質,質[しつ],しつ,しつ,shitsu,jakość,3,16,3-16,16,質,,triple_cards_new,Doki Doki3-16
1791357668637,1791357668637,質屋,質[しち]屋[や],しちや,しちや,shichiya,lombard,3,16,3-16,16,質 屋,,triple_cards_new,Doki Doki3-16
1791357668638,1791357668638,訪問,訪[ほう]問[もん],ほうもん,ほうもん,hōmon,"wizyta, odwiedziny",3,16,3-16,16,問,訪,triple_cards_new,Doki Doki3-16
1791357668639,1791357668639,問う,問[と]う,とう,とう,tō,"pytać, zadawać pytanie, kwestionować",3,16,3-16,16,問,,triple_cards_new,Doki Doki3-16
1791357668640,1791357668640,参考,参[さん]考[こう],さんこう,さんこう,sankō,"odniesienie, materiał pomocniczy",3,16,3-16,16,考,参,triple_cards_new,Doki Doki3-16
1791357668642,1791357668642,以外,以[い]外[がい],いがい,いがい,igai,"poza, oprócz, z wyjątkiem",3,16,3-16,16,以 外,,triple_cards_new,Doki Doki3-16
1791357668643,1791357668643,以内,以[い]内[ない],いない,いない,inai,"w granicach, w ciągu, nie więcej niż",3,16,3-16,16,以,内,triple_cards_new,Doki Doki3-16
1791357668644,1791357668644,以前,以[い]前[ぜん],いぜん,いぜん,izen,"wcześniej, dawniej, przed",3,16,3-16,16,以 前,,triple_cards_new,Doki Doki3-16
1791357668645,1791357668645,開店,開[かい]店[てん],かいてん,かいてん,kaiten,"otwarcie sklepu, rozpoczęcie działalności",3,16,3-16,16,開 店,,triple_cards_new,Doki Doki3-16
1791357668646,1791357668646,開く,開[ひら]く,ひらく,ひらく,hiraku,"otwierać się, zostać otwartym",3,16,3-16,16,開,,triple_cards_new,Doki Doki3-16
1791357668649,1791357668649,本屋さん,本[ほん]屋[や]さん,ほんやさん,ほんやさん,hon'ya-san,księgarnia,3,16,3-16,16,本 屋,,triple_cards_new,Doki Doki3-16
1791358250014,1791358250014,結果,結[けっ]果[か],けっか,けっか,kekka,"wynik, rezultat",3,17,3-17,17,結,果,triple_cards_new,Doki Doki3-17
1791358250015,1791358250015,結論,結[けつ]論[ろん],けつろん,けつろん,ketsuron,"wniosek, konkluzja",3,17,3-17,17,結,論,triple_cards_new,Doki Doki3-17
1791358250017,1791358250017,結婚,結[けっ]婚[こん],けっこん,けっこん,kekkon,"małżeństwo, ślub",3,17,3-17,17,結 婚,,triple_cards_new,Doki Doki3-17
1791358250018,1791358250018,離婚,離[り]婚[こん],りこん,りこん,rikon,rozwód,3,17,3-17,17,婚,離,triple_cards_new,Doki Doki3-17
1791358250019,1791358250019,何パーセント,何[なん]パーセント,なんパーセント,なんぱーせんと,nan pāsento,"ile procent, jaki procent",3,17,3-17,17,何,,triple_cards_new,Doki Doki3-17
1791358250020,1791358250020,表現,表[ひょう]現[げん],ひょうげん,ひょうげん,hyōgen,"wyrażenie, ekspresja",3,17,3-17,17,表,現,triple_cards_new,Doki Doki3-17
1791358250022,1791358250022,表す,表[あらわ]す,あらわす,あらわす,arawasu,"wyrażać, przedstawiać",3,17,3-17,17,表,,triple_cards_new,Doki Doki3-17
1791358250023,1791358250023,表,表[おもて],おもて,おもて,omote,"przód, awers, powierzchnia",3,17,3-17,17,表,,triple_cards_new,Doki Doki3-17
1791358250025,1791358250025,描写,描[びょう]写[しゃ],びょうしゃ,びょうしゃ,byōsha,"opis, przedstawienie, odwzorowanie",3,17,3-17,17,写,描,triple_cards_new,Doki Doki3-17
1791358250026,1791358250026,写す,写[うつ]す,うつす,うつす,utsusu,"kopiować, przepisywać, odwzorowywać",3,17,3-17,17,写,,triple_cards_new,Doki Doki3-17
1791358250028,1791358250028,写真集,写[しゃ]真[しん]集[しゅう],しゃしんしゅう,しゃしんしゅう,shashinshū,"album fotograficzny, zbiór zdjęć",3,17,3-17,17,写 真 集,,triple_cards_new,Doki Doki3-17
1791358250030,1791358250030,真夜中,真[ま]夜[よ]中[なか],まよなか,まよなか,mayonaka,"środek nocy, późna noc",3,17,3-17,17,真 夜 中,,triple_cards_new,Doki Doki3-17
1791358250031,1791358250031,集中,集[しゅう]中[ちゅう],しゅうちゅう,しゅうちゅう,shūchū,"koncentracja, skupienie",3,17,3-17,17,集 中,,triple_cards_new,Doki Doki3-17
1791358250032,1791358250032,集合,集[しゅう]合[ごう],しゅうごう,しゅうごう,shūgō,"zbiórka, zgromadzenie",3,17,3-17,17,集,合,triple_cards_new,Doki Doki3-17
1791358250036,1791358250036,食品,食[しょく]品[ひん],しょくひん,しょくひん,shokuhin,"produkt spożywczy, żywność",3,17,3-17,17,食 品,,triple_cards_new,Doki Doki3-17
1791358250037,1791358250037,品,品[しな],しな,しな,shina,"towar, produkt, artykuł",3,17,3-17,17,品,,triple_cards_new,Doki Doki3-17
1791358250038,1791358250038,文字,文[も]字[じ],もじ,もじ,moji,"znak pisma, litera",3,17,3-17,17,文 字,,triple_cards_new,Doki Doki3-17
1791358250039,1791358250039,名字,名[みょう]字[じ],みょうじ,みょうじ,myōji,nazwisko,3,17,3-17,17,名 字,,triple_cards_new,Doki Doki3-17
1791358250040,1791358250040,漢字,漢[かん]字[じ],かんじ,かんじ,kanji,znak kanji,3,17,3-17,17,漢 字,,triple_cards_new,Doki Doki3-17
1791358250041,1791358250041,活動,活[かつ]動[どう],かつどう,かつどう,katsudō,"działalność, aktywność",3,17,3-17,17,活 動,,triple_cards_new,Doki Doki3-17
1791358250042,1791358250042,活用,活[かつ]用[よう],かつよう,かつよう,katsuyō,"odmiana gramatyczna, zastosowanie",3,17,3-17,17,活,用,triple_cards_new,Doki Doki3-17
1791358250043,1791358250043,活発,活[かっ]発[ぱつ],かっぱつ,かっぱつ,kappatsu,"aktywny, żywiołowy",3,17,3-17,17,活 発,,triple_cards_new,Doki Doki3-17
1791358250045,1791358250045,お歳暮,お歳[せい]暮[ぼ],おせいぼ,おせいぼ,oseibo,"prezent końcoworoczny, o-seibo",3,17,3-17,17,歳,暮,triple_cards_new,Doki Doki3-17
1791358250047,1791358250047,習字,習[しゅう]字[じ],しゅうじ,しゅうじ,shūji,"kaligrafia, ćwiczenie pisania znaków",3,17,3-17,17,習 字,,triple_cards_new,Doki Doki3-17
1791358250048,1791358250048,書初め,書[かき]初[ぞ]め,かきぞめ,かきぞめ,kakizome,pierwsza kaligrafia w Nowym Roku,3,17,3-17,17,書,初,triple_cards_new,Doki Doki3-17
1791358250049,1791358250049,練習,練[れん]習[しゅう],れんしゅう,れんしゅう,renshū,"ćwiczenie, trening",3,17,3-17,17,習,練,triple_cards_new,Doki Doki3-17
1791358250050,1791358250050,主語,主[しゅ]語[ご],しゅご,しゅご,shugo,podmiot gramatyczny,3,17,3-17,17,主 語,,triple_cards_new,Doki Doki3-17
1791358250051,1791358250051,持ち主,持[も]ち主[ぬし],もちぬし,もちぬし,mochinushi,właściciel,3,17,3-17,17,持 主,,triple_cards_new,Doki Doki3-17
1791358250052,1791358250052,主な,主[おも]な,おもな,おもな,omona,"główny, najważniejszy",3,17,3-17,17,主,,triple_cards_new,Doki Doki3-17
1791358250053,1791358250053,提供,提[てい]供[きょう],ていきょう,ていきょう,teikyō,"udostępnienie, dostarczenie, przekazanie",3,17,3-17,17,供,提,triple_cards_new,Doki Doki3-17
1791358250054,1791358250054,供える,供[そな]える,そなえる,そなえる,sonaeru,"składać w ofierze, ofiarować",3,17,3-17,17,供,,triple_cards_new,Doki Doki3-17
1791358250056,1791358250056,分野,分[ぶん]野[や],ぶんや,ぶんや,bun'ya,"dziedzina, obszar",3,17,3-17,17,分 野,,triple_cards_new,Doki Doki3-17
1791358250059,1791358250059,長野,長[なが]野[の],ながの,ながの,Nagano,Nagano,3,17,3-17,17,長 野,,triple_cards_new,Doki Doki3-17
1791358815018,1791358815018,授かる,授[さず]かる,さずかる,さずかる,sazukaru,"zostać obdarzonym, otrzymać",3,18,3-18,18,授,,triple_cards_new,Doki Doki3-18
1791358815019,1791358815019,社会学,社[しゃ]会[かい]学[がく],しゃかいがく,しゃかいがく,shakaigaku,socjologia,3,18,3-18,18,社 会 学,,triple_cards_new,Doki Doki3-18
1791358815022,1791358815022,入試,入[にゅう]試[し],にゅうし,にゅうし,nyūshi,egzamin wstępny,3,18,3-18,18,入 試,,triple_cards_new,Doki Doki3-18
1791358815023,1791358815023,試みる,試[こころ]みる,こころみる,こころみる,kokoromiru,"próbować, podejmować próbę",3,18,3-18,18,試,,triple_cards_new,Doki Doki3-18
1791358815024,1791358815024,試す,試[ため]す,ためす,ためす,tamesu,"wypróbować, sprawdzić",3,18,3-18,18,試,,triple_cards_new,Doki Doki3-18
1791358815025,1791358815025,実験,実[じっ]験[けん],じっけん,じっけん,jikken,"eksperyment, badanie",3,18,3-18,18,験,実,triple_cards_new,Doki Doki3-18
1791358815026,1791358815026,経験,経[けい]験[けん],けいけん,けいけん,keiken,doświadczenie,3,18,3-18,18,験,経,triple_cards_new,Doki Doki3-18
1791358815027,1791358815027,洋食,洋[よう]食[しょく],ようしょく,ようしょく,yōshoku,"jedzenie zachodnie, kuchnia zachodnia",3,18,3-18,18,洋 食,,triple_cards_new,Doki Doki3-18
1791358815028,1791358815028,東洋,東[とう]洋[よう],とうよう,とうよう,tōyō,"Orient, Wschód",3,18,3-18,18,東 洋,,triple_cards_new,Doki Doki3-18
1791358815029,1791358815029,太平洋,太[たい]平[へい]洋[よう],たいへいよう,たいへいよう,taiheiyō,"Ocean Spokojny, Pacyfik",3,18,3-18,18,洋,太 平,triple_cards_new,Doki Doki3-18
1791358815030,1791358815030,洋服,洋[よう]服[ふく],ようふく,ようふく,yōfuku,"ubrania, ubrania w stylu zachodnim",3,18,3-18,18,洋 服,,triple_cards_new,Doki Doki3-18
1791358815031,1791358815031,和服,和[わ]服[ふく],わふく,わふく,wafuku,"japońskie ubrania, tradycyjny strój japoński",3,18,3-18,18,服,和,triple_cards_new,Doki Doki3-18
1791358815034,1791358815034,目標,目[もく]標[ひょう],もくひょう,もくひょう,mokuhyō,"cel, cel do osiągnięcia",3,18,3-18,18,目,標,triple_cards_new,Doki Doki3-18
1791358815035,1791358815035,目薬,目[め]薬[ぐすり],めぐすり,めぐすり,megusuri,krople do oczu,3,18,3-18,18,目,薬,triple_cards_new,Doki Doki3-18
1791358815037,1791358815037,目的,目[もく]的[てき],もくてき,もくてき,mokuteki,"cel, zamiar",3,18,3-18,18,目 的,,triple_cards_new,Doki Doki3-18
1791358815038,1791358815038,現代的,現[げん]代[だい]的[てき],げんだいてき,げんだいてき,gendaiteki,"nowoczesny, współczesny",3,18,3-18,18,代 的,現,triple_cards_new,Doki Doki3-18
1791358815039,1791358815039,的,的[まと],まと,まと,mato,"cel, tarcza",3,18,3-18,18,的,,triple_cards_new,Doki Doki3-18
1791358815040,1791358815040,弓道,弓[きゅう]道[どう],きゅうどう,きゅうどう,kyūdō,"kyūdō, japońskie łucznictwo",3,18,3-18,18,道,弓,triple_cards_new,Doki Doki3-18
1791358815041,1791358815041,下宿,下[げ]宿[しゅく],げしゅく,げしゅく,geshuku,"stancja, internat",3,18,3-18,18,下 宿,,triple_cards_new,Doki Doki3-18
1791358815042,1791358815042,宿泊,宿[しゅく]泊[はく],しゅくはく,しゅくはく,shukuhaku,"nocowanie, pobyt z noclegiem",3,18,3-18,18,宿,泊,triple_cards_new,Doki Doki3-18
1791358815043,1791358815043,宿,宿[やど],やど,やど,yado,"nocleg, zajazd, miejsce noclegowe",3,18,3-18,18,宿,,triple_cards_new,Doki Doki3-18
1791358815045,1791358815045,題名,題[だい]名[めい],だいめい,だいめい,daimei,tytuł,3,18,3-18,18,題 名,,triple_cards_new,Doki Doki3-18
1791358815046,1791358815046,開始,開[かい]始[し],かいし,かいし,kaishi,"rozpoczęcie, start",3,18,3-18,18,開 始,,triple_cards_new,Doki Doki3-18
1791358815048,1791358815048,終点,終[しゅう]点[てん],しゅうてん,しゅうてん,shūten,"ostatni przystanek, stacja końcowa",3,18,3-18,18,終,点,triple_cards_new,Doki Doki3-18
1791358815049,1791358815049,終える,終[お]える,おえる,おえる,oeru,"kończyć coś, doprowadzić do końca",3,18,3-18,18,終,,triple_cards_new,Doki Doki3-18
1791358815052,1791358815052,図る,図[はか]る,はかる,はかる,hakaru,"planować, dążyć do, próbować osiągnąć",3,18,3-18,18,図,,triple_cards_new,Doki Doki3-18
1791358815054,1791358815054,力,力[ちから],ちから,ちから,chikara,siła,3,18,3-18,18,力,,triple_cards_new,Doki Doki3-18
1791358815055,1791358815055,協力,協[きょう]力[りょく],きょうりょく,きょうりょく,kyōryoku,współpraca,3,18,3-18,18,力,協,triple_cards_new,Doki Doki3-18
1791358815056,1791358815056,努力,努[ど]力[りょく],どりょく,どりょく,doryoku,"wysiłek, staranie",3,18,3-18,18,力,努,triple_cards_new,Doki Doki3-18
1791358815058,1791358815058,堂々と,堂[どう]々と,どうどうと,どうどうと,dōdō to,"majestatycznie, pewnie, dumnie",3,18,3-18,18,堂,,triple_cards_new,Doki Doki3-18
1791358815059,1791358815059,講堂,講[こう]堂[どう],こうどう,こうどう,kōdō,"aula, audytorium",3,18,3-18,18,堂,講,triple_cards_new,Doki Doki3-18
1791358815060,1791358815060,発表する,発[はっ]表[ぴょう]する,はっぴょうする,はっぴょうする,happyō suru,"prezentować, ogłaszać, wygłaszać prezentację",3,18,3-18,18,発 表,,triple_cards_new,Doki Doki3-18
1791359316895,1791359316895,春分,春[しゅん]分[ぶん],しゅんぶん,しゅんぶん,shunbun,równonoc wiosenna,3,19,3-19,19,春 分,,triple_cards_new,Doki Doki3-19
1791359316897,1791359316897,夏季,夏[か]季[き],かき,かき,kaki,"sezon letni, okres letni",3,19,3-19,19,夏,季,triple_cards_new,Doki Doki3-19
1791359316900,1791359316900,秋分,秋[しゅう]分[ぶん],しゅうぶん,しゅうぶん,shūbun,równonoc jesienna,3,19,3-19,19,秋 分,,triple_cards_new,Doki Doki3-19
1791359316902,1791359316902,秋田県,秋[あき]田[た]県[けん],あきたけん,あきたけん,Akita-ken,prefektura Akita,3,19,3-19,19,秋 田,県,triple_cards_new,Doki Doki3-19
1791359316904,1791359316904,暖冬,暖[だん]冬[とう],だんとう,だんとう,dantō,łagodna zima,3,19,3-19,19,冬,暖,triple_cards_new,Doki Doki3-19
1791359316905,1791359316905,春夏秋冬,春[しゅん]夏[か]秋[しゅう]冬[とう],しゅんかしゅうとう,しゅんかしゅうとう,shunkashūtō,cztery pory roku,3,19,3-19,19,春 夏 秋 冬,,triple_cards_new,Doki Doki3-19
1791359316908,1791359316908,研修,研[けん]修[しゅう],けんしゅう,けんしゅう,kenshū,"szkolenie, staż",3,19,3-19,19,研,修,triple_cards_new,Doki Doki3-19
1791359316909,1791359316909,研ぐ,研[と]ぐ,とぐ,とぐ,togu,"ostrzyć, polerować",3,19,3-19,19,研,,triple_cards_new,Doki Doki3-19
1791359316910,1791359316910,研究,研[けん]究[きゅう],けんきゅう,けんきゅう,kenkyū,"badania, badanie naukowe",3,19,3-19,19,研 究,,triple_cards_new,Doki Doki3-19
1791359316911,1791359316911,究極,究[きゅう]極[きょく],きゅうきょく,きゅうきょく,kyūkyoku,"ostateczny, najwyższy, skrajny",3,19,3-19,19,究,極,triple_cards_new,Doki Doki3-19
1791359316912,1791359316912,究める,究[きわ]める,きわめる,きわめる,kiwameru,"zgłębić, opanować do perfekcji",3,19,3-19,19,究,,triple_cards_new,Doki Doki3-19
1791359316917,1791359316917,卒業,卒[そつ]業[ぎょう],そつぎょう,そつぎょう,sotsugyō,ukończenie szkoły lub studiów,3,19,3-19,19,卒 業,,triple_cards_new,Doki Doki3-19
1791359316918,1791359316918,花粉,花[か]粉[ふん],かふん,かふん,kafun,pyłki roślinne,3,19,3-19,19,花,粉,triple_cards_new,Doki Doki3-19
1791359316921,1791359316921,漢和辞典,漢[かん]和[わ]辞[じ]典[てん],かんわじてん,かんわじてん,kanwajiten,słownik znaków kanji,3,19,3-19,19,漢,和 辞 典,triple_cards_new,Doki Doki3-19
1791359316922,1791359316922,漢文,漢[かん]文[ぶん],かんぶん,かんぶん,kanbun,"klasyczny tekst chiński, język starochiński",3,19,3-19,19,漢 文,,triple_cards_new,Doki Doki3-19
1791359316923,1791359316923,不景気,不[ふ]景[けい]気[き],ふけいき,ふけいき,fukeiki,"kryzys gospodarczy, zła koniunktura",3,19,3-19,19,不 気,景,triple_cards_new,Doki Doki3-19
1791359316925,1791359316925,皆様,皆[みな]様[さま],みなさま,みなさま,minasama,"Szanowni Państwo, wszyscy",3,19,3-19,19,様,皆,triple_cards_new,Doki Doki3-19
1791359316926,1791359316926,神話,神[しん]話[わ],しんわ,しんわ,shinwa,"mitologia, mit",3,19,3-19,19,神 話,,triple_cards_new,Doki Doki3-19
1791359316927,1791359316927,様子,様[よう]子[す],ようす,ようす,yōsu,"stan, sytuacja, wygląd",3,19,3-19,19,様 子,,triple_cards_new,Doki Doki3-19
1791359316928,1791359316928,工学,工[こう]学[がく],こうがく,こうがく,kōgaku,inżynieria,3,19,3-19,19,工 学,,triple_cards_new,Doki Doki3-19
1791359316929,1791359316929,工事,工[こう]事[じ],こうじ,こうじ,kōji,"roboty, remont, budowa",3,19,3-19,19,工 事,,triple_cards_new,Doki Doki3-19
1791359316930,1791359316930,大工,大[だい]工[く],だいく,だいく,daiku,"cieśla, stolarz budowlany",3,19,3-19,19,大 工,,triple_cards_new,Doki Doki3-19
1791359316931,1791359316931,死者の日,死[し]者[しゃ]の日[ひ],ししゃのひ,ししゃのひ,shisha no hi,Święto Zmarłych,3,19,3-19,19,死 者 日,,triple_cards_new,Doki Doki3-19
1791359316932,1791359316932,必死,必[ひっ]死[し],ひっし,ひっし,hisshi,"desperacki wysiłek, desperacja",3,19,3-19,19,死,必,triple_cards_new,Doki Doki3-19
1791359742447,1791359742447,絶交,絶[ぜっ]交[こう],ぜっこう,ぜっこう,zekkō,zerwanie znajomości,3,20,3-20,20,絶,交,triple_cards_new,Doki Doki3-20
1791359742448,1791359742448,気絶,気[き]絶[ぜつ],きぜつ,きぜつ,kizetsu,"utrata przytomności, omdlenie",3,20,3-20,20,気 絶,,triple_cards_new,Doki Doki3-20
1791359742449,1791359742449,絶える,絶[た]える,たえる,たえる,taeru,"ustawać, zanikać, kończyć się",3,20,3-20,20,絶,,triple_cards_new,Doki Doki3-20
1791359742450,1791359742450,お化け屋敷,お化[ば]け屋[や]敷[しき],おばけやしき,おばけやしき,obakeyashiki,"dom strachów, nawiedzony dom",3,20,3-20,20,屋,化 敷,triple_cards_new,Doki Doki3-20
1791359742454,1791359742454,絶対,絶[ぜっ]対[たい],ぜったい,ぜったい,zettai,"absolutnie, koniecznie",3,20,3-20,20,絶 対,,triple_cards_new,Doki Doki3-20
1791359742455,1791359742455,反対,反[はん]対[たい],はんたい,はんたい,hantai,"sprzeciw, bycie przeciw, przeciwieństwo",3,20,3-20,20,対,反,triple_cards_new,Doki Doki3-20
1791359742456,1791359742456,対,対[たい],たい,たい,tai,"kontra, przeciwko",3,20,3-20,20,対,,triple_cards_new,Doki Doki3-20
1791359742457,1791359742457,両方,両[りょう]方[ほう],りょうほう,りょうほう,ryōhō,"obie strony, oba",3,20,3-20,20,両 方,,triple_cards_new,Doki Doki3-20
1791359742459,1791359742459,両手,両[りょう]手[て],りょうて,りょうて,ryōte,obie ręce,3,20,3-20,20,両 手,,triple_cards_new,Doki Doki3-20
1791359742461,1791359742461,方法,方[ほう]法[ほう],ほうほう,ほうほう,hōhō,"sposób, metoda",3,20,3-20,20,方,法,triple_cards_new,Doki Doki3-20
1791359742462,1791359742462,味方,味[み]方[かた],みかた,みかた,mikata,"sojusznik, osoba po czyjejś stronie",3,20,3-20,20,味 方,,triple_cards_new,Doki Doki3-20
1791359742464,1791359742464,音声学,音[おん]声[せい]学[がく],おんせいがく,おんせいがく,onseigaku,fonetyka,3,20,3-20,20,音 声 学,,triple_cards_new,Doki Doki3-20
1791359742465,1791359742465,笑顔,笑[え]顔[がお],えがお,えがお,egao,"uśmiech, uśmiechnięta twarz",3,20,3-20,20,笑,顔,triple_cards_new,Doki Doki3-20
1791359742466,1791359742466,爆笑,爆[ばく]笑[しょう],ばくしょう,ばくしょう,bakushō,"wybuch śmiechu, głośny śmiech",3,20,3-20,20,笑,爆,triple_cards_new,Doki Doki3-20
1791359742467,1791359742467,お笑い,お笑[わら]い,おわらい,おわらい,owarai,"komedia, rozrywka komediowa",3,20,3-20,20,笑,,triple_cards_new,Doki Doki3-20
1791359742468,1791359742468,小皿,小[こ]皿[ざら],こざら,こざら,kozara,mały talerzyk,3,20,3-20,20,小 皿,,triple_cards_new,Doki Doki3-20
1791359742469,1791359742469,灰皿,灰[はい]皿[ざら],はいざら,はいざら,haizara,popielniczka,3,20,3-20,20,皿,灰,triple_cards_new,Doki Doki3-20
1791359742470,1791359742470,枚,枚[まい],まい,まい,mai,klasyfikator płaskich przedmiotów,3,20,3-20,20,枚,,triple_cards_new,Doki Doki3-20
1791359742471,1791359742471,枚数,枚[まい]数[すう],まいすう,まいすう,maisū,"liczba kartek, kopii lub sztuk liczonych przez 枚",3,20,3-20,20,枚,数,triple_cards_new,Doki Doki3-20
1791359742473,1791359742473,痛み止め,痛[いた]み止[ど]め,いたみどめ,いたみどめ,itamidome,lek przeciwbólowy,3,20,3-20,20,痛 止,,triple_cards_new,Doki Doki3-20
1791359742474,1791359742474,頭痛,頭[ず]痛[つう],ずつう,ずつう,zutsū,ból głowy,3,20,3-20,20,痛,頭,triple_cards_new,Doki Doki3-20
1791359742475,1791359742475,禁止,禁[きん]止[し],きんし,きんし,kinshi,zakaz,3,20,3-20,20,止,禁,triple_cards_new,Doki Doki3-20
1791359742476,1791359742476,止まる,止[と]まる,とまる,とまる,tomaru,zatrzymywać się,3,20,3-20,20,止,,triple_cards_new,Doki Doki3-20
1791359742477,1791359742477,最も,最[もっと]も,もっとも,もっとも,mottomo,"najbardziej, najwięcej",3,20,3-20,20,最,,triple_cards_new,Doki Doki3-20
1791359742478,1791359742478,連続,連[れん]続[ぞく],れんぞく,れんぞく,renzoku,"ciągłość, kolejno, pod rząd",3,20,3-20,20,連 続,,triple_cards_new,Doki Doki3-20
1791359742479,1791359742479,続く,続[つづ]く,つづく,つづく,tsuzuku,"trwać, ciągnąć się, być kontynuowanym",3,20,3-20,20,続,,triple_cards_new,Doki Doki3-20
1791359742480,1791359742480,手続き,手[て]続[つづ]き,てつづき,てつづき,tetsuzuki,"procedura, formalności",3,20,3-20,20,手 続,,triple_cards_new,Doki Doki3-20
1791359742483,1791359742483,無駄,無[む]駄[だ],むだ,むだ,muda,"marnotrawstwo, strata, na marne",3,20,3-20,20,無,駄,triple_cards_new,Doki Doki3-20
1791359742485,1791359742485,無礼,無[ぶ]礼[れい],ぶれい,ぶれい,burei,"nieuprzejmy, niegrzeczny",3,20,3-20,20,無,礼,triple_cards_new,Doki Doki3-20
1791359742486,1791359742486,無い,無[な]い,ない,ない,nai,"nie istnieć, nie mieć, nie być",3,20,3-20,20,無,,triple_cards_new,Doki Doki3-20
1791359742488,1791359742488,分割払い,分[ぶん]割[かつ]払[ばら]い,ぶんかつばらい,ぶんかつばらい,bunkatsu barai,"płatność ratalna, płacenie na raty",3,20,3-20,20,分 払,割,triple_cards_new,Doki Doki3-20
1791359742489,1791359742489,茶色,茶[ちゃ]色[いろ],ちゃいろ,ちゃいろ,chairo,"brązowy, brązowy kolor",3,20,3-20,20,茶 色,,triple_cards_new,Doki Doki3-20
