note_id	last modification time	tags	Kanji	ExpressionNew	Reading	Romaji	Polish	ExampleJPNew	ExamplePL	VerbFormAffirmative	VerbFormNegative	Notes	ExampleJPnoFurigana	KnownKanji	Audio	ExampleAudio	AudioDictionary	Expression	ExampleJP	PitchAccent
1763216199319	1776880432	Doki Doki1-1 male_voice newVersion	私[わたし]	 私[わたし]	わたし	watashi	ja	 私[わたし]は 学生[がくせい]です。	Jestem studentem/studentką.						[sound:hypertts-235742fa587c373eb68c257406faa200f299453592bf78f7dee103e9.mp3]	[sound:hypertts-14a25544e11b5911fd2f4c75d8e1bceba3148da9ebffb72dc3104635.mp3]	[sound:私_ワタシ━_0_NHK-2016.mp3]	わたし	わたしはがくせいです。	
1763216199320	1775147485	Doki Doki1-1 female_voice newVersion	あなた	あなた	あなた	anata	ty	あなたは 先生[せんせい]ですか。	Czy jesteś nauczycielem/nauczycielką?						[sound:hypertts-25854b4e08ec5babed3edbb3239e2b3359101e3c2dfa43ec03e0f69b.mp3]	[sound:hypertts-0b771dccdb65461f923705d9aa88ec5cb7a697c77f733ea43adb7cb8.mp3]	[sound:あなた_ア＼ナタ_1_NHK-2016.mp3] [sound:あなた_アナ＼タ_2_NHK-2016.mp3]	あなた	あなたはせんせいですか。	"""<span style=""""box-shadow: inset -2px 2px 0 0px #FF6633;"""">ア</span><span style=""""box-shadow: inset 0px -2px 0 0px #FF6633;"""">ナタ</span> <span class=""""pitch_number"""">1</span>, <span style=""""box-shadow: inset -2px -2px 0 0 #FF6633;"""">ア</span><span style=""""box-shadow: inset -2px 2px 0 0px #FF6633;"""">ナ</span><span style=""""box-shadow: inset 0px -2px 0 0px #FF6633;"""">タ</span> <span class=""""pitch_number"""">2</span>"""
1763216199321	1775147485	Doki Doki1-1 female_voice newVersion	彼	 彼[かれ]	かれ	kare	on	 彼[かれ]は 医者[いしゃ]です。	On jest lekarzem.						[sound:hypertts-f9deea5ee026dd3126250e9e7075cd55d3d47bd432f4368910559fd0.mp3]	[sound:hypertts-76e34f2844ba0bd1e4adb7367a47162f7da920b0f15dd068da3a608c.mp3]	[sound:彼_カ＼レ_1_NHK-2016.mp3]	かれ	かれはいしゃです。	"""<span style=""""box-shadow: inset -2px 2px 0 0px #FF6633;"""">カ</span><span style=""""box-shadow: inset 0px -2px 0 0px #FF6633;"""">レ</span> <span class=""""pitch_number"""">1</span>"""
1763216199322	1782885247	Doki Doki1-1 female_voice newVersion	彼女	彼女[かのじょ]	かのじょ	kanojo	ona, dziewczyna (partnerka)	 彼女[かのじょ]はとても 可愛[かわい]いです。	Moja dziewczyna jest bardzo ładna.			"""Oznacza również """"partnerka"""". W kontekście relacji: dziewczyna/partnerka."""		彼[かの]女	[sound:hypertts-f3fbffcb4381407837f4015b70f20ecadc1bc9806b1443407c776304.mp3]	[sound:hypertts-c92cdf2cb499d7ddf9799ce867d579643309c459b3c963d0093e78b9.mp3]	[sound:彼女_カ＼ノジョ_1_NHK-2016.mp3]	かのじょ	かのじょはとてもかわいいです。	"""<span style=""""box-shadow: inset -2px 2px 0 0px #FF6633;"""">カ</span><span style=""""box-shadow: inset 0px -2px 0 0px #FF6633;"""">ノジョ</span> <span class=""""pitch_number"""">1</span>"""
1763216199324	1775147485	Doki Doki1-1 male_voice newVersion	水	 水[みず]	みず	mizu	woda	 毎日[まいにち] 水[みず]を 飲[の]みます。	Codziennie piję wodę.					水	[sound:hypertts-0100e069b3ab8e54df6e4e3fe717760b09e381d6e8d1b356ea7c85f4.mp3]	[sound:hypertts-17ed1f6af2a802a2980b3978dee9ce9e5bc65a8f2f6b286cfe30c3e6.mp3]	[sound:水_ミズ━_0_NHK-2016.mp3]	みず	まいにちみずをのみます。	"""<span style=""""box-shadow: inset -2px -2px 0 0 #FF6633;"""">ミ</span><span style=""""box-shadow: inset 0px 2px 0 0px #FF6633;"""">ズ</span> <span class=""""pitch_number"""">0</span>"""
1763216199325	1775147485	Doki Doki1-1 male_voice newVersion	人	 人[ひと]	ひと	hito	człowiek	あの 人[ひと]は 誰[だれ]ですか。	Kim jest tamta osoba?					人	[sound:hypertts-e7690333e8488e7564de1e40aa108b5b4b75aa75dd36af13590e2fa1.mp3]	[sound:hypertts-bf7e70cced49b3f0cf48b1476ada7c1b2a0e0a94d9c249fbdc2e7d36.mp3]	[sound:人_ヒト━_0_NHK-2016.mp3] [sound:人_ヒト＼_2_NHK-2016.mp3]	ひと	あのひとはだれですか。	"""<span style=""""box-shadow: inset -2px -2px 0 0 #FF6633;""""><span style=""""color: royalblue;"""">ヒ</span></span><span style=""""box-shadow: inset 0px 2px 0 0px #FF6633;"""">ト</span> <span class=""""pitch_number"""">0</span>"""
1763216199326	1775147485	Doki Doki1-1 male_voice newVersion	誰	 誰[だれ]	だれ	dare	kto	これは 誰[だれ]のペンですか。	Czyj to długopis?						[sound:hypertts-466a6df81560bdc0870c8783fb0393647c14a4e2ce366a0f8930d26e.mp3]	[sound:hypertts-bb0870026cc90a4de59e5e6d07cd77032febaaeede55f84ae61ca285.mp3]	[sound:誰_ダ＼レ_1_NHK-2016.mp3]	だれ	これはだれのペンですか。	"""<span style=""""box-shadow: inset -2px 2px 0 0px #FF6633;"""">ダ</span><span style=""""box-shadow: inset 0px -2px 0 0px #FF6633;"""">レ</span> <span class=""""pitch_number"""">1</span>"""
1763216199327	1782850629	Doki Doki1-1 female_voice newVersion	出身	出[しゅっ] 身[しん]	しゅっしん	shusshin	miejsce pochodzenia	 出身[しゅっしん]はどこですか。	Skąd pochodzisz?					出 身[しん]	[sound:hypertts-7b0f794aaed05a2800301e3bc05a54ac00997a28c64c2963464cb70d.mp3]	[sound:hypertts-1ff9ee681a662b55d5af9d3c404f9176195d39dfa46183eb368aaa6c.mp3]	[sound:出身_シュッシン━_0_NHK-2016.mp3]	しゅっしん	しゅっしんはどこですか。	"""<span style=""""box-shadow: inset -2px -2px 0 0 #FF6633;"""">シュ</span><span style=""""box-shadow: inset 0px 2px 0 0px #FF6633;"""">ッシン</span> <span class=""""pitch_number"""">0</span>"""
1763216199328	1781614403	Doki Doki1-1 male_voice newVersion	猫	 猫[ねこ]	ねこ	neko	kot	 公園[こうえん]に 猫[ねこ]がいます。	W parku jest kot.						[sound:hypertts-8b65e0c11d6a9ceed0c9283d430cbac1e4e91d1fad837ae7c34f0303.mp3]	[sound:hypertts-18a995d2480f21dc02bc43ae1358c1893a7b1680efc0f79cdbbf822c.mp3]	[sound:猫_ネ＼コ_1_NHK-2016.mp3]	ねこ	こうえんにねこがいます。	"""<span style=""""box-shadow: inset -2px 2px 0 0px #FF6633;"""">ネ</span><span style=""""box-shadow: inset 0px -2px 0 0px #FF6633;"""">コ</span> <span class=""""pitch_number"""">1</span>"""
1763216199329	1775147485	Doki Doki1-1 male_voice newVersion	はい	はい	はい	hai	tak	はい、そうです。	Tak, zgadza się.						[sound:hypertts-b554bb45991b7d05c26c91b7d80d41e6c65598565b76bb2e52a9b354.mp3]	[sound:hypertts-b58adde940efdc80ba0f0a846ff30f336cb770c5ff558ef130303e14.mp3]	[sound:はい_ハイ━_0_NHK-2016.mp3] [sound:はい_ハ＼イ_1_NHK-2016.mp3]	はい	はい、そうです。	"""<span style=""""box-shadow: inset -2px -2px 0 0 #FF6633;"""">ハ</span><span style=""""box-shadow: inset 0px 2px 0 0px #FF6633;"""">イ</span> <span class=""""pitch_number"""">0</span>, <span style=""""box-shadow: inset -2px 2px 0 0px #FF6633;"""">ハ</span><span style=""""box-shadow: inset 0px -2px 0 0px #FF6633;"""">イ</span> <span class=""""pitch_number"""">1</span>"""
1763216199330	1775147485	Doki Doki1-1 female_voice newVersion	いいえ	いいえ	いいえ	iie	nie	いいえ、 違[ちが]います。	Nie, to nie tak.						[sound:hypertts-460f6e01fb4ab11ae2b58d8746d6a21a1a718bb051bc07deb4699d5d.mp3]	[sound:hypertts-6c98651411620b218bbaca8c5555ae9ea3fcbb431adcf90d1341e5e7.mp3]	[sound:いいえ_イーエ＼_3_NHK-2016.mp3]	いいえ	いいえ、ちがいます。	"""<span style=""""box-shadow: inset -2px -2px 0 0 #FF6633;"""">イ</span><span style=""""box-shadow: inset -2px 2px 0 0px #FF6633;"""">イエ</span> <span class=""""pitch_number"""">3</span>"""
1763216199331	1782850629	Doki Doki1-1 female_voice newVersion	学校	学[がっ] 校[こう]	がっこう	gakkō	szkoła	 毎日[まいにち] 学校[がっこう]へ 行[い]きます。	Codziennie chodzę do szkoły.					学 校[こう]	[sound:hypertts-427a69d0dfdf63100cc2f61931a2941a0579639efd22f0f9a9ded311.mp3]	[sound:hypertts-642d580924b04605525e16e17e6b172afb9927d31e195c0fd0fe800c.mp3]	[sound:学校_ガッコー━_0_NHK-2016.mp3]	がっこう	まいにちがっこうへいきます。	"""<span style=""""box-shadow: inset -2px -2px 0 0 #FF6633;"""">ガ</span><span style=""""box-shadow: inset 0px 2px 0 0px #FF6633;"""">ッコー</span> <span class=""""pitch_number"""">0</span>"""
1763216199332	1783681040	Doki Doki1-1 female_voice leech newVersion	小学校	小[しょう] 学[がっ] 校[こう]	しょうがっこう	shōgakkō	szkoła podstawowa	 弟[おとうと]は 小学校[しょうがっこう]に 行[い]きます。	Mój młodszy brat chodzi do szkoły podstawowej.					小学 校[こう]	[sound:hypertts-ff7fba687261e79fe7fa9ef4bd3f53b7ad8f20e9ffa99f377fe11d28.mp3]	[sound:hypertts-af6ad9cd6e724e3432be0456534d9d85280dedf4af80e3cffe234b5a.mp3]	[sound:小学校_ショーカ゚＼ッコー_3_NHK-2016.mp3]	しょうがっこう	おとうとはしょうがっこうにいきます。	"""<span style=""""box-shadow: inset -2px -2px 0 0 #FF6633;"""">ショ</span><span style=""""box-shadow: inset -2px 2px 0 0px #FF6633;"""">ーカ<span style=""""color: red;"""">°</span></span><span style=""""box-shadow: inset 0px -2px 0 0px #FF6633;"""">ッコー</span> <span class=""""pitch_number"""">3</span>"""
1763216199333	1782850629	Doki Doki1-1 female_voice newVersion	小学生	小[しょう] 学[がく] 生[せい]	しょうがくせい	shōgakusē	uczeń/uczennica podstawówki	 私[わたし]は 小学生[しょうがくせい]です。	Jestem uczniem/uczennicą szkoły podstawowej.					小学生	[sound:hypertts-3326955e3f18b44d4a7b9b005690148b31c30818f9043026d4ce0e38.mp3]	[sound:hypertts-36844c414c86bf2ae013ed9fe99c10300b408f90f11d029ff299298f.mp3]	[sound:小学生_ショーカ゚＼クセー_3_NHK-2016.mp3]	しょうがくせい	わたしはしょうがくせいです。	"""<span style=""""box-shadow: inset -2px -2px 0 0 #FF6633;"""">ショ</span><span style=""""box-shadow: inset -2px 2px 0 0px #FF6633;"""">ーカ<span style=""""color: red;"""">°</span></span><span style=""""box-shadow: inset 0px -2px 0 0px #FF6633;""""><span style=""""color: royalblue;"""">ク</span>セイ</span> <span class=""""pitch_number"""">3</span>"""
1763216199334	1782850629	Doki Doki1-1 leech male_voice newVersion	中学校	中[ちゅう] 学[がっ] 校[こう]	ちゅうがっこう	chūgakkō	gimnazjum	 中学校[ちゅうがっこう]は 楽[たの]しいです。	Gimnazjum jest fajne.					中 学校[がっこう]	[sound:hypertts-575fbe9816e84ecb2459421e1f083164a9cf0863ac5a3b0955f7061f.mp3]	[sound:hypertts-e28cc757e2f2e0db69020d43f9680755f3aa1d758fb73cf432bb08aa.mp3]	[sound:中学校_チューカ゚＼ッコー_3_NHK-2016.mp3]	ちゅうがっこう	ちゅうがっこうはたのしいです。	"""<span style=""""box-shadow: inset -2px -2px 0 0 #FF6633;"""">チュ</span><span style=""""box-shadow: inset -2px 2px 0 0px #FF6633;"""">ーカ<span style=""""color: red;"""">°</span></span><span style=""""box-shadow: inset 0px -2px 0 0px #FF6633;"""">ッコー</span> <span class=""""pitch_number"""">3</span>"""
1763216199335	1782850629	Doki Doki1-1 male_voice newVersion	中学生	中[ちゅう] 学[がく] 生[せい]	ちゅうがくせい	chūgakusē	gimnazjalista/gimnazjalistka	 彼[かれ]は 中学生[ちゅうがくせい]です。	On jest gimnazjalistą.					中学生	[sound:hypertts-38e4707fd87e64e30f1532db6eccdcbb66b5e69e4c307c3da13ed6e8.mp3]	[sound:hypertts-5448b7d5da1994b06457d0f51528a1a7e69fbfa3b09fe1109bc0d09e.mp3]	[sound:中学生_チューカ゚＼クセー_3_NHK-2016.mp3] [sound:中学生_チューカ゚ク＼セー_4_NHK-2016.mp3]	ちゅうがくせい	かれはちゅうがくせいです。	"""<span style=""""box-shadow: inset -2px -2px 0 0 #FF6633;"""">チュ</span><span style=""""box-shadow: inset -2px 2px 0 0px #FF6633;"""">ーカ<span style=""""color: red;"""">°</span></span><span style=""""box-shadow: inset 0px -2px 0 0px #FF6633;""""><span style=""""color: royalblue;"""">ク</span>セイ</span> <span class=""""pitch_number"""">3</span>, <span style=""""box-shadow: inset -2px -2px 0 0 #FF6633;"""">チュ</span><span style=""""box-shadow: inset -2px 2px 0 0px #FF6633;"""">ーカ<span style=""""color: red;"""">°</span><span style=""""color: royalblue;"""">ク</span></span><span style=""""box-shadow: inset 0px -2px 0 0px #FF6633;"""">セイ</span> <span class=""""pitch_number"""">4</span>"""
1763216199336	1782850629	Doki Doki1-1 female_voice newVersion	高校	高[こう] 校[こう]	こうこう	kōkō	liceum	 私[わたし]の 高校[こうこう]は 新[あたら]しいです。	Moje liceum jest nowe.						[sound:hypertts-9b1f71017677054798473b4689b3fa239767a50dc6ccd5bb139aefaa.mp3]	[sound:hypertts-ebe1eb6b1c8bbc40b185c5759f02022a1ec9eb6baef635c03af06cef.mp3]	[sound:高校_コーコー━_0_NHK-2016.mp3]	こうこう	わたしのこうこうはあたらしいです。	"""<span style=""""box-shadow: inset -2px -2px 0 0 #FF6633;"""">コ</span><span style=""""box-shadow: inset 0px 2px 0 0px #FF6633;"""">ーコー</span> <span class=""""pitch_number"""">0</span>"""
1763216199337	1782850629	Doki Doki1-1 female_voice newVersion	高校生	高[こう] 校[こう] 生[せい]	こうこうせい	kōkōsē	licealista/licealistka	 彼女[かのじょ]は 高校生[こうこうせい]です。	Ona jest licealistką.					高校[こうこう]生	[sound:hypertts-4d00f5d27c526e06a40dcf4105fd6a5735f03fd3fab3228381eca38b.mp3]	[sound:hypertts-76d12fce4841399331e13f353bc3789406dabd864d2ddb5873556346.mp3]	[sound:高校生_コーコ＼ーセー_3_NHK-2016.mp3]	こうこうせい	かのじょはこうこうせいです。	"""<span style=""""box-shadow: inset -2px -2px 0 0 #FF6633;"""">コ</span><span style=""""box-shadow: inset -2px 2px 0 0px #FF6633;"""">ーコ</span><span style=""""box-shadow: inset 0px -2px 0 0px #FF6633;"""">ーセイ</span> <span class=""""pitch_number"""">3</span>"""
1763216199338	1782850629	Doki Doki1-1 male_voice newVersion	大学	大[だい] 学[がく]	だいがく	daigaku	uniwersytet	 大学[だいがく]で 日本語[にほんご]を 勉強[べんきょう]します。	Uczę się japońskiego na uniwersytecie.					大学	[sound:hypertts-4a9411686aaaf16d6ff0d3030841a3c49e9ab5c6710a721e787b7c03.mp3]	[sound:hypertts-3230cf32081c3cba49f67b5ef0121e32341eb404671709b0f40850d7.mp3]	[sound:大学_ダイカ゚ク━_0_NHK-2016.mp3]	だいがく	だいがくでにほんごをべんきょうします。	"""<span style=""""box-shadow: inset -2px -2px 0 0 #FF6633;"""">ダ</span><span style=""""box-shadow: inset 0px 2px 0 0px #FF6633;"""">イカ<span style=""""color: red;"""">°</span>ク</span> <span class=""""pitch_number"""">0</span>"""
1763216199339	1782850629	Doki Doki1-1 male_voice newVersion	大学生	大[だい] 学[がく] 生[せい]	だいがくせい	daigakusei	student/studentka (uniwersytetu)	 私[わたし]は 大学生[だいがくせい]です。	Jestem studentem/studentką.					大学生	[sound:hypertts-41b9da779c47e619c15fa9b10075710491d434e49ea802def2d63ac6.mp3]	[sound:hypertts-6b1b7e34196595e33c946e64b7d18aea9cd191e9ed923b785decddfc.mp3]	[sound:大学生_ダイカ゚＼クセー_3_NHK-2016.mp3] [sound:大学生_ダイカ゚ク＼セー_4_NHK-2016.mp3]	だいがくせい	わたしはだいがくせいです。	"""<span style=""""box-shadow: inset -2px -2px 0 0 #FF6633;"""">ダ</span><span style=""""box-shadow: inset -2px 2px 0 0px #FF6633;"""">イカ<span style=""""color: red;"""">°</span></span><span style=""""box-shadow: inset 0px -2px 0 0px #FF6633;""""><span style=""""color: royalblue;"""">ク</span>セイ</span> <span class=""""pitch_number"""">3</span>, <span style=""""box-shadow: inset -2px -2px 0 0 #FF6633;"""">ダ</span><span style=""""box-shadow: inset -2px 2px 0 0px #FF6633;"""">イカ<span style=""""color: red;"""">°</span><span style=""""color: royalblue;"""">ク</span></span><span style=""""box-shadow: inset 0px -2px 0 0px #FF6633;"""">セイ</span> <span class=""""pitch_number"""">4</span>"""
1763216199340	1791200480	Doki Doki1-1 male_voice newVersion	大学院	大[だい] 学[がく] 院[いん]	だいがくいん	daigakuin	studia magisterskie, szkoła podyplomowa	 大学院[だいがくいん]に 行[い]きたいです。	Chcę iść na studia magisterskie.			rzeczownik. Instytucja studiów po ukończeniu studiów licencjackich, obejmuje studia magisterskie i doktoranckie.		大学 院[いん]	[sound:hypertts-03e08722a18ad860f3a9256fdd2a26d4fbffb9f01b3f473fca3ad36d.mp3]	[sound:hypertts-804a75c98c296f2eaed7f489a9ff1b4cb69c583eb5926e4dd939fd39.mp3]	[sound:大学院_ダイカ゚ク＼イン_4_NHK-2016.mp3]	だいがくいん	だいがくいんにいきたいです。	"""<span style=""""box-shadow: inset -2px -2px 0 0 #FF6633;"""">ダ</span><span style=""""box-shadow: inset -2px 2px 0 0px #FF6633;"""">イカ<span style=""""color: red;"""">°</span>ク</span><span style=""""box-shadow: inset 0px -2px 0 0px #FF6633;"""">イン</span> <span class=""""pitch_number"""">4</span>"""
1763216199341	1782850629	Doki Doki1-1 male_voice newVersion	大学院生	大[だい] 学[がく] 院[いん] 生[せい]	だいがくいんせい	daigakuinsē	student/ka studiów magisterskich	 彼[かれ]は 大学院生[だいがくいんせい]です。	On jest studentem studiów magisterskich.					大学 院[いん]生	[sound:hypertts-6d5cac8ca5fcba632df7eb613eb241dac7fdd056fed4d939532529e4.mp3]	[sound:hypertts-3940beb6cd009b4777cb89a21804736dd9d0af1dcadf6b665332fcd7.mp3]	[sound:大学院生_ダイカ゚クイ＼ンセー_5_NHK-2016.mp3]	だいがくいんせい	かれはだいがくいんせいです。	"""<span style=""""box-shadow: inset -2px -2px 0 0 #FF6633;"""">ダ</span><span style=""""box-shadow: inset -2px 2px 0 0px #FF6633;"""">イガクイ</span><span style=""""box-shadow: inset 0px -2px 0 0px #FF6633;"""">ンセイ</span> <span class=""""pitch_number"""">5</span>"""
1763216199342	1782850629	Doki Doki1-1 female_voice newVersion	仕事	仕[し] 事[ごと]	しごと	shigoto	praca	 仕事[しごと]は 何[なん]ですか。	Jaka jest twoja praca?						[sound:hypertts-1efe686db64165f217c32cfc7530848d461aebe8927aca340992ee87.mp3]	[sound:hypertts-58721189c6c662eb68812dab73956932db787c6b9af76e56de3fbfd9.mp3]	[sound:仕事_シコ゚ト━_0_NHK-2016.mp3]	しごと	しごとはなんですか。	"""<span style=""""box-shadow: inset -2px -2px 0 0 #FF6633;"""">シ</span><span style=""""box-shadow: inset 0px 2px 0 0px #FF6633;"""">コ<span style=""""color: red;"""">°</span>ト</span> <span class=""""pitch_number"""">0</span>"""
1763216199343	1791356850	Doki Doki1-1 female_voice newVersion	医者	医[い] 者[しゃ]	いしゃ	isha	lekarz	 父[ちち]は 医者[いしゃ]です。	Mój ojciec jest lekarzem.						[sound:hypertts-63bf2917b376c20dea76b20d41400336a53e658487fdb1e8e791cdbe.mp3]	[sound:hypertts-7ecea84362a8c00c44a00a8a0cd5ea6703c680d7f46b147aa58015c2.mp3]	[sound:医者_イシャ━_0_NHK-2016.mp3]	いしゃ	ちちはいしゃです。	"""<span style=""""box-shadow: inset -2px -2px 0 0 #FF6633;"""">イ</span><span style=""""box-shadow: inset 0px 2px 0 0px #FF6633;"""">シャ</span> <span class=""""pitch_number"""">0</span>"""
1763216199344	1782850629	Doki Doki1-1 female_voice newVersion	会社員	会[かい] 社[しゃ] 員[いん]	かいしゃいん	kaishain	pracownik/pracownica firmy	 私[わたし]は 会社員[かいしゃいん]です。	Jestem pracownikiem/pracownicą firmy.						[sound:hypertts-c91c41768897ef863249e83bee0d05e811bf4360c8ec65c4336f5ffd.mp3]	[sound:hypertts-8b1bcfbe227890a88e46a7f853f7bb271586827d0d8cf3d0cb403dbc.mp3]	[sound:会社員_カイシャ＼イン_3_NHK-2016.mp3]	かいしゃいん	わたしはかいしゃいんです。	"""<span style=""""box-shadow: inset -2px -2px 0 0 #FF6633;"""">カ</span><span style=""""box-shadow: inset -2px 2px 0 0px #FF6633;"""">イシャ</span><span style=""""box-shadow: inset 0px -2px 0 0px #FF6633;"""">イン</span> <span class=""""pitch_number"""">3</span>"""
1763216199345	1782850629	Doki Doki1-1 female_voice newVersion	学生	学[がく] 生[せい]	がくせい	gakusē	student (uczeń)	 私[わたし]は 学生[がくせい]です。	Jestem uczniem/studentem.					学生	[sound:hypertts-1b64e83ed6cd2a7bc1a224b38970c9fc49d8b6eba3b80616ce8b539d.mp3]	[sound:hypertts-872ecae8dd7c43426f9e73a5351ba39b649c46e48f208962cc888dfe.mp3]	[sound:学生_ガクセー━_0_NHK-2016.mp3]	がくせい	わたしはがくせいです。	"""<span style=""""box-shadow: inset -2px -2px 0 0 #FF6633;"""">ガ</span><span style=""""box-shadow: inset 0px 2px 0 0px #FF6633;""""><span style=""""color: royalblue;"""">ク</span>セイ</span> <span class=""""pitch_number"""">0</span>"""
1763216199346	1782850629	Doki Doki1-1 male_voice newVersion	先生	先[せん] 生[せい]	せんせい	sensei	nauczyciel	 田中[たなか] 先生[せんせい]は 親切[しんせつ]です。	Nauczyciel Tanaka jest miły.					先生	[sound:hypertts-fa27679e80d94bd91826d1ac0c648f40c337a16acaf740e8c34bc84d.mp3]	[sound:hypertts-9543698742d2021ec8dc79ac67b8106a334e56eb0fb2d967b481b9a7.mp3]	[sound:先生_センセ＼ー_3_NHK-2016.mp3]	せんせい	たなかせんせいはしんせつです。	"""<span style=""""box-shadow: inset -2px -2px 0 0 #FF6633;"""">セ</span><span style=""""box-shadow: inset -2px 2px 0 0px #FF6633;"""">ンセ</span><span style=""""box-shadow: inset 0px -2px 0 0px #FF6633;"""">イ</span> <span class=""""pitch_number"""">3</span>"""
1763216199347	1782850629	Doki Doki1-1 female_voice newVersion	警察官	警[けい] 察[さつ] 官[かん]	けいさつかん	keisatsukan	policjant	 警察官[けいさつかん]が 道[みち]を 教[おし]えます。	Policjant pokazuje drogę.						[sound:hypertts-d2b715404f36b4b9513c2e1e653b50ff6ee94a9132d514b4eb4667d5.mp3]	[sound:hypertts-de8fb8008c74d0882481976c2a81f7a4f10f8b29b08a3efb2d548184.mp3]	[sound:警察官_ケーサ＼ツカン_3_NHK-2016.mp3] [sound:警察官_ケーサツ＼カン_4_NHK-2016.mp3]	けいさつかん	けいさつかんがみちをおしえます。	"""<span style=""""box-shadow: inset -2px -2px 0 0 #FF6633;"""">ケ</span><span style=""""box-shadow: inset -2px 2px 0 0px #FF6633;"""">イサ</span><span style=""""box-shadow: inset 0px -2px 0 0px #FF6633;""""><span style=""""color: royalblue;"""">ツ</span>カン</span> <span class=""""pitch_number"""">3</span>, <span style=""""box-shadow: inset -2px -2px 0 0 #FF6633;"""">ケ</span><span style=""""box-shadow: inset -2px 2px 0 0px #FF6633;"""">イサ<span style=""""color: royalblue;"""">ツ</span></span><span style=""""box-shadow: inset 0px -2px 0 0px #FF6633;"""">カン</span> <span class=""""pitch_number"""">4</span>"""
1763216199348	1782850629	Doki Doki1-1 female_voice newVersion	主婦	主[しゅ] 婦[ふ]	しゅふ	shufu	gospodyni domowa	 母[はは]は 主婦[しゅふ]です。	Moja mama jest gospodynią domową.						[sound:hypertts-7720edce54b4b6ef947da568b65ae81cdd0f3817b29e15a9b9798c8f.mp3]	[sound:hypertts-2164a1ab0187cc832a45f5d1309eb82c6c646f063e91917e6577f304.mp3]	[sound:主婦_シュ＼フ_1_NHK-2016.mp3]	しゅふ	はははしゅふです。	"""<span style=""""box-shadow: inset -2px 2px 0 0px #FF6633;"""">シュ</span><span style=""""box-shadow: inset 0px -2px 0 0px #FF6633;"""">フ</span> <span class=""""pitch_number"""">1</span>"""
1763216199349	1782850629	Doki Doki1-1 female_voice newVersion	事務員	事[じ] 務[む] 員[いん]	じむいん	jimuin	pracownik biurowy	 彼女[かのじょ]は 事務員[じむいん]です。	Ona jest pracownicą biurową.						[sound:hypertts-3c1993847e0ff5e32404ad3deb169f07bf3d66f7968c1ec24745e055.mp3]	[sound:hypertts-bf574e54fea38d0af6a681ae271ed1a15135853556b46d5f7c6cad19.mp3]	[sound:事務員_ジム＼イン_2_NHK-2016.mp3]	じむいん	かのじょはじむいんです。	"""<span style=""""box-shadow: inset -2px -2px 0 0 #FF6633;"""">ジ</span><span style=""""box-shadow: inset -2px 2px 0 0px #FF6633;"""">ム</span><span style=""""box-shadow: inset 0px -2px 0 0px #FF6633;"""">イン</span> <span class=""""pitch_number"""">2</span>"""
1763216199350	1782850629	Doki Doki1-1 female_voice newVersion	公務員	公[こう] 務[む] 員[いん]	こうむいん	kōmuin	urzędnik	 彼[かれ]は 公務員[こうむいん]です。	On jest urzędnikiem.						[sound:hypertts-4867005a981fddc42cf85267858a163a923648c45f97f4d3db325864.mp3]	[sound:hypertts-f5ec96f2befbc0e7b336454d199165c7d3c979210a295f921a4e206f.mp3]	[sound:公務員_コーム＼イン_3_NHK-2016.mp3]	こうむいん	かれはこうむいんです。	"""<span style=""""box-shadow: inset -2px -2px 0 0 #FF6633;"""">コ</span><span style=""""box-shadow: inset -2px 2px 0 0px #FF6633;"""">ーム</span><span style=""""box-shadow: inset 0px -2px 0 0px #FF6633;"""">イン</span> <span class=""""pitch_number"""">3</span>"""
1763216199351	1775147485	Doki Doki1-1 male_voice newVersion	プログラマー	プログラマー	プログラマー	puroguramā	programista	 私[わたし]はプログラマーです。	Jestem programistą.						[sound:hypertts-3d15e0a9645f159d01e6a0262d9f8179e56227bb72d2c59d01617380.mp3]	[sound:hypertts-aae457a63dd01e67ec5d30e9fc1972c23a4eee4bbe81fd0b58657c99.mp3]	[sound:プログラマー_プログ＼ラマー_3_NHK-2016.mp3] [sound:プログラマー_プログラ＼マー_4_NHK-2016.mp3]	プログラマー	わたしはプログラマーです。	"""<span style=""""box-shadow: inset -2px -2px 0 0 #FF6633;"""">プ</span><span style=""""box-shadow: inset -2px 2px 0 0px #FF6633;"""">ログ</span><span style=""""box-shadow: inset 0px -2px 0 0px #FF6633;"""">ラマー</span> <span class=""""pitch_number"""">3</span>, <span style=""""box-shadow: inset -2px -2px 0 0 #FF6633;"""">プ</span><span style=""""box-shadow: inset -2px 2px 0 0px #FF6633;"""">ログラ</span><span style=""""box-shadow: inset 0px -2px 0 0px #FF6633;"""">マー</span> <span class=""""pitch_number"""">4</span>"""
1763216199352	1775147485	Doki Doki1-1 male_voice newVersion	デザイナー	デザイナー	デザイナー	dezainā	grafik	 彼女[かのじょ]はデザイナーです。	Ona jest graficzką.						[sound:hypertts-5d495a01338d389dd7198961ab51371458ba35061e284e287cb3de90.mp3]	[sound:hypertts-bda238c95fc8ccb1426a37d70e8168c2432c4434992fb7a6abec34e6.mp3]	[sound:デザイナー_デザイナー━_0_NHK-2016.mp3] [sound:デザイナー_デザ＼イナー_2_NHK-2016.mp3]	デザイナー	かのじょはデザイナーです。	"""<span style=""""box-shadow: inset -2px -2px 0 0 #FF6633;"""">デ</span><span style=""""box-shadow: inset 0px 2px 0 0px #FF6633;"""">ザイナー</span> <span class=""""pitch_number"""">0</span>, <span style=""""box-shadow: inset -2px -2px 0 0 #FF6633;"""">デ</span><span style=""""box-shadow: inset -2px 2px 0 0px #FF6633;"""">ザ</span><span style=""""box-shadow: inset 0px -2px 0 0px #FF6633;"""">イナー</span> <span class=""""pitch_number"""">2</span>"""
1763216199353	1782850629	Doki Doki1-1 Doki1-3 male_voice newVersion	弁護士	弁[べん] 護[ご] 士[し]	べんごし	bengoshi	adwokat, mecenas, obrońca	いい 弁護士[べんごし]を 探[さが]しています	Szukam dobrego adwokata			Konkretny zawód (licencjonowany), reprezentuje klienta w sądzie.	いい弁護士を探しています		[sound:hypertts-8efc6a3e799b7fad6e424870f03a8c0693c9fa768411ccb7e58ad6d8.mp3]	[sound:hypertts-a0f39804198b0bf618ff5408ae1196ce6fe4aee8341b7464541eea6b.mp3]	[sound:弁護士_ベンコ゚＼シ_3_NHK-2016.mp3]	<ruby>弁護士<rt>べんごし</rt></ruby>	いい<ruby>弁護士<rt>べんごし</rt></ruby>を<ruby>探<rt>さが</rt></ruby>しています	"""<span style=""""box-shadow: inset -2px -2px 0 0 #FF6633;"""">ベ</span><span style=""""box-shadow: inset -2px 2px 0 0px #FF6633;"""">ンコ<span style=""""color: red;"""">°</span></span><span style=""""box-shadow: inset 0px -2px 0 0px #FF6633;"""">シ</span> <span class=""""pitch_number"""">3</span>"""
1763216199354	1782850629	Doki Doki1-1 male_voice newVersion	専攻	専[せん] 攻[こう]	せんこう	senkō	specjalizacja	 専攻[せんこう]は 何[なん]ですか。	Jaka jest twoja specjalizacja?						[sound:hypertts-7cffbbc5eacda5d795ff2500082a154c5351ea8cd636a95e16391616.mp3]	[sound:hypertts-e6d75be8978845f83639448048e09624cc047a01802982e3db3da2ca.mp3]	[sound:専攻_センコー━_0_NHK-2016.mp3]	せんこう	せんこうはなんですか。	"""<span style=""""box-shadow: inset -2px -2px 0 0 #FF6633;"""">セ</span><span style=""""box-shadow: inset 0px 2px 0 0px #FF6633;"""">ンコー</span> <span class=""""pitch_number"""">0</span>"""
1763216199355	1782850629	Doki Doki1-1 female_voice newVersion	英語	英[えい] 語[ご]	えいご	ēgo	j. angielski	 英語[えいご]を 話[はな]しますか。	Czy mówisz po angielsku?						[sound:hypertts-5513841cb6d21b979e6165541c33be35375529400ff41e9e3a8ab387.mp3]	[sound:hypertts-f6ee64760a1a9faa4bdc1f3d72ecca5a66ce477b7ff53788951679f3.mp3]	[sound:英語_エーコ゚━_0_NHK-2016.mp3]	えいご	えいごをはなしますか。	"""<span style=""""box-shadow: inset -2px -2px 0 0 #FF6633;"""">エ</span><span style=""""box-shadow: inset 0px 2px 0 0px #FF6633;"""">イコ<span style=""""color: red;"""">°</span></span> <span class=""""pitch_number"""">0</span>"""
1763216199356	1782850629	Doki Doki1-1 female_voice leech newVersion	教育	教[きょう] 育[いく]	きょういく	kyōiku	pedagogika	 教育[きょういく]は 大切[たいせつ]です。	Edukacja jest ważna.						[sound:hypertts-b2fe26a810f6d9730d4e2d960a69e87c78e7f5da3cfce041901ba66b.mp3]	[sound:hypertts-5b00f1ff2e5df03fbe9c1d316f4a37b607ba54477da30a66b572a458.mp3]	[sound:教育_キョーイク━_0_NHK-2016.mp3]	きょういく	きょういくはたいせつです。	"""<span style=""""box-shadow: inset -2px -2px 0 0 #FF6633;"""">キョ</span><span style=""""box-shadow: inset 0px 2px 0 0px #FF6633;"""">ーイク</span> <span class=""""pitch_number"""">0</span>"""
1763216199357	1786546748	Doki Doki1-1 female_voice leech newVersion	経済	経[けい] 済[ざい]	けいざい	kēzai	ekonomia, gospodarka	 経済[けいざい]を 勉強[べんきょう]します。	Uczę się ekonomii.			rzeczownik. Używane w kontekście finansów, gospodarki państwa i studiów ekonomicznych.			[sound:hypertts-69b2689f3b8c9ca6e11f6af3c500fc00501b1cbb1532e5505347805e.mp3]	[sound:hypertts-d64ca18dd9a9e80cca2be0dc16f9efac8af056dcedfe4538a9960522.mp3]	[sound:経済_ケ＼ーザイ_1_NHK-2016.mp3]	けいざい	けいざいをべんきょうします。	"""<span style=""""box-shadow: inset -2px 2px 0 0px #FF6633;"""">ケ</span><span style=""""box-shadow: inset 0px -2px 0 0px #FF6633;"""">イザイ</span> <span class=""""pitch_number"""">1</span>"""
1763216199358	1775147485	Doki Doki1-1 Doki1-4 female_voice newVersion	コンピューター	コンピューター	コンピューター	konpyuutaa	komputer, komputery (dziedzina)	コンピューターで 日本語[にほんご]を 勉強[べんきょう]します。	Uczę się japońskiego na komputerze.			zapożyczenie	コンピューターで日本語を勉強します。		[sound:hypertts-53e3b5357daee52b3611e9da041dc197be0b3ceae46fcbfc9bf80a90.mp3]	[sound:hypertts-d1338ff64649de760a01015707af0d5fbfba1df8da76a61ac7093afc.mp3]	[sound:コンピューター_コンピュ＼ーター_3_NHK-2016.mp3]	コンピューター	コンピューターで<ruby>日本語<rt>にほんご</rt></ruby>を<ruby>勉強<rt>べんきょう</rt></ruby>します。	"""<span style=""""box-shadow: inset -2px -2px 0 0 #FF6633;"""">コ</span><span style=""""box-shadow: inset -2px 2px 0 0px #FF6633;"""">ンピュ</span><span style=""""box-shadow: inset 0px -2px 0 0px #FF6633;"""">ーター</span> <span class=""""pitch_number"""">3</span>"""
1763216199359	1782850629	Doki Doki1-1 male_voice newVersion	政治	政[せい] 治[じ]	せいじ	sēji	polityka	 政治[せいじ]に 興味[きょうみ]があります。	Interesuję się polityką.						[sound:hypertts-b567e489cb9efc4ea8ab0e23184c0b78135194e4d919dc89f16f3e37.mp3]	[sound:hypertts-e0b3145327eddf69914ef9f703ce113c129857d691070347e2fd9f20.mp3]	[sound:政治_セージ━_0_NHK-2016.mp3]	せいじ	せいじにきょうみがあります。	"""<span style=""""box-shadow: inset -2px -2px 0 0 #FF6633;"""">セ</span><span style=""""box-shadow: inset 0px 2px 0 0px #FF6633;"""">イジ</span> <span class=""""pitch_number"""">0</span>"""
1763216199360	1782850629	Doki Doki1-1 male_voice newVersion	美術	美[び] 術[じゅつ]	びじゅつ	bijutsu	sztuka	 美術[びじゅつ]のクラスが 好[す]きです。	Lubię zajęcia ze sztuki.						[sound:hypertts-d436cd046988df57a7da748c4d080db9c4e67ccb7268c855f40c8558.mp3]	[sound:hypertts-67177e3adcf673c9f4fff37eb183355f76f72812d930ef008611739c.mp3]	[sound:美術_ビ＼ジュツ_1_NHK-2016.mp3]	びじゅつ	びじゅつのクラスがすきです。	"""<span style=""""box-shadow: inset -2px 2px 0 0px #FF6633;"""">ビ</span><span style=""""box-shadow: inset 0px -2px 0 0px #FF6633;"""">ジュツ</span> <span class=""""pitch_number"""">1</span>"""
1763216199361	1782850629	Doki Doki1-1 male_voice newVersion	文学	文[ぶん] 学[がく]	ぶんがく	bungaku	literatura	 日本[にほん]の 文学[ぶんがく]を 読[よ]みます。	Czytam japońską literaturę.					文[ぶん]学	[sound:hypertts-3f50d5d82e9a91b7cda33fee0524dfbc528662ccac72e3f249fb1f0a.mp3]	[sound:hypertts-daf5c9ab820d1a773b2c982af2f9931b4026b5b1aa45a68e24d1b68c.mp3]	[sound:文学_ブ＼ンカ゚ク_1_NHK-2016.mp3]	ぶんがく	にほんのぶんがくをよみます。	"""<span style=""""box-shadow: inset -2px 2px 0 0px #FF6633;"""">ブ</span><span style=""""box-shadow: inset 0px -2px 0 0px #FF6633;"""">ンカ<span style=""""color: red;"""">&#176;</span>ク</span> <span class=""""pitch_number"""">1</span>"""
1763216199362	1782850629	Doki Doki1-1 male_voice newVersion	歴史	歴[れき] 史[し]	れきし	rekishi	historia	 歴史[れきし]のテストは 難[むずか]しいです。	Test z historii jest trudny.						[sound:hypertts-c9b6e4e6cdbd51bc6b0d4787e1c24340f8aa7b30c03c585d2bd52993.mp3]	[sound:hypertts-4596b91e25535fba9d665e68d3450ea45a2743d1edf327b7cceff306.mp3]	[sound:歴史_レキシ━_0_NHK-2016.mp3]	れきし	れきしのテストはむずかしいです。	"""<span style=""""box-shadow: inset -2px -2px 0 0 #FF6633;"""">レ</span><span style=""""box-shadow: inset 0px 2px 0 0px #FF6633;""""><span style=""""color: royalblue;"""">キ</span>シ</span> <span class=""""pitch_number"""">0</span>"""
1763216199363	1781033339	Doki Doki1-1 female_voice newVersion	国	 国[くに]	くに	kuni	kraj	どの 国[くに]から 来[き]ましたか。	Z jakiego kraju przyjechałeś/przyjechałaś?					国	[sound:hypertts-508d2c20c6870dc5bc8b2a4cc69406ec8ec5d2d5381c1ad6b2ff0cf2.mp3]	[sound:hypertts-042073d3d3ca0f26b77c24e003896887801d51afc1b30c5f6b7ff117.mp3]	[sound:国_クニ━_0_NHK-2016.mp3]	くに	どのくにからきましたか。	"""<span style=""""box-shadow: inset -2px -2px 0 0 #FF6633;"""">ク</span><span style=""""box-shadow: inset 0px 2px 0 0px #FF6633;"""">ニ</span> <span class=""""pitch_number"""">0</span>"""
1763216199364	1775147485	Doki Doki1-1 male_voice newVersion	アメリカ	アメリカ	アメリカ	amerika	Stany Zjednoczone	アメリカに 行[い]きたいです。	Chcę pojechać do Ameryki.						[sound:hypertts-3f8ec20144d995501d31f791b0eebf7e44680083c25bdaae3c607794.mp3]	[sound:hypertts-ec0e3892b64cf38cd780f4e40666c621ee4c7f3769956d6369fd2097.mp3]	[sound:アメリカ_アメリカ━_0_NHK-2016.mp3]	アメリカ	アメリカにいきたいです。	"""<span style=""""box-shadow: inset -2px -2px 0 0 #FF6633;"""">ア</span><span style=""""box-shadow: inset 0px 2px 0 0px #FF6633;"""">メリカ</span> <span class=""""pitch_number"""">0</span>"""
1763216199365	1775147485	Doki Doki1-1 male_voice newVersion	イギリス	イギリス	イギリス	igirisu	Wielka Brytania	イギリスの 天気[てんき]はよく 曇[くも]ります。	Pogoda w Wielkiej Brytanii jest często pochmurna.						[sound:hypertts-45f6eb3ff5db3e1a392044c9ab95d3b2cb8b6ff606b15e20418af34d.mp3]	[sound:hypertts-af0022156e92beb4b44c4ba560dffc3e1c8666e593cf3b68b0567d63.mp3]	[sound:イギリス_イキ゚リス━_0_NHK-2016.mp3]	イギリス	イギリスのてんきはよくくもります。	"""<span style=""""box-shadow: inset -2px -2px 0 0 #FF6633;"""">イ</span><span style=""""box-shadow: inset 0px 2px 0 0px #FF6633;"""">ギリス</span> <span class=""""pitch_number"""">0</span>"""
1763216199366	1782850629	Doki Doki1-1 female_voice newVersion	韓国	韓[かん] 国[こく]	かんこく	kankoku	Korea Południowa	 韓国[かんこく]の 学生[がくせい]です。	Jestem studentem/studentką z Korei.					韓[かん]国	[sound:hypertts-917e3b53dde2085cf72e8ca0f3c7fdc73aa9ea11aaf14f5474255c2f.mp3]	[sound:hypertts-46b466fcaa7d1b7902220c89fcc6bc8b706bbadaed51be01c11d66f1.mp3]	[sound:韓国_カ＼ンコク_1_NHK-2016.mp3]	かんこく	かんこくのがくせいです。	"""<span style=""""box-shadow: inset -2px -2px 0 0 #FF6633;"""">カ</span><span style=""""box-shadow: inset 0px 2px 0 0px #FF6633;"""">ンコク</span> <span class=""""pitch_number"""">0</span>, <span style=""""box-shadow: inset -2px 2px 0 0px #FF6633;"""">カ</span><span style=""""box-shadow: inset 0px -2px 0 0px #FF6633;"""">ンコク</span> <span class=""""pitch_number"""">1</span>"""
1763216199367	1782850629	Doki Doki1-1 leech male_voice newVersion	中国	中[ちゅう] 国[ごく]	ちゅうごく	chūgoku	Chiny	 中国[ちゅうごく]の 学生[がくせい]です。	Jestem studentem/studentką z Chin.					中国	[sound:hypertts-eee7f7d9680754177c32844acd917c090b5c1840c61395d23ad24657.mp3]	[sound:hypertts-9f8814173517cbaac2ae3b8decde4041b4f7cabb5dba60264f7c1e7a.mp3]	[sound:中国_チュ＼ーコ゚ク_1_NHK-2016.mp3]	ちゅうごく	ちゅうごくのがくせいです。	"""<span style=""""box-shadow: inset -2px -2px 0 0 #FF6633;"""">チュ</span><span style=""""box-shadow: inset 0px 2px 0 0px #FF6633;"""">ウゴク</span> <span class=""""pitch_number"""">0</span>, <span style=""""box-shadow: inset -2px 2px 0 0px #FF6633;"""">チュ</span><span style=""""box-shadow: inset 0px -2px 0 0px #FF6633;"""">ウゴク</span> <span class=""""pitch_number"""">1</span>"""
1763216199368	1775147485	Doki Doki1-1 male_voice newVersion	ドイツ	ドイツ	ドイツ	doitsu	Niemcy	ドイツの 大学生[だいがくせい]です。	Jestem studentem/studentką z Niemiec.						[sound:hypertts-876a87daa4bc8d9098fd7f964e01a4b5d783832e58782ae047c34976.mp3]	[sound:hypertts-ec72efe3f9617138c0f865ad8746395185045b27317bc95f059ac691.mp3]	[sound:ドイツ_ド＼イツ_1_NHK-2016.mp3]	ドイツ	ドイツのだいがくせいです。	"""<span style=""""box-shadow: inset -2px 2px 0 0px #FF6633;"""">ド</span><span style=""""box-shadow: inset 0px -2px 0 0px #FF6633;"""">イツ</span> <span class=""""pitch_number"""">1</span>"""
1763216199369	1782850629	Doki Doki1-1 male_voice newVersion	日本	日[に] 本[ほん]	にほん	nihon	Japonia	 日本[にほん]の 大学[だいがく]で 勉強[べんきょう]します。	Uczę się na uniwersytecie w Japonii.					日本	[sound:hypertts-9f75e7f42b58781ed80cd0ba3c61501e4507e34ba6ad8abf6b02977b.mp3]	[sound:hypertts-831b7986cae9ec617d12d27b32b612a33fc7eade19d4015e549eba96.mp3]	[sound:日本_ニホ＼ン_2_NHK-2016.mp3]	にほん	にほんのだいがくでべんきょうします。	"""<span style=""""box-shadow: inset -2px -2px 0 0 #FF6633;"""">ニ</span><span style=""""box-shadow: inset -2px 2px 0 0px #FF6633;"""">ホ</span><span style=""""box-shadow: inset 0px -2px 0 0px #FF6633;"""">ン</span> <span class=""""pitch_number"""">2</span>"""
1763216199370	1775147485	Doki Doki1-1 male_voice newVersion	フランス	フランス	フランス	furansu	Francja	フランスの 英語[えいご]の 先生[せんせい]です。	Jestem nauczycielem/nauczycielką angielskiego we Francji.						[sound:hypertts-bdf5009d9c8d6b73a36b06a5813a6f7eddbb07ead5283f82bf692751.mp3]	[sound:hypertts-d1f4e678d30a4f4bea32696be67d173f1770d044eec12e3aed2b71be.mp3]	[sound:フランス_フランス━_0_NHK-2016.mp3]	フランス	フランスのえいごのせんせいです。	"""<span style=""""box-shadow: inset -2px -2px 0 0 #FF6633;"""">フ</span><span style=""""box-shadow: inset 0px 2px 0 0px #FF6633;"""">ランス</span> <span class=""""pitch_number"""">0</span>"""
1763216199371	1775147485	Doki Doki1-1 male_voice newVersion	ポーランド	ポーランド	ポーランド	pōrando	Polska	ポーランドの 大学[だいがく]にいます。	Jestem na uniwersytecie w Polsce.						[sound:hypertts-805e2e15cd116e1e49c9ca40979b8d65547b41cb01bfced3223d9e50.mp3]	[sound:hypertts-4c17f7c06d32866528df43434350b31615fff8c7753a5bbb0cfb1154.mp3]	[sound:ポーランド_ポ＼ーランド_1_NHK-2016.mp3]	ポーランド	ポーランドのだいがくにいます。	"""<span style=""""box-shadow: inset -2px 2px 0 0px #FF6633;"""">ポ</span><span style=""""box-shadow: inset 0px -2px 0 0px #FF6633;"""">ーランド</span> <span class=""""pitch_number"""">1</span>, <span style=""""box-shadow: inset -2px -2px 0 0 #FF6633;"""">ポ</span><span style=""""box-shadow: inset -2px 2px 0 0px #FF6633;"""">ーラ</span><span style=""""box-shadow: inset 0px -2px 0 0px #FF6633;"""">ンド</span> <span class=""""pitch_number"""">3</span>"""
1763216199372	1775147485	Doki Doki1-1 male_voice newVersion	ロシア	ロシア	ロシア	roshia	Rosja	ロシアの 学校[がっこう]で 日本語[にほんご]を 勉強[べんきょう]します。	Uczę się japońskiego w szkole w Rosji.						[sound:hypertts-6e425366a4c7ba377b7b2c7f3d04c8c1d56f2554837ff123b11b9ceb.mp3]	[sound:hypertts-7c01ab6d0ab9fc201377cce7535e812a48d824dd00b87aba615f0587.mp3]	[sound:ロシア_ロ＼シア_1_NHK-2016.mp3]	ロシア	ロシアのがっこうでにほんごをべんきょうします。	"""<span style=""""box-shadow: inset -2px 2px 0 0px #FF6633;"""">ロ</span><span style=""""box-shadow: inset 0px -2px 0 0px #FF6633;"""">シア</span> <span class=""""pitch_number"""">1</span>"""
1763216199373	1775147485	Doki Doki1-1 male_voice newVersion	イタリア	イタリア	イタリア	itaria	Włochy	イタリアのレストランで 食[た]べます。	Jem w restauracji we Włoszech.						[sound:hypertts-52ae48f0aa3256bd757546808d50f1c60d6dc72170630fce50ba99c2.mp3]	[sound:hypertts-bef893f6fc4ed239133c4348fe3e7b616ee6b601d1fe893ae5a1bac7.mp3]	[sound:イタリア_イタリア━_0_NHK-2016.mp3]	イタリア	イタリアのレストランでたべます。	"""<span style=""""box-shadow: inset -2px -2px 0 0 #FF6633;"""">イ</span><span style=""""box-shadow: inset 0px 2px 0 0px #FF6633;"""">タリア</span> <span class=""""pitch_number"""">0</span>"""
1763216199374	1776880488	Doki Doki1-1 female_voice newVersion	今	 今[いま]	いま	ima	teraz	 今[いま] 何時[なんじ]ですか。	Która jest teraz godzina?					今	[sound:hypertts-7158933162a8ea9410ff2ab84566656732f6bcec95a1d17422cbefc7.mp3]	[sound:hypertts-cc9ce80d89f7592c78430ba023c90fa4764f18f117cdd9781ae6c72e.mp3]	[sound:今_イ＼マ_1_NHK-2016.mp3]	いま	いまなんじですか。	"""<span style=""""box-shadow: inset -2px 2px 0 0px #FF6633;"""">イ</span><span style=""""box-shadow: inset 0px -2px 0 0px #FF6633;"""">マ</span> <span class=""""pitch_number"""">1</span>"""
1763216199375	1782850629	Doki Doki1-1 female_voice newVersion	午後	午[ご] 後[ご]	ごご	gogo	po południu	 午後[ごご] 三時[さんじ]に 大学[だいがく]へ 行[い]きます。	O trzeciej po południu idę na uniwersytet.						[sound:hypertts-2aced9036bc9c8070424899870d567e7e736c0d48a81e7c34b29309e.mp3]	[sound:hypertts-d9ffd075392b8f50f1216c692bad34c8d3bda8b6ee4427b7a788eb0c.mp3]	[sound:午後_ゴ＼コ゚_1_NHK-2016.mp3] [sound:午後_ゴ＼コ゚オ_1_NHK-2016.mp3]	ごご	ごごさんじにだいがくへいきます。	"""<span style=""""box-shadow: inset -2px 2px 0 0px #FF6633;"""">ゴ</span><span style=""""box-shadow: inset 0px -2px 0 0px #FF6633;"""">コ<span style=""""color: red;"""">°</span></span> <span class=""""pitch_number"""">1</span>"""
1763216199376	1782850629	Doki Doki1-1 female_voice newVersion	午前	午[ご] 前[ぜん]	ごぜん	gozen	przed południem	 午前[ごぜん] 十時[じゅうじ]に 学校[がっこう]に 行[い]きます。	O dziesiątej rano idę do szkoły.						[sound:hypertts-dcc7c3f41711513cc6d2d4d022a8cb925e18292c52e2b95575a3c88d.mp3]	[sound:hypertts-3b2e52743dc885932d35cc226c533861c86f8ff8b0a5065d241b9a55.mp3]	[sound:午前_ゴ＼ゼン_1_NHK-2016.mp3]	ごぜん	ごぜんじゅうじにがっこうにいきます。	"""<span style=""""box-shadow: inset -2px 2px 0 0px #FF6633;"""">ゴ</span><span style=""""box-shadow: inset 0px -2px 0 0px #FF6633;"""">ゼン</span> <span class=""""pitch_number"""">1</span>"""
1763216199377	1775147485	Doki Doki1-1 male_voice newVersion	半	 半[はん]	はん	han	połowa	 今[いま] 二時半[にじはん]です。	Teraz jest wpół do trzeciej.					半	[sound:hypertts-66ba4065cd7e2561a8af3efe3d8b99cfaea87613ed8df08aa8c0cfc7.mp3]	[sound:hypertts-b6dcf6548883e16d4c80809c525d23f387cf3b46cfbe2344f28b8b95.mp3]	[sound:半_ハ＼ン_1_NHK-2016.mp3]	はん	いまにじはんです。	"""<span style=""""box-shadow: inset -2px 2px 0 0px #FF6633;"""">ハ</span><span style=""""box-shadow: inset 0px -2px 0 0px #FF6633;"""">ン</span> <span class=""""pitch_number"""">1</span>"""
1763216199378	1782850629	Doki Doki1-1 male_voice newVersion	番号	番[ばん] 号[ごう]	ばんごう	bangō	numer	 電話番号[でんわばんごう]は 何[なん]ですか。	Jaki jest twój numer telefonu?						[sound:hypertts-cbd68ee3b5149e25eb6db7182ff77e9dc951d0a2b3f226d5d043a04a.mp3]	[sound:hypertts-6b500b84e9cd51ce243c10c5cb5920caf114f81b93c654cf82307b7c.mp3]	[sound:番号_バンコ゚＼ー_3_NHK-2016.mp3]	ばんごう	でんわばんごうはなんですか。	"""<span style=""""box-shadow: inset -2px -2px 0 0 #FF6633;"""">バ</span><span style=""""box-shadow: inset -2px 2px 0 0px #FF6633;"""">ンコ<span style=""""color: red;"""">°</span></span><span style=""""box-shadow: inset 0px -2px 0 0px #FF6633;"""">ー</span> <span class=""""pitch_number"""">3</span>"""
1763216199379	1782850629	Doki Doki1-1 male_voice newVersion	名前	名[な] 前[まえ]	なまえ	namae	imię	お 名前[なまえ]は 何[なん]ですか。	Jak masz na imię?						[sound:hypertts-a47f2864735bf99852c7502a5eb1f5f905b3405ff13da567b01a9bfb.mp3]	[sound:hypertts-acd7c19cbf4822e414c8d0deafb5504cfd4d94265237a751954e5e3a.mp3]	[sound:名前_ナマエ━_0_NHK-2016.mp3]	なまえ	おなまえはなんですか。	"""<span style=""""box-shadow: inset -2px -2px 0 0 #FF6633;"""">ナ</span><span style=""""box-shadow: inset 0px 2px 0 0px #FF6633;"""">マエ</span> <span class=""""pitch_number"""">0</span>"""
1763216199380	1775147485	Doki Doki1-1 male_voice newVersion	何	 何[なに]	なに	nan/nani	co	これは 何[なん]ですか。	Co to jest?						[sound:hypertts-0d38345effb0e3fbb71d2000610e4a4bf5696eccb44f4a611158a480.mp3]	[sound:hypertts-fdde27a11e93618f8ea4a2224184794542e1a98d0f4a3a11ea7a08cc.mp3]	[sound:何_ナニ━_0_NHK-2016.mp3] [sound:何_ナ＼ニ_1_NHK-2016.mp3]	なに	これはなんですか。	"""<span style=""""box-shadow: inset -2px -2px 0 0 #FF6633;"""">ナ</span><span style=""""box-shadow: inset 0px 2px 0 0px #FF6633;"""">ニ</span> <span class=""""pitch_number"""">0</span>, <span style=""""box-shadow: inset -2px 2px 0 0px #FF6633;"""">ナ</span><span style=""""box-shadow: inset 0px -2px 0 0px #FF6633;"""">ニ</span> <span class=""""pitch_number"""">1</span>"""
1763216199381	1778853575	Doki Doki1-1 female_voice newVersion	語	 語[ご]	ご	...go	język...	 日本語[にほんご]は 面白[おもしろ]いです。	Język japoński jest ciekawy.						[sound:hypertts-d7c7830119dbd5e29d0b16a06ff448376565b3d2940818b3214da65e.mp3]	[sound:hypertts-a414bf7a8969536f8f7b7e2dbe04184034fb88a8c56473c474180477.mp3]		…ご	にほんごはおもしろいです。	
1763216199383	1791198877	Doki Doki1-1 female_voice newVersion	さん	さん	さん	...san	pan/pani	 田中[たなか]さんは 学生[がくせい]です。	Pan/Pani Tanaka jest studentem/studentką.						[sound:hypertts-0624ebc1681205832891ee52a45c7b17e4c16626fd4c1aa62f020927.mp3]	[sound:hypertts-9db6c5ca52b78312dfa4cb579ad05c69f8ba214dd566db1ac696fe00.mp3]	[sound:さん_サン━_0_NHK-2016.mp3] [sound:サン_サン━_0_NHK-2016.mp3] [sound:さん_サ＼ン_1_NHK-2016.mp3]	さん	たなかさんはがくせいです。	"""<span style=""""box-shadow: inset -2px -2px 0 0 #FF6633;"""">サ</span><span style=""""box-shadow: inset 0px 2px 0 0px #FF6633;"""">ン</span> <span class=""""pitch_number"""">0</span>, <span style=""""box-shadow: inset -2px 2px 0 0px #FF6633;"""">サ</span><span style=""""box-shadow: inset 0px -2px 0 0px #FF6633;"""">ン</span> <span class=""""pitch_number"""">1</span>"""
1763216199384	1775147485	Doki Doki1-1 female_voice newVersion	~時	 時[じ]	じ	...ji	...godzina	 今[いま] 九時[くじ]です。	Teraz jest dziewiąta.					 時	[sound:hypertts-8e2f2478c0be1dc4fdc9fa162eb4a3767a0207367d6eb12144de664b.mp3]	[sound:hypertts-051046a92e10f667b9b2268310db9218cc5e58f99033a87989b5ccd7.mp3]		じ	いまくじです。	"""<span style=""""box-shadow: inset -2px 2px 0 0px #FF6633;"""">ジ</span> <span class=""""pitch_number"""">1</span>"""
1763216199385	1784368624	Doki Doki1-1 female_voice newVersion	~人	~ 人[じん]	じん	...jin	(narodowość)	 私[わたし]はポーランド 人[じん]です。	Jestem Polakiem/Polką.					〜人	[sound:hypertts-c9296145ea902f9a3f8772b4e9fd5ba1db5b1e7ddb5e0512f46f296b.mp3]	[sound:hypertts-54c5c4e7663a22ccb683cf9ea337476556863de211c0fcd3fb5ced03.mp3]		じん	わたしはポーランドじんです。	"""<span style=""""box-shadow: inset -2px 2px 0 0px #FF6633;"""">ジ</span><span style=""""box-shadow: inset 0px -2px 0 0px #FF6633;"""">ン</span> <span class=""""pitch_number"""">1</span>"""
1763216199386	1782850629	Doki Doki1-1 male_voice newVersion	年生	年[ねん] 生[せい]	ねんせい	...nensē	student ... roku	 私[わたし]は 一年生[いちねんせい]です。	Jestem na pierwszym roku.					年[ねん]生	[sound:hypertts-f44df9840266af9d3eb97d6d210122e5280ebb5de6020033d2de11f2.mp3]	[sound:hypertts-3bbf3c8703dc991b1d14140f9ccfc05e26a722a955c3b6787e7f25e2.mp3]	[sound:年生_ネンセイ_JapanesePod101.mp3]	ねんせい	わたしはいちねんせいです。	"""<span style=""""box-shadow: inset -2px -2px 0 0 #FF6633;"""">ネ</span><span style=""""box-shadow: inset 0px 2px 0 0px #FF6633;"""">ンセイ</span> <span class=""""pitch_number"""">0</span>"""
1763216199387	1791214975	Doki Doki1-1 female_voice newVersion	趣味	趣[しゅ] 味[み]	しゅみ	shumi	hobby	 趣味[しゅみ]は 本[ほん]を 読[よ]むことです。	Moim hobby jest czytanie książek.			rzeczownik. Hobby lub zainteresowanie wykonywane dla przyjemności.			[sound:hypertts-a4a496e20682f6ce874807b276bb5f8a6a19c8d868b3bb4a661679fc.mp3]	[sound:hypertts-1eaf58fa88a58591ce9b3e92575f3dfc26c56b007f56b0d344cc8cad.mp3]	[sound:趣味_シュ＼ミ_1_NHK-2016.mp3]	しゅみ	しゅみはほんをよむことです。	"""<span style=""""box-shadow: inset -2px 2px 0 0px #FF6633;"""">シュ</span><span style=""""box-shadow: inset 0px -2px 0 0px #FF6633;"""">ミ</span> <span class=""""pitch_number"""">1</span>"""
1763216199388	1782850629	Doki Doki1-1 female_voice newVersion	財布	財[さい] 布[ふ]	さいふ	saifu	portfel	 今日[きょう]、 財布[さいふ]を 忘[わす]れました。	Dzisiaj zapomniałem/am portfela.						[sound:hypertts-151fe420ebed5c86ac91365a25bdd7878c1e66db32c47848e6ee53e8.mp3]	[sound:hypertts-3af2c61b8abbc23110ef43e28d333593e4bafb33df6c0ed87e98571c.mp3]	[sound:財布_サイフ━_0_NHK-2016.mp3]	さいふ	きょう、さいふをわすれました。	"""<span style=""""box-shadow: inset -2px -2px 0 0 #FF6633;"""">サ</span><span style=""""box-shadow: inset 0px 2px 0 0px #FF6633;"""">イフ</span> <span class=""""pitch_number"""">0</span>"""
1763216199389	1775147485	Doki Doki1-1 male_voice newVersion	ペン	ペン	ペン	pen	długopis	ペンはどこですか。	Gdzie jest długopis?						[sound:hypertts-dca9bab79cc0e6a469c0988c21626ed91eb92c310eb87ef94e4d6bd8.mp3]	[sound:hypertts-d1d809171fde71d15c6bf125b09b48ca8e1515279eb94d8427ed20a3.mp3]	[sound:ペン_ペ＼ン_1_NHK-2016.mp3]	ペン	ペンはどこですか。	"""<span style=""""box-shadow: inset -2px 2px 0 0px #FF6633;"""">ペ</span><span style=""""box-shadow: inset 0px -2px 0 0px #FF6633;"""">ン</span> <span class=""""pitch_number"""">1</span>"""
1763216199390	1782850629	Doki Doki1-1 male_voice newVersion	電話	電[でん] 話[わ]	でんわ	denwa	telefon	 今[いま]、 電話[でんわ]をします。	Teraz zadzwonię.						[sound:hypertts-dce1f37e88984bae4f59e0f1da62aaed0951d4917c5864e24c147d96.mp3]	[sound:hypertts-b610ed0c25fc049876f6b50c49c86db0a45ddbffe57477636c0685a4.mp3]	[sound:電話_デンワ━_0_NHK-2016.mp3]	でんわ	いま、でんわをします。	"""<span style=""""box-shadow: inset -2px -2px 0 0 #FF6633;"""">デ</span><span style=""""box-shadow: inset 0px 2px 0 0px #FF6633;"""">ンワ</span> <span class=""""pitch_number"""">0</span>"""
1763216199391	1782850629	Doki Doki1-1 male_voice newVersion	時計	時[と] 計[けい]	とけい	tokē	zegarek	 時計[とけい]はテーブルの 上[うえ]にあります。	Zegarek jest na stole.					 時計	[sound:hypertts-49161ec6fb70c130eb0fc1eb7f76daeba3a3645325752b9120bebd6c.mp3]	[sound:hypertts-293ff831e79f9fb8f7b279a72acc14734dfa762b80e381fdf3e0ca06.mp3]	[sound:時計_トケー━_0_NHK-2016.mp3]	とけい	とけいはテーブルのうえにあります。	"""<span style=""""box-shadow: inset -2px -2px 0 0 #FF6633;"""">ト</span><span style=""""box-shadow: inset 0px 2px 0 0px #FF6633;"""">ケイ</span> <span class=""""pitch_number"""">0</span>"""
1763216199392	1775147485	Doki Doki1-1 male_voice newVersion	ノート	ノート	ノート	nōto	zeszyt	ノートに 日本語[にほんご]を 書[か]きます。	Piszę po japońsku w zeszycie.						[sound:hypertts-7738c1fd2741ce4c75c240fa55e3a417019bf7f95ccd3fcf86bacd3e.mp3]	[sound:hypertts-2d9fe459af620cd5b8cea53ba6d521ac629698df6b84826de711e17f.mp3]	[sound:ノート_ノ＼ート_1_NHK-2016.mp3]	ノート	ノートににほんごをかきます。	"""<span style=""""box-shadow: inset -2px 2px 0 0px #FF6633;"""">ノ</span><span style=""""box-shadow: inset 0px -2px 0 0px #FF6633;"""">ート</span> <span class=""""pitch_number"""">1</span>"""
1763216199393	1781611039	Doki Doki1-1 male_voice newVersion	本	 本[ほん]	ほん	hon	książka, klasyfikator długich rzeczy	 毎日[まいにち] 本[ほん]を 読[よ]みます。	Codziennie czytam książkę.					本	[sound:hypertts-0829063a3da15eb435d4fdd083cc5ea72cf3f7d506488514d7204db6.mp3]	[sound:hypertts-c9752abe2b9d992db49d6d1c5bd168b41e6d3eced79db8a3afeb94b9.mp3]	[sound:本_ホ＼ン_1_NHK-2016.mp3]	ほん	まいにちほんをよみます。	"""<span style=""""box-shadow: inset -2px 2px 0 0px #FF6633;"""">ホ</span><span style=""""box-shadow: inset 0px -2px 0 0px #FF6633;"""">ン</span> <span class=""""pitch_number"""">1</span>"""
1763216199394	1775147485	Doki Doki1-1 male_voice newVersion	花	 花[はな]	はな	hana	kwiat	テーブルの 上[うえ]に 花[はな]があります。	Na stole jest kwiat.						[sound:hypertts-1640d12174eb65d3c4eb5bf94258bcc96bce7531d941e99e866bd53a.mp3]	[sound:hypertts-823fa8aa63df7c110c69480133ce852840dc83a2aaa449a31faeb517.mp3]	[sound:花_ハナ＼_2_NHK-2016.mp3]	はな	テーブルのうえにはながあります。	"""<span style=""""box-shadow: inset -2px -2px 0 0 #FF6633;"""">ハ</span><span style=""""box-shadow: inset -2px 2px 0 0px #FF6633;"""">ナ</span> <span class=""""pitch_number"""">2</span>"""
1763216199395	1782850629	Doki Doki1-1 male_voice newVersion	帽子	帽[ぼう] 子[し]	ぼうし	bōshi	kapelusz/czapka	 赤[あか]い 帽子[ぼうし]は 私[わたし]のです。	Czerwona czapka jest moja.						[sound:hypertts-39e5b5adb2bc3b815bd1f7baf063bfbfbc244aee361ed79dc3f77076.mp3]	[sound:hypertts-f87ad7263751b7f4c45dd13d69fff214dc91571085aa1c70e2f0a2ab.mp3]	[sound:帽子_ボーシ━_0_NHK-2016.mp3]	ぼうし	あかいぼうしはわたしのです。	"""<span style=""""box-shadow: inset -2px -2px 0 0 #FF6633;"""">ボ</span><span style=""""box-shadow: inset 0px 2px 0 0px #FF6633;"""">ーシ</span> <span class=""""pitch_number"""">0</span>"""
1763216199396	1775147485	Doki Doki1-1 female_voice newVersion	靴	 靴[くつ]	くつ	kutsu	buty	この 靴[くつ]は 安[やす]いです。	Te buty są tanie.						[sound:hypertts-3242c0bf52b3d3361cbb85a94211645f4db9abde44f1cee4b15edccb.mp3]	[sound:hypertts-22bb4d997b2aaee49e16879e6b241887014482a988cf1766b015a1a4.mp3]	[sound:靴_クツ＼_2_NHK-2016.mp3]	くつ	このくつはやすいです。	"""<span style=""""box-shadow: inset -2px -2px 0 0 #FF6633;""""><span style=""""color: royalblue;"""">ク</span></span><span style=""""box-shadow: inset -2px 2px 0 0px #FF6633;"""">ツ</span> <span class=""""pitch_number"""">2</span>"""
1763216199397	1775147485	Doki Doki1-1 male_voice newVersion	服	 服[ふく]	ふく	fuku	ubrania	 新[あたら]しい 服[ふく]を 買[か]いました。	Kupiłem/am nowe ubrania.						[sound:hypertts-921096157b83c37f8e1200e811f72bb0af5beb4af6410b921ee16572.mp3]	[sound:hypertts-46592665265a12115b3345b077f184619ce3d66c98c5a819cf84fca2.mp3]	[sound:服_フク＼_2_NHK-2016.mp3]	ふく	あたらしいふくをかいました。	"""<span style=""""box-shadow: inset -2px -2px 0 0 #FF6633;""""><span style=""""color: royalblue;"""">フ</span></span><span style=""""box-shadow: inset -2px 2px 0 0px #FF6633;"""">ク</span> <span class=""""pitch_number"""">2</span>"""
1763216199398	1775147485	Doki Doki1-1 male_voice newVersion	トレーナー	トレーナー	トレーナー	torēnā	bluza	トレーナーを 着[き]ています。	Mam na sobie bluzę.						[sound:hypertts-63f0ea6fc54176d6f2f719181ad1b2be5e3f9ea4ed87a5e3a95efc4a.mp3]	[sound:hypertts-fac561d746f44a4853e00a1701e4655b3fb0deaac14952f6ce11fea2.mp3]	[sound:トレーナー_トレーナー━_0_NHK-2016.mp3] [sound:トレーナー_トレ＼ーナー_2_NHK-2016.mp3]	トレーナー	トレーナーをきています。	"""<span style=""""box-shadow: inset -2px -2px 0 0 #FF6633;"""">ト</span><span style=""""box-shadow: inset 0px 2px 0 0px #FF6633;"""">レーナー</span> <span class=""""pitch_number"""">0</span>, <span style=""""box-shadow: inset -2px -2px 0 0 #FF6633;"""">ト</span><span style=""""box-shadow: inset -2px 2px 0 0px #FF6633;"""">レ</span><span style=""""box-shadow: inset 0px -2px 0 0px #FF6633;"""">ーナー</span> <span class=""""pitch_number"""">2</span>"""
1763216199399	1775147485	Doki Doki1-1 male_voice newVersion	セーター	セーター	セーター	sētā	sweter	セーターは 温[あたた]かいです。	Sweter jest ciepły.						[sound:hypertts-483bb79a4f65db9d0ea98210955f1f4a74cea0d0e6273339b06ebe5e.mp3]	[sound:hypertts-30de60903229a87fa3e34676885e8f47b22f0ce76f20bfcf310d36be.mp3]	[sound:セーター_セ＼ーター_1_NHK-2016.mp3]	セーター	セーターはあたたかいです。	"""<span style=""""box-shadow: inset -2px 2px 0 0px #FF6633;"""">セ</span><span style=""""box-shadow: inset 0px -2px 0 0px #FF6633;"""">ーター</span> <span class=""""pitch_number"""">1</span>"""
1763216199400	1782850629	Doki Doki1-1 female_voice newVersion	鉛筆	鉛[えん] 筆[ぴつ]	えんぴつ	empitsu	ołówek	 鉛筆[えんぴつ]で 書[か]きます。	Piszę ołówkiem.						[sound:hypertts-995e0addb88419c63f160dba0053b5447a4ec3bc1790287fa7a6bc74.mp3]	[sound:hypertts-822b2353c2c3a6b8fafc070c7daebd90f9843f80ebc2780dc0005df7.mp3]	[sound:鉛筆_エンピツ━_0_NHK-2016.mp3]	えんぴつ	えんぴつでかきます。	"""<span style=""""box-shadow: inset -2px -2px 0 0 #FF6633;"""">エ</span><span style=""""box-shadow: inset 0px 2px 0 0px #FF6633;"""">ン<span style=""""color: royalblue;"""">ピ</span>ツ</span> <span class=""""pitch_number"""">0</span>"""
1763216199401	1781520910	Doki Doki1-1 female_voice newVersion	消しゴム	 消[け]しゴム	けしゴム	keshigomu	gumka do mazania	 消[け]しゴムを 使[つか]います。	Używam gumki do mazania.						[sound:hypertts-60df6fea3f4de664b00a1d1c01d3a61e7861637093023c8e1119efde.mp3]	[sound:hypertts-8bb9855692a3157ab8446f8c381b855e06e95b2d18f4a110e0b04b40.mp3]	[sound:消しゴム_ケシゴム━_0_NHK-2016.mp3]	けしゴム	けしゴムをつかいます。	"""<span style=""""box-shadow: inset -2px -2px 0 0 #FF6633;"""">ケ</span><span style=""""box-shadow: inset 0px 2px 0 0px #FF6633;"""">シゴム</span> <span class=""""pitch_number"""">0</span>"""
1763216199402	1775147485	Doki Doki1-1 male_voice newVersion	はさみ	はさみ	はさみ	hasami	nożyczki	はさみで 紙[かみ]を 切[き]ります。	Tnę papier nożyczkami.						[sound:hypertts-68e2fe4a80bc14503c486d5a76d78e7c1cb95b79ddd6590b48809dcf.mp3]	[sound:hypertts-c6aa022f3e4935ec31d8e27b1618a86878417e061b23370bb25bb32f.mp3]	[sound:はさみ_ハサ＼ミ_2_NHK-2016.mp3] [sound:はさみ_ハサミ＼_3_NHK-2016.mp3]	はさみ	はさみでかみをきります。	"""<span style=""""box-shadow: inset -2px -2px 0 0 #FF6633;"""">ハ</span><span style=""""box-shadow: inset 0px 2px 0 0px #FF6633;"""">サミ</span> <span class=""""pitch_number"""">0</span>, <span style=""""box-shadow: inset -2px -2px 0 0 #FF6633;"""">ハ</span><span style=""""box-shadow: inset -2px 2px 0 0px #FF6633;"""">サ</span><span style=""""box-shadow: inset 0px -2px 0 0px #FF6633;"""">ミ</span> <span class=""""pitch_number"""">2</span>, <span style=""""box-shadow: inset -2px -2px 0 0 #FF6633;"""">ハ</span><span style=""""box-shadow: inset -2px 2px 0 0px #FF6633;"""">サミ</span> <span class=""""pitch_number"""">3</span>"""
1763216199403	1784370061	Doki Doki1-1 leech male_voice newVersion	筆箱	筆[ふで] 箱[ばこ]	ふでばこ	fudebako	piórnik	 筆箱[ふでばこ]にペンと 鉛筆[えんぴつ]があります。	W piórniku są długopis i ołówek.						[sound:hypertts-bf97eab6277c067762a4ff4c11302fb264baac79136503c0cf0ac3db.mp3]	[sound:hypertts-567d00bdd7bb09bbd288fc7005b5af69bb3c9f6af6ed9100b66b6677.mp3]	[sound:筆箱_フデバコ━_0_NHK-2016.mp3]	ふでばこ	ふでばこにペンとえんぴつがあります。	"""<span style=""""box-shadow: inset -2px -2px 0 0 #FF6633;"""">フ</span><span style=""""box-shadow: inset 0px 2px 0 0px #FF6633;"""">デバコ</span> <span class=""""pitch_number"""">0</span>"""
1763216199404	1775147485	Doki Doki1-1 male_voice newVersion	りんご	りんご	りんご	ringo	jabłko	りんごを 食[た]べます。	Jem jabłko.						[sound:hypertts-3181975704c7de28c24ca4716e0fc632fa3e9beab5d839f0cd05dce0.mp3]	[sound:hypertts-7edb027227f8fece46209913f34e46247bb2977d92b889d82523e3ce.mp3]	[sound:りんご_リンコ゚━_0_NHK-2016.mp3]	りんご	りんごをたべます。	"""<span style=""""box-shadow: inset -2px -2px 0 0 #FF6633;"""">リ</span><span style=""""box-shadow: inset 0px 2px 0 0px #FF6633;"""">ンコ<span style=""""color: red;"""">°</span></span> <span class=""""pitch_number"""">0</span>, <span style=""""box-shadow: inset -2px -2px 0 0 #FF6633;"""">リ</span><span style=""""box-shadow: inset 0px 2px 0 0px #FF6633;"""">ンゴ</span> <span class=""""pitch_number"""">0</span>"""
1763216199405	1782850629	Doki Doki1-1 female_voice newVersion	雑誌	雑[ざっ] 誌[し]	ざっし	zasshi	czasopismo	 雑誌[ざっし]を 読[よ]みます。	Czytam czasopismo.						[sound:hypertts-9f5dffc78e9edcce06f13d174f2f00ce9e6ed57eb8bef5e49cd1a7b7.mp3]	[sound:hypertts-4933da32059c34b238857effaca8826736522f0387ba69f161e398cc.mp3]	[sound:雑誌_ザッシ━_0_NHK-2016.mp3]	ざっし	ざっしをよみます。	"""<span style=""""box-shadow: inset -2px -2px 0 0 #FF6633;"""">ザ</span><span style=""""box-shadow: inset 0px 2px 0 0px #FF6633;"""">ッシ</span> <span class=""""pitch_number"""">0</span>"""
1763216199406	1775147485	Doki Doki1-1 female_voice newVersion	車	 車[くるま]	くるま	kuruma	samochód	 車[くるま]で 行[い]きます。	Jadę samochodem.						[sound:hypertts-1505b9f789c8511f8ae854d8eb180aff8427014c1b40c2f57be104f8.mp3]	[sound:hypertts-7abb7aedc917dd324e21da2eb3386a86ad9a10568b866ca1f72c011c.mp3]	[sound:車_クルマ━_0_NHK-2016.mp3]	くるま	くるまでいきます。	"""<span style=""""box-shadow: inset -2px -2px 0 0 #FF6633;"""">ク</span><span style=""""box-shadow: inset 0px 2px 0 0px #FF6633;"""">ルマ</span> <span class=""""pitch_number"""">0</span>"""
1763216199407	1791358331	Doki Doki1-1 Doki1-3 female_voice newVersion	写真	写[しゃ] 真[しん]	しゃしん	shashin	zdjęcie, fotografia	 旅行[りょこう]の 写真[しゃしん]を 見[み]ます。	Oglądam zdjęcia z podróży。						[sound:hypertts-095edb07e47001b5907cc8c0b4e27cced1d592d202057fdfa75a7237.mp3]	[sound:hypertts-0f7c7847018e971ae94a31275ffcf92db8915a0294ac2f86266a40e7.mp3]	[sound:写真_シャシン━_0_NHK-2016.mp3]	しゃしん	りょこうのしゃしんをみます。	"""<span style=""""box-shadow: inset -2px -2px 0 0 #FF6633;"""">シャ</span><span style=""""box-shadow: inset 0px 2px 0 0px #FF6633;"""">シン</span> <span class=""""pitch_number"""">0</span>"""
1763221256465	1775147485	Doki Doki1-1 female_voice newVersion	これ	これ	これ	kore	to	これはりんごです。	To jest jabłko.						[sound:hypertts-30b0138b0caa92887e49fd7a7b17049de1581416ca70532e77fa520f.mp3]	[sound:hypertts-e5fb701e113af5ddef0b4f6d831487a741a647294e99c99e52b94589.mp3]	[sound:これ_コレ━_0_NHK-2016.mp3]	これ	これはりんごです。	"""<span style=""""box-shadow: inset -2px -2px 0 0 #FF6633;"""">コ</span><span style=""""box-shadow: inset 0px 2px 0 0px #FF6633;"""">レ</span> <span class=""""pitch_number"""">0</span>, <span style=""""box-shadow: inset -2px 2px 0 0px #FF6633;"""">コ</span><span style=""""box-shadow: inset 0px -2px 0 0px #FF6633;"""">レ</span> <span class=""""pitch_number"""">1</span>"""
1763221256466	1775147485	Doki Doki1-1 male_voice newVersion	それ	それ	それ	sore	tamto	それはりんごです。	Tamto to jabłko.						[sound:hypertts-30656272ac2b9f9f5251c44fbaff4434802cc06d277464c4b20bf9d7.mp3]	[sound:hypertts-42088bba307e45eb602038b506368cb249cee5d68bfa9687d7a8bd7b.mp3]	[sound:それ_ソレ━_0_NHK-2016.mp3]	それ	それはりんごです。	"""<span style=""""box-shadow: inset -2px -2px 0 0 #FF6633;"""">ソ</span><span style=""""box-shadow: inset 0px 2px 0 0px #FF6633;"""">レ</span> <span class=""""pitch_number"""">0</span>, <span style=""""box-shadow: inset -2px 2px 0 0px #FF6633;"""">ソ</span><span style=""""box-shadow: inset 0px -2px 0 0px #FF6633;"""">レ</span> <span class=""""pitch_number"""">1</span>"""
1763221256467	1775147485	Doki Doki1-1 female_voice newVersion	あれ	あれ	あれ	are	tamto dalej	あれはりんごです。	Tamto dalej to jabłko.						[sound:hypertts-6a0c4732f7237595d9d1aeceaa4f13733af8288556314148d23dc4c6.mp3]	[sound:hypertts-2321336c227f668db0060f60fdbe542d556e3faf6fce865e7f92ae1e.mp3]	[sound:あれ_アレ━_0_NHK-2016.mp3]	あれ	あれはりんごです。	"""<span style=""""box-shadow: inset -2px -2px 0 0 #FF6633;"""">ア</span><span style=""""box-shadow: inset 0px 2px 0 0px #FF6633;"""">レ</span> <span class=""""pitch_number"""">0</span>, <span style=""""box-shadow: inset -2px 2px 0 0px #FF6633;"""">ア</span><span style=""""box-shadow: inset 0px -2px 0 0px #FF6633;"""">レ</span> <span class=""""pitch_number"""">1</span>"""
1763221256468	1775147485	Doki Doki1-1 male_voice newVersion	どれ	どれ	どれ	dore	który?	どれがあなたの 車[くるま]ですか。	Który to twój samochód?						[sound:hypertts-b117980eaceb97625ea8fab95d59763c297f92bc1e8d3d8af917b9e1.mp3]	[sound:hypertts-ad138d633b4efdb21a6c11960cc9383fdcd379901686b82a50d810eb.mp3]	[sound:どれ_ド＼レ_1_NHK-2016.mp3]	どれ	どれがあなたのくるまですか。	"""<span style=""""box-shadow: inset -2px 2px 0 0px #FF6633;"""">ド</span><span style=""""box-shadow: inset 0px -2px 0 0px #FF6633;"""">レ</span> <span class=""""pitch_number"""">1</span>"""
1763221256469	1775147485	Doki Doki1-1 female_voice newVersion	この	この	この	kono	ten (z rzeczownikiem)	このりんごは 新[あたら]しいです。	To jabłko jest nowe.						[sound:hypertts-ca3b255f523cac2b81abfb147a82e5479523b00a70ef443de2f93c0a.mp3]	[sound:hypertts-1ac7dc7aff69417912436b7b128bbb38f5c3dd9d349191085e46816b.mp3]	[sound:この_コノ━_0_NHK-2016.mp3]	この	このりんごはあたらしいです。	"""<span style=""""box-shadow: inset -2px -2px 0 0 #FF6633;"""">コ</span><span style=""""box-shadow: inset 0px 2px 0 0px #FF6633;"""">ノ</span> <span class=""""pitch_number"""">0</span>, <span style=""""box-shadow: inset -2px 2px 0 0px #FF6633;"""">コ</span><span style=""""box-shadow: inset 0px -2px 0 0px #FF6633;"""">ノ</span> <span class=""""pitch_number"""">1</span>"""
1763221256470	1775147485	Doki Doki1-1 male_voice newVersion	その	その	その	sono	tamten (z rzeczownikiem)	そのりんごは 安[やす]いです。	Tamto jabłko jest tanie.						[sound:hypertts-ce3459d1995d212bf5f042f45dfd23f4afdc7527c187a288d13d0f1b.mp3]	[sound:hypertts-a74de7c9cf33c971946546a3c4506e8081fb1fea615ef2ac1c287e13.mp3]	[sound:その_ソノ━_0_NHK-2016.mp3] [sound:その_ソ＼ノ_1_NHK-2016.mp3]	その	そのりんごはやすいです。	"""<span style=""""box-shadow: inset -2px -2px 0 0 #FF6633;"""">ソ</span><span style=""""box-shadow: inset 0px 2px 0 0px #FF6633;"""">ノ</span> <span class=""""pitch_number"""">0</span>, <span style=""""box-shadow: inset -2px 2px 0 0px #FF6633;"""">ソ</span><span style=""""box-shadow: inset 0px -2px 0 0px #FF6633;"""">ノ</span> <span class=""""pitch_number"""">1</span>"""
1763221256471	1775147485	Doki Doki1-1 female_voice newVersion	あの	あの	あの	ano	tamten dalej (z rzeczownikiem)	あの 人[ひと]は 誰[だれ]ですか。	Kim jest tamta osoba?						[sound:hypertts-7e556398123c6f6184bb1c1c7581ea8ff0de71e72cbf00e60603010f.mp3]	[sound:hypertts-6cd58580dd24824d499f835038961a892c6226956e509204529da647.mp3]	[sound:あの_アノ━_0_NHK-2016.mp3]	あの	あのひとはだれですか。	"""<span style=""""box-shadow: inset -2px -2px 0 0 #FF6633;"""">ア</span><span style=""""box-shadow: inset 0px 2px 0 0px #FF6633;"""">ノ</span> <span class=""""pitch_number"""">0</span>"""
1763221256472	1788527295	Doki Doki1-1 leech male_voice newVersion	どの	どの	どの	dono	który? (z rzeczownikiem)	どの 雑誌[ざっし]が 面白[おもしろ]いですか。	Które czasopismo jest interesujące?						[sound:hypertts-3158c16d12aaeaca74b769c705bfbe89007e20bd3c33c3122617a2fc.mp3]	[sound:hypertts-f5c9bb178541c031d8fa2a18d8048b84e0cb35ea2a892c0c8cb667fe.mp3]	[sound:どの_ド＼ノ_1_NHK-2016.mp3]	どの	どのざっしがおもしろいですか。	"""<span style=""""box-shadow: inset -2px 2px 0 0px #FF6633;"""">ド</span><span style=""""box-shadow: inset 0px -2px 0 0px #FF6633;"""">ノ</span> <span class=""""pitch_number"""">1</span>"""
1763221256473	1775147485	Doki Doki1-1 female_voice newVersion	ここ	ここ	ここ	koko	tu	ここは 学校[がっこう]です。	Tutaj jest szkoła.						[sound:hypertts-3d09059211d5c8d6b7abda11c79065362ecdde2a0bb30331f2ece482.mp3]	[sound:hypertts-85012509ad9c76868a135a3ac3f45bd93ac496c1d6661fa8ef5b9f7c.mp3]	[sound:ここ_ココ━_0_NHK-2016.mp3] [sound:ここ_コ＼コ_1_NHK-2016.mp3]	ここ	ここはがっこうです。	"""<span style=""""box-shadow: inset -2px -2px 0 0 #FF6633;"""">コ</span><span style=""""box-shadow: inset 0px 2px 0 0px #FF6633;"""">コ</span> <span class=""""pitch_number"""">0</span>, <span style=""""box-shadow: inset -2px 2px 0 0px #FF6633;"""">コ</span><span style=""""box-shadow: inset 0px -2px 0 0px #FF6633;"""">コ</span> <span class=""""pitch_number"""">1</span>"""
1763221256474	1775147485	Doki Doki1-1 male_voice newVersion	そこ	そこ	そこ	soko	tam	りんごはそこです。	Jabłko jest tam.						[sound:hypertts-960bdb529db5fd852e358a3386e66977278e770e38db67f1a321f83d.mp3]	[sound:hypertts-2fe9ce067778e43e9ff493aaa4eaf3210f9abcda6629871eb01afaa1.mp3]	[sound:そこ_ソコ━_0_NHK-2016.mp3]	そこ	りんごはそこです。	"""<span style=""""box-shadow: inset -2px -2px 0 0 #FF6633;"""">ソ</span><span style=""""box-shadow: inset 0px 2px 0 0px #FF6633;"""">コ</span> <span class=""""pitch_number"""">0</span>"""
1763221256475	1775147485	Doki Doki1-1 female_voice newVersion	あそこ	あそこ	あそこ	asoko	tam dalej	あそこは 小学校[しょうがっこう]です。	Tam dalej jest szkoła podstawowa.						[sound:hypertts-55570e48cc2f9b47513a962a4e9cb0ab5e9065451f6d46e779a56199.mp3]	[sound:hypertts-b6257efedb3297accdce8b2151f26937884793493dd8cbb76c3ae564.mp3]	[sound:あそこ_アソコ━_0_NHK-2016.mp3]	あそこ	あそこはしょうがっこうです。	"""<span style=""""box-shadow: inset -2px -2px 0 0 #FF6633;"""">ア</span><span style=""""box-shadow: inset 0px 2px 0 0px #FF6633;"""">ソコ</span> <span class=""""pitch_number"""">0</span>"""
1763221256476	1775147485	Doki Doki1-1 male_voice newVersion	どこ	どこ	どこ	doko	gdzie?	トイレはどこですか。	Gdzie jest toaleta?						[sound:hypertts-1938d76a149862a7234d8955dc7b0156afb59983b6959f4efa486ec1.mp3]	[sound:hypertts-483857241b18c4ec8cc48fff16f246afd88df8fbd0d5916f61e770c5.mp3]	[sound:どこ_ド＼コ_1_NHK-2016.mp3]	どこ	トイレはどこですか。	"""<span style=""""box-shadow: inset -2px 2px 0 0px #FF6633;"""">ド</span><span style=""""box-shadow: inset 0px -2px 0 0px #FF6633;"""">コ</span> <span class=""""pitch_number"""">1</span>"""
1763221256477	1775147485	Doki Doki1-1 male_voice newVersion	トイレ	トイレ	トイレ	toire	toaleta	トイレはどこですか。	Gdzie jest toaleta?						[sound:hypertts-b44bcaffb6d68c9bfc105acf7677bd2daa26cb6a662495443cb517a4.mp3]	[sound:hypertts-483857241b18c4ec8cc48fff16f246afd88df8fbd0d5916f61e770c5.mp3]	[sound:トイレ_ト＼イレ_1_NHK-2016.mp3]	トイレ	トイレはどこですか。	"""<span style=""""box-shadow: inset -2px 2px 0 0px #FF6633;"""">ト</span><span style=""""box-shadow: inset 0px -2px 0 0px #FF6633;"""">イレ</span> <span class=""""pitch_number"""">1</span>"""
1763221256478	1775147485	Doki Doki1-1 male_voice newVersion	カップケーキ	カップケーキ	カップケーキ	kappukēki	kapkejk	カップケーキは 美味[おい]しいです。	Kapkejk jest smaczny.						[sound:hypertts-a630f9fbb988a8a8fa1749d4395a19267d751876f8a7248e999da504.mp3]	[sound:hypertts-1b633393772ef3ac8f44ab78a558c215f9d069ad878920acba631109.mp3]	[sound:カップケーキ_カップケ＼ーキ_4_NHK-2016.mp3]	カップケーキ	カップケーキはおいしいです。	"""<span style=""""box-shadow: inset -2px -2px 0 0 #FF6633;"""">カ</span><span style=""""box-shadow: inset -2px 2px 0 0px #FF6633;"""">ッ<span style=""""color: royalblue;"""">プ</span>ケ</span><span style=""""box-shadow: inset 0px -2px 0 0px #FF6633;"""">ーキ</span> <span class=""""pitch_number"""">4</span>"""
1763221256479	1775147485	Doki Doki1-1 female_voice newVersion	君	 君[くん]	くん	...kun	zwrot grzecznościowy do chłopców, kolego, ty młodszy&nbsp;	 田中[たなか] 君[くん]は 学生[がくせい]です。	Tanaka-kun jest uczniem.						[sound:hypertts-016f3a997ce6cbf3a0ad8a133d863dd226da3ce49cbd655707af1297.mp3]	[sound:hypertts-c41ad4e5f8329477ee5f55963c037cfa9b0ca546382c0d8ea6ad21df.mp3]	[sound:君_ク＼ン_1_Shinmeikai-8.mp3]	くん	たなかくんはがくせいです。	"""<span style=""""box-shadow: inset -2px -2px 0 0 #FF6633;"""">ク</span><span style=""""box-shadow: inset 0px 2px 0 0px #FF6633;"""">ン</span> <span class=""""pitch_number"""">0</span>, <span style=""""box-shadow: inset -2px 2px 0 0px #FF6633;"""">ク</span><span style=""""box-shadow: inset 0px -2px 0 0px #FF6633;"""">ン</span> <span class=""""pitch_number"""">1</span>"""
1763221256480	1775147485	Doki Doki1-1 female_voice newVersion	様	 様[さま]	さま	...sama	zwrot grzecznościowy, bardziej formalny niż &quot;-san&quot;	お 客[きゃく] 様[さま]、こちらへどうぞ。	Szanowny kliencie, tędy proszę.						[sound:hypertts-2052828ef82df321e5c5e27949bebee20479ee8c79a84da8529dbf9c.mp3]	[sound:hypertts-2e31b1349f2b34d9c6942fb5331d39857e3368fdd055b080abcb3817.mp3]		さま	おきゃくさま、こちらへどうぞ。	"""<span style=""""box-shadow: inset -2px -2px 0 0 #FF6633;"""">サ</span><span style=""""box-shadow: inset -2px 2px 0 0px #FF6633;"""">マ</span> <span class=""""pitch_number"""">2</span>"""
1763221256481	1791200480	Doki Doki1-1 female_voice leech newVersion	携帯	携[けい] 帯[たい]	けいたい	keitai	komórka, telefon komórkowy	 携帯[けいたい]の 電話番号[でんわばんごう]は 何[なん]ですか。	Jaki jest numer twojego telefonu komórkowego?			rzeczownik. Skrót od 携帯電話. W codziennej mowie oznacza telefon komórkowy.			[sound:hypertts-9ed5cd64f415257d2808371809f5e54921eff56d747026a530bd5f16.mp3]	[sound:hypertts-d74bb47012bd315ab87cdc16529731d77d9e2bd42a5b3267254486e0.mp3]	[sound:携帯_ケータイ━_0_NHK-2016.mp3]	けいたい	けいたいのでんわばんごうはなんですか。	"""<span style=""""box-shadow: inset -2px -2px 0 0 #FF6633;"""">ケ</span><span style=""""box-shadow: inset 0px 2px 0 0px #FF6633;"""">イタイ</span> <span class=""""pitch_number"""">0</span>"""
1763221256482	1775927768	Doki Doki1-1 leech male_voice newVersion	初めまして	 初[はじ]めまして	はじめまして	hajimemashite	miło mi poznać	 初[はじ]めまして、 私[わたし]はポーランド 人[じん]です。	Miło mi, jestem Polakiem/Polką.						[sound:hypertts-8d7962515daf4fea1a87b692d09237545d0aaf1648cae9597e64d9a8.mp3]	[sound:hypertts-03cd91f59c802685636f75811e2a1930c7a0cb2c7bce2212060c3de8.mp3]	[sound:初めまして_ハジメマ↓シテ_4_Daijisen.mp3]	はじめまして	はじめまして、わたしはポーランドじんです。	"""<span style=""""box-shadow: inset -2px -2px 0 0 #FF6633;"""">ハ</span><span style=""""box-shadow: inset -2px 2px 0 0px #FF6633;"""">ジメマ</span><span style=""""box-shadow: inset 0px -2px 0 0px #FF6633;"""">シテ</span> <span class=""""pitch_number"""">4</span>"""
1763221256483	1775147485	Doki Doki1-1 male_voice newVersion	ポーランド人	ポーランド 人[じん]	ポーランドじん	poorandojin	Polak/Polka	 私[わたし]はポーランド 人[じん]です。	Jestem Polakiem/Polką.					ポーランド人	[sound:hypertts-a2d5a8996bfe255ec4b35284744d55d5bc62b09e5390a4e09ee02485.mp3]	[sound:hypertts-2e4a3f1ac70673f360e4614cb30f85cc6de228c235cf538ab320cc83.mp3]		ポーランドじん	わたしはポーランドじんです。	
1763221256484	1782850629	Doki Doki1-1 male_voice newVersion	何歳	何[なん] 歳[さい]	なんさい	nansai	ile lat	 何歳[なんさい]ですか。	Ile masz lat?						[sound:hypertts-bdfa4759ebdaf28e3ea7bbf6579593df73806c72867b3e4c63dacf63.mp3]	[sound:hypertts-3df739dd5b5580c762b5916c1ee972e8851c08b40d784aa2321dd03d.mp3]	[sound:何歳_ナ＼ンサイ_1_NHK-2016.mp3]	なんさい	なんさいですか。	
1763221256485	1775147485	Doki Doki1-1 female_voice newVersion	歳	 歳[さい]	さい	...sai	...lat (klasyfikator wieku)	 二十二歳[にじゅうにさい]です。	Mam 22 lata.						[sound:hypertts-4f794db3fcc2735ca2b46439550bbd1ac6fc8ceac30648cd35854edb.mp3]	[sound:hypertts-90e0af316ab12586545d00557dcf33a85b81307cdc418cff79c73ed3.mp3]	[sound:歳_サ＼イ_1_NHK-2016.mp3]	さい	にじゅうにさいです。	"""<span style=""""box-shadow: inset -2px 2px 0 0px #FF6633;"""">サ</span><span style=""""box-shadow: inset 0px -2px 0 0px #FF6633;"""">イ</span> <span class=""""pitch_number"""">1</span>"""
1763221256486	1775147485	Doki Doki1-1 female_voice newVersion	俺	 俺[おれ]	おれ	ore	ja (nieformalnie, męskie, pewne siebie)	 俺[おれ]は 学生[がくせい]です。	Jestem uczniem (ja – męsko, nieformalnie).						[sound:hypertts-e6cf4ee7b487d17d1f745d3b3b11c7754a17fd8ecdbb4b668238d55d.mp3]	[sound:hypertts-82297ecf87c2df0758991c56d6a1a3cc1da5e694ccd4f87c76f11372.mp3]	[sound:俺_オレ━_0_NHK-2016.mp3]	おれ	おれはがくせいです。	"""<span style=""""box-shadow: inset -2px -2px 0 0 #FF6633;"""">オ</span><span style=""""box-shadow: inset 0px 2px 0 0px #FF6633;"""">レ</span> <span class=""""pitch_number"""">0</span>"""
1763221256487	1781609346	Doki Doki1-1 male_voice newVersion	よろしくお願いします	よろしくお 願[ねが]いします	よろしくおねがいします	yoroshiku onegai shimasu	Proszę o dobre traktowanie / miło mi poznać (formalne) / z góry dziękuję&nbsp;	 初[はじ]めまして。よろしくお 願[ねが]いします。	Miło mi, proszę o dobre traktowanie.			Przy rozpoczynaniu znajomości, prośbach			[sound:hypertts-bc036532386b592a51408ea094cf49d847bc61a376f0cbdf5040d5ac.mp3]	[sound:hypertts-cffa4719c7f6912c377c9cae2a1aceb420978a2feacaa282e1e580a3.mp3]	[sound:よろしくお願いします_ヨロシクオネガイシマス_TAAS.mp3]	よろしくおねがいします	はじめまして。よろしくおねがいします。	
1763221256488	1775147485	Doki Doki1-1 male_voice newVersion	僕	 僕[ぼく]	ぼく	boku	ja (zaimek męski nieformalny, skromny)	 僕[ぼく]の 名前[なまえ]は 太郎[たろう]です。	Mam na imię Tarō. 						[sound:hypertts-0a6f6b84ed8d7b355ee5ece1814e1494995d12b4a7dab5d52b57d2b4.mp3]	[sound:hypertts-0b0eba1a8d155d700b5dd116b8cb6d0f98253847278d10a646a4a68f.mp3]	[sound:僕_ボク━_0_NHK-2016.mp3] [sound:僕_ボ＼ク_1_NHK-2016.mp3]	ぼく	ぼくのなまえはたろうです。	"""<span style=""""box-shadow: inset -2px -2px 0 0 #FF6633;"""">ボ</span><span style=""""box-shadow: inset 0px 2px 0 0px #FF6633;"""">ク</span> <span class=""""pitch_number"""">0</span>"""
1763221256489	1775147485	Doki Doki1-1 female_voice newVersion	私[あたし]	 私[あたし]	あたし	atashi	ja (nieformalnie, żeńskie)	 私[あたし]は 学生[がくせい]です。	Jestem uczennicą.						[sound:hypertts-9f81034f7467d878cbbdb9347bb60181c295bbedf1ca82cb2c91b43a.mp3]	[sound:hypertts-4d82ecbb9a50a82eba5437439d6b8a92f01061a4c127084b367844fe.mp3]	[sound:私_アタシ━_0_Shinmeikai-8.mp3]	あたし	あたしはがくせいです。	
1763221256490	1775147485	Doki Doki1-1 female_voice liczebniki newVersion	一	 一[いち]	いち	ichi	jeden							一	[sound:hypertts-cec99a71ddbdc8235237b73e7bc722fb6b5e23723eb304a574482541.mp3]	[sound:VOICEVOX_後鬼_人間ver._d6ed12e5-7b0e-4336-82d8-1ecd35933531.mp3]	[sound:一_イチ＼_2_NHK-2016.mp3]	いち		
1763221256491	1775147485	Doki Doki1-1 liczebniki male_voice newVersion	二	 二[に]	に	ni	dwa							 二	[sound:hypertts-3249309ccd271334ba774a049dfb2881aff776d6b17fad30c7e6287f.mp3]	[sound:VOICEVOX_剣崎雌雄_ノーマル_dc7834e1-2195-44b3-bbdc-36507b384abc.mp3]	[sound:二_ニ＼_1_NHK-2016.mp3]	に		
1763221256492	1791198877	Doki Doki1-1 female_voice liczebniki newVersion	三	三[さん]	さん	san	trzy							三	[sound:hypertts-0624ebc1681205832891ee52a45c7b17e4c16626fd4c1aa62f020927.mp3]	[sound:VOICEVOX_四国めたん_ノーマル_f51500d7-b6c5-4f68-ab23-3a3cf311190c.mp3]	[sound:三_サン━_0_NHK-2016.mp3]	さん		
1763221256493	1775147485	Doki Doki1-1 liczebniki male_voice newVersion	四	 四[よん/し]	よん/し	yon/shi	cztery							 四	[sound:hypertts-8feec4e41b974fa05b63b439273b3fa181342faad95d6cbe408e3f4c.mp3]	[sound:VOICEVOX_離途_ノーマル_2853243e-a158-4e9f-9960-cbdd3241914a.mp3]	[sound:四_シ＼_1_NHK-2016.mp3]	よん/し		
1763221256494	1775147485	Doki Doki1-1 female_voice liczebniki newVersion	五	 五[ご]	ご	go	pięć							 五	[sound:hypertts-d7c7830119dbd5e29d0b16a06ff448376565b3d2940818b3214da65e.mp3]		[sound:五_ゴ＼_1_NHK-2016.mp3]	ご		
1763221256495	1775147485	Doki Doki1-1 liczebniki male_voice newVersion	六	 六[ろく]	ろく	roku	sześć							 六	[sound:hypertts-a4e97cf1732ff00ff6c7709f7ae456d11d007a877f9e798e2f11e786.mp3]	[sound:VOICEVOX_離途_ノーマル_92bcf9d0-628b-4364-9140-33b8018132bc.mp3]	[sound:六_ロク━_0_NHK-2016.mp3]	ろく		
1763221256496	1775147485	Doki Doki1-1 liczebniki male_voice newVersion	七	 七[なな/しち]	なな/しち	nana/shichi	siedem							 七	[sound:hypertts-ee75c75cc7afbf7f0662c1d295c7a6133b7786540ef41689a395024e.mp3]	[sound:VOICEVOX_剣崎雌雄_ノーマル_3f023fb8-23e4-44b5-b974-25e2d4834804.mp3]	[sound:七_シチ＼_2_NHK-2016.mp3]	なな/しち		
1763221256497	1775147485	Doki Doki1-1 liczebniki male_voice newVersion	八	 八[はち]	はち	hachi	osiem							 八	[sound:hypertts-7cef4d5bb30b0dbb73530393363f7f85c54bd234667ef73416e0a094.mp3]	[sound:VOICEVOX_離途_ノーマル_cfcb85c9-026d-42ba-8cdf-d14022afe5fa.mp3]	[sound:八_ハチ＼_2_NHK-2016.mp3]	はち		
1763221256498	1775147485	Doki Doki1-1 female_voice liczebniki newVersion	九	 九[きゅう/く]	きゅう/く	kyū/ku	dziewięć							 九	[sound:hypertts-04cc5add50f45d8983bd0a163523a587d702ed02d6b71e9ca01f2afd.mp3]	[sound:VOICEVOX_後鬼_人間ver._aa414b0d-e75f-4adc-aa83-44f3ba11959b.mp3]	[sound:九_キュ＼ー_1_NHK-2016.mp3]	きゅう/く		
1763221256499	1775147485	Doki Doki1-1 female_voice liczebniki newVersion	十[じゅう]	 十[じゅう]	じゅう	jū	dziesięć							十[じゅう]	[sound:hypertts-03552b52cab92085c22740a17be6a81a986af770d88e673ba84cb4c6.mp3]	[sound:VOICEVOX_四国めたん_ノーマル_b6d96ae0-787d-4c8a-b29b-1d9036c155b2.mp3]	[sound:十_ジュ＼ー_1_NHK-2016.mp3]	じゅう		
1763221256500	1782850629	Doki Doki1-1 female_voice liczebniki newVersion	十一	十[じゅう] 一[いち]	じゅういち	jūichi	11							十一	[sound:hypertts-81903b557e03b46c826cf7f2493f3ce244b03e9a499c6ba1f30d2180.mp3]	[sound:VOICEVOX_四国めたん_ノーマル_27c5430a-1b3b-4447-a5de-207075feb9b8.mp3]	[sound:十一_ジューイチ＼_4_Shinmeikai-8.mp3]	じゅういち		
1763221256501	1782850629	Doki Doki1-1 female_voice liczebniki newVersion	十二	十[じゅう] 二[に]	じゅうに	jūni	12							 十二	[sound:hypertts-52ad06e62e2fbb2f3c0321216089322aaebebf4eb0db954c1a483812.mp3]	[sound:VOICEVOX_四国めたん_ノーマル_42ca1db0-b59d-4120-b881-39299984c251.mp3]	[sound:十二_ジューニ＼_3_Shinmeikai-8.mp3]	じゅうに		
1763221256502	1782850629	Doki Doki1-1 female_voice liczebniki newVersion	十三	十[じゅう] 三[さん]	じゅうさん	jūsan	13							 十三	[sound:hypertts-f90defb2929674b52c79857823925a967147b26ef574cc569221da1e.mp3]	[sound:VOICEVOX_四国めたん_ノーマル_c6b6035c-9ea0-48d0-919a-04ae2ac517ed.mp3]	[sound:十三_ジュウサン_JapanesePod101.mp3]	じゅうさん		
1763221256503	1782850629	Doki Doki1-1 female_voice liczebniki newVersion	十四	十[じゅう] 四[よん]	じゅうよん	jūyon	14							 十四	[sound:hypertts-4c0b63680d9699529a59bd213d085b76b6c54af24a4e31f3a811ec7a.mp3]	[sound:VOICEVOX_四国めたん_ノーマル_6330da34-bfd9-4807-873b-43a6c8e69850.mp3]	[sound:十四_ジュウシ_JapanesePod101.mp3]	じゅうよん		
1763221256504	1782850629	Doki Doki1-1 female_voice liczebniki newVersion	十五	十[じゅう] 五[ご]	じゅうご	jūgo	15							 十五	[sound:hypertts-ed82df1c639031ed79fc5893767f4f2aab11a999099ad0104d4e76e9.mp3]	[sound:VOICEVOX_四国めたん_ノーマル_263e2195-4fa7-42aa-8ddd-af7148c27735.mp3]	[sound:十五_ジュウゴ_JapanesePod101.mp3]	じゅうご		
1763221256505	1782850629	Doki Doki1-1 female_voice liczebniki newVersion	十六	十[じゅう] 六[ろく]	じゅうろく	jūroku	16							 十六	[sound:hypertts-26dd2c5b0edfa16bf3b05f48700e22e3bb269413604f9654d5a6e85a.mp3]	[sound:VOICEVOX_四国めたん_ノーマル_1d428ad5-f6f4-4a12-b236-88b9a910de19.mp3]	[sound:十六_ジュウロク_TAAS.mp3]	じゅうろく		
1763221256506	1782850629	Doki Doki1-1 female_voice liczebniki newVersion	十七	十[じゅう] 七[なな]	じゅうなな	jūnana	17							 十七	[sound:hypertts-ac720c6b0b955cb982afdedbeb8ec8fd23eec04eac4ee364a56c2999.mp3]	[sound:VOICEVOX_四国めたん_ノーマル_fe2c5d07-398b-41b4-bde3-efd25d275153.mp3]	[sound:十七_ジュウシチ_JapanesePod101.mp3]	じゅうなな		
1763221256507	1782850629	Doki Doki1-1 female_voice liczebniki newVersion	十八	十[じゅう] 八[はち]	じゅうはち	jūhachi	18							 十八	[sound:hypertts-46cc2c98c8ad77eda292f4ef3a1d509f5efe33cc8b54e796b37bff78.mp3]	[sound:VOICEVOX_四国めたん_ノーマル_79bfa602-92ee-4c31-888b-35ead551dd9e.mp3]	[sound:十八_ジュウハチ_JapanesePod101.mp3]	じゅうはち		
1763221256508	1782850629	Doki Doki1-1 female_voice liczebniki newVersion	十九	十[じゅう] 九[きゅう]	じゅうきゅう	jūkyū	19							 十九	[sound:hypertts-e5ffaf4cce5deb2cf732085b374e37750f64a1a4bc0a630e15fa683b.mp3]	[sound:VOICEVOX_四国めたん_ノーマル_dbfbb717-f64e-4cd9-8a7a-cfc57e00c195.mp3]	[sound:十九_ジュウキュウ_JapanesePod101.mp3]	じゅうきゅう		
1763221256509	1782850629	Doki Doki1-1 liczebniki male_voice newVersion	二十	二[に] 十[じゅう]	にじゅう	nijū	20							 二十	[sound:hypertts-0141b9cb5a341cdd489885cb512d48e7e00c9cf035cdc3a5e29e087d.mp3]	[sound:VOICEVOX_剣崎雌雄_ノーマル_6d21c118-2747-42ad-b256-9dee2887c0e7.mp3]	[sound:二十_ニ＼ジュー_1_NHK-2016.mp3]	にじゅう		
1763221256510	1782850629	Doki Doki1-1 female_voice liczebniki newVersion	三十	三[さん] 十[じゅう]	さんじゅう	sanjū	30							 三十	[sound:hypertts-ba1a63041878e74a2e928f91edb187e3b5976db2fe38883e69dbf1a6.mp3]	[sound:VOICEVOX_四国めたん_ノーマル_81969710-9a4e-43f1-8a2c-a6b1f8a26a35.mp3]	[sound:三十_サ＼ンジュー_1_NHK-2016.mp3]	さんじゅう		
1763221256511	1782850629	Doki Doki1-1 liczebniki male_voice newVersion	四十	四[よん] 十[じゅう]	よんじゅう	yonjū	40							 四十	[sound:hypertts-70b4adfeb395ed769ea522b2a04a1e51ecf7ccac5f351cbcbdb6889c.mp3]	[sound:VOICEVOX_離途_ノーマル_2ae14b68-02f1-4ff6-b3e6-a810d4eb0559.mp3]	[sound:四十_ヨ＼ンジュー_1_NHK-2016.mp3]	よんじゅう		
1763221256512	1782850629	Doki Doki1-1 female_voice liczebniki newVersion	五十	五[ご] 十[じゅう]	ごじゅう	gojū	50							 五十	[sound:hypertts-8c0075d82d61e056741a78e0c3911c85172c33d1a42faf8a51973523.mp3]	[sound:VOICEVOX_四国めたん_ノーマル_13a89755-bf82-4e79-b4b1-fda4f58285c5.mp3]	[sound:五十_ゴジュ＼ー_2_NHK-2016.mp3]	ごじゅう		
1763221256513	1782850629	Doki Doki1-1 liczebniki male_voice newVersion	六十	六[ろく] 十[じゅう]	ろくじゅう	rokujū	60							 六十	[sound:hypertts-4f1886d37716f08a1c34084b8c15981e7b706c71bdf01013d43ebad2.mp3]	[sound:VOICEVOX_離途_ノーマル_2a03fdce-5de0-4c1f-b7b7-2115e6da5bbe.mp3]	[sound:六十_ロクジュ＼ー_3_NHK-2016.mp3]	ろくじゅう		
1763221256514	1782850629	Doki Doki1-1 liczebniki male_voice newVersion	七十	七[なな] 十[じゅう]	ななじゅう	nanajū	70							 七十	[sound:hypertts-b9d47c1e85fe245e77297e753668021faa335b852b9ebe57afe462a2.mp3]	[sound:VOICEVOX_剣崎雌雄_ノーマル_98615e5a-3708-4e6f-be5d-1e03c9d52907.mp3]		ななじゅう		
1763221256515	1782850629	Doki Doki1-1 liczebniki male_voice newVersion	八十	八[はち] 十[じゅう]	はちじゅう	hachijū	80							 八十	[sound:hypertts-15ce15e027dc679d37deeac642d7b9c25fe0eff9376057c75f979dce.mp3]	[sound:VOICEVOX_離途_ノーマル_ef4d3249-f9db-416d-8e4e-ab638598aac0.mp3]	[sound:八十_ハチジュ＼ー_3_NHK-2016.mp3]	はちじゅう		
1763221256516	1782850629	Doki Doki1-1 female_voice liczebniki newVersion	九十	九[きゅう] 十[じゅう]	きゅうじゅう	kyūjū	90							 九十	[sound:hypertts-06e080f128a540cdd7163e53e4f1a387dd40b0ee0cafd74a329a7feb.mp3]	[sound:VOICEVOX_後鬼_人間ver._a07e8f9c-a837-43f3-a7c4-8dd6189c550c.mp3]		きゅうじゅう		
1763221256517	1775147485	Doki Doki1-1 liczebniki male_voice newVersion	百	 百[ひゃく]	ひゃく	hyaku	100							百	[sound:hypertts-20f64dfbd80b0e05c5bc054e081fbecc79592f811c15027e6cfe9016.mp3]	[sound:VOICEVOX_離途_ノーマル_edfcc782-dd5e-49c5-b42d-050e60b0b541.mp3]	[sound:百_ヒャク＼_2_NHK-2016.mp3]	ひゃく		"""<span style=""""box-shadow: inset -2px -2px 0 0 #FF6633;"""">ヒャ</span><span style=""""box-shadow: inset -2px 2px 0 0px #FF6633;"""">ク</span> <span class=""""pitch_number"""">2</span>"""
1763221256518	1782850629	Doki Doki1-1 liczebniki male_voice newVersion	二百	二[に] 百[ひゃく]	にひゃく	nihyaku	200							 二百	[sound:hypertts-d4ff5e834a50658f1d810e8487d783820990d5c5ad1fcb2ab0960922.mp3]	[sound:VOICEVOX_剣崎雌雄_ノーマル_62043333-c029-413e-b534-41b7100ae43b.mp3]	[sound:二百_ニヒャク_TAAS.mp3]	にひゃく		
1763221256519	1782850629	Doki Doki1-1 female_voice liczebniki newVersion	三百	三[さん] 百[びゃく]	さんびゃく	sanbyaku	300							 三百	[sound:hypertts-8f75734e9b33436c35df45634b2ac6eee3480e9d0739fa1554d30173.mp3]	[sound:VOICEVOX_四国めたん_ノーマル_2dfb2ae1-afa9-4157-ae6a-e0cb6262e46a.mp3]	[sound:三百_サンビャク_TAAS.mp3]	さんびゃく		"""<span style=""""box-shadow: inset -2px 2px 0 0px #FF6633;"""">サ</span><span style=""""box-shadow: inset 0px -2px 0 0px #FF6633;"""">ンビャク</span> <span class=""""pitch_number"""">1</span>"""
1763221256520	1782850629	Doki Doki1-1 liczebniki male_voice newVersion	四百	四[よん] 百[ひゃく]	よんひゃく	yonhyaku	400							 四百	[sound:hypertts-09d4863b90ef2753bdd46d87e8a8fd2f4e345b5f12f32453d57f432c.mp3]	[sound:VOICEVOX_離途_ノーマル_9fd1ea58-8fd4-4b5b-b5aa-f266b6faee58.mp3]	[sound:四百_ヨンヒャク_TAAS.mp3]	よんひゃく		
1763221256521	1782850629	Doki Doki1-1 female_voice liczebniki newVersion	五百	五[ご] 百[ひゃく]	ごひゃく	gohyaku	500							 五百	[sound:hypertts-b58be1539952a5d6a2c2608f3090874325cb0fc1b742a8e56c0284df.mp3]	[sound:VOICEVOX_四国めたん_ノーマル_552c1ad8-0be0-4cae-a847-6c5e801fe4f1.mp3]		ごひゃく		"""<span style=""""box-shadow: inset -2px -2px 0 0 #FF6633;"""">ゴ</span><span style=""""box-shadow: inset -2px 2px 0 0px #FF6633;"""">ヒャク</span> <span class=""""pitch_number"""">3</span>"""
1763221256522	1782850629	Doki Doki1-1 liczebniki male_voice newVersion	六百	六[ろっ] 百[ぴゃく]	ろっぴゃく	roppyaku	600							 六百	[sound:hypertts-aa82f7ff266e3740e412554a837312f0fa005d336eb260a18eca83f4.mp3]	[sound:VOICEVOX_離途_ノーマル_b392da6f-1d01-4103-8c2b-047953f2256b.mp3]		ろっぴゃく		
1763221256523	1782850629	Doki Doki1-1 liczebniki male_voice newVersion	七百	七[なな] 百[ひゃく]	ななひゃく	nanahyaku	700							 七百	[sound:hypertts-6273b204b916dd73efb42905460b7c09b91d61fbb528a16e76fc315b.mp3]	[sound:VOICEVOX_剣崎雌雄_ノーマル_06b22088-db7c-431a-b319-c7cc7eed1aaf.mp3]		ななひゃく		
1763221256524	1782850629	Doki Doki1-1 liczebniki male_voice newVersion	八百	八[はっ] 百[ぴゃく]	はっぴゃく	happyaku	800							 八百	[sound:hypertts-2ec6ad24808f1ede6254106124fa7a47d19b014f27fa3c6b147487ca.mp3]	[sound:VOICEVOX_離途_ノーマル_9f010e0f-ffb9-4c43-969b-adc53786b28f.mp3]		はっぴゃく		"""<span style=""""box-shadow: inset -2px -2px 0 0 #FF6633;"""">ハ</span><span style=""""box-shadow: inset -2px 2px 0 0px #FF6633;"""">ッピャク</span> <span class=""""pitch_number"""">4</span>"""
1763221256525	1782850629	Doki Doki1-1 female_voice liczebniki newVersion	九百	九[きゅう] 百[ひゃく]	きゅうひゃく	kyūhyaku	900							 九百	[sound:hypertts-485b8ca65ba98f75cf8c31ca41fc4d9fb8dbb87499e1d01e357ccc9e.mp3]	[sound:VOICEVOX_後鬼_人間ver._92b49044-a0e3-487c-8f06-62c835713a7e.mp3]		きゅうひゃく		"""<span style=""""box-shadow: inset -2px -2px 0 0 #FF6633;"""">ク</span><span style=""""box-shadow: inset 0px 2px 0 0px #FF6633;"""">ヒャク</span> <span class=""""pitch_number"""">0</span>, <span style=""""box-shadow: inset -2px -2px 0 0 #FF6633;"""">ク</span><span style=""""box-shadow: inset -2px 2px 0 0px #FF6633;"""">ヒャク</span> <span class=""""pitch_number"""">3</span>"""
1763221256526	1775147485	Doki Doki1-1 liczebniki male_voice newVersion	千	 千[せん]	せん	sen	1000							千	[sound:hypertts-07d566d287cde68882731c50244613d8355f6ecad48af769a938fb06.mp3]	[sound:VOICEVOX_剣崎雌雄_ノーマル_fc86cb88-39ee-4674-91b6-1017044bcc50.mp3]	[sound:千_セ＼ン_1_NHK-2016.mp3]	せん		"""<span style=""""box-shadow: inset -2px 2px 0 0px #FF6633;"""">セ</span><span style=""""box-shadow: inset 0px -2px 0 0px #FF6633;"""">ン</span> <span class=""""pitch_number"""">1</span>"""
1763221256527	1782850629	Doki Doki1-1 liczebniki male_voice newVersion	二千	二[に] 千[せん]	にせん	nisen	2000							 二千	[sound:hypertts-d9820513270dbf49fd28a94b4651a2919fd1a1698938089baedb585e.mp3]	[sound:VOICEVOX_剣崎雌雄_ノーマル_699c20e8-113e-46df-983b-ef7bea3e6530.mp3]	[sound:ニセン_ニセン━_0_NHK-2016.mp3] [sound:ニセン_ニ＼セン_1_NHK-2016.mp3] [sound:ニセン_ニセ＼ン_2_NHK-2016.mp3]	にせん		
1763221256528	1782850629	Doki Doki1-1 female_voice liczebniki newVersion	三千	三[さん] 千[ぜん]	さんぜん	sanzen	3000							 三千	[sound:hypertts-54428cbd080fa35c3fe6aa2fec69e10466c5afecbc66df1bd5ee5825.mp3]	[sound:VOICEVOX_四国めたん_ノーマル_1542e29a-b363-4757-8ad3-056b88b2dcc1.mp3]	[sound:三千_サンゼ↓ン_3_Daijisen.mp3]	さんぜん		"""<span style=""""box-shadow: inset -2px -2px 0 0 #FF6633;"""">サ</span><span style=""""box-shadow: inset -2px 2px 0 0px #FF6633;"""">ンゼ</span><span style=""""box-shadow: inset 0px -2px 0 0px #FF6633;"""">ン</span> <span class=""""pitch_number"""">3</span>"""
1763221256529	1782850629	Doki Doki1-1 liczebniki male_voice newVersion	四千	四[よん] 千[せん]	よんせん	yonsen	4000							 四千	[sound:hypertts-db9e4889537506a8b279ee363bdd5d31be540ec2f2660920f11959e4.mp3]	[sound:VOICEVOX_離途_ノーマル_415c1af5-f2c3-4633-994c-27bc1d205fab.mp3]	[sound:四千_ヨンセン_TAAS.mp3]	よんせん		
1763221256530	1782850629	Doki Doki1-1 female_voice liczebniki newVersion	五千	五[ご] 千[せん]	ごせん	gosen	5000							 五千	[sound:hypertts-3b732f95c8c2eb05d6dd6fc89629ba091ea329312bfdf5def4b5468a.mp3]	[sound:VOICEVOX_四国めたん_ノーマル_9b2278f9-c3c4-4e87-84db-bd445779c7cb.mp3]	[sound:ごせん_ゴセン━_0_NHK-2016.mp3] [sound:ゴセン_ゴセン━_0_NHK-2016.mp3]<br>	ごせん		
1763221256531	1782850629	Doki Doki1-1 liczebniki male_voice newVersion	六千	六[ろく] 千[せん]	ろくせん	rokusen	6000							 六千	[sound:hypertts-a6c5e7a300ba9d61c4c6c5850db34db866864430b7a71414a3f55cb1.mp3]	[sound:VOICEVOX_離途_ノーマル_5388a0c1-006e-41d3-b34f-458d716a803d.mp3]	[sound:ロクセン_ロクセン━_0_NHK-2016.mp3] [sound:ロクセン_ロク＼セン_2_NHK-2016.mp3] [sound:ロクセン_ロクセ＼ン_3_NHK-2016.mp3]	ろくせん		
1763221256532	1782850629	Doki Doki1-1 liczebniki male_voice newVersion	七千	七[なな] 千[せん]	ななせん	nanasen	7000							 七千	[sound:hypertts-25cf1425b0ddd630c0a3cf5675fc93a3cbb4bc40e2587fe582ffe6c3.mp3]	[sound:VOICEVOX_剣崎雌雄_ノーマル_abd6e513-bb4a-4fa8-8fcc-cdae0f5d1c0b.mp3]	[sound:ナナセン_ナナセン━_0_NHK-2016.mp3]<br>[sound:ナナセン_ナナ＼セン_2_NHK-2016.mp3]	ななせん		
1763221256533	1782850629	Doki Doki1-1 liczebniki male_voice newVersion	八千	八[はっ] 千[せん]	はっせん	hassen	8000							 八千	[sound:hypertts-9933ec177ca4cf6275b7118f05deafddb2b39cc30679050a6b4e748e.mp3]	[sound:VOICEVOX_離途_ノーマル_576c2fd4-99fa-4e57-9c19-07b5ecccced2.mp3]		はっせん		
1763221256534	1782850629	Doki Doki1-1 female_voice liczebniki newVersion	九千	九[きゅう] 千[せん]	きゅうせん	kyūsen	9000							 九千	[sound:hypertts-72aa645afd62ab5af0bca23dda28de605bc465de68d27008799b44ab.mp3]	[sound:VOICEVOX_後鬼_人間ver._be7e7a49-f341-4d7b-803a-46e26404a08b.mp3]	[sound:きゅうせん_キューセン━_0_NHK-2016.mp3]	きゅうせん		
1763221256535	1782850629	Doki Doki1-1 female_voice liczebniki newVersion	一万	一[いち] 万[まん]	いちまん	ichiman	10 000							一万	[sound:hypertts-0b6a9916e5f02de349f7cd3ae0eb3531930c565a27fe411abf069ba1.mp3]	[sound:VOICEVOX_後鬼_人間ver._90d6ae39-9263-411a-846d-08ea537a73bf.mp3]	[sound:一万_イチマ＼ン_3_NHK-2016.mp3]	いちまん		
1763221256536	1782850629	Doki Doki1-1 liczebniki male_voice newVersion	二万	二[に] 万[まん]	にまん	niman	20 000							 二万	[sound:hypertts-8762c014bf3e19b40e567810452600aa214b0b5c737658ac12f65e89.mp3]	[sound:VOICEVOX_剣崎雌雄_ノーマル_8a0996b2-4a0a-49bc-a5a8-0ef9b7bfff16.mp3]	[sound:二万_ニマン_TAAS.mp3]	にまん		
1763221256537	1782850629	Doki Doki1-1 female_voice liczebniki newVersion	三万	三[さん] 万[まん]	さんまん	sanman	30 000							 三万	[sound:hypertts-5ddadf826c1f36b2557580f295b01030277c144092eb43ec9a3dc710.mp3]	[sound:VOICEVOX_四国めたん_ノーマル_6e0c3530-4241-4d9e-9f61-479c22c26b54.mp3]	[sound:さんまん_サンマン━_0_NHK-2016.mp3]	さんまん		
1763221256538	1782850629	Doki Doki1-1 liczebniki male_voice newVersion	四万	四[よん] 万[まん]	よんまん	yonman	40 000							 四万	[sound:hypertts-0423146b22be4700c57ae75fa09e0373c33705dcc60df8f019872e6a.mp3]	[sound:VOICEVOX_離途_ノーマル_2dd4945b-d417-4e82-8954-1b4689e6ef96.mp3]		よんまん		
1763221256539	1782850629	Doki Doki1-1 female_voice liczebniki newVersion	五万	五[ご] 万[まん]	ごまん	goman	50 000							 五万	[sound:hypertts-c26298f2a7460081327ea9df5c4173b143bd6a0844530f6e0fd227a3.mp3]	[sound:VOICEVOX_四国めたん_ノーマル_7767b746-136c-4d87-8b8d-1d37f97b5a97.mp3]		ごまん		
1763221256540	1782850629	Doki Doki1-1 liczebniki male_voice newVersion	六万	六[ろく] 万[まん]	ろくまん	rokuman	60 000							 六万	[sound:hypertts-454ddbd500053cd0a3df3bb0951b3fdb9202923f3e3edc334bce8ff1.mp3]	[sound:VOICEVOX_離途_ノーマル_c8d3007b-0ca3-4ee8-8583-62cdae620d6c.mp3]		ろくまん		
1763221256541	1782850629	Doki Doki1-1 liczebniki male_voice newVersion	七万	七[なな] 万[まん]	ななまん	nanaman	70 000							 七万	[sound:hypertts-8c086740d24d1be4e59a9e6a7e7a39a89dda82a20a53a2f24d1e7dbc.mp3]	[sound:VOICEVOX_剣崎雌雄_ノーマル_efa9f9be-4701-4cd2-8d51-1949f279454a.mp3]		ななまん		
1763221256542	1782850629	Doki Doki1-1 liczebniki male_voice newVersion	八万	八[はち] 万[まん]	はちまん	hachiman	80 000							 八万	[sound:hypertts-ef7817cedd71de846e4b9331d8cc67f3aaaf8d4986eda76780665c2f.mp3]	[sound:VOICEVOX_離途_ノーマル_d3829526-2fdb-4580-80c3-a5dbe457c3d7.mp3]	[sound:はちまん_ハチ＼マン_2_NHK-2016.mp3]	はちまん		"""<span style=""""box-shadow: inset -2px -2px 0 0 #FF6633;"""">ハ</span><span style=""""box-shadow: inset -2px 2px 0 0px #FF6633;"""">チ</span><span style=""""box-shadow: inset 0px -2px 0 0px #FF6633;"""">マン</span> <span class=""""pitch_number"""">2</span>"""
1763221256543	1782850629	Doki Doki1-1 female_voice liczebniki newVersion	九万	九[きゅう] 万[まん]	きゅうまん	kyūman	90 000							 九万	[sound:hypertts-4aa90e473d12e31d182b50cfd559f7eb6fdb952097ae36f010cd13cf.mp3]	[sound:VOICEVOX_後鬼_人間ver._eb205475-b6f6-4d90-84f1-b65323d14c45.mp3]		きゅうまん		
1763221256544	1782850629	Doki Doki1-1 female_voice liczebniki newVersion	十万	十[じゅう] 万[まん]	じゅうまん	jūman	100 000							 十万	[sound:hypertts-da434748d08ee157962952d48d9036b2e8be80ab5ec790cb602dbec9.mp3]	[sound:VOICEVOX_四国めたん_ノーマル_b8f5489f-15e9-4538-a256-90717cfbb1e3.mp3]	[sound:十万_ジュウマン_TAAS.mp3]	じゅうまん		"""<span style=""""box-shadow: inset -2px -2px 0 0 #FF6633;"""">ジュ</span><span style=""""box-shadow: inset 0px 2px 0 0px #FF6633;"""">ウマン</span> <span class=""""pitch_number"""">0</span>"""
1763221256545	1782850629	Doki Doki1-1 liczebniki male_voice newVersion	百万	百[ひゃく] 万[まん]	ひゃくまん	hyakuman	1 000 000							百万	[sound:hypertts-75859a6e996e1243acc1654c197189ac9f2e60b0e0581b04584ad60b.mp3]	[sound:VOICEVOX_離途_ノーマル_a5788302-a29e-4e00-9649-d395f0a8839d.mp3]	[sound:百万_ヒャクマ＼ン_3_NHK-2016.mp3]	ひゃくまん		"""<span style=""""box-shadow: inset -2px -2px 0 0 #FF6633;"""">ヒャ</span><span style=""""box-shadow: inset -2px 2px 0 0px #FF6633;"""">クマ</span><span style=""""box-shadow: inset 0px -2px 0 0px #FF6633;"""">ン</span> <span class=""""pitch_number"""">3</span>"""
1763221963778	1775147485	Doki Doki1-2 female_voice newVersion	起きる	 起[お]きる	おきる	okiru	budzić się	 毎朝[まいあさ] 七時[ななじ]に 起[お]きます。	Codziennie rano wstaję o siódmej.	おきます	おきません				[sound:hypertts-806b56fecce455e90c091f8460c02198d2899e753f5b7827a41acbc0.mp3]	[sound:hypertts-df9a582c735f7ac606d8fd8366af78723d6102136630fb7ad70486fd.mp3]	[sound:起きる_オキ＼ル_2_NHK-2016.mp3]	おきる	まいあさななじにおきます。	"""<span style=""""box-shadow: inset -2px -2px 0 0 #FF6633;"""">オ</span><span style=""""box-shadow: inset -2px 2px 0 0px #FF6633;"""">キ</span><span style=""""box-shadow: inset 0px -2px 0 0px #FF6633;"""">ル</span> <span class=""""pitch_number"""">2</span>"""
1763221963779	1776880990	Doki Doki1-2 male_voice newVersion	食べる	 食[た]べる	たべる	taberu	jeść	 毎日[まいにち] 朝[あさ]ごはんを 食[た]べます。	Codziennie jem śniadanie.	たべます	たべません			食べる	[sound:hypertts-be804ef9f15ee090c78c6accb22054aae67f43eb6810721d1e5799e0.mp3]	[sound:hypertts-f01489a5ffd69e5c1fce2e5e7e26fdfa10d80b79139ddf2d23c0f448.mp3]	[sound:食べる_タベ＼ル_2_NHK-2016.mp3]	たべる	まいにちあさごはんをたべます。	"""<span style=""""box-shadow: inset -2px -2px 0 0 #FF6633;"""">タ</span><span style=""""box-shadow: inset -2px 2px 0 0px #FF6633;"""">ベ</span><span style=""""box-shadow: inset 0px -2px 0 0px #FF6633;"""">ル</span> <span class=""""pitch_number"""">2</span>"""
1763221963780	1784382681	Doki Doki1-2 male_voice newVersion	寝る	 寝[ね]る	ねる	neru	spać, iść spać	 毎晩[まいばん] 十一時[じゅういちじ]に 寝[ね]ます。	Każdego wieczoru kładę się spać o jedenastej.	ねます	ねません	Oznacza fizyczne (celowe) udanie się spać.			[sound:hypertts-922808140f41e09abc53aa245ee031b9a23d73e6ff302216c4676ec0.mp3]	[sound:hypertts-56fa3bc4c10d6cb8c569c707734f9a38b4483738cd78d281d0d75d37.mp3]	[sound:寝る_ネル━_0_NHK-2016.mp3]	ねる	まいばんじゅういちじにねます。	"""<span style=""""box-shadow: inset -2px -2px 0 0 #FF6633;"""">ネ</span><span style=""""box-shadow: inset 0px 2px 0 0px #FF6633;"""">ル</span> <span class=""""pitch_number"""">0</span>"""
1763221963781	1776880680	Doki Doki1-2 male_voice newVersion	見る	 見[み]る	みる	miru	patrzeć/ oglądać	 週末[しゅうまつ]に 映画[えいが]を 見[み]ます。	W weekend oglądam film.	みます	みません			見る	[sound:hypertts-69b36b647af2ea82c4f7b53d6b08b3f3fde5746525d82efb9c2111d0.mp3]	[sound:hypertts-3c7f781ceb7696342219d11b6011f475d133a2eb3f3b496aff4d3af2.mp3]	[sound:見る_ミ＼ル_1_NHK-2016.mp3]	みる	しゅうまつにえいがをみます。	"""<span style=""""box-shadow: inset -2px 2px 0 0px #FF6633;"""">ミ</span><span style=""""box-shadow: inset 0px -2px 0 0px #FF6633;"""">ル</span> <span class=""""pitch_number"""">1</span>"""
1763221963782	1776880704	Doki Doki1-2 female_voice newVersion	行く	 行[い]く	いく	iku	iść	 明日[あした] 学校[がっこう]へ 行[い]きます。	Jutro idę do szkoły.	いきます	いきません			行く	[sound:hypertts-b7c20f5977df067848b2b75906c3c9db796096905f640d1674fb604c.mp3]	[sound:hypertts-0a18f84c407a6414981b4459cd01532960a0c8ff4cb12a0933170419.mp3]	[sound:行く_イク━_0_NHK-2016.mp3]	いく	あしたがっこうへいきます。	"""<span style=""""box-shadow: inset -2px -2px 0 0 #FF6633;"""">イ</span><span style=""""box-shadow: inset 0px 2px 0 0px #FF6633;"""">ク</span> <span class=""""pitch_number"""">0</span>"""
1763221963783	1775147485	Doki Doki1-2 female_voice newVersion	帰る	 帰[かえ]る	かえる	kaeru (powrót do bazy)&nbsp;	wracać	 毎日[まいにち] 五時[ごじ]に 家[うち]に 帰[かえ]ります。	Codziennie o piątej wracam do domu.	かえります	かえりません	Powrót do własnego domu, powrót do ojczyzny, powrót do rodzinnego miasta.			[sound:hypertts-4253003224232ed2280060d0d8410e043af0fb00b2035b240579974b.mp3]	[sound:hypertts-ed7a7965ab021ddf2f5dbb5db06d3102c610c6ff795a710d9774b0de.mp3]	[sound:帰る_カ＼エル_1_NHK-2016.mp3]	かえる	まいにちごじにうちにかえります。	"""<span style=""""box-shadow: inset -2px 2px 0 0px #FF6633;"""">カ</span><span style=""""box-shadow: inset 0px -2px 0 0px #FF6633;"""">エル</span> <span class=""""pitch_number"""">1</span>"""
1763221963784	1775147485	Doki Doki1-2 female_voice newVersion	聞く	 聞[き]く	きく	kiku	słuchać/ pytać	 音楽[おんがく]を 聞[き]きます。	Słucham muzyki.	ききます	ききません				[sound:hypertts-7e36a5edc10748d9b3e48167f57bc1b54fc82e0ebb5f3b2a60bb2e6d.mp3]	[sound:hypertts-aa7473b26660a8c92c1b9485576fd12306bc5798d41102414b3e427b.mp3]	[sound:聞く_キク━_0_NHK-2016.mp3]	きく	おんがくをききます。	"""<span style=""""box-shadow: inset -2px -2px 0 0 #FF6633;""""><span style=""""color: royalblue;"""">キ</span></span><span style=""""box-shadow: inset 0px 2px 0 0px #FF6633;"""">ク</span> <span class=""""pitch_number"""">0</span>"""
1763221963786	1776881081	Doki Doki1-2 male_voice newVersion	飲む	 飲[の]む	のむ	nomu	pić	 毎朝[まいあさ]コーヒーを 飲[の]みます。	Codziennie rano piję kawę.	のみます	のみません			飲む	[sound:hypertts-0cb0280217c1511951cf8797385de31298fd8a827d7ffea10dc0772d.mp3]	[sound:hypertts-d5b24b2f54a4e509d486d9f5fa5dc94885cb97024308ff36b3b0cd7a.mp3]	[sound:飲む_ノ＼ム_1_NHK-2016.mp3]	のむ	まいあさコーヒーをのみます。	"""<span style=""""box-shadow: inset -2px 2px 0 0px #FF6633;"""">ノ</span><span style=""""box-shadow: inset 0px -2px 0 0px #FF6633;"""">ム</span> <span class=""""pitch_number"""">1</span>"""
1763221963787	1775147485	Doki Doki1-2 male_voice newVersion	話す	 話[はな]す	はなす	hanasu	rozmawiać / mówić	 電話[でんわ]で 話[はな]します。	Rozmawiam przez telefon.	はなします	はなしません				[sound:hypertts-865f6a3aea743281f8299d106ba012382b8284d3f0209df037b5bac2.mp3]	[sound:hypertts-78fada70032bf905aeca8febea9d17eb6e233ca253b08ae75fb9ee22.mp3]	[sound:話す_ハナ＼ス_2_NHK-2016.mp3]	はなす	でんわではなします。	"""<span style=""""box-shadow: inset -2px -2px 0 0 #FF6633;"""">ハ</span><span style=""""box-shadow: inset -2px 2px 0 0px #FF6633;"""">ナ</span><span style=""""box-shadow: inset 0px -2px 0 0px #FF6633;"""">ス</span> <span class=""""pitch_number"""">2</span>"""
1763221963788	1775147485	Doki Doki1-2 male_voice newVersion	読む	 読[よ]む	よむ	yomu	czytać	 毎日[まいにち] 本[ほん]を 読[よ]みます。	Codziennie czytam książkę.	よみます	よみません				[sound:hypertts-a2418a8649b59ba7abcee5fc2dbbfef95f99b1ed01c2bc067ce1d4c8.mp3]	[sound:hypertts-c9752abe2b9d992db49d6d1c5bd168b41e6d3eced79db8a3afeb94b9.mp3]	[sound:読む_ヨ＼ム_1_NHK-2016.mp3]	よむ	まいにちほんをよみます。	"""<span style=""""box-shadow: inset -2px 2px 0 0px #FF6633;"""">ヨ</span><span style=""""box-shadow: inset 0px -2px 0 0px #FF6633;"""">ム</span> <span class=""""pitch_number"""">1</span>"""
1763221963789	1775147485	Doki Doki1-2 female_voice newVersion	買う	 買[か]う	かう	kau	kupować	スーパーで 野菜[やさい]を 買[か]います。	Kupuję warzywa w supermarkecie.	かいます	かいません				[sound:hypertts-67da3c78601cf44efa4a927d67136b1312cce792c74566ca97a89214.mp3]	[sound:hypertts-b091a609f50383ba1bd284790924c2711b55e069e437e61e9a927c5c.mp3]	[sound:買う_カウ━_0_NHK-2016.mp3]	かう	スーパーでやさいをかいます。	"""<span style=""""box-shadow: inset -2px -2px 0 0 #FF6633;"""">カ</span><span style=""""box-shadow: inset 0px 2px 0 0px #FF6633;"""">ウ</span> <span class=""""pitch_number"""">0</span>"""
1763221963790	1781609407	Doki Doki1-2 male_voice newVersion	する	する	する	suru	robić, kosztować, nosić dodatek	 週末[しゅうまつ]に 宿題[しゅくだい]をします。	W weekend robię pracę domową.	します	しません				[sound:hypertts-b597ea1ec31657551881b1655c7ee8cb32edc028103ba6c09408e41c.mp3]	[sound:hypertts-f25d981dca36ef3ab9be4dcd21c5eb07dabd6d91087579e27aa8dc01.mp3]	[sound:する_スル━_0_NHK-2016.mp3]	する	しゅうまつにしゅくだいをします。	
1763221963791	1776880825	Doki Doki1-2 Doki1-5 female_voice newVersion	来る	来[く]る	くる	kuru	przychodzić	先[せん]生[せい]は 何[なん]時[じ]に 来[き]ますか。	O której przyjdzie nauczyciel?	来[き]ます	来[き]ません	czasownik nieregularny	先生は何時に来ますか。	来る	[sound:hypertts-a027f4b63e0f1b45dc62083bb371fc92d9a0876c2f11975bdbb0cad4.mp3]	[sound:hypertts-df8f640208da517876bae387d6410dea6b15c5ebc672c880d397b238.mp3]	[sound:来る_ク＼ル_1_NHK-2016.mp3]	来る	先生は何時に来ますか。	"""<span style=""""box-shadow: inset -2px 2px 0 0px #FF6633;"""">ク</span><span style=""""box-shadow: inset 0px -2px 0 0px #FF6633;"""">ル</span> <span class=""""pitch_number"""">1</span>"""
1763221963792	1782850740	Doki Doki1-2 male_voice newVersion	勉強する	勉[べん] 強[きょう]する	べんきょうする	benkyō suru	uczyć się	 図書館[としょかん]で 日本語[にほんご]を 勉強[べんきょう]します。	Uczę się japońskiego w bibliotece.	べんきょうします	べんきょうしません				[sound:hypertts-bc51fdd9ad0c330b19bac4727b8efbc8f4c642c5c36ba3d6bc2f486a.mp3]	[sound:hypertts-d13c71b4b86abea62a9bdaa1f0977f21f9cb865fe93daf83a67508c5.mp3]	[sound:勉強する_ベンキョウスル_TAAS.mp3]	べんきょうする	としょかんでにほんごをべんきょうします。	"""<span style=""""box-shadow: inset -2px -2px 0 0 #FF6633;"""">ベ</span><span style=""""box-shadow: inset 0px 2px 0 0px #FF6633;"""">ンキョウスル</span> <span class=""""pitch_number"""">0</span>"""
1763222775669	1782850629	Doki Doki1-1 female_voice minuty newVersion	一分	一[いっ] 分[ぷん]	いっぷん	ippun	1 minuta							一分	[sound:hypertts-84019b9f962f77a9f3f699ee27071927cd90ae16eac6c14d9d6aad0e.mp3]	[sound:VOICEVOX_後鬼_人間ver._c101f7e9-0d81-4d47-a552-64eb20b2a9fe.mp3]	[sound:一分_イ＼ップン_1_NHK-2016.mp3]	いっぷん		
1763222775670	1782850629	Doki Doki1-1 male_voice minuty newVersion	二分	二[に] 分[ふん]	にふん	nifun	2 minuty							 二分	[sound:hypertts-617a7266d13f8285c5e0c3e0b95fbc43f73ef8aa744a6b60c7563319.mp3]	[sound:VOICEVOX_剣崎雌雄_ノーマル_440d968b-2dd6-41d1-916b-6e1727250158.mp3]	[sound:二分_ニ＼フン_1_NHK-2016.mp3]	にふん		"""<span style=""""box-shadow: inset -2px -2px 0 0 #FF6633;"""">ニ</span><span style=""""box-shadow: inset 0px 2px 0 0px #FF6633;"""">ブン</span> <span class=""""pitch_number"""">0</span>"""
1763222775671	1782850629	Doki Doki1-1 female_voice minuty newVersion	三分	三[さん] 分[ぷん]	さんぷん	sanpun	3 minuty							 三分	[sound:hypertts-7618055b6125175e1424dbc2554199103668265aad6bbd42583b73e5.mp3]	[sound:VOICEVOX_四国めたん_ノーマル_ffd3aef0-94b1-4827-b37f-2dc4b06d8769.mp3]	[sound:三分_サ＼ンブ_1_NHK-2016.mp3]	さんぷん		"""<span style=""""box-shadow: inset -2px -2px 0 0 #FF6633;"""">サ</span><span style=""""box-shadow: inset 0px 2px 0 0px #FF6633;"""">ンブン</span> <span class=""""pitch_number"""">0</span>"""
1763222775672	1786905708	Doki Doki1-1 leech male_voice minuty newVersion	四分	四[よん] 分[ぷん]	よんぷん	yonpun	4 minuty							 四分	[sound:hypertts-a3e13f81a61f51e6060a3493a856b80b65381a031ac07b12b10e6d41.mp3]	[sound:VOICEVOX_離途_ノーマル_6b668ccc-016e-4da1-8903-ecf096f08d57.mp3]	[sound:四分_ヨ＼ンブ_1_NHK-2016.mp3]&nbsp;	よんぷん		
1763222775673	1782851193	Doki Doki1-1 female_voice minuty newVersion	五分	五[ご] 分[ふん]	ごふん	gofun	5 minut							 五分	[sound:hypertts-2dda4e8fcb82970a823859cff0668dcddf0967ffa64bfe059f127fef.mp3]	[sound:VOICEVOX_四国めたん_ノーマル_e90a230e-d095-4fc5-846a-73ec05cfd150.mp3]	[sound:五分_ゴ＼フン_1_NHK-2016.mp3]	ごふん		"""<span style=""""box-shadow: inset -2px -2px 0 0 #FF6633;"""">ゴ</span><span style=""""box-shadow: inset 0px 2px 0 0px #FF6633;"""">フン</span> <span class=""""pitch_number"""">0</span>"""
1763222775674	1782851193	Doki Doki1-1 male_voice minuty newVersion	六分	六[ろっ] 分[ぷん]	ろっぷん	roppun	6 minut							 六分	[sound:hypertts-e8a9b8771c353138104d436be2418fdd4b347bd9c0c72702133ebd19.mp3]	[sound:VOICEVOX_離途_ノーマル_3b5f08ce-e436-44a5-8ac0-0ffe07be06d5.mp3]		ろっぷん		"""<span style=""""box-shadow: inset -2px -2px 0 0 #FF6633;"""">ロ</span><span style=""""box-shadow: inset -2px 2px 0 0px #FF6633;"""">ク</span><span style=""""box-shadow: inset 0px -2px 0 0px #FF6633;"""">ブン</span> <span class=""""pitch_number"""">2</span>"""
1763222775675	1782851193	Doki Doki1-1 male_voice minuty newVersion	七分	七[なな] 分[ふん]	ななふん	nanafun	7 minut							 七分	[sound:hypertts-59fb5546c5c0c37347060f731fbc2b4bdf6c0dfad11cde515c554881.mp3]	[sound:VOICEVOX_剣崎雌雄_ノーマル_b698d0b6-fae2-4c7b-ab49-ce00d3e0021c.mp3]	[sound:七分_ナナ＼フン_2_NHK-2016.mp3]	ななふん		
1763222775676	1782851193	Doki Doki1-1 male_voice minuty newVersion	八分	八[はっ] 分[ぷん]	はっぷん	happun	8 minut							 八分	[sound:hypertts-68a91b728405060077a214a13fca6953fcbb95d302e2f0da347dba68.mp3]	[sound:VOICEVOX_離途_ノーマル_eb8f7ded-cbeb-4b2e-8fbb-07074e3608ac.mp3]	[sound:八分_ハ＼ップン_1_NHK-2016.mp3]	はっぷん		"""<span style=""""box-shadow: inset -2px -2px 0 0 #FF6633;"""">ハ</span><span style=""""box-shadow: inset 0px 2px 0 0px #FF6633;"""">ップン</span> <span class=""""pitch_number"""">0</span>"""
1763222775677	1782851193	Doki Doki1-1 female_voice minuty newVersion	九分	九[きゅう] 分[ふん]	きゅうふん	kyūfun	9 minut							 九分	[sound:hypertts-47d44885b23bfff2245f80bb4f52ae4d1b5830528d61bd09f66d3c09.mp3]	[sound:VOICEVOX_後鬼_人間ver._4b036125-c5f1-4478-89a3-797f735c3388.mp3]	[sound:九分_キュ＼ーフン_1_NHK-2016.mp3]	きゅうふん		
1763222775678	1783671236	Doki Doki1-1 female_voice minuty newVersion	十[じゅっ] 分[ぷん]	十[じゅっ] 分[ぷん]	じゅっぷん	juppun	10 minut							 十分	[sound:hypertts-20013170f079339e80721a17ba4960d84d9f6981765f0577b720c72a.mp3]	[sound:VOICEVOX_四国めたん_ノーマル_fc96f61c-3505-48cb-bf9f-3e4ef25b6ffb.mp3]	[sound:十分_ジ＼ップン_1_NHK-2016.mp3]	じゅっぷん		"""<span style=""""box-shadow: inset -2px -2px 0 0 #FF6633;"""">ジュ</span><span style=""""box-shadow: inset -2px 2px 0 0px #FF6633;"""">ーブ</span><span style=""""box-shadow: inset 0px -2px 0 0px #FF6633;"""">ン</span> <span class=""""pitch_number"""">3</span>"""
1763222775679	1782851193	Doki Doki1-1 female_voice minuty newVersion	十五分	十[じゅう] 五[ご] 分[ふん]	じゅうごふん	jūgofun	15 minut							 十五分	[sound:hypertts-52acd76c457975b70971490c96e7adbffae6a3d10ffde8772e035bb8.mp3]	[sound:VOICEVOX_四国めたん_ノーマル_d6f8bbf8-e128-4eaf-9366-7e0391b75ff4.mp3]	[sound:十五分_ジュ＼ーゴフン_1_NHK-2016.mp3]	じゅうごふん		
1763222775680	1782851193	Doki Doki1-1 male_voice minuty newVersion	二十分	二[に] 十[じゅっ] 分[ぷん]	にじゅっぷん	nijuppun	20 minut							 二十分	[sound:hypertts-87cb32112d9329a8e6be5605f9bcee502970ad4f1e5f40d621523273.mp3]	[sound:VOICEVOX_剣崎雌雄_ノーマル_81bba3e6-21ad-45c8-9c8b-3c0576aa4554.mp3]	[sound:二十分_ニ＼ジップン_1_NHK-2016.mp3]	にじゅっぷん		"""<span style=""""box-shadow: inset -2px -2px 0 0 #FF6633;"""">ニ</span><span style=""""box-shadow: inset -2px 2px 0 0px #FF6633;"""">ジュ</span><span style=""""box-shadow: inset 0px -2px 0 0px #FF6633;"""">ップン</span> <span class=""""pitch_number"""">2</span>"""
1763222775681	1782851193	Doki Doki1-1 male_voice minuty newVersion	二十五分	二[に] 十[じゅう] 五[ご] 分[ふん]	にじゅうごふん	nijūgofun	25 minut							 二十五分	[sound:hypertts-f8667ff076c0b563560de90adb785df8ec1b285e206392916ea168f0.mp3]	[sound:VOICEVOX_剣崎雌雄_ノーマル_3e7ecd66-bf40-4d70-b235-81eb6526b8b8.mp3]	[sound:二十五分_ニ＼ジュー・ゴ＼フン_1-1_NHK-2016.mp3]	にじゅうごふん		
1763222775682	1782851193	Doki Doki1-1 female_voice minuty newVersion	三十分	三[さん] 十[じゅっ] 分[ぷん]	さんじゅっぷん	sanjuppun	30 minut							 三十分	[sound:hypertts-339d71c83eaea92dd12a22218392989489adfbc58996fc0896894cc9.mp3]	[sound:VOICEVOX_四国めたん_ノーマル_b26aa0a4-75e5-4d87-b7e8-6eb9689db519.mp3]	[sound:三十分_サ＼ンジップン_1_NHK-2016.mp3]	さんじゅっぷん		
1763222775683	1782851193	Doki Doki1-1 female_voice godziny newVersion	一時	一[いち] 時[じ]	いちじ	ichiji	1:00							一時	[sound:hypertts-557eb15150cbd7b7f93363a67f3f8255ee649a96271b7161b3a4efb8.mp3]	[sound:VOICEVOX_後鬼_人間ver._00f0482e-1538-4b98-ac45-fa3c10e6ab5c.mp3]	[sound:一時_イチ＼ジ_2_NHK-2016.mp3]	いちじ		"""<span style=""""box-shadow: inset -2px -2px 0 0 #FF6633;"""">イ</span><span style=""""box-shadow: inset -2px 2px 0 0px #FF6633;"""">チ</span><span style=""""box-shadow: inset 0px -2px 0 0px #FF6633;"""">ジ</span> <span class=""""pitch_number"""">2</span>"""
1763222775684	1782851193	Doki Doki1-1 godziny male_voice newVersion	二時	二[に] 時[じ]	にじ	niji	2:00							 二時	[sound:hypertts-aaa7866cd9f747f816252dec0f58dd3cfe093a96fabbd874535b1035.mp3]	[sound:VOICEVOX_剣崎雌雄_ノーマル_2411cd96-343d-4748-9693-083ad8f032eb.mp3]	[sound:二時_ニ＼ジ_1_NHK-2016.mp3]	にじ		"""<span style=""""box-shadow: inset -2px 2px 0 0px #FF6633;"""">ニ</span><span style=""""box-shadow: inset 0px -2px 0 0px #FF6633;"""">ジ</span> <span class=""""pitch_number"""">1</span>"""
1763222775685	1782851193	Doki Doki1-1 female_voice godziny newVersion	三時	三[さん] 時[じ]	さんじ	sanji	3:00							 三時	[sound:hypertts-32dd409306f3ef5b9588fdd125d048114f09994e86e332da1afd845b.mp3]	[sound:VOICEVOX_四国めたん_ノーマル_091613e9-2293-499d-8ba4-1690f11ead08.mp3]	[sound:三時_サ＼ンジ_1_NHK-2016.mp3]	さんじ		"""<span style=""""box-shadow: inset -2px 2px 0 0px #FF6633;"""">サ</span><span style=""""box-shadow: inset 0px -2px 0 0px #FF6633;"""">ンジ</span> <span class=""""pitch_number"""">1</span>"""
1763222775686	1782851193	Doki Doki1-1 godziny male_voice newVersion	四時	四[よ] 時[じ]	よじ	yoji	4:00							 四時	[sound:hypertts-9dd1c4507a786e7ad512e179e78ab6c0ac3cf4003b17f8a060583804.mp3]	[sound:VOICEVOX_離途_ノーマル_da1ac7b9-b5d8-49bc-a2a8-ea01430811eb.mp3]	[sound:四時_ヨ＼ジ_1_NHK-2016.mp3] [sound:四時_ヨ＼ジ_1_NHK-2016(1).mp3]	よじ		"""<span style=""""box-shadow: inset -2px 2px 0 0px #FF6633;"""">ヨ</span><span style=""""box-shadow: inset 0px -2px 0 0px #FF6633;"""">ジ</span> <span class=""""pitch_number"""">1</span>"""
1763222775687	1782851193	Doki Doki1-1 female_voice godziny newVersion	五時	五[ご] 時[じ]	ごじ	goji	5:00							 五時	[sound:hypertts-223c08e7ca854642093be74a4e1f389700f4f2024b426528d716761c.mp3]	[sound:VOICEVOX_四国めたん_ノーマル_358cd9aa-03cc-482a-bf17-e6d23d1dd2a9.mp3]	[sound:五時_ゴ＼ジ_1_NHK-2016.mp3]	ごじ		"""<span style=""""box-shadow: inset -2px 2px 0 0px #FF6633;"""">ゴ</span><span style=""""box-shadow: inset 0px -2px 0 0px #FF6633;"""">ジ</span> <span class=""""pitch_number"""">1</span>"""
1763222775688	1782851193	Doki Doki1-1 godziny male_voice newVersion	六時	六[ろく] 時[じ]	ろくじ	rokuji	6:00							 六時	[sound:hypertts-b6695b5037266be75e312c4964633e0d9b162b62322277f5bbb44d2a.mp3]	[sound:VOICEVOX_離途_ノーマル_1e6b9000-9c8e-46ba-8ae0-3d87f4c34482.mp3]	[sound:六時_ロク＼ジ_2_NHK-2016.mp3]	ろくじ		"""<span style=""""box-shadow: inset -2px -2px 0 0 #FF6633;"""">ロ</span><span style=""""box-shadow: inset -2px 2px 0 0px #FF6633;"""">ク</span><span style=""""box-shadow: inset 0px -2px 0 0px #FF6633;"""">ジ</span> <span class=""""pitch_number"""">2</span>"""
1763222775689	1782851193	Doki Doki1-1 female_voice godziny newVersion	七時	七[しち] 時[じ]	しちじ	shichiji	7:00							 七時	[sound:hypertts-adf2ad4696938233306b330f47fcc4d0646b23c5d34ba1e7da1ef80c.mp3]	[sound:VOICEVOX_四国めたん_ノーマル_0befae2e-4782-4bdf-975f-69ae3463aaee.mp3]	[sound:七時_シチ＼ジ_2_NHK-2016.mp3]	しちじ		"""<span style=""""box-shadow: inset -2px -2px 0 0 #FF6633;"""">シ</span><span style=""""box-shadow: inset -2px 2px 0 0px #FF6633;"""">チ</span><span style=""""box-shadow: inset 0px -2px 0 0px #FF6633;"""">ジ</span> <span class=""""pitch_number"""">2</span>"""
1763222775690	1782851193	Doki Doki1-1 godziny male_voice newVersion	八時	八[はち] 時[じ]	はちじ	hachiji	8:00							 八時	[sound:hypertts-e99ff10e3fbaa07bf411696a5392e6002d1b5a52e165be123a4abf59.mp3]	[sound:VOICEVOX_離途_ノーマル_99d6d98a-b340-4736-88a1-17594ce56ef8.mp3]	[sound:八時_ハチ＼ジ_2_NHK-2016.mp3]	はちじ		"""<span style=""""box-shadow: inset -2px -2px 0 0 #FF6633;"""">ハ</span><span style=""""box-shadow: inset -2px 2px 0 0px #FF6633;"""">チ</span><span style=""""box-shadow: inset 0px -2px 0 0px #FF6633;"""">ジ</span> <span class=""""pitch_number"""">2</span>"""
1763222775691	1782851193	Doki Doki1-1 female_voice godziny newVersion	九時	九[く] 時[じ]	くじ	kuji	9:00							 九時	[sound:hypertts-d9cf5ae3d0923ed292a39bfeef3ce842ba2489e5c3ffcfee368155b3.mp3]	[sound:VOICEVOX_後鬼_人間ver._dbb4b17b-c479-40ae-9fca-eebbb042a2a4.mp3]	[sound:九時_ク＼ジ_1_NHK-2016.mp3]	くじ		"""<span style=""""box-shadow: inset -2px 2px 0 0px #FF6633;"""">ク</span><span style=""""box-shadow: inset 0px -2px 0 0px #FF6633;"""">ジ</span> <span class=""""pitch_number"""">1</span>"""
1763222775692	1782851193	Doki Doki1-1 female_voice godziny newVersion	十時	十[じゅう] 時[じ]	じゅうじ	jūji	10:00							 十時	[sound:hypertts-df408108497a88b65f42612faa701fe8a11751573b597c3d602a2ea1.mp3]	[sound:VOICEVOX_四国めたん_ノーマル_235732a4-8cf7-4aa9-a95b-23c5787836e3.mp3]	[sound:十時_ジュ＼ージ_1_NHK-2016.mp3]	じゅうじ		"""<span style=""""box-shadow: inset -2px 2px 0 0px #FF6633;"""">ジュ</span><span style=""""box-shadow: inset 0px -2px 0 0px #FF6633;"""">ウジ</span> <span class=""""pitch_number"""">1</span>"""
1763222775693	1782851193	Doki Doki1-1 female_voice godziny newVersion	十一時	十[じゅう] 一[いち] 時[じ]	じゅういちじ	jūichiji	11:00							十一時	[sound:hypertts-b53a21132943004a8606dccbca6ed8bcc3cc22caddd9f67fe79df73a.mp3]	[sound:VOICEVOX_四国めたん_ノーマル_12462f44-d2d1-44a5-879b-7494bcdb13e8.mp3]	[sound:十一時_ジューイチ＼ジ_4_NHK-2016.mp3]	じゅういちじ		
1763222775694	1782851193	Doki Doki1-1 female_voice godziny newVersion	十二時	十[じゅう] 二[に] 時[じ]	じゅうにじ	jūniji	12:00							 十二時	[sound:hypertts-9dd1402f8294d77da92911a0f29d9b30dc4c2ab2fdb786baaecb36f2.mp3]	[sound:VOICEVOX_四国めたん_ノーマル_2c241b59-ce62-417f-a41a-edc7794ef669.mp3]	[sound:十二時_ジューニ＼ジ_3_NHK-2016.mp3]	じゅうにじ		
1763222775695	1782851193	Doki Doki1-1 female_voice godziny newVersion	一時半	一[いち] 時[じ] 半[はん]	いちじはん	ichijihan	1:30							 一時半	[sound:hypertts-d44a4e84598e443b291a999e6f181d1d51e0cb5514e409b49c005590.mp3]	[sound:VOICEVOX_後鬼_人間ver._c0172bc9-a605-4867-bf9e-f45e3459cc00.mp3]		いちじはん		
1763222775696	1782851193	Doki Doki1-1 female_voice newVersion wiek	一歳	一[いっ] 歳[さい]	いっさい	issai	1 rok (wiek)							一歳	[sound:hypertts-a50185b768ab65b7f52c535023ec38ba64787fa42922ec8b74305fdc.mp3]	[sound:VOICEVOX_後鬼_人間ver._423d5642-4690-4e80-94d8-096703a0e6b4.mp3]	[sound:一歳_イ＼ッサイ_1_NHK-2016.mp3]	いっさい		"""<span style=""""box-shadow: inset -2px 2px 0 0px #FF6633;"""">イ</span><span style=""""box-shadow: inset 0px -2px 0 0px #FF6633;"""">ッサイ</span> <span class=""""pitch_number"""">1</span>"""
1763222775697	1782851193	Doki Doki1-1 male_voice newVersion wiek	二歳	二[に] 歳[さい]	にさい	nisai	2 lata							 二歳	[sound:hypertts-834dbf848bfb328412f2c6f2199cd74e61775799af4dd5304c95379c.mp3]	[sound:VOICEVOX_剣崎雌雄_ノーマル_c71c5bda-9ba1-4ce5-b382-f28e4d9b2c77.mp3]	[sound:二歳_ニ＼サイ_1_NHK-2016.mp3]	にさい		"""<span style=""""box-shadow: inset -2px 2px 0 0px #FF6633;"""">ニ</span><span style=""""box-shadow: inset 0px -2px 0 0px #FF6633;"""">サイ</span> <span class=""""pitch_number"""">1</span>"""
1763222775698	1782851193	Doki Doki1-1 female_voice newVersion wiek	三歳	三[さん] 歳[さい]	さんさい	sansai	3 lata							 三歳	[sound:hypertts-04e27ff7fdc453014caf8a5fc8516c2f3ac4c859fa133e8b2c01d427.mp3]	[sound:VOICEVOX_四国めたん_ノーマル_fdc7e533-480b-4a59-80cf-dd3621034afd.mp3]	[sound:三歳_サ＼ンサイ_1_NHK-2016.mp3]	さんさい		"""<span style=""""box-shadow: inset -2px 2px 0 0px #FF6633;"""">サ</span><span style=""""box-shadow: inset 0px -2px 0 0px #FF6633;"""">ンサイ</span> <span class=""""pitch_number"""">1</span>"""
1763222775699	1782851193	Doki Doki1-1 male_voice newVersion wiek	四歳	四[よん] 歳[さい]	よんさい	yonsai	4 lata							 四歳	[sound:hypertts-f42c42bd8a5724a51eef75b8b185496a92c3ec6f16de84f9238a30da.mp3]	[sound:VOICEVOX_離途_ノーマル_3531f917-91c8-4d07-9b7e-077c8be77136.mp3]	[sound:四歳_ヨ＼ンサイ_1_NHK-2016.mp3]	よんさい		"""<span style=""""box-shadow: inset -2px 2px 0 0px #FF6633;"""">ヨ</span><span style=""""box-shadow: inset 0px -2px 0 0px #FF6633;"""">ンサイ</span> <span class=""""pitch_number"""">1</span>"""
1763222775700	1782851193	Doki Doki1-1 female_voice newVersion wiek	五歳	五[ご] 歳[さい]	ごさい	gosai	5 lat							 五歳	[sound:hypertts-7bc78bb85c87352adb3075ded0fa21af183a245675a9f6ef5376e8c2.mp3]	[sound:VOICEVOX_四国めたん_ノーマル_dbeccc1f-3c67-4a2c-a575-4446a4803060.mp3]	[sound:五歳_ゴ＼サイ_1_NHK-2016.mp3]	ごさい		"""<span style=""""box-shadow: inset -2px 2px 0 0px #FF6633;"""">ゴ</span><span style=""""box-shadow: inset 0px -2px 0 0px #FF6633;"""">サイ</span> <span class=""""pitch_number"""">1</span>"""
1763222775701	1782851193	Doki Doki1-1 male_voice newVersion wiek	六歳	六[ろく] 歳[さい]	ろくさい	rokusai	6 lat							 六歳	[sound:hypertts-faf76d172fd515949aaec40dbd72e55447eab9f19db00439900edfe1.mp3]	[sound:VOICEVOX_離途_ノーマル_13f35eca-7ee2-4c9f-bf0f-0e43249682f9.mp3]	[sound:六歳_ロク＼サイ_2_NHK-2016.mp3]	ろくさい		
1763222775702	1782851193	Doki Doki1-1 male_voice newVersion wiek	七歳	七[なな] 歳[さい]	ななさい	nanasai	7 lat							 七歳	[sound:hypertts-59cf1815435a62eb967afe06ce7cce408f4d6505fc70f0c7b1fed85a.mp3]	[sound:VOICEVOX_剣崎雌雄_ノーマル_0e3a1641-9a8d-415b-b8e7-73b70db47929.mp3]	[sound:七歳_ナナ＼サイ_2_NHK-2016.mp3]	ななさい		
1763222775703	1782851193	Doki Doki1-1 male_voice newVersion wiek	八歳	八[はっ] 歳[さい]	はっさい	hassai	8 lat							 八歳	[sound:hypertts-45d85c1528051702c6fcc85bd176a986aa00a428234134f25626ef21.mp3]	[sound:VOICEVOX_離途_ノーマル_28d63ba1-e496-4fff-b761-d752e5a19fa0.mp3]	[sound:八歳_ハ＼ッサイ_1_NHK-2016.mp3]	はっさい		
1763222775704	1782851193	Doki Doki1-1 female_voice newVersion wiek	九歳	九[きゅう] 歳[さい]	きゅうさい	kyūsai	9 lat							 九歳	[sound:hypertts-a2ce0df218cf9c891eb35ba13ed23c5f2dd92f723e2797f4dec71891.mp3]	[sound:VOICEVOX_後鬼_人間ver._bc8d2497-fe75-4dd7-9c90-13fb5f156ba9.mp3]	[sound:九歳_キュ＼ーサイ_1_NHK-2016.mp3]	きゅうさい		"""<span style=""""box-shadow: inset -2px 2px 0 0px #FF6633;"""">キュ</span><span style=""""box-shadow: inset 0px -2px 0 0px #FF6633;"""">ウサイ</span> <span class=""""pitch_number"""">1</span>"""
1763222775705	1791358331	Doki Doki1-1 female_voice leech newVersion wiek	十歳	十[じゅっ] 歳[さい]	じゅっさい	jussai	10 lat							 十歳	[sound:hypertts-053bba0177a169023733caeb03e0ed1bb0890fbca106079331549ea1.mp3]	[sound:VOICEVOX_四国めたん_ノーマル_884f0f20-eed2-4d07-84c7-d5b4f2a97a0b.mp3]	[sound:十歳_ジ＼ッサイ_1_NHK-2016.mp3]	じゅっさい		"""<span style=""""box-shadow: inset -2px -2px 0 0 #FF6633;"""">ジ</span><span style=""""box-shadow: inset 0px 2px 0 0px #FF6633;"""">ッサイ</span> <span class=""""pitch_number"""">0</span>"""
1763222775706	1791358331	Doki Doki1-1 male_voice newVersion wiek	二十歳	二十歳[はたち/にじゅっさい]	はたち/にじゅっさい	hatachi/nijussai	20 lat							二十歳	[sound:hypertts-c141cd393c15200627360f4e5614b9b315b874ad6303636e50f0dea1.mp3]	[sound:VOICEVOX_離途_ノーマル_8e139144-cd26-4d0f-b080-c090a071d2ce.mp3]	[sound:二十歳_ニ＼ジッサイ_1_NHK-2016.mp3] [sound:二十歳_ニジ＼ッサイ_2_NHK-2016.mp3] [sound:二十歳_ニ＼ジュッサイ_1_NHK-2016.mp3] [sound:二十歳_ニジュ＼ッサイ_2_NHK-2016.mp3] [sound:二十歳_ハ＼タチ_1_NHK-2016.mp3]	はたち/にじゅっさい		"""<span style=""""box-shadow: inset -2px 2px 0 0px #FF6633;"""">ハ</span><span style=""""box-shadow: inset 0px -2px 0 0px #FF6633;"""">タチ</span> <span class=""""pitch_number"""">1</span>"""
1763222775707	1782851193	Doki Doki1-1 female_voice newVersion rok_nauki	一年生	一[いち] 年[ねん] 生[せい]	いちねんせい	ichinensei	1. rok							一 年[ねん]生	[sound:hypertts-e8401ae43dc900336b5264b6533b353760ec13ebd3e5ce4c60e85814.mp3]	[sound:VOICEVOX_後鬼_人間ver._9591759e-a63e-455e-8f59-5bc3d37a090b.mp3]	[sound:一年生_イチネンセー━_0_NHK-2016.mp3] [sound:一年生_イチネ＼ンセー_3_NHK-2016.mp3] [sound:一年生_イチネ＼ンセー_3_NHK-2016(1).mp3]	いちねんせい		"""<span style=""""box-shadow: inset -2px -2px 0 0 #FF6633;"""">イ</span><span style=""""box-shadow: inset 0px 2px 0 0px #FF6633;"""">チネンセイ</span> <span class=""""pitch_number"""">0</span>, <span style=""""box-shadow: inset -2px -2px 0 0 #FF6633;"""">イ</span><span style=""""box-shadow: inset -2px 2px 0 0px #FF6633;"""">チネ</span><span style=""""box-shadow: inset 0px -2px 0 0px #FF6633;"""">ンセイ</span> <span class=""""pitch_number"""">3</span>"""
1763222775708	1782851193	Doki Doki1-1 male_voice newVersion rok_nauki	二年生	二[に] 年[ねん] 生[せい]	にねんせい	ninensei	2. rok							 二 年[ねん]生	[sound:hypertts-82fff5f39aea70b023d48311a7977c38dfb8a941e96c308703462815.mp3]	[sound:VOICEVOX_剣崎雌雄_ノーマル_6cd168be-f68d-4271-bad4-71190451f503.mp3]	[sound:二年生_ニネンセー━_0_NHK-2016.mp3]	にねんせい		"""<span style=""""box-shadow: inset -2px -2px 0 0 #FF6633;"""">ニ</span><span style=""""box-shadow: inset 0px 2px 0 0px #FF6633;"""">ネンセイ</span> <span class=""""pitch_number"""">0</span>"""
1763222775709	1782851193	Doki Doki1-1 female_voice newVersion rok_nauki	三年生	三[さん] 年[ねん] 生[せい]	さんねんせい	sannensei	3. rok							 三 年[ねん]生	[sound:hypertts-a9759395c312f5398a7a0053341291e07595b90ea3b17e58b962df27.mp3]	[sound:VOICEVOX_四国めたん_ノーマル_424bb29e-062d-413a-961b-816d36327135.mp3]	[sound:三年生_サンネ＼ンセー_3_NHK-2016.mp3]	さんねんせい		"""<span style=""""box-shadow: inset -2px -2px 0 0 #FF6633;"""">サ</span><span style=""""box-shadow: inset -2px 2px 0 0px #FF6633;"""">ンネ</span><span style=""""box-shadow: inset 0px -2px 0 0px #FF6633;"""">ンセイ</span> <span class=""""pitch_number"""">3</span>"""
1763222775710	1782885055	Doki Doki1-1 male_voice newVersion rok_nauki	四年生	四[よ] 年[ねん] 生[せい]	よねんせい	yonensei	4. rok							 四 年[ねん]生	[sound:hypertts-9fc29f5b6871f332ea538241d514231fd657035e0219825fd6e52799.mp3]	[sound:VOICEVOX_離途_ノーマル_e69ff550-32be-4a3c-8ba0-23bce4f83d3f.mp3]	[sound:四年生_ヨネ＼ンセー_2_NHK-2016.mp3]	よねんせい		
1763222775711	1782851193	Doki Doki1-1 female_voice newVersion rok_nauki	五年生	五[ご] 年[ねん] 生[せい]	ごねんせい	gonensei	5. rok							 五 年[ねん]生	[sound:hypertts-3e4dce6cb07e6f29b04866cee339908f4cb316af6b8ff6b0e1699477.mp3]	[sound:VOICEVOX_四国めたん_ノーマル_7870bbf7-d2fd-4fb9-ad66-b40ae818857c.mp3]	[sound:五年生_ゴネ＼ンセー_2_NHK-2016.mp3]	ごねんせい		"""<span style=""""box-shadow: inset -2px -2px 0 0 #FF6633;"""">ゴ</span><span style=""""box-shadow: inset -2px 2px 0 0px #FF6633;"""">ネ</span><span style=""""box-shadow: inset 0px -2px 0 0px #FF6633;"""">ンセイ</span> <span class=""""pitch_number"""">2</span>"""
1763222775712	1782851193	Doki Doki1-1 male_voice newVersion rok_nauki	六年生	六[ろく] 年[ねん] 生[せい]	ろくねんせい	rokunensei	6. rok							 六 年[ねん]生	[sound:hypertts-70212b55f0e6912fab407439424dcc0dc824b79ca4b9c2f94c18c6cd.mp3]	[sound:VOICEVOX_離途_ノーマル_a5bcf2db-a363-4c64-8a92-42c65e71d13e.mp3]	[sound:六年生_ロクネ＼ンセー_3_NHK-2016.mp3]	ろくねんせい		"""<span style=""""box-shadow: inset -2px -2px 0 0 #FF6633;"""">ロ</span><span style=""""box-shadow: inset -2px 2px 0 0px #FF6633;"""">クネ</span><span style=""""box-shadow: inset 0px -2px 0 0px #FF6633;"""">ンセイ</span> <span class=""""pitch_number"""">3</span>"""
1763222775713	1782851193	Doki Doki1-1 female_voice newVersion rok_nauki	七年生	七[しち] 年[ねん] 生[せい]	しちねんせい	shichinensei	7. rok							 七 年[ねん]生	[sound:hypertts-7871eaba20bf8fa2b819963a60d0fa036618defd719c157bbd314142.mp3]	[sound:VOICEVOX_四国めたん_ノーマル_aad41e7f-1de0-49ec-9a26-b11ebb2169b3.mp3]	[sound:七年生_シチネ＼ンセー_3_NHK-2016.mp3]	しちねんせい		
1763222775714	1782851193	Doki Doki1-1 male_voice newVersion rok_nauki	八年生	八[はち] 年[ねん] 生[せい]	はちねんせい	hachinensei	8. rok							 八 年[ねん]生	[sound:hypertts-0ffaab975e7c744006252c4dacd3cdd7670abf6fcc6935b37b2ab0de.mp3]	[sound:VOICEVOX_離途_ノーマル_24ff533c-6ee6-4352-8ab9-aedc61ba6570.mp3]	[sound:八年生_ハチネ＼ンセー_3_NHK-2016.mp3]	はちねんせい		
1763222775715	1782885055	Doki Doki1-1 male_voice newVersion	何歳ですか	何[なん] 歳[さい]ですか	なんさいですか	Nansai desu ka?	Ile masz lat?								[sound:hypertts-af078e91af71ec99b66b5ff91c20b75e5a4608109c9bb05a2658df9e.mp3]	[sound:VOICEVOX_剣崎雌雄_ノーマル_1f3c0e38-1409-4244-80a3-56637344833d.mp3]		なんさいですか		
1763222775716	1778405423	Doki Doki1-1 male_voice newVersion	私はx歳です	 私[わたし]はx 歳[さい]です	わたしはxさいです	Watashi wa X-sai desu.	Mam X lat.							私はx歳です	[sound:hypertts-f6f4d5aecd77b650be264392faf86d74bcfd8f74491e6dbe14be9f22.mp3]	[sound:VOICEVOX_離途_ノーマル_7da3dfff-5c3b-46df-9507-8b155e3a5948.mp3]		わたしはxさいです		
1763222775717	1782885097	Doki Doki1-1 female_voice newVersion	今何時ですか	今[いま] 何[なん] 時[じ]ですか	いまなんじですか	Ima nanji desu ka?	Która jest teraz godzina?							今 何[なん]時ですか	[sound:hypertts-79c4206a4403dc36f1cc863913502b8168614c0e6cc51bc323eeeccd.mp3]	[sound:VOICEVOX_後鬼_人間ver._6f4306d5-11ff-4c37-b227-ae5df6d30a13.mp3]		いまなんじですか		
1763222775718	1776880505	Doki Doki1-1 female_voice newVersion	今はx時です	 今[いま]はx 時[じ]です	いまは xじです	Ima wa X-ji desu.	Teraz jest godzina X.							 今はx 時です	[sound:hypertts-d4f2f2dbfe2057571af88af42e6dbf492057fb6413b0adf93fbb3d70.mp3]	[sound:VOICEVOX_後鬼_人間ver._c88ad900-c709-4cdb-9490-d916f302ab0b.mp3]		いまはxじです		
1763222775719	1782851242	Doki Doki1-1 male_voice newVersion	何年生ですか	何[なん] 年[ねん] 生[せい]ですか	なんねんせいですか	Nannensei desu ka?	Na którym roku jesteś?							何年[なんねん]生ですか	[sound:hypertts-64d5b9f86ec4407d70e310066d5988a6dabab483a2bc1804c4dae001.mp3]	[sound:VOICEVOX_剣崎雌雄_ノーマル_f345511f-2e95-4d69-8472-042c68d22811.mp3]		なんねんせいですか		
1763222775720	1782885055	Doki Doki1-1 male_voice newVersion	私はx年生です	私[わたし]はx 年[ねん] 生[せい]です	わたしは xねんせいです	Watashi wa X-nensei desu.	Jestem na X roku.							私はx 年[ねん]生です	[sound:hypertts-bcbdc79cc994b1a0c862962558932d6a325379faf02feb503184a9e2.mp3]	[sound:VOICEVOX_離途_ノーマル_10d7c35d-58a7-4ea3-bce1-f26dc69df84f.mp3]		わたしはxねんせいです		
1763224837110	1788192529	Doki Doki1-2 female_voice newVersion	 家[うち]	 家[うち]	うち	uchi	dom (rodzinny)	 学校[がっこう]のあと、 家[うち]に 帰[かえ]ります。	Po szkole wracam do domu.						[sound:hypertts-c512d0a2b4c0d254446a9cde65c5f1ffe1aebc69e52612beb8881e8e.mp3]	[sound:hypertts-d22235ac854f6ad4e2dcde454d926ce67023d939446463cc1e23936a.mp3]	[sound:うち_ウチ━_0_NHK-2016.mp3]	うち	がっこうのあと、うちにかえります。	"""<span style=""""box-shadow: inset -2px -2px 0 0 #FF6633;"""">ウ</span><span style=""""box-shadow: inset 0px 2px 0 0px #FF6633;"""">チ</span> <span class=""""pitch_number"""">0</span>, <span style=""""box-shadow: inset -2px 2px 0 0px #FF6633;"""">ウ</span><span style=""""box-shadow: inset 0px -2px 0 0px #FF6633;"""">チ</span> <span class=""""pitch_number"""">1</span>"""
1763224837115	1775147485	Doki Doki1-3 male_voice newVersion	海	 海[うみ]	うみ	umi	morze	 海[うみ]で 休[やす]みましょうか。	Może odpoczniemy nad morzem?						[sound:hypertts-ccec5a75cfb9f5494defff09bc06c8f6947f00cdc1bfa75d75829b0d.mp3]	[sound:hypertts-6692a8ea8d35c556872aed1ceb3d7d89b93cb8bcbb7ec736365cd4e0.mp3]	[sound:海_ウ＼ミ_1_NHK-2016.mp3]	うみ	うみでやすみましょうか。	"""<span style=""""box-shadow: inset -2px 2px 0 0px #FF6633;"""">ウ</span><span style=""""box-shadow: inset 0px -2px 0 0px #FF6633;"""">ミ</span> <span class=""""pitch_number"""">1</span>"""
1763224837116	1775147485	Doki Doki1-3 female_voice newVersion	上	 上[うえ]	うえ	ue	na górze, nad	 机[つくえ]の 上[うえ]に 本[ほん]があります。	Na biurku jest książka.					上	[sound:hypertts-a195f1a2d7b860b3412c2bdbfd1c66626be65231aacf42731c285336.mp3]	[sound:hypertts-9c23fee10d8bdc558ea382a928ca0416e957ec32f87a3ffec1d0d8b5.mp3]	[sound:上_ウエ━_0_NHK-2016.mp3]	うえ	つくえのうえにほんがあります。	"""<span style=""""box-shadow: inset -2px -2px 0 0 #FF6633;"""">ウ</span><span style=""""box-shadow: inset 0px 2px 0 0px #FF6633;"""">エ</span> <span class=""""pitch_number"""">0</span>"""
1763224837118	1782851193	Doki Doki1-3 female_voice newVersion	映画	映[えい] 画[が]	えいが	eiga	film	 昨日[きのう] 映画[えいが]を 見[み]ました。	Wczoraj oglądałem film.			Może też znaczyć „kino” jako dziedzina.			[sound:hypertts-0440289f672b4d1c22dd6730e39d204038fff2366349cf01f8654b37.mp3]	[sound:hypertts-7a5fdcaef0ed78330803721fe1ef452b059f67f1d4b72582d9fcd1ba.mp3]	[sound:映画_エイガ━_0_NHK-1998.mp3] [sound:映画_エ＼イガ_1_NHK-1998.mp3]	えいが	きのうえいがをみました。	"""<span style=""""box-shadow: inset -2px -2px 0 0 #FF6633;"""">エ</span><span style=""""box-shadow: inset 0px 2px 0 0px #FF6633;"""">イカ<span style=""""color: red;"""">°</span></span> <span class=""""pitch_number"""">0</span>, <span style=""""box-shadow: inset -2px 2px 0 0px #FF6633;"""">エ</span><span style=""""box-shadow: inset 0px -2px 0 0px #FF6633;"""">イカ<span style=""""color: red;"""">°</span></span> <span class=""""pitch_number"""">1</span>"""
1763224837125	1775147485	Doki Doki1-2 female_voice newVersion	傘	 傘[かさ]	かさ	kasa	parasol	 今日[きょう]は 雨[あめ]ですから、 傘[かさ]を 持[も]ちます。	Dziś pada, więc biorę parasol.						[sound:hypertts-ae211a75a39a83e195b8a2a9aa506c1653e6f5b1d0c7eae80104773c.mp3]	[sound:hypertts-7868d4240f5894e4910ad19506bf10f37cfb721358dd4536496b7469.mp3]	[sound:傘_カ＼サ_1_NHK-2016.mp3]	かさ	きょうはあめですから、かさをもちます。	"""<span style=""""box-shadow: inset -2px 2px 0 0px #FF6633;"""">カ</span><span style=""""box-shadow: inset 0px -2px 0 0px #FF6633;"""">サ</span> <span class=""""pitch_number"""">1</span>"""
1763224837142	1782851193	Doki Doki1-3 female_voice newVersion	子供	子[こ] 供[ども]	こども	kodomo	dziecko	 子供[こども]が 公園[こうえん]で 遊[あそ]んでいます。	Dziecko bawi się w parku.			Może oznaczać własne dziecko lub dzieci ogólnie.			[sound:hypertts-d3f82d2c58c69204da1e72d2f5ea646f4f206d673ca1cac28d3bbb13.mp3]	[sound:hypertts-a11e8e3877f7fcfe4900ebf82248e4420c58471f240ef03a4e8b4843.mp3]	[sound:子供_コドモ━_0_NHK-2016.mp3]	こども	こどもがこうえんであそんでいます。	"""<span style=""""box-shadow: inset -2px -2px 0 0 #FF6633;"""">コ</span><span style=""""box-shadow: inset 0px 2px 0 0px #FF6633;"""">ドモ</span> <span class=""""pitch_number"""">0</span>"""
1763224837143	1781614403	Doki Doki1-2 female_voice newVersion	魚	魚[さかな]	さかな	sakana	ryba	スーパーで 魚[さかな]を 買[か]います。	Kupuję rybę w supermarkecie.						[sound:hypertts-f028cd435705de13feb25dc59ed20746eb11f8dc4e96183d62b51090.mp3]	[sound:hypertts-7cfdae0625c36cda7a1dd0c7c79739d41cfbcaf1e89be5a2500d60f8.mp3]	[sound:魚_サカナ━_0_NHK-2016.mp3]	さかな	スーパーでさかなをかいます。	"""<span style=""""box-shadow: inset -2px -2px 0 0 #FF6633;"""">サ</span><span style=""""box-shadow: inset 0px 2px 0 0px #FF6633;"""">カナ</span> <span class=""""pitch_number"""">0</span>"""
1763224837159	1789212532	Doki Doki1-3 leech male_voice newVersion	側[そば]	 側[そば]	そば	sobā	obok, w pobliżu (na wyciągnięcie ręki)	 駅[えき]の 側[そば]にコンビニがあります。	Obok dworca jest konbini.			Oznacza bardzo bliską odległość, niemal bezpośrednie sąsiedztwo. Często sugeruje dystans, który można pokonać wyciągając rękę lub robiąc kilka kroków. Często używane w relacjach międzyludzkich, aby wyrazić bliskość emocjonalną, wsparcie lub bycie „przy kimś”. Odnosi się wyłącznie do przestrzeni fizycznej (lub metaforycznej przestrzeni emocjonalnej), nigdy do czasu.&nbsp;			[sound:hypertts-579771bc7b79b6c3eea417b9298b8440406597e219359db5de7d5d88.mp3]	[sound:hypertts-f14bcac877ed34237dc0ac6132675089f04275e0f2f40d5caf82819a.mp3]	[sound:側_ソ＼バ_1_NHK-2016.mp3]	そば	えきのそばにコンビニがあります。	"""<span style=""""box-shadow: inset -2px 2px 0 0px #FF6633;"""">ソ</span><span style=""""box-shadow: inset 0px -2px 0 0px #FF6633;"""">バ</span> <span class=""""pitch_number"""">1</span>"""
1763224837169	1775147485	Doki Doki1-3 male_voice newVersion	机	 机[つくえ]	つくえ	tsukue	biurko, stolik	 机[つくえ]の 上[うえ]にコンピューターがあります。	Na biurku jest komputer.			Mebel, miejsce pracy/nauki			[sound:hypertts-45f23da3fa6a0873ca53674ac3c2114f4aad2e98516a5eca07d9cbcf.mp3]	[sound:hypertts-cfa7b757fc32faecaeb016b8d58faaee7adec2b15297a9a5a9f2799d.mp3]	[sound:机_ツクエ━_0_NHK-2016.mp3]	つくえ	つくえのうえにコンピューターがあります。	"""<span style=""""box-shadow: inset -2px -2px 0 0 #FF6633;""""><span style=""""color: royalblue;"""">ツ</span></span><span style=""""box-shadow: inset 0px 2px 0 0px #FF6633;"""">クエ</span> <span class=""""pitch_number"""">0</span>"""
1763224837183	1775147485	Doki Doki1-2 male_voice newVersion	肉	 肉[にく]	にく	niku	mięso	 肉[にく]と 野菜[やさい]を 食[た]べます。	Jem mięso i warzywa.						[sound:hypertts-7a8ea64486759eb75dbaaf216c6b6a350feee686ce0d7fec5515086f.mp3]	[sound:hypertts-715a4b9149e8a5767abf5bc0a6e7641f8e0affaed89245796d4c5015.mp3]	[sound:肉_ニク＼_2_NHK-2016.mp3]	にく	にくとやさいをたべます。	"""<span style=""""box-shadow: inset -2px -2px 0 0 #FF6633;"""">ニ</span><span style=""""box-shadow: inset -2px 2px 0 0px #FF6633;"""">ク</span> <span class=""""pitch_number"""">2</span>"""
1763225790767	1782851193	Doki Doki1-2 male_voice newVersion	飛行機	飛[ひ] 行[こう] 機[き]	ひこうき	hikouki	samolot	 飛行機[ひこうき]で 日本[にほん]へ 行[い]きます。	Lecę samolotem do Japonii.					飛[ひ]行 機[き]	[sound:hypertts-b666059845ea2f44490fb02f1e97f99c1f0633c213d23c46cae66933.mp3]	[sound:hypertts-f51363bcff73cfa3938f835488d0b3f0e2b4e1f42e641f65efc9860f.mp3]	[sound:飛行機_ヒコ＼ーキ_2_NHK-2016.mp3]	ひこうき	ひこうきでにほんへいきます。	"""<span style=""""box-shadow: inset -2px -2px 0 0 #FF6633;""""><span style=""""color: royalblue;"""">ヒ</span></span><span style=""""box-shadow: inset -2px 2px 0 0px #FF6633;"""">コ</span><span style=""""box-shadow: inset 0px -2px 0 0px #FF6633;"""">ーキ</span> <span class=""""pitch_number"""">2</span>"""
1763225790768	1781031029	Doki Doki1-3 leech male_voice newVersion	左	 左[ひだり]	ひだり	hidari	lewy	 左手[ひだりて]に 鞄[かばん]を 持[も]ちます。	Trzymam torbę w lewej ręce.					左	[sound:hypertts-3c43322e3576e86f026fa4891124728001ba0617b73c275356554466.mp3]	[sound:hypertts-de8d6b3bccf3e95de7efbe00d5ee6deab0d687f1ec3e746749ff09ac.mp3]	[sound:左_ヒダリ━_0_NHK-2016.mp3]	ひだり	ひだりてにかばんをもちます。	"""<span style=""""box-shadow: inset -2px -2px 0 0 #FF6633;"""">ヒ</span><span style=""""box-shadow: inset 0px 2px 0 0px #FF6633;"""">ダリ</span> <span class=""""pitch_number"""">0</span>"""
1763225790774	1782851193	Doki Doki1-3 male_voice newVersion	部屋	部[へ] 屋[や]	へや	heya	pokój	 私[わたし]の 部屋[へや]は 綺麗[きれい]です。	Mój pokój jest czysty.			Pomieszczenie w domu.			[sound:hypertts-1b0586b1413225a06575327d59263a13057e791732671471e6cf2b9e.mp3]	[sound:hypertts-cd9ad0fd3872584ac62e54bb485144b9ed30bb20e38725790dee125c.mp3]	[sound:部屋_ヘヤ＼_2_NHK-2016.mp3]	へや	わたしのへやはきれいです。	"""<span style=""""box-shadow: inset -2px -2px 0 0 #FF6633;"""">ヘ</span><span style=""""box-shadow: inset -2px 2px 0 0px #FF6633;"""">ヤ</span> <span class=""""pitch_number"""">2</span>"""
1763225790782	1775147485	Doki Doki1-3 male_voice newVersion	窓	 窓[まど]	まど	mado	okno	 窓[まど]を 開[あ]けます。	Otwieram okno。		窓				[sound:hypertts-0dcd4730c9ece8d2a2e6da9c87770dde49032e4a06e1fa110e9a1cb1.mp3]	[sound:hypertts-bd5def6c6213868ab19382f2bc5abc102a1091faf9ea19a418f86cb4.mp3]	[sound:窓_マ＼ド_1_NHK-2016.mp3]	まど	まどをあけます。	"""<span style=""""box-shadow: inset -2px 2px 0 0px #FF6633;"""">マ</span><span style=""""box-shadow: inset 0px -2px 0 0px #FF6633;"""">ド</span> <span class=""""pitch_number"""">1</span>"""
1763225790790	1775147485	Doki Doki1-2 male_voice newVersion	虫	 虫[むし]	むし	mushi	robak / owad	 夏[なつ]に 虫[むし]がたくさんいます。	Latem jest dużo owadów.						[sound:hypertts-00c2947fd9c12e72ae1f5349209b2c36d264b46e4749fd06c4626a8a.mp3]	[sound:hypertts-0b843f0222613742383b17a63793b8e99fcc2c60e39517f59bbb06f7.mp3]	[sound:虫_ムシ━_0_NHK-2016.mp3]	むし	なつにむしがたくさんいます。	"""<span style=""""box-shadow: inset -2px -2px 0 0 #FF6633;"""">ム</span><span style=""""box-shadow: inset 0px 2px 0 0px #FF6633;"""">シ</span> <span class=""""pitch_number"""">0</span>"""
1763225790799	1791214975	Doki Doki1-3 male_voice newVersion	森	 森[もり]	もり	mori	las	 一緒[いっしょ]に 森[もり]に 行[い]きませんか。	Może pójdziemy razem do lasu?			rzeczownik. Las.			[sound:hypertts-e76b737888dd270e170d681683ec5f5e819e2ba50c585fc6f1cb3aff.mp3]	[sound:hypertts-d2e9bba251cda881a591427f3d2bf547ce2cde478d9f7ad081b8a38b.mp3]	[sound:森_モリ━_0_NHK-2016.mp3]	もり	いっしょにもりにいきませんか。	"""<span style=""""box-shadow: inset -2px -2px 0 0 #FF6633;"""">モ</span><span style=""""box-shadow: inset 0px 2px 0 0px #FF6633;"""">リ</span> <span class=""""pitch_number"""">0</span>"""
1763225790801	1791358331	Doki Doki1-2 male_voice newVersion	野菜	野[や] 菜[さい]	やさい	yasai	warzywa	 毎日[まいにち] 野菜[やさい]を 食[た]べます。	Codziennie jem warzywa.						[sound:hypertts-c147b87e342cb083b952463b04340ba2f56ab6b1075530bc5b4ab175.mp3]	[sound:hypertts-22738ba5cc068a7b1ea7155903e792d55f282193cfd8d29823b1ef42.mp3]	[sound:野菜_ヤサイ━_0_NHK-2016.mp3]	やさい	まいにちやさいをたべます。	"""<span style=""""box-shadow: inset -2px -2px 0 0 #FF6633;"""">ヤ</span><span style=""""box-shadow: inset 0px 2px 0 0px #FF6633;"""">サイ</span> <span class=""""pitch_number"""">0</span>"""
1763225790809	1775147485	Doki Doki1-3 male_voice newVersion	夜	 夜[よる]	よる	yoru	noc	 夜[よる] １１時[じゅういちじ]に 寝[ね]ます。	Kładę się spać o jedenastej w nocy.			Pora wieczór/noc.			[sound:hypertts-6077ff17745663bd7c8035d4cc07d353ac9d58e5ca31e00c50cded8f.mp3]	[sound:hypertts-a7396f378276b04325a31fc5ddf9194e06764a3b3f16905f60b8307e.mp3]	[sound:夜_ヨ＼ル_1_NHK-2016.mp3]	よる	よる１１じにねます。	"""<span style=""""box-shadow: inset -2px 2px 0 0px #FF6633;"""">ヨ</span><span style=""""box-shadow: inset 0px -2px 0 0px #FF6633;"""">ル</span> <span class=""""pitch_number"""">1</span>"""
1763225790812	1782851193	Doki Doki1-3 male_voice newVersion	来週	来[らい] 週[しゅう]	らいしゅう	raishuu	przyszły tydzień	 来週[らいしゅう] 休[やす]みです。	Przyszły tydzień wolne.					来 週[しゅう]	[sound:hypertts-b6ecd37484f0d5a957796dde377d932797c7dcf9aa4c311e24b98f44.mp3]	[sound:hypertts-1f271abdb9b3dcb21b4913e7180b7bebfb4d9c15f2331ca3ccdbb04d.mp3]	[sound:来週_ライシュー━_0_NHK-2016.mp3]	らいしゅう	らいしゅう やすみ です	"""<span style=""""box-shadow: inset -2px -2px 0 0 #FF6633;"""">ラ</span><span style=""""box-shadow: inset 0px 2px 0 0px #FF6633;"""">イシュー</span> <span class=""""pitch_number"""">0</span>"""
1763225790813	1782851193	Doki Doki1-3 male_voice newVersion	来月	来[らい] 月[げつ]	らいげつ	raigetsu	przyszły miesiąc	 来月[らいげつ] 勉強[べんきょう]します。	W przyszłym miesiącu będę się uczyć.					 来月	[sound:hypertts-3656b51b6cfc8d85e9905ec47a0398ab377183db219da98b721e178f.mp3]	[sound:hypertts-a0ea8e7607515382eeddaf52ee762033b2ffabe56f24366304dcca1a.mp3]	[sound:来月_ラ＼イケ゚ツ_1_NHK-2016.mp3]	らいげつ	らいげつ べんきょう します。	"""<span style=""""box-shadow: inset -2px 2px 0 0px #FF6633;"""">ラ</span><span style=""""box-shadow: inset 0px -2px 0 0px #FF6633;"""">イケ<span style=""""color: red;"""">&#176;</span>ツ</span> <span class=""""pitch_number"""">1</span>"""
1763225790814	1782851193	Doki Doki1-3 male_voice newVersion	来年	来[らい] 年[ねん]	らいねん	rainen	przyszły rok	 来年[らいねん] 大学[だいがく] 行[い]きます。	Przyszły rok na uniwersytet.					来 年[ねん]	[sound:hypertts-909e23e7b009904a6c9bd6a96dcf302c0f380c1960875dfc152140de.mp3]	[sound:hypertts-7cd5b84793242ca55cad2e04798f3d967e3cbdeb94bb3d66bf371007.mp3]	[sound:来年_ライネン━_0_NHK-2016.mp3]	らいねん	らいねん だいがく いきます	"""<span style=""""box-shadow: inset -2px -2px 0 0 #FF6633;"""">ラ</span><span style=""""box-shadow: inset 0px 2px 0 0px #FF6633;"""">イネン</span> <span class=""""pitch_number"""">0</span>"""
1763225790832	1782885055	Doki Doki1-2 male_voice newVersion	手紙を書く	手[て] 紙[がみ]を 書[か]く	てがみをかく	tegami o kaku	pisać listy	 郵便局[ゆうびんきょく]で 手紙[てがみ]を 書[か]きます。	Piszę listy na poczcie.	かけます	かけません	かきます = pisać (ręcznie)			[sound:hypertts-0e1ef2e62a619c7a16fc42aad73d6b1a73cb70b35d91511bd3ca9a38.mp3]	[sound:hypertts-3eb88d0285ace982f1074bfcb63159639b0a3af12ed10defb52a2749.mp3]		てがみをかく	ゆうびんきょくでてがみをかきます。	
1763551593830	1775147485	Doki Doki1-2 male_voice newVersion	たくさん	たくさん	たくさん	takusan	dużo	ご 飯[はん]をたくさん 食[た]べます。	Jem dużo ryżu/posiłku.						[sound:hypertts-1a6e1e4f812548595a1e2cc9be1082768534349a2ca9bd430d02891b.mp3]	[sound:hypertts-f5f9346909c41bb1234f2e270795570c6906a6b8002b9d143268a2da.mp3]	[sound:たくさん_タクサン━_0_NHK-2016.mp3] [sound:たくさん_タクサ＼ン_3_NHK-2016.mp3]	たくさん	ごはんをたくさんたべます。	"""<span style=""""box-shadow: inset -2px -2px 0 0 #FF6633;"""">タ</span><span style=""""box-shadow: inset 0px 2px 0 0px #FF6633;""""><span style=""""color: royalblue;"""">ク</span>サン</span> <span class=""""pitch_number"""">0</span>, <span style=""""box-shadow: inset -2px -2px 0 0 #FF6633;"""">タ</span><span style=""""box-shadow: inset -2px 2px 0 0px #FF6633;""""><span style=""""color: royalblue;"""">ク</span>サ</span><span style=""""box-shadow: inset 0px -2px 0 0px #FF6633;"""">ン</span> <span class=""""pitch_number"""">3</span>"""
1763551593831	1791206769	Doki Doki1-2 leech male_voice newVersion	少し	 少[すこ]し	すこし	sukoshi	trochę	コーヒーを 少[すこ]し 飲[の]みます。	Piję trochę kawy.			przysłówek i rzeczownik ilościowy.			[sound:hypertts-2b600c4533cd7501f29c28242fe03bb2dbf59693486c579c69c351c5.mp3]	[sound:hypertts-2d514992f2ea109638a956eab9fd57d0ded8fcf1bed4af3ee4fa689f.mp3]	[sound:少し_スコ＼シ_2_NHK-2016.mp3]	すこし	コーヒーをすこしのみます。	"""<span style=""""box-shadow: inset -2px -2px 0 0 #FF6633;""""><span style=""""color: royalblue;"""">ス</span></span><span style=""""box-shadow: inset -2px 2px 0 0px #FF6633;"""">コ</span><span style=""""box-shadow: inset 0px -2px 0 0px #FF6633;"""">シ</span> <span class=""""pitch_number"""">2</span>"""
1763551593832	1791202866	Doki Doki1-2 leech male_voice newVersion	少ない	 少[すく]ない	すくない	sukunai	mało	 時間[じかん]が 少[すく]ないです。	Mam mało czasu.			Zawsze idzie przez が, i-adj. Opisuje małą liczbę lub ilość.			[sound:hypertts-9eada2eb636492767a547402340d8414733a58de6af29d2e7e355546.mp3]	[sound:hypertts-b59edb5eee1f7bec23b45feb4834d55f0a3622ae1633efd53c47b427.mp3]	[sound:少ない_スクナ＼イ_3_NHK-2016.mp3]	すくない	じかんがすくないです。	"""<span style=""""box-shadow: inset -2px -2px 0 0 #FF6633;""""><span style=""""color: royalblue;"""">ス</span></span><span style=""""box-shadow: inset -2px 2px 0 0px #FF6633;"""">クナ</span><span style=""""box-shadow: inset 0px -2px 0 0px #FF6633;"""">イ</span> <span class=""""pitch_number"""">3</span>"""
1763551593833	1780457136	Doki Doki1-2 Doki1-3 female_voice leech newVersion	いらっしゃいませ	いらっしゃいませ	いらっしゃいませ	irasshaimase	Witamy! (zwrot powitalny obsługi).	いらっしゃいませ！メニューをどうぞ。	Witamy! Proszę, oto menu.			Klient nie odpowiada na to powitanie (wystarczy skinąć głową).			[sound:hypertts-a26992ac96fa4933027e02ccff54544c8a02a62f718f6b563e4a995a.mp3]	[sound:hypertts-8bd0c4866b42d8ced88c23a5fab0cf3783dbe894531a83ee42bc4dcf.mp3]	[sound:いらっしゃいませ_イラッシャイマセ_JapanesePod101.mp3]	いらっしゃいませ	いらっしゃいませ！メニューをどうぞ。	"""<span style=""""box-shadow: inset -2px -2px 0 0 #FF6633;"""">イ</span><span style=""""box-shadow: inset -2px 2px 0 0px #FF6633;"""">ラッシャイマ</span><span style=""""box-shadow: inset 0px -2px 0 0px #FF6633;"""">セ</span> <span class=""""pitch_number"""">6</span>"""
1763551593834	1775147485	Doki Doki1-2 female_voice newVersion	スポーツ	スポーツ	スポーツ	supōtsu	sport	スポーツが好[す]きです。	Lubię sport.						[sound:hypertts-0d2d17fff58b6c31a73f3260cba5e2219b99dd020da2dd8fdc863877.mp3]	[sound:hypertts-9f3a888b2e3bc17f4acdfcdb3dc993b4b1fc0a5e176137f6957c671d.mp3]	[sound:スポーツ_スポ＼ーツ_2_NHK-2016.mp3]	 スポーツ	スポーツが好きです。	"""<span style=""""box-shadow: inset -2px -2px 0 0 #FF6633;""""><span style=""""color: royalblue;"""">ス</span></span><span style=""""box-shadow: inset -2px 2px 0 0px #FF6633;"""">ポ</span><span style=""""box-shadow: inset 0px -2px 0 0px #FF6633;"""">ーツ</span> <span class=""""pitch_number"""">2</span>"""
1763551593835	1782885055	Doki Doki1-2 Doki1-3 female_voice newVersion	一緒に	一[いっ] 緒[しょ]に	いっしょに	issho ni	razem	 一緒[いっしょ]にご 飯[はん]を 食[た]べましょう。	Zjedzmy razem posiłek.	 często z partykułą と (z kimś).		Przysłówek			[sound:hypertts-a4ea05a0040946c50d635cae0af291e3e8492a5554b87bed559130af.mp3]	[sound:hypertts-6c2b161842c5ec35c97c59219ed7a4d554aaf9d423f681eb1e3f5e65.mp3]	[sound:一緒に_イッショニ_TAAS.mp3]	いっしょに	いっしょにごはんをたべましょう。	"""<span style=""""box-shadow: inset -2px -2px 0 0 #FF6633;"""">イ</span><span style=""""box-shadow: inset 0px 2px 0 0px #FF6633;"""">ッショニ</span> <span class=""""pitch_number"""">0</span>"""
1763551593836	1776881018	Doki Doki1-2 male_voice newVersion	食べ物/飲み物	 食べ物[たべもの]/ 飲み物[のみもの]	たべもの/のみもの	tabemono / nomimono	jedzenie / picie	 食べ物[たべもの]と 飲み物[のみもの]を 買[か]います。	Kupuję jedzenie i picie.					食べ 物[もの]/ 飲み 物[もの]	[sound:hypertts-573a1f9c4afc81109af7a10ca949e2ff829e050338fe5f83d94bdc81.mp3]	[sound:hypertts-384c21dec9f42c99df0d4e1f6238be25cbf409536aed42d43bae334f.mp3]	[sound:食べ物_タベ＼モノ_2_NHK-2016.mp3] [sound:食べ物_タベモ＼ノ_3_NHK-2016.mp3] [sound:飲み物_ノミ＼モノ_2_NHK-2016.mp3] [sound:飲み物_ノミモ＼ノ_3_NHK-2016.mp3]	たべもの/のみもの	たべものとのみものをかいます。	"""<span style=""""box-shadow: inset -2px -2px 0 0 #FF6633;"""">タ</span><span style=""""box-shadow: inset -2px 2px 0 0px #FF6633;"""">ベ</span><span style=""""box-shadow: inset 0px -2px 0 0px #FF6633;"""">モノ</span> <span class=""""pitch_number"""">2</span>, <span style=""""box-shadow: inset -2px -2px 0 0 #FF6633;"""">タ</span><span style=""""box-shadow: inset -2px 2px 0 0px #FF6633;"""">ベモ</span><span style=""""box-shadow: inset 0px -2px 0 0px #FF6633;"""">ノ</span> <span class=""""pitch_number"""">3</span>; <span style=""""box-shadow: inset -2px -2px 0 0 #FF6633;"""">ノ</span><span style=""""box-shadow: inset -2px 2px 0 0px #FF6633;"""">ミ</span><span style=""""box-shadow: inset 0px -2px 0 0px #FF6633;"""">モノ</span> <span class=""""pitch_number"""">2</span>"""
1763551593837	1775147485	Doki Doki1-2 female_voice newVersion	ご飯	ご 飯[はん]	ごはん	gohan	posiłek / ryż gotowany	 朝[あさ]ご 飯[はん]にご 飯[はん]を 食[た]べます。	Na śniadanie jem ryż/posiłek.						[sound:hypertts-a34650ee3e7605fb22eb9f93cde845da58c9101a686dca12c695bd9d.mp3]	[sound:hypertts-77ae4c95c7b057355d78609864adc22051d4097f98c2af97eccb813a.mp3]	[sound:ご飯_ゴ＼ハン_1_NHK-1998.mp3]	ごはん	あさごはんにごはんをたべます。	"""<span style=""""box-shadow: inset -2px 2px 0 0px #FF6633;"""">ゴ</span><span style=""""box-shadow: inset 0px -2px 0 0px #FF6633;"""">ハン</span> <span class=""""pitch_number"""">1</span>"""
1763551593838	1781697408	Doki Doki1-2 female_voice newVersion	朝ご飯	 朝[あさ]ご 飯[はん]	あさごはん	asagohan	śniadanie	 今日[きょう]の 朝[あさ]ご 飯[はん]はパンです。	Dzisiejsze śniadanie to chleb.			rzeczownik. Złożenie: rano (朝) i ugotowany ryż/posiłek (ご飯). W mowie potocznej również 朝食 (chōshoku).			[sound:hypertts-27babfbca475e29cc60d42fac47f35fe34dcf9967ff82147304a464d.mp3]	[sound:hypertts-785ca7a981f876aba011e77fd66497164774052be889c430d46a9387.mp3]	[sound:朝ご飯_アサゴ＼ハン_3_NHK-2016.mp3]	あさごはん	きょうのあさごはんはパンです。	"""<span style=""""box-shadow: inset -2px -2px 0 0 #FF6633;"""">ア</span><span style=""""box-shadow: inset -2px 2px 0 0px #FF6633;"""">サゴ</span><span style=""""box-shadow: inset 0px -2px 0 0px #FF6633;"""">ハン</span> <span class=""""pitch_number"""">3</span>"""
1763551593839	1775147485	Doki Doki1-2 male_voice newVersion	昼ご飯	 昼[ひる]ご 飯[はん]	ひるごはん	hirugohan	obiad	 昼[ひる]ご 飯[はん]に 魚[さかな]を 食[た]べます。	Na obiad jem rybę.						[sound:hypertts-e23c46d8fd780cae9fcb58de9f09373b1a6ebfd7aa45549a4afd9a49.mp3]	[sound:hypertts-1b6adb5a43d9956b15abdde2343324c5f01a191e6ef685777db28688.mp3]	[sound:昼ご飯_ヒルゴ＼ハン_3_NHK-2016.mp3]	ひるごはん	ひるごはんにさかなをたべます。	"""<span style=""""box-shadow: inset -2px -2px 0 0 #FF6633;"""">ヒ</span><span style=""""box-shadow: inset -2px 2px 0 0px #FF6633;"""">ルゴ</span><span style=""""box-shadow: inset 0px -2px 0 0px #FF6633;"""">ハン</span> <span class=""""pitch_number"""">3</span>"""
1763551593840	1775147485	Doki Doki1-2 male_voice newVersion	晩ご飯	 晩[ばん]ご 飯[はん]	ばんごはん	bangohan	kolacja	 晩[ばん]ご 飯[はん]を 家[うち]で 食[た]べます。	 Jem kolację w domu.						[sound:hypertts-1252d33d36e1794bd9c62900fdebeb95c2aa9bb34fd890ce8cf0894b.mp3]	[sound:hypertts-0465cf11532f2a6d8052ab2d36bbebf3eca1cf6fad27e11a8bdb18f0.mp3]	[sound:晩ご飯_バンゴ＼ハン_3_NHK-2016.mp3]	ばんごはん	ばんごはんをうちでたべます。	"""<span style=""""box-shadow: inset -2px -2px 0 0 #FF6633;"""">バ</span><span style=""""box-shadow: inset -2px 2px 0 0px #FF6633;"""">ンゴ</span><span style=""""box-shadow: inset 0px -2px 0 0px #FF6633;"""">ハン</span> <span class=""""pitch_number"""">3</span>"""
1763551593841	1775147485	Doki Doki1-2 male_voice newVersion	パン	パン	パン	pan	chleb	パンを 食[た]べます、そしてコーヒーを 飲[の]みます。	Jem chleb i piję kawę.						[sound:hypertts-c03ed7783531017aae8981722cba91885d88276c8bda34edd7aa6b6a.mp3]	[sound:hypertts-9d29ab2aaec0684cf5fedcd7c1eba6f74438c7785fdcb7e5e2f0a054.mp3]	[sound:パン_パ＼ン_1_NHK-2016.mp3]	パン	パンをたべます、そしてコーヒーをのみます	"""<span style=""""box-shadow: inset -2px 2px 0 0px #FF6633;"""">パ</span><span style=""""box-shadow: inset 0px -2px 0 0px #FF6633;"""">ン</span> <span class=""""pitch_number"""">1</span>"""
1763551593842	1775147485	Doki Doki1-2 female_voice newVersion	酒	 酒[さけ]	さけ	sake	alkohol	 私[わたし]は 酒[さけ]を 飲[の]みません。	Nie piję alkoholu.						[sound:hypertts-b496ada91ae013a72c58892fc0327bb59962f4cad5319d62011a4bdf.mp3]	[sound:hypertts-7817b12edd0d117a716cdcabe0d5a7d1dd9b519fa94e53eee9a917a5.mp3]	[sound:酒_サケ━_0_NHK-2016.mp3]	さけ	わたしはさけをのみません。	"""<span style=""""box-shadow: inset -2px -2px 0 0 #FF6633;"""">サ</span><span style=""""box-shadow: inset 0px 2px 0 0px #FF6633;"""">ケ</span> <span class=""""pitch_number"""">0</span>"""
1763551593843	1775147485	Doki Doki1-2 female_voice newVersion	お茶	お 茶[ちゃ]	おちゃ	ocha	herbata	 晩[ばん]ご 飯[はん]のあとでお 茶[ちゃ]を 飲[の]みます。	Po kolacji piję herbatę.						[sound:hypertts-ebf7a83f1283d84f1a045c59c701e8bbf88d76c0eceb866b16207ba3.mp3]	[sound:hypertts-86b59f58bae65b3563aa28c1ee42a092a3c35abb01f6638ff4f641b6.mp3]	[sound:お茶_オチャ━_0_NHK-2016.mp3]	おちゃ	ばんごはんのあとでおちゃをのみます。	"""<span style=""""box-shadow: inset -2px -2px 0 0 #FF6633;"""">オ</span><span style=""""box-shadow: inset 0px 2px 0 0px #FF6633;"""">チャ</span> <span class=""""pitch_number"""">0</span>"""
1763551593844	1775147485	Doki Doki1-2 male_voice newVersion	コーヒー	コーヒー	コーヒー	koohii	kawa	 毎朝[まいあさ]コーヒーを 飲[の]みます。	Każdego ranka piję kawę.						[sound:hypertts-04e80c5650633f9f5e4025c77957c82cff53bbd90a87480bea510554.mp3]	[sound:hypertts-d5b24b2f54a4e509d486d9f5fa5dc94885cb97024308ff36b3b0cd7a.mp3]	[sound:コーヒー_コーヒ＼ー_3_NHK-2016.mp3]	コーヒー	まいあさコーヒーをのみます。	"""<span style=""""box-shadow: inset -2px -2px 0 0 #FF6633;"""">コ</span><span style=""""box-shadow: inset -2px 2px 0 0px #FF6633;"""">ーヒ</span><span style=""""box-shadow: inset 0px -2px 0 0px #FF6633;"""">ー</span> <span class=""""pitch_number"""">3</span>"""
1763551593845	1775147485	Doki Doki1-2 male_voice newVersion	とんかつ	とんかつ	とんかつ	tonkatsu	kotlet wieprzowy	とんかつとご 飯[はん]を 食[た]べます。	Jem tonkatsu i ryż.						[sound:hypertts-e967b9cc60e4652ea9b50f9ed3054291dc5ed02ac365e353393f7649.mp3]	[sound:hypertts-711b2e4ebf2815daa7fe7cad2bd83badef32b2e6d63e7d21c307f143.mp3]	[sound:とんかつ_トンカツ━_0_NHK-2016.mp3]	とんかつ	とんかつとごはんをたべます。	"""<span style=""""box-shadow: inset -2px -2px 0 0 #FF6633;"""">ト</span><span style=""""box-shadow: inset 0px 2px 0 0px #FF6633;"""">ンカツ</span> <span class=""""pitch_number"""">0</span>"""
1763551593846	1775147485	Doki Doki1-2 female_voice newVersion	サンドイッチ	サンドイッチ	サンドイッチ	sandoicchi	kanapka	昼[ひる]ご飯[はん]にサンドイッチを 食[た]べます。	Na obiad jem kanapkę.						[sound:hypertts-41954adae5cccb97afa5d537f0742297a1f30dfb5957fac5a96c1514.mp3]	[sound:hypertts-b4339ba3cae9d1ab8290092a258f5d06a971d7bd216f4fb8917d8171.mp3]	[sound:サンドイッチ_サンドイ＼ッチ_4_NHK-2016.mp3]	 サンドイッチ	ひるごはんにサンドイッチをたべます。	"""<span style=""""box-shadow: inset -2px -2px 0 0 #FF6633;"""">サ</span><span style=""""box-shadow: inset -2px 2px 0 0px #FF6633;"""">ンドイ</span><span style=""""box-shadow: inset 0px -2px 0 0px #FF6633;"""">ッチ</span> <span class=""""pitch_number"""">4</span>"""
1763551593847	1782851193	Doki Doki1-2 female_voice newVersion	お手洗い	お 手[て] 洗[あら]い	おてあらい	otearai	łazienka	お 手洗[てあら]いはどこですか。	Gdzie jest łazienka?						[sound:hypertts-e6ae763deebfe0553e346c33f87c64efcc71d96f880bbcd6a2589148.mp3]	[sound:hypertts-95a21bc8063ffe85ece30051bb99c02ddf3f5797fcd16e6c07954349.mp3]	[sound:お手洗い_オテア＼ライ_3_NHK-2016.mp3]	おてあらい	おてあらいはどこですか。	"""<span style=""""box-shadow: inset -2px -2px 0 0 #FF6633;"""">オ</span><span style=""""box-shadow: inset -2px 2px 0 0px #FF6633;"""">テア</span><span style=""""box-shadow: inset 0px -2px 0 0px #FF6633;"""">ライ</span> <span class=""""pitch_number"""">3</span>"""
1763551593848	1775147485	Doki Doki1-2 female_voice newVersion	お寺	お 寺[てら]	おてら	otera	świątynia buddyjska	 今日[きょう]はお 寺[てら]へ 行[い]きます。	Dzisiaj idę do świątyni.						[sound:hypertts-1b29f33f4592af2991b42ca0c119329337089788875478a88b117318.mp3]	[sound:hypertts-8e13e778b8d7593f3f611d0813df4ccbeacf5e02cfd916416f1b8448.mp3]	[sound:お寺_オテラ━_0_NHK-2016.mp3]	おてら	きょうはおてらへいきます。	"""<span style=""""box-shadow: inset -2px -2px 0 0 #FF6633;"""">オ</span><span style=""""box-shadow: inset 0px 2px 0 0px #FF6633;"""">テラ</span> <span class=""""pitch_number"""">0</span>"""
1763551593849	1782851193	Doki Doki1-2 female_voice newVersion	喫茶店	喫[きっ] 茶[さ] 店[てん]	きっさてん	kissaten	kawiarnia	 喫茶店[きっさてん]でコーヒーを 飲[の]みます。	Piję kawę w kawiarni.						[sound:hypertts-aa12d7b2761113c296b3ffebd1dee311d3cd1ec296bdfed405aa7815.mp3]	[sound:hypertts-8bd94fa253db290640fe38e51b6f154609c85a8f48d31c96eefd208b.mp3]	[sound:喫茶店_キッサテン━_0_NHK-2016.mp3] [sound:喫茶店_キッサ＼テン_3_NHK-2016.mp3]	きっさてん	きっさてんでコーヒーをのみます。	"""<span style=""""box-shadow: inset -2px -2px 0 0 #FF6633;""""><span style=""""color: royalblue;"""">キ</span></span><span style=""""box-shadow: inset 0px 2px 0 0px #FF6633;"""">ッサテン</span> <span class=""""pitch_number"""">0</span>, <span style=""""box-shadow: inset -2px -2px 0 0 #FF6633;""""><span style=""""color: royalblue;"""">キ</span></span><span style=""""box-shadow: inset -2px 2px 0 0px #FF6633;"""">ッサ</span><span style=""""box-shadow: inset 0px -2px 0 0px #FF6633;"""">テン</span> <span class=""""pitch_number"""">3</span>"""
1763551593850	1782851193	Doki Doki1-2 female_voice newVersion	銀行	銀[ぎん] 行[こう]	ぎんこう	ginkō	bank	 明日[あした] 銀行[ぎんこう]へ 行[い]きます。	Jutro idę do banku.					銀[ぎん]行	[sound:hypertts-045d0c215feed202c5fe29ce71b01f8f708fc46eb7d553a06ab85fd7.mp3]	[sound:hypertts-a840f69533d8e7fe682a9b17d8f53c95b31e2d88ba16b04df6200860.mp3]	[sound:銀行_ギンコー━_0_NHK-2016.mp3]	ぎんこう	あしたぎんこうへいきます。	"""<span style=""""box-shadow: inset -2px -2px 0 0 #FF6633;"""">ギ</span><span style=""""box-shadow: inset 0px 2px 0 0px #FF6633;"""">ンコー</span> <span class=""""pitch_number"""">0</span>"""
1763551593851	1782851193	Doki Doki1-2 female_voice newVersion	公園	公[こう] 園[えん]	こうえん	kōen	park	 公園[こうえん]で 友達[ともだち]と 会[あ]います。	Spotykam się z przyjacielem w parku.						[sound:hypertts-a96b9523e9d738e9166bd01d4c73895ab71af4a456596fbc0532341c.mp3]	[sound:hypertts-d98a769d26c7c0e7630b3df73e175ddbe7cd27d5e3027322085e658c.mp3]	[sound:公園_コーエン━_0_NHK-2016.mp3]	こうえん	こうえんでともだちとあいます。	"""<span style=""""box-shadow: inset -2px -2px 0 0 #FF6633;"""">コ</span><span style=""""box-shadow: inset 0px 2px 0 0px #FF6633;"""">ーエン</span> <span class=""""pitch_number"""">0</span>"""
1763551593852	1775147485	Doki Doki1-2 male_voice newVersion	スーパー	スーパー	スーパー	sūpā	supermarket	スーパーでご 飯[はん]と 野菜[やさい]を 買[か]います。	W supermarkecie kupuję ryż i warzywa.						[sound:hypertts-d12d1af408b9c95d3eb3c4015ce7b7ae75b3f1e11c50376f0982061f.mp3]	[sound:hypertts-b01b68c9000311ce7b3c8276307128859fb235de4e7b45900ec3cc12.mp3]	[sound:スーパー_ス＼ーパー_1_NHK-2016.mp3]	スーパー	スーパーでごはんとやさいをかいます。	"""<span style=""""box-shadow: inset -2px 2px 0 0px #FF6633;"""">ス</span><span style=""""box-shadow: inset 0px -2px 0 0px #FF6633;"""">ーパー</span> <span class=""""pitch_number"""">1</span>"""
1763551593853	1775147485	Doki Doki1-2 male_voice newVersion	バス停	バス 停[てい]	バスてい	basutei	przystanek autobusowy	バス 停[てい]でバスを 待[ま]ちます。	Czekam na autobus na przystanku.						[sound:hypertts-93da4478ed6d8f5c923d023c5277aab2ff6ead37b1813fba37374b75.mp3]	[sound:hypertts-8e7907f094c0c9f42cb2b7b702327b754aaa7f8c65050d226a0a9c0c.mp3]	[sound:バス停_バステー━_0_NHK-2016.mp3]	バスてい	バスていでバスをまちます。	"""<span style=""""box-shadow: inset -2px -2px 0 0 #FF6633;"""">バ</span><span style=""""box-shadow: inset 0px 2px 0 0px #FF6633;""""><span style=""""color: royalblue;"""">ス</span>テイ</span> <span class=""""pitch_number"""">0</span>"""
1763551593854	1782851193	Doki Doki1-2 leech male_voice newVersion	病院	病[びょう] 院[いん]	びょういん	byōin	szpital	 病院[びょういん]に 行[い]きます。	Idę do szpitala.						[sound:hypertts-19d39be5f93d824a25779cb7cc0cdef9865c8b71f1fd0122fd220f8f.mp3]	[sound:hypertts-af40bfeb1bee49423ed3a7fe90995387ce987db3feb9affee3ed624c.mp3]	[sound:病院_ビョーイン━_0_NHK-2016.mp3]	びょういん	びょういんにいきます。	"""<span style=""""box-shadow: inset -2px -2px 0 0 #FF6633;"""">ビョ</span><span style=""""box-shadow: inset 0px 2px 0 0px #FF6633;"""">ーイン</span> <span class=""""pitch_number"""">0</span>"""
1763551593855	1775147485	Doki Doki1-2 male_voice newVersion	ホテル	ホテル	ホテル	hoteru	hotel	このホテルは 綺麗[きれい]です。	Ten hotel jest ładny.						[sound:hypertts-b1af8d7c1aba15ae7a5f23dc14893577f5f21def461d1ff9b68b8efd.mp3]	[sound:hypertts-0a9455c65213bb14afc0991590a058acd29437de5c8b8a62421e3992.mp3]	[sound:ホテル_ホ＼テル_1_NHK-2016.mp3] [sound:ほてる_ホテ＼ル_2_NHK-2016.mp3]	ホテル	このホテルはきれいです。	"""<span style=""""box-shadow: inset -2px 2px 0 0px #FF6633;"""">ホ</span><span style=""""box-shadow: inset 0px -2px 0 0px #FF6633;"""">テル</span> <span class=""""pitch_number"""">1</span>, <span style=""""box-shadow: inset -2px -2px 0 0 #FF6633;"""">ホ</span><span style=""""box-shadow: inset -2px 2px 0 0px #FF6633;"""">テ</span><span style=""""box-shadow: inset 0px -2px 0 0px #FF6633;"""">ル</span> <span class=""""pitch_number"""">2</span>"""
1763551593856	1782851193	Doki Doki1-2 male_voice newVersion	本屋	本[ほん] 屋[や]	ほんや	honya	księgarnia	 本屋[ほんや]で 日本語[にほんご]の 本[ほん]を 買[か]います。	Kupuję książkę do japońskiego w księgarni.					本 屋[や]	[sound:hypertts-ebbf008003f2803714b2dbe463733b284eed9e7dfcde0dc1301766d0.mp3]	[sound:hypertts-8fb77f33d862672e79cc2d26a80a58d940dfc87cfdb2ddec55ff1a65.mp3]	[sound:本屋_ホ＼ンヤ_1_NHK-2016.mp3]	ほんや	ほんやでにほんごのほんをかいます。	"""<span style=""""box-shadow: inset -2px 2px 0 0px #FF6633;"""">ホ</span><span style=""""box-shadow: inset 0px -2px 0 0px #FF6633;"""">ンヤ</span> <span class=""""pitch_number"""">1</span>"""
1763551593857	1781697408	Doki Doki1-2 male_voice newVersion	町	 町[まち]	まち	machi	miasto, miasteczko	毎[まい] 日[にち] 百[ひゃく] 個[こ]の 漢[かん] 字[じ]を 覚[おぼ]えるのは 無[む] 理[り]です。	To miasto jest ciekawe.			rzeczownik. Odnosi się do mniejszego miasta, miasteczka lub dzielnicy, w odróżnieniu od dużego miasta (市[し]).			[sound:hypertts-4271ee1c9d0d7a96d4fd129f4a8b00604d2676eac6aae778be031cc9.mp3]	[sound:hypertts-015e16202aca59003d099779642b3006bb58d5b003b874dd39b21f6b.mp3]	[sound:町_マチ＼_2_NHK-2016.mp3]&nbsp;	まち	このまちはおもしろいです。	"""<span style=""""box-shadow: inset -2px -2px 0 0 #FF6633;"""">マ</span><span style=""""box-shadow: inset -2px 2px 0 0px #FF6633;"""">チ</span> <span class=""""pitch_number"""">2</span>"""
1763551593858	1782851193	Doki Doki1-2 leech male_voice newVersion	郵便局	郵[ゆう] 便[びん] 局[きょく]	ゆうびんきょく	yūbinkyoku	poczta	 郵便局[ゆうびんきょく]で 葉書[はがき]を 出[だ]します。	Wysyłam pocztówkę na poczcie.						[sound:hypertts-29417622647b6da04a7267b2fae938bd904dcf1a7d04a07d145059dc.mp3]	[sound:hypertts-568f0bf7237792dca550703dea92ac2656d74d7704bf63312ebe529e.mp3]	[sound:郵便局_ユービ＼ンキョク_3_NHK-2016.mp3]	ゆうびんきょく	ゆうびんきょくではがきをだします。	"""<span style=""""box-shadow: inset -2px -2px 0 0 #FF6633;"""">ユ</span><span style=""""box-shadow: inset -2px 2px 0 0px #FF6633;"""">ービ</span><span style=""""box-shadow: inset 0px -2px 0 0px #FF6633;"""">ンキョク</span> <span class=""""pitch_number"""">3</span>"""
1763551593859	1775147485	Doki Doki1-2 male_voice newVersion	レストラン	レストラン	レストラン	resutoran	restauracja	レストランで 晩[ばん]ご 飯[はん]を 食[た]べます。	Jem kolację w restauracji.						[sound:hypertts-0030303212a4b0806f77cdf3c05cf345e4d2919e1685522cb945bfe6.mp3]	[sound:hypertts-c91db2324a1d0c6b232f57641caa16c49a69d7da768a8eb67b3eeaf0.mp3]	[sound:レストラン_レ＼ストラン_1_NHK-2016.mp3]	レストラン	レストランでばんごはんをたべます。	"""<span style=""""box-shadow: inset -2px 2px 0 0px #FF6633;"""">レ</span><span style=""""box-shadow: inset 0px -2px 0 0px #FF6633;""""><span style=""""color: royalblue;"""">ス</span>トラン</span> <span class=""""pitch_number"""">1</span>"""
1763551593860	1775147485	Doki Doki1-2 male_voice newVersion	デパート	デパート	デパート	depāto	centrum handlowe	デパートで 買[か]い 物[もの]します。	Robię zakupy w domu towarowym.						[sound:hypertts-2b477998a6d872c2afe89f91b37ccdf8d2d29e7c298ef4dd20f37d82.mp3]	[sound:hypertts-e76b071657418882ae610aa93754ec94faffc4a366ef93e0f5f63e76.mp3]	[sound:デパート_デパ＼ート_2_NHK-2016.mp3]	デパート	デパートでかいものします。	"""<span style=""""box-shadow: inset -2px -2px 0 0 #FF6633;"""">デ</span><span style=""""box-shadow: inset -2px 2px 0 0px #FF6633;"""">パ</span><span style=""""box-shadow: inset 0px -2px 0 0px #FF6633;"""">ート</span> <span class=""""pitch_number"""">2</span>"""
1763551593861	1791358881	Doki Doki1-2 leech male_voice newVersion	図書館	図[と] 書[しょ] 館[かん]	としょかん	toshokan	biblioteka	 図書館[としょかん]で 勉強[べんきょう]します。	Uczę się w bibliotece.						[sound:hypertts-82d363f0efd67e779c5a7263cf4559ba9fb7282967d1d6cff4b595dd.mp3]	[sound:hypertts-329191fd6d3f32458252d8abd9cf8fd2700543264c21406a0dc4be52.mp3]	[sound:図書館_トショ＼カン_2_NHK-2016.mp3]	としょかん	としょかんでべんきょうします。	"""<span style=""""box-shadow: inset -2px -2px 0 0 #FF6633;"""">ト</span><span style=""""box-shadow: inset -2px 2px 0 0px #FF6633;"""">ショ</span><span style=""""box-shadow: inset 0px -2px 0 0px #FF6633;"""">カン</span> <span class=""""pitch_number"""">2</span>"""
1763551593862	1782851193	Doki Doki1-2 male_voice newVersion	美術館	美[び] 術[じゅつ] 館[かん]	びじゅつかん	bijutsukan	galeria sztuki, muzeum sztuki	 週末[しゅうまつ]に 美術館[びじゅつかん]へ 行[い]きます。	W weekend idę do galerii sztuki.						[sound:hypertts-3d10a04a7daead4de2e29eaed28cba7245658da1b5ca5a6bd1239189.mp3]	[sound:hypertts-90d3e9fe30b2eb5d8d1618ad0ec522191de696f0a56bd4dcf66d201a.mp3]	[sound:美術館_ビジュ＼ツカン_2_NHK-2016.mp3] [sound:美術館_ビジュツ＼カン_3_NHK-2016.mp3]	びじゅつかん	しゅうまつにびじゅつかんへいきます。	"""<span style=""""box-shadow: inset -2px -2px 0 0 #FF6633;"""">ビ</span><span style=""""box-shadow: inset -2px 2px 0 0px #FF6633;"""">ジュ</span><span style=""""box-shadow: inset 0px -2px 0 0px #FF6633;""""><span style=""""color: royalblue;"""">ツ</span>カン</span> <span class=""""pitch_number"""">2</span>, <span style=""""box-shadow: inset -2px -2px 0 0 #FF6633;"""">ビ</span><span style=""""box-shadow: inset -2px 2px 0 0px #FF6633;"""">ジュ<span style=""""color: royalblue;"""">ツ</span></span><span style=""""box-shadow: inset 0px -2px 0 0px #FF6633;"""">カン</span> <span class=""""pitch_number"""">3</span>"""
1763551593863	1782885055	Doki Doki1-2 Doki1-3 female_voice newVersion	今日	今日[きょう]	きょう	kyou	dzisiaj	 今日[きょう]は 学校[がっこう]です。	Dzisiaj jest szkoła.			Present tense.		今日	[sound:hypertts-c0952ebe9defeaafad6e9a62402fea5571b210fe00068b66b877ad3e.mp3]	[sound:hypertts-45552313bae3b61a55757d0affe2d80807ce5e9e4ae7c3e3e798840f.mp3]		きょう	きょう は がっこう です。	"""<span style=""""box-shadow: inset -2px 2px 0 0px #FF6633;"""">キョ</span><span style=""""box-shadow: inset 0px -2px 0 0px #FF6633;"""">ー</span> <span class=""""pitch_number"""">1</span>"""
1763551593864	1782885055	Doki Doki1-2 Doki1-3 female_voice newVersion	昨日	昨日[きのう]	きのう	kinou	wczoraj	 昨日[きのう] 勉強[べんきょう]しました。	Wczoraj się uczyłem.			Zawsze czas przeszły		昨日	[sound:hypertts-b9b045a7f61353ddda0e3fe08656a56b9020d444999708aa873c6008.mp3]	[sound:hypertts-08a1aa080a371e7c49ebf870161a5c3d38417bbfe86ad059c1f13ef9.mp3]	[sound:昨日_キノー━_0_NHK-1998.mp3] [sound:昨日_キノ＼ー_2_NHK-1998.mp3]	きのう	きのう べんきょう しました。	"""<span style=""""box-shadow: inset -2px -2px 0 0 #FF6633;"""">キ</span><span style=""""box-shadow: inset 0px 2px 0 0px #FF6633;"""">ノー</span> <span class=""""pitch_number"""">0</span>, <span style=""""box-shadow: inset -2px -2px 0 0 #FF6633;"""">キ</span><span style=""""box-shadow: inset -2px 2px 0 0px #FF6633;"""">ノ</span><span style=""""box-shadow: inset 0px -2px 0 0px #FF6633;"""">ー</span> <span class=""""pitch_number"""">2</span>"""
1763551593866	1782851193	Doki Doki1-2 female_voice newVersion	週末	週[しゅう] 末[まつ]	しゅうまつ	shūmatsu	weekend	 週末[しゅうまつ]は 休[やす]みです。	W weekend mam wolne.						[sound:hypertts-432bcd5ce89e918f30b3426cf38ef08175ed00b3684f422bf9f73b58.mp3]	[sound:hypertts-850dc48f33527695bf34a78102681850679ea5df21f0f79026ae8fa3.mp3]	[sound:週末_シューマツ━_0_NHK-2016.mp3]	しゅうまつ	しゅうまつはやすみです。	"""<span style=""""box-shadow: inset -2px -2px 0 0 #FF6633;"""">シュ</span><span style=""""box-shadow: inset 0px 2px 0 0px #FF6633;"""">ーマツ</span> <span class=""""pitch_number"""">0</span>"""
1763551593867	1790002543	Doki Doki1-2 female_voice leech newVersion	今晩	今[こん] 晩[ばん]	こんばん	konban	dziś wieczór	 今晩[こんばん] 映画[えいが]を 見[み]ます。	Dziś wieczorem oglądam film.					今 晩[ばん]	[sound:hypertts-d13ce3f9dd3964f17341b4d867fa46b12cd0e6c290f7756cfe093f07.mp3]	[sound:hypertts-75d94a4c15755f8bee4a8c7dab7173748b5f1e851f1e3b62504d34a0.mp3]	[sound:今晩_コ＼ンバン_1_NHK-2016.mp3]	こんばん	こんばんえいがをみます。	"""<span style=""""box-shadow: inset -2px 2px 0 0px #FF6633;"""">コ</span><span style=""""box-shadow: inset 0px -2px 0 0px #FF6633;"""">ンバン</span> <span class=""""pitch_number"""">1</span>"""
1763551593868	1782851193	Doki Doki1-2 male_voice newVersion	毎日	毎[まい] 日[にち]	まいにち	mainichi	codziennie	 毎日[まいにち] 日本語[にほんご]を 勉強[べんきょう]します。	Codziennie uczę się japońskiego.					毎[まい]日	[sound:hypertts-01e25525624eba12e91f2e7b7126e638cde1be35e41f0e07981b031c.mp3]	[sound:hypertts-b2bdceb99e4ab894f46dd263f31b4aeb62734ad13acd465f4e514b7f.mp3]	[sound:毎日_マイニチ━_0_NHK-2016.mp3]	まいにち	まいにちにほんごをべんきょうします。	"""<span style=""""box-shadow: inset -2px 2px 0 0px #FF6633;"""">マ</span><span style=""""box-shadow: inset 0px -2px 0 0px #FF6633;"""">イニチ</span> <span class=""""pitch_number"""">1</span>"""
1763551593869	1782851193	Doki Doki1-2 male_voice newVersion	毎朝	毎[まい] 朝[あさ]	まいあさ	maiasa	każdego ranka	 毎朝[まいあさ] 朝[あさ]ご 飯[はん]を 食[た]べます。	Każdego ranka jem śniadanie.						[sound:hypertts-61568a4a71164b35b1c8fa622cc0094da25b4c1069d1e2add6df6ebe.mp3]	[sound:hypertts-3806c1c1d5a0e86917be12ac71ce4005d3642e59015c4696f57f3982.mp3]	[sound:毎朝_マイアサ━_0_NHK-2016.mp3] [sound:毎朝_マ＼イアサ_1_NHK-2016.mp3]	まいあさ	まいあさあさごはんをたべます。	"""<span style=""""box-shadow: inset -2px -2px 0 0 #FF6633;"""">マ</span><span style=""""box-shadow: inset 0px 2px 0 0px #FF6633;"""">イアサ</span> <span class=""""pitch_number"""">0</span>, <span style=""""box-shadow: inset -2px 2px 0 0px #FF6633;"""">マ</span><span style=""""box-shadow: inset 0px -2px 0 0px #FF6633;"""">イアサ</span> <span class=""""pitch_number"""">1</span>"""
1763551593870	1782851193	Doki Doki1-2 male_voice newVersion	毎晩	毎[まい] 晩[ばん]	まいばん	maiban	każdego wieczora	 毎晩[まいばん]テレビを 見[み]ます。	Każdego wieczoru oglądam telewizję.						[sound:hypertts-014e5e42cfbe97a47cdeaa0464de65392688320fadf413a5681469aa.mp3]	[sound:hypertts-66e4831823a848752f8ab1571cc777e3a039e8bdb7f4f094d5900bb6.mp3]	[sound:毎晩_マイバン━_0_NHK-2016.mp3] [sound:毎晩_マ＼イバン_1_NHK-2016.mp3]	まいばん	まいばんテレビをみます。	"""<span style=""""box-shadow: inset -2px -2px 0 0 #FF6633;"""">マ</span><span style=""""box-shadow: inset 0px 2px 0 0px #FF6633;"""">イバン</span> <span class=""""pitch_number"""">0</span>, <span style=""""box-shadow: inset -2px 2px 0 0px #FF6633;"""">マ</span><span style=""""box-shadow: inset 0px -2px 0 0px #FF6633;"""">イバン</span> <span class=""""pitch_number"""">1</span>"""
1763551593871	1783671211	Doki Doki1-2 Doki1-3 male_voice newVersion	毎週	毎[まい] 週[しゅう]	まいしゅう	maishuu	co tydzień	 毎週[まいしゅう]ジムに 行[い]きます。	Co tydzień chodzę na siłownię.			まい～ wyraża regularność (まいにち, まいつき itd.).			[sound:hypertts-7c7354c27a34a6fa150aeaa2c0d216fac3aaf70d8e19d823ba3c0d50.mp3]	[sound:hypertts-94b79a23677da6a237a83a399c9398d8beb4a8ceca9c2b924f7ff3af.mp3]	[sound:毎週_マイシュー━_0_NHK-2016.mp3]	まいしゅう	まいしゅうジムにいきます。	"""<span style=""""box-shadow: inset -2px -2px 0 0 #FF6633;"""">マ</span><span style=""""box-shadow: inset 0px 2px 0 0px #FF6633;"""">イシュー</span> <span class=""""pitch_number"""">0</span>"""
1763551593872	1782851193	Doki Doki1-2 Doki1-3 female_voice newVersion	今週	今[こん] 週[しゅう]	こんしゅう	konshuu	ten tydzień	 今週[こんしゅう] 勉強[べんきょう]します。	W tym tygodniu się uczę.					今 週[しゅう]	[sound:hypertts-d1714744e4577658f7b2b17c944576f3daea0fdc0ce90083adeda164.mp3]	[sound:hypertts-932d6dbcedcfd6ef473ff095fa6f6e898ee79c909d1313e642775bad.mp3]	[sound:今週_コンシュー━_0_NHK-2016.mp3]	こんしゅう	こんしゅう べんきょう します。	"""<span style=""""box-shadow: inset -2px -2px 0 0 #FF6633;"""">コ</span><span style=""""box-shadow: inset 0px 2px 0 0px #FF6633;"""">ンシュー</span> <span class=""""pitch_number"""">0</span>"""
1763551593875	1775147485	Doki Doki1-2 female_voice newVersion	お兄さん	お 兄[にい]さん	おにいさん	oniisan	starszy brat	お 兄[にい]さんは 大学生[だいがくせい]です。	Starszy brat jest studentem.						[sound:hypertts-8268b33b749424a5205fbd8ef849f3c86faa5263cfa894de8104c188.mp3]	[sound:hypertts-07e7a9c147ba3531119a98cb97d8eb89eaa567912a0d4af163f803b9.mp3]	[sound:お兄さん_オニ＼ーサン_2_NHK-2016.mp3]	おにいさん	おにいさんはだいがくせいです。	"""<span style=""""box-shadow: inset -2px -2px 0 0 #FF6633;"""">オ</span><span style=""""box-shadow: inset -2px 2px 0 0px #FF6633;"""">ニ</span><span style=""""box-shadow: inset 0px -2px 0 0px #FF6633;"""">ーサン</span> <span class=""""pitch_number"""">2</span>"""
1763551593876	1775147485	Doki Doki1-2 female_voice newVersion	お姉さん	お 姉[ねえ]さん	おねえさん	onēsan	starsza siostra	お 姉[ねえ]さんは 綺麗[きれい]です。	Starsza siostra jest ładna.						[sound:hypertts-6732baa8f370664566f1b695d4884b8fa2d42111f40daf695e5e2c90.mp3]	[sound:hypertts-cbd40683161f924aa1c6a88cb7992b1120d739ed0874bc1ab17a9b0b.mp3]	[sound:お姉さん_オネ＼ーサン_2_NHK-2016.mp3]	おねえさん	おねえさんはきれいです。	"""<span style=""""box-shadow: inset -2px -2px 0 0 #FF6633;"""">オ</span><span style=""""box-shadow: inset -2px 2px 0 0px #FF6633;"""">ネ</span><span style=""""box-shadow: inset 0px -2px 0 0px #FF6633;"""">ーサン</span> <span class=""""pitch_number"""">2</span>"""
1763551593877	1775147485	Doki Doki1-2 female_voice newVersion	妹	 妹[いもうと]	いもうと	imōto	młodsza siostra	 妹[いもうと]は 中学生[ちゅうがくせい]です。	Młodsza siostra jest gimnazjalistką.						[sound:hypertts-6af40ef702e99c6d4bc932a650bc05fddeaa36a33abbcf1c32869fbb.mp3]	[sound:hypertts-595daa82f27b3899fa4267046bd2ef1c747707be071ad899483a7818.mp3]	[sound:妹_イモート＼_4_NHK-2016.mp3]	いもうと	いもうとはちゅうがくせいです。	"""<span style=""""box-shadow: inset -2px -2px 0 0 #FF6633;"""">イ</span><span style=""""box-shadow: inset -2px 2px 0 0px #FF6633;"""">モート</span> <span class=""""pitch_number"""">4</span>"""
1763551593878	1775147485	Doki Doki1-2 female_voice newVersion	弟	 弟[おとうと]	おとうと	otōto	młodszy brat	 弟[おとうと]は 小学生[しょうがくせい]です。	Młodszy brat jest uczniem szkoły podstawowej.						[sound:hypertts-b7900ed9ee422db19bfd250784a11b1129cdb1ef3ee1dbfba0ac2022.mp3]	[sound:hypertts-7f31574238a4641e111bf744479b4ab7544a548d4b3edc6770e1c468.mp3]	[sound:弟_オトート＼_4_NHK-2016.mp3]	おとうと	おとうとはしょうがくせいです。	"""<span style=""""box-shadow: inset -2px -2px 0 0 #FF6633;"""">オ</span><span style=""""box-shadow: inset -2px 2px 0 0px #FF6633;"""">トート</span> <span class=""""pitch_number"""">4</span>"""
1763551593879	1782851340	Doki Doki1-2 female_voice newVersion	お祖父さん	お 祖父[じい]さん	おじいさん	ojiisan	dziadek	お 祖父[じい]さんは 元気[げんき]です。	Dziadek ma się dobrze.						[sound:hypertts-1bce5de4fd2a948b25f4bc55561ed4e4db4d92449a9d6f66f8eb95b8.mp3]	[sound:hypertts-a3c43a11f10bff3f2e1d75dde28879f823c76349a6fdb6b3d3aaa79e.mp3]	[sound:お祖父さん_オジ＼ーサン_2_NHK-1998.mp3]	おじいさん	おじいさんはげんきです。	"""<span style=""""box-shadow: inset -2px -2px 0 0 #FF6633;"""">オ</span><span style=""""box-shadow: inset -2px 2px 0 0px #FF6633;"""">ジ</span><span style=""""box-shadow: inset 0px -2px 0 0px #FF6633;"""">ーサン</span> <span class=""""pitch_number"""">2</span>"""
1763551593880	1782851357	Doki Doki1-2 female_voice newVersion	お祖母さん	お 祖母[ばあ]さん	おばあさん	obāsan	babcia	お 祖母[ばあ]さんは 日本[にほん]に 住[す]んでいます。	Babcia mieszka w Japonii.						[sound:hypertts-ea5e20c1e6d3162017a743697aae98a34d952231b5d28808b70784df.mp3]	[sound:hypertts-326c1cc6b2c2da30016acd357647c78903b5224c9957a544d17bf9f1.mp3]	[sound:お祖母さん_オバ＼ーサン_2_NHK-1998.mp3]	おばあさん	おばあさんはにほんにすんでいます。	"""<span style=""""box-shadow: inset -2px -2px 0 0 #FF6633;"""">オ</span><span style=""""box-shadow: inset -2px 2px 0 0px #FF6633;"""">バ</span><span style=""""box-shadow: inset 0px -2px 0 0px #FF6633;"""">ーサン</span> <span class=""""pitch_number"""">2</span>"""
1763551593881	1782885055	Doki Doki1-2 female_voice newVersion	美味しい	美味[おい]しい	おいしい	oishii	pyszny	このケーキは 美味[おい]しいです。	To ciasto jest pyszne.						[sound:hypertts-dd7dc700d98d630bc85d33fa14df7afff715b2de44a2406d6dc62dbf.mp3]	[sound:hypertts-c065ff605193a33938bbcf99c3f7d948051f167db821e8494c7cfedf.mp3]	[sound:美味しい_オイシイ━_0_NHK-1998.mp3] [sound:美味しい_オイシ＼イ_3_NHK-1998.mp3]	おいしい	このケーキはおいしいです。	"""<span style=""""box-shadow: inset -2px -2px 0 0 #FF6633;"""">オ</span><span style=""""box-shadow: inset 0px 2px 0 0px #FF6633;"""">イシイ</span> <span class=""""pitch_number"""">0</span>, <span style=""""box-shadow: inset -2px -2px 0 0 #FF6633;"""">オ</span><span style=""""box-shadow: inset -2px 2px 0 0px #FF6633;"""">イシ</span><span style=""""box-shadow: inset 0px -2px 0 0px #FF6633;"""">イ</span> <span class=""""pitch_number"""">3</span>"""
1763551593882	1782851397	Doki Doki1-2 leech male_voice newVersion	不味い	不味[まず]い	まずい	mazui	obrzydliwy (niesmaczny)	このスープは 不味[まず]いです。	Ta zupa jest niedobra.						[sound:hypertts-8abe176084f101e318ecd273f1d36eff4ac801a05255ebc3f656e17b.mp3]	[sound:hypertts-01412d786753faccbecfbffcf5220fe58d0ceb590115178ab72cc619.mp3]	[sound:不味い_マズ＼イ_2_NHK-1998.mp3]	まずい	このスープはまずいです。	"""<span style=""""box-shadow: inset -2px -2px 0 0 #FF6633;"""">マ</span><span style=""""box-shadow: inset -2px 2px 0 0px #FF6633;"""">ズ</span><span style=""""box-shadow: inset 0px -2px 0 0px #FF6633;"""">イ</span> <span class=""""pitch_number"""">2</span>"""
1763551593883	1775147485	Doki Doki1-2 male_voice newVersion	高い	 高[たか]い	たかい	takai	drogi / wysoki	このビルは 高[たか]いです。	Ten budynek jest wysoki.						[sound:hypertts-01e9e7f9f48f52dc75e5334f768577ac4591e430e95c18110165dcc9.mp3]	[sound:hypertts-2bebe38f6ae2b34759ed8a26020ffffbf2a86aa5ea82d77f77abc0c9.mp3]	[sound:高い_タカ＼イ_2_NHK-2016.mp3]	たかい	このビルはたかいです。	"""<span style=""""box-shadow: inset -2px -2px 0 0 #FF6633;"""">タ</span><span style=""""box-shadow: inset -2px 2px 0 0px #FF6633;"""">カ</span><span style=""""box-shadow: inset 0px -2px 0 0px #FF6633;"""">イ</span> <span class=""""pitch_number"""">2</span>"""
1763551593884	1775147485	Doki Doki1-2 male_voice newVersion	安い	 安[やす]い	やすい	yasui	tani	このシャツは 安[やす]いです。	Ta koszula jest tania.						[sound:hypertts-4bbe7ca8c0870e3ffe7cdb167e2c0ad8f889754f09c143285ceca7f3.mp3]	[sound:hypertts-ec48ce9dc249bac6e5ee8d08990fa2c4acf26c6aa888091c9e614547.mp3]	[sound:安い_ヤス＼イ_2_NHK-2016.mp3]	やすい	このシャツはやすいです。	"""<span style=""""box-shadow: inset -2px -2px 0 0 #FF6633;"""">ヤ</span><span style=""""box-shadow: inset -2px 2px 0 0px #FF6633;"""">ス</span><span style=""""box-shadow: inset 0px -2px 0 0px #FF6633;"""">イ</span> <span class=""""pitch_number"""">2</span>"""
1763551593885	1782851193	Doki Doki1-2 female_voice leech newVersion	新聞	新[しん] 聞[ぶん]	しんぶん	shinbun	gazeta	 新聞[しんぶん]を 読[よ]みます。	Czytam gazetę.						[sound:hypertts-dad905fc566cac4346cf2573be7136f998ca5fb965957b8cfaf0699f.mp3]	[sound:hypertts-ddf5508bd28efa285a8eef5c0aefa2837bc88e6da4cbc098049e891e.mp3]	[sound:新聞_シンブン━_0_NHK-2016.mp3]	しんぶん	しんぶんをよみます。	"""<span style=""""box-shadow: inset -2px -2px 0 0 #FF6633;"""">シ</span><span style=""""box-shadow: inset 0px 2px 0 0px #FF6633;"""">ンブン</span> <span class=""""pitch_number"""">0</span>"""
1763551593886	1775147485	Doki Doki1-2 female_voice leech newVersion	鞄	 鞄[かばん]	かばん	kaban	torba / torebka	 鞄[かばん]に 本[ほん]を 入[い]れます。	Wkładam książkę do torby.						[sound:hypertts-364a34379da56a762a4272de5da6c9e0005dd7be475cb2125c2e1c9e.mp3]	[sound:hypertts-84175d24d885033a654264484712a3a61df54df350fa275b062c3ac3.mp3]	[sound:鞄_カバン━_0_NHK-2016.mp3]	かばん	かばんにほんをいれます。	"""<span style=""""box-shadow: inset -2px -2px 0 0 #FF6633;"""">カ</span><span style=""""box-shadow: inset 0px 2px 0 0px #FF6633;"""">バン</span> <span class=""""pitch_number"""">0</span>"""
1763551593887	1782851193	Doki Doki1-2 female_voice newVersion	自転車	自[じ] 転[てん] 車[しゃ]	じてんしゃ	jitensha	rower	 自転車[じてんしゃ]で 学校[がっこう]へ 行[い]きます。	Jadę rowerem do szkoły.						[sound:hypertts-dff4a1defb0a829bc108b10d663dc3891ab816363cec26b204c894b4.mp3]	[sound:hypertts-68aa5eaa3f9a7bd1dca5f1d01b8d59e5c88b87ee474d9fe1a285eb59.mp3]	[sound:自転車_ジテンシャ━_0_NHK-2016.mp3] [sound:自転車_ジテ＼ンシャ_2_NHK-2016.mp3]	じてんしゃ	じてんしゃでがっこうへいきます。	"""<span style=""""box-shadow: inset -2px -2px 0 0 #FF6633;"""">ジ</span><span style=""""box-shadow: inset 0px 2px 0 0px #FF6633;"""">テンシャ</span> <span class=""""pitch_number"""">0</span>, <span style=""""box-shadow: inset -2px -2px 0 0 #FF6633;"""">ジ</span><span style=""""box-shadow: inset -2px 2px 0 0px #FF6633;"""">テ</span><span style=""""box-shadow: inset 0px -2px 0 0px #FF6633;"""">ンシャ</span> <span class=""""pitch_number"""">2</span>"""
1763551593888	1775147485	Doki Doki1-2 male_voice newVersion	テレビ	テレビ	テレビ	terebi	telewizor	 毎晩[まいばん]テレビを 見[み]ます。	Każdego wieczoru oglądam telewizję.						[sound:hypertts-4fd3d9e3dfafd26c7fed532a74b88fec2e6e8515b5bbed584efd6fb6.mp3]	[sound:hypertts-66e4831823a848752f8ab1571cc777e3a039e8bdb7f4f094d5900bb6.mp3]	[sound:テレビ_テ＼レビ_1_NHK-2016.mp3]	テレビ	まいばんテレビをみます。	"""<span style=""""box-shadow: inset -2px 2px 0 0px #FF6633;"""">テ</span><span style=""""box-shadow: inset 0px -2px 0 0px #FF6633;"""">レビ</span> <span class=""""pitch_number"""">1</span>"""
1763551593889	1775658460	Doki Doki1-2 leech male_voice newVersion	ジーンズ	ジーンズ	ジーンズ	jiinzu	dżinsy	ジーンズを 履[は]いています。	Mam na sobie dżinsy.						[sound:hypertts-053bca794505f230b8156c838d67678a1435e2f804f7bd69c983fc34.mp3]	[sound:hypertts-e5fb43bcca3533da5aa0b0a155aba2ea3794974eaadc7cc5dba96b63.mp3]	[sound:ジーンズ_ジ＼ーンズ_1_NHK-2016.mp3]	ジーンズ	ジーンズをはいています。	"""<span style=""""box-shadow: inset -2px 2px 0 0px #FF6633;"""">ジ</span><span style=""""box-shadow: inset 0px -2px 0 0px #FF6633;"""">ーンズ</span> <span class=""""pitch_number"""">1</span>"""
1763551593890	1783671211	Doki Doki1-2 female_voice newVersion	辞書	辞[じ] 書[しょ]	じしょ	jisho	słownik	 辞書[じしょ]で 言葉[ことば]を 調[しら]べます。	Sprawdzam słowo w słowniku.			Rzeczownik. Podstawowe słowo w podręcznikach (np. Doki, Minna no Nihongo).			[sound:hypertts-46fbc858575337c401658fff465b6a01d29b80417785e50c31809d12.mp3]	[sound:hypertts-39079f355318eba2d0c474d027cfa82cf2b393c0b2d6f7ce6a7b713d.mp3]	[sound:辞書_ジ＼ショ_1_NHK-2016.mp3]	じしょ	じしょでことばをしらべます。	"""<span style=""""box-shadow: inset -2px 2px 0 0px #FF6633;"""">ジ</span><span style=""""box-shadow: inset 0px -2px 0 0px #FF6633;"""">ショ</span> <span class=""""pitch_number"""">1</span>"""
1763551593891	1782851193	Doki Doki1-2 male_voice newVersion	友達	友[とも] 達[だち]	ともだち	tomodachi	przyjaciel	 友達[ともだち]と 話[はな]します。	Rozmawiam z przyjacielem.						[sound:hypertts-44b759a1e5bcafcc5a7afb38d375c6b00391723680b6f09709bfbb13.mp3]	[sound:hypertts-951ef5378df4fa335323ef633f62b12ab079e044df585110503e64c8.mp3]	[sound:友達_トモダチ━_0_NHK-2016.mp3]	ともだち	ともだちとはなします。	"""<span style=""""box-shadow: inset -2px -2px 0 0 #FF6633;"""">ト</span><span style=""""box-shadow: inset 0px 2px 0 0px #FF6633;"""">モダチ</span> <span class=""""pitch_number"""">0</span>"""
1763551593892	1775147485	Doki Doki1-2 male_voice newVersion	ゲーム	ゲーム	ゲーム	gēmu	gra	ゲームで 遊[あそ]びます。	Gram w grę.						[sound:hypertts-e810040a46150f26faee05b6c2ee7b0bf75228c04ca3256a9b9ea50f.mp3]	[sound:hypertts-02f8429ba6e0bdbb9837165221a0e06843c144a0162c7ffd26d74a1c.mp3]	[sound:ゲーム_ゲ＼ーム_1_NHK-2016.mp3]	ゲーム	ゲームであそびます。	"""<span style=""""box-shadow: inset -2px 2px 0 0px #FF6633;"""">ゲ</span><span style=""""box-shadow: inset 0px -2px 0 0px #FF6633;"""">ーム</span> <span class=""""pitch_number"""">1</span>"""
1763551593893	1775147485	Doki Doki1-2 male_voice newVersion	デート	デート	デート	dēto	randka	 土曜日[どようび]にデートをします。	W sobotę idę na randkę.						[sound:hypertts-d5fa6bf1aaa3893c2d2548102b988fce3a73c6e3e48cb0e98c7b7659.mp3]	[sound:hypertts-fa7383bbe99f6d7026729e48fd6213b8333f243de678456a8f0bcc4d.mp3]	[sound:デート_デ＼ート_1_NHK-2016.mp3]	デート	どようびにデートをします。	"""<span style=""""box-shadow: inset -2px 2px 0 0px #FF6633;"""">デ</span><span style=""""box-shadow: inset 0px -2px 0 0px #FF6633;"""">ート</span> <span class=""""pitch_number"""">1</span>"""
1763551593894	1782851193	Doki Doki1-2 female_voice newVersion	音楽	音[おん] 楽[がく]	おんがく	ongaku	muzyka	 音楽[おんがく]を 聞[き]きます。	Słucham muzyki.						[sound:hypertts-88ec6b09392f9a9515772e457e39149e707ccaa261cc2a92159a05de.mp3]	[sound:hypertts-aa7473b26660a8c92c1b9485576fd12306bc5798d41102414b3e427b.mp3]	[sound:音楽_オンカ゚ク━_0_NHK-2016.mp3] [sound:音楽_オ＼ンカ゚ク_1_NHK-2016.mp3]	おんがく	おんがくをききます。	"""<span style=""""box-shadow: inset -2px -2px 0 0 #FF6633;"""">オ</span><span style=""""box-shadow: inset 0px 2px 0 0px #FF6633;"""">ンカ<span style=""""color: red;"""">°</span>ク</span> <span class=""""pitch_number"""">0</span>, <span style=""""box-shadow: inset -2px 2px 0 0px #FF6633;"""">オ</span><span style=""""box-shadow: inset 0px -2px 0 0px #FF6633;"""">ンカ<span style=""""color: red;"""">°</span>ク</span> <span class=""""pitch_number"""">1</span>"""
1763551593895	1775147485	Doki Doki1-2 female_voice newVersion	買い物	 買[か]い 物[もの]	かいもの	kaimono	zakupy	デパートで 買[か]い 物[もの]をします。	Robię zakupy w domu towarowym.						[sound:hypertts-6f32a0b1ae5abb8b6f79dc238f1ed1498b14b836234c578098822af8.mp3]	[sound:hypertts-11ba4b6fc7df945aad2df1d1355550742631974a6a9b929bc1017876.mp3]	[sound:買い物_カイモノ━_0_NHK-2016.mp3]	かいもの	デパートでかいものをします。	"""<span style=""""box-shadow: inset -2px -2px 0 0 #FF6633;"""">カ</span><span style=""""box-shadow: inset 0px 2px 0 0px #FF6633;"""">イモノ</span> <span class=""""pitch_number"""">0</span>"""
1763797512718	1775147485	Doki Doki1-1 female_voice newVersion	じゃない	じゃない	じゃない	janai	nie jest / nie jestem	 私[わたし]は 学生[がくせい]じゃないです。	Nie jestem uczniem.						[sound:hypertts-a0511ce6d9224aed9baf1e0ba715adfddd51448eef236775ff4252d5.mp3]	[sound:hypertts-162dfc34ea867bca834ab4622b7a7e0bfc68fb2198e683684fb535f7.mp3]		じゃない	わたしはがくせいじゃないです。	
1763797512719	1775147485	Doki Doki1-1 female_voice newVersion	じゃありません	じゃありません	じゃありません	ja arimasen	nie jest (forma grzeczna)	これは 本[ほん]じゃありません。	To nie jest książka.						[sound:hypertts-95181c173a32e771db6127dafa5c6f6df328788852393d3137dadd75.mp3]	[sound:hypertts-318e6549a4899f868c0e54b0a171a9b9ce310c7c9176088a27418e9f.mp3]		じゃありません	これはほんじゃありません。	
1763797512720	1775147485	Doki Doki1-1 male_voice newVersion	ではありません	ではありません	ではありません	dewa arimasen	nie jest (bardzo grzecznie/formalnie)	あれは 日本語[にほんご]ではありません。	To nie jest po japońsku.						[sound:hypertts-38c3fdb463cafa9ce1910480f319f1b3af0662c55873e65d5921cb28.mp3]	[sound:hypertts-92fe70755db974931d3eae2231f5b56311722a56deaf09e792fcbae1.mp3]		ではありません	あれはにほんごではありません。	
1763797512721	1775147485	Doki Doki1-1 Doki1-3 male_voice newVersion	済みません	 済[す]みません	すみません	sumimasen	przepraszam / proszę	 済[す]みません、 水[みず]をください。	Przepraszam, poproszę wodę.			Standardowa, grzeczna forma.			[sound:hypertts-c5d7718785b84131d7e0ac4cb8c77af1477fb26673403cb58454d2c2.mp3]	[sound:hypertts-fe596542e724a14a672a8375a98b9deefa01b580762c9be55c474860.mp3]	[sound:済みません_スミマセ＼ン_4_Shinmeikai-8.mp3]	すみません	すみません、水をください。	"""<span style=""""box-shadow: inset -2px -2px 0 0 #FF6633;"""">ス</span><span style=""""box-shadow: inset -2px 2px 0 0px #FF6633;"""">ミマセ</span><span style=""""box-shadow: inset 0px -2px 0 0px #FF6633;"""">ン</span> <span class=""""pitch_number"""">4</span>"""
1763797512722	1775147485	Doki Doki1-1 female_voice newVersion	ごめんなさい	ごめんなさい	ごめんなさい	gomennasai	Przepraszam (I&#x27;m sorry)	ごめんなさい、 遅[おく]れました。	Przepraszam, spóźniłem/am się.			"""Lżej niż """"sumimasen"""", najczęściej wśród znajomych"""			[sound:hypertts-06b93ca5d92ead4d6fcb6d889148cd7c0c36e030d9a897165de2c2ab.mp3]	[sound:hypertts-9c3eb3dfd95d6c1e5ddabad5bb404b04f8a30613a60c1ca6d6945787.mp3]	[sound:ごめんなさい_ゴメンナサ＼イ_5_Shinmeikai-8.mp3]	ごめんなさい	ごめんなさい、おくれました。	"""<span style=""""box-shadow: inset -2px -2px 0 0 #FF6633;"""">ゴ</span><span style=""""box-shadow: inset -2px 2px 0 0px #FF6633;"""">メンナサ</span><span style=""""box-shadow: inset 0px -2px 0 0px #FF6633;"""">イ</span> <span class=""""pitch_number"""">5</span>"""
1763797512723	1791214975	Doki Doki1-1 leech male_voice newVersion	申し訳ありません	 申[もう]し 訳[わけ]ありません	もうしわけありません	mōshiwake arimasen	najmocniejsze formalne przepraszam	 申[もう]し 訳[わけ]ありません、 間違[まちが]えました。	Bardzo przepraszam, pomyliłem/am się.			bardzo formalne przeprosiny. Dosłownie nie ma usprawiedliwienia.			[sound:hypertts-0f30e96cab25caf01c83e1531fc15882d903e0df8f01d2acbb6970fe.mp3]	[sound:hypertts-d53b33904705a0a357b4ba53666ed061af5621ff3afb1e30f257f89d.mp3]	[sound:申し訳ありません_モウシワケアリマセン_JapanesePod101.mp3] [sound:申し訳ありません_モウシワケアリマセン_JapanesePod101(1).mp3]	もうしわけありません	もうしわけありません、まちがえました。	
1763813137795	1782851193	Doki Doki1-2 male_voice newVersion	博物館	博[はく] 物[ぶつ] 館[かん]	はくぶつかん	hakubutsukan	muzeum	 週末[しゅうまつ]に 博物館[はくぶつかん]へ 行[い]きます。	W weekend idę do muzeum.						[sound:hypertts-095c4241b1f12b8c43204eb78e8543c830920d0f1f19dc2952316b3f.mp3]	[sound:hypertts-d061f6ba9af6f06c435ad3da9e4e88536c6867120a5466fe3fc3176d.mp3]	[sound:博物館_ハクブ＼ツカン_3_NHK-2016.mp3] [sound:博物館_ハクブツ＼カン_4_NHK-2016.mp3]	はくぶつかん	しゅうまつにはくぶつかんへいきます。	"""<span style=""""box-shadow: inset -2px -2px 0 0 #FF6633;"""">ハ</span><span style=""""box-shadow: inset -2px 2px 0 0px #FF6633;"""">クブ</span><span style=""""box-shadow: inset 0px -2px 0 0px #FF6633;""""><span style=""""color: royalblue;"""">ツ</span>カン</span> <span class=""""pitch_number"""">3</span>, <span style=""""box-shadow: inset -2px -2px 0 0 #FF6633;"""">ハ</span><span style=""""box-shadow: inset -2px 2px 0 0px #FF6633;"""">クブ<span style=""""color: royalblue;"""">ツ</span></span><span style=""""box-shadow: inset 0px -2px 0 0px #FF6633;"""">カン</span> <span class=""""pitch_number"""">4</span>"""
1763813137796	1791214975	Doki Doki1-2 female_voice newVersion	空港	空[くう] 港[こう]	くうこう	kūkō	lotnisko	 空港[くうこう]で 友達[ともだち]を 待[ま]ちます。	Czekam na przyjaciela na lotnisku.						[sound:hypertts-f576c18b45093d89112b2d4a39b7312aa184d7a11c5a302d4e0bad4c.mp3]	[sound:hypertts-af3983b01023165bf01cdf6fb9ebf4e8220070ec44789b02e8f89514.mp3]	[sound:空港_クーコー━_0_NHK-2016.mp3]	くうこう	くうこうでともだちをまちます。	"""<span style=""""box-shadow: inset -2px -2px 0 0 #FF6633;"""">ク</span><span style=""""box-shadow: inset 0px 2px 0 0px #FF6633;"""">ーコー</span> <span class=""""pitch_number"""">0</span>"""
1763813137797	1782851193	Doki Doki1-2 female_voice newVersion	神社	神[じん] 社[じゃ]	じんじゃ	jinja	świątynia shintoistyczna/chram	 神社[じんじゃ]で 写真[しゃしん]を 撮[と]ります。	Robię zdjęcie przy chramie.						[sound:hypertts-4cd6b7b2ae8bc3ea19916c4957a46c69644049a6282bcc1354ebc111.mp3]	[sound:hypertts-cee6d87d87ac7b146c784f0f05ba96ed77051e7043f6f8d3a3357348.mp3]	[sound:神社_ジ＼ンジャ_1_NHK-2016.mp3]	じんじゃ	じんじゃでしゃしんをとります。	"""<span style=""""box-shadow: inset -2px 2px 0 0px #FF6633;"""">ジ</span><span style=""""box-shadow: inset 0px -2px 0 0px #FF6633;"""">ンジャ</span> <span class=""""pitch_number"""">1</span>"""
1763813137798	1782851442	Doki Doki1-2 female_voice newVersion	叔父さん	叔父[おじ]さん	おじさん	ojisan	wujek	おじさんは 優[やさ]しいです。	Wujek jest miły.						[sound:hypertts-f9592a3277f9caae1d15ed38c34974345e7b678479324f22b264940e.mp3]	[sound:hypertts-2384195c7c2d2490744dac17fa7f3ad7e5271cf89b86d9066254a71f.mp3]	[sound:おじさん_オジサン━_0_NHK-2016.mp3]	おじさん	おじさんはやさしいです。	"""<span style=""""box-shadow: inset -2px -2px 0 0 #FF6633;"""">オ</span><span style=""""box-shadow: inset 0px 2px 0 0px #FF6633;"""">ジサン</span> <span class=""""pitch_number"""">0</span>"""
1763813137799	1782851453	Doki Doki1-2 female_voice newVersion	叔母さん	叔母[おば]さん	おばさん	obasan	ciocia	おばさんと 買[か]い 物[もの]に 行[い]きます。	Idę na zakupy z ciocią.						[sound:hypertts-0ee1e931d40be28b8f5d36ee06419dbac7f9243a1aa6c4b5a304d4ba.mp3]	[sound:hypertts-1b58cd41c4001ca0fa0d640545e8f101fa6fa2759e488fb8c027308e.mp3]	[sound:おばさん_オバサン━_0_NHK-2016.mp3]	おばさん	おばさんとかいものにいきます。	"""<span style=""""box-shadow: inset -2px -2px 0 0 #FF6633;"""">オ</span><span style=""""box-shadow: inset 0px 2px 0 0px #FF6633;"""">バサン</span> <span class=""""pitch_number"""">0</span>"""
1763814618687	1775147485	Doki Doki1-2 female_voice newVersion	おはよう	おはよう	おはよう	ohayou	Dzień dobry (rano)	おはよう。 今日[きょう]は 元気[げんき]ですか。	Dzień dobry. Jak się dziś czujesz?			Używane do ok. 10:00, nieformalne			[sound:hypertts-cae408e6fca04bef505bf0337d7a61b4a34e84f16f96dba6530de515.mp3]	[sound:hypertts-0f682559e2fbad7ac2699e547537a56503e70f234be067420e92b4be.mp3]	[sound:おはよう_オハヨー━_0_NHK-2016.mp3]	おはよう	おはよう。きょうはげんきですか。	"""<span style=""""box-shadow: inset -2px -2px 0 0 #FF6633;"""">オ</span><span style=""""box-shadow: inset 0px 2px 0 0px #FF6633;"""">ハヨウ</span> <span class=""""pitch_number"""">0</span>, <span style=""""box-shadow: inset -2px -2px 0 0 #FF6633;"""">オ</span><span style=""""box-shadow: inset 0px 2px 0 0px #FF6633;"""">ハヨー</span> <span class=""""pitch_number"""">0</span>"""
1763814618688	1775147485	Doki Doki1-2 female_voice newVersion	こんにちは	こんにちは	こんにちは	konnichiwa	Dzień dobry (po południu)	こんにちは。 毎日[まいにち] 日本語[にほんご]を 勉強[べんきょう]します。	Dzień dobry. Codziennie uczę się japońskiego.			Od południa do wieczora			[sound:hypertts-97e61a6d18e9bf3492d2171ba6d31484845006f6116d2a118d9f2331.mp3]	[sound:hypertts-ba775111d5c4680940376238e2005e1dcf7ac225b79058155906cc03.mp3]	[sound:こんにちは_コンニチハ＼_5_NHK-1998.mp3]	こんにちは	こんにちは。まいにちにほんごをべんきょうします。	"""<span style=""""box-shadow: inset -2px -2px 0 0 #FF6633;"""">コ</span><span style=""""box-shadow: inset 0px 2px 0 0px #FF6633;"""">ンニチハ</span> <span class=""""pitch_number"""">0</span>, <span style=""""box-shadow: inset -2px -2px 0 0 #FF6633;"""">コ</span><span style=""""box-shadow: inset -2px 2px 0 0px #FF6633;"""">ンニチハ</span> <span class=""""pitch_number"""">5</span>, <span style=""""box-shadow: inset -2px -2px 0 0 #FF6633;"""">コ</span><span style=""""box-shadow: inset -2px 2px 0 0px #FF6633;"""">ンニチワ</span> <span class=""""pitch_number"""">5</span>"""
1763814618689	1775147485	Doki Doki1-2 female_voice newVersion	こんばんは	こんばんは	こんばんは	konbanwa	Dobry wieczór	こんばんは。 今晩[こんばん] 映画[えいが]を 見[み]ます。	Dobry wieczór. Dziś wieczorem oglądam film.			Wieczorne powitanie			[sound:hypertts-2c4db6094fab50e851349945975a2d8a119d242b2a9ab797fa6c91d4.mp3]	[sound:hypertts-770f475ecb3d1ab0bf31d0d2f8764f8ead6d6b9da3558ff4f3463029.mp3]	[sound:こんばんは_コンバンハ＼_5_NHK-1998.mp3]	こんばんは	こんばんは。こんばんえいがをみます。	"""<span style=""""box-shadow: inset -2px -2px 0 0 #FF6633;"""">コ</span><span style=""""box-shadow: inset 0px 2px 0 0px #FF6633;"""">ンバンハ</span> <span class=""""pitch_number"""">0</span>, <span style=""""box-shadow: inset -2px -2px 0 0 #FF6633;"""">コ</span><span style=""""box-shadow: inset -2px 2px 0 0px #FF6633;"""">ンバンハ</span> <span class=""""pitch_number"""">5</span>, <span style=""""box-shadow: inset -2px -2px 0 0 #FF6633;"""">コ</span><span style=""""box-shadow: inset -2px 2px 0 0px #FF6633;"""">ンバンワ</span> <span class=""""pitch_number"""">5</span>"""
1763814618690	1775147485	Doki Doki1-2 female_voice newVersion	さようなら	さようなら	さようなら	sayounara	Do widzenia	さようなら、また 明日[あした]。	Do widzenia, do jutra.			Dłuższe pożegnanie, raczej na długo			[sound:hypertts-7c13ef9c87981c9a080aa49292a78777225d2d347b3f2ca3618cb03b.mp3]	[sound:hypertts-658c0c98d980d3012c86ce69780c5cdb128ab71a1151db720c019f70.mp3]	[sound:さようなら_サヨーナ＼ラ_4_NHK-2016.mp3] [sound:さようなら_サヨーナラ＼_5_NHK-2016.mp3]	さようなら	さようなら、またあした。	"""<span style=""""box-shadow: inset -2px -2px 0 0 #FF6633;"""">サ</span><span style=""""box-shadow: inset -2px 2px 0 0px #FF6633;"""">ヨーナ</span><span style=""""box-shadow: inset 0px -2px 0 0px #FF6633;"""">ラ</span> <span class=""""pitch_number"""">4</span>, <span style=""""box-shadow: inset -2px -2px 0 0 #FF6633;"""">サ</span><span style=""""box-shadow: inset -2px 2px 0 0px #FF6633;"""">ヨウナ</span><span style=""""box-shadow: inset 0px -2px 0 0px #FF6633;"""">ラ</span> <span class=""""pitch_number"""">4</span>, <span style=""""box-shadow: inset -2px -2px 0 0 #FF6633;"""">サ</span><span style=""""box-shadow: inset -2px 2px 0 0px #FF6633;"""">ヨーナラ</span> <span class=""""pitch_number"""">5</span>"""
1763814618691	1775147485	Doki Doki1-2 female_voice leech newVersion	おやすみなさい	おやすみなさい	おやすみなさい	oyasuminasai	Dobranoc	おやすみなさい、また 明日[あした]。	Dobranoc, do jutra.			Przed snem, grzecznie			[sound:hypertts-ea0ce4b9b3109b97683d5569bf9eff6d5cb5f6977ca7078c65d15c63.mp3]	[sound:hypertts-5e37d0f3337abc715ed0c1fd1dd833751ad9a5e204670a7f7053c2af.mp3]	[sound:おやすみなさい_オヤスミナサ＼イ_6_Shinmeikai-8.mp3]	おやすみなさい	おやすみなさい、またあした。	"""<span style=""""box-shadow: inset -2px -2px 0 0 #FF6633;"""">オ</span><span style=""""box-shadow: inset 0px 2px 0 0px #FF6633;"""">ヤスミナサイ</span> <span class=""""pitch_number"""">0</span>, <span style=""""box-shadow: inset -2px -2px 0 0 #FF6633;"""">オ</span><span style=""""box-shadow: inset -2px 2px 0 0px #FF6633;"""">ヤスミナサ</span><span style=""""box-shadow: inset 0px -2px 0 0px #FF6633;"""">イ</span> <span class=""""pitch_number"""">6</span>"""
1763814618692	1775147485	Doki Doki1-2 Doki1-3 male_voice newVersion	休む	 休[やす]む	やすむ	yasumu	odpoczywać, być nieobecnym,&nbsp;brać wolne	 今日[きょう]は 学校[がっこう]を 休[やす]みます。	Dzisiaj nie idę do szkoły.	やすみます	やすみません	"""Czasownik. Często używany w formie """"chotto yasumimashou"""" (odpocznijmy chwilę)."""			[sound:hypertts-1c66a456f3040e5c163329583daddfad4d03d318cfbfc8e28c4d1ec4.mp3]	[sound:hypertts-fce4ebd47f042245db2a2a55a258440a5befa41e719969aa3e4bb10e.mp3]	[sound:休む_ヤス＼ム_2_NHK-2016.mp3]	やすむ	きょうはがっこうをやすみます。	"""<span style=""""box-shadow: inset -2px -2px 0 0 #FF6633;"""">ヤ</span><span style=""""box-shadow: inset -2px 2px 0 0px #FF6633;"""">ス</span><span style=""""box-shadow: inset 0px -2px 0 0px #FF6633;"""">ム</span> <span class=""""pitch_number"""">2</span>"""
1763814618693	1775147485	Doki Doki1-2 female_voice newVersion	ありがとうございます	ありがとうございます	ありがとうございます	arigatou gozaimasu	Dziękuję bardzo	ありがとうございます。 本[ほん]をもらいました。	Dziękuję bardzo, dostałem książkę.			Uprzejmie, za rzecz, która trwa/się odbywa			[sound:hypertts-630ff4c262e29320a54e80035fd23ea4f18c465c39ab1601d29e5958.mp3]	[sound:hypertts-761b973e296bde3f350e5fa100a4f069626036805c01984a499ffc6a.mp3]	[sound:ありがとうございます_アリガトウゴザイマス_JapanesePod101.mp3]	ありがとうございます	ありがとうございます。ほんをもらいました。	
1763814618694	1775147485	Doki Doki1-2 Doki1-3 male_voice newVersion	どうも	どうも	どうも	doumo	dzięki / cześć	どうもありがとう。	Wielkie dzięki.	 może znaczyć &quot;dzięki&quot;, &quot;przepraszam&quot;, &quot;cześć&quot;.		Krótkie, uniwersalne słowo			[sound:hypertts-f2ec1a03dcaf5c7bd886275e036684a4385d559b20ab1f66064f0049.mp3]	[sound:hypertts-ea62fa61c7b5cfacc22238172edb7980054f5141071c453ccff8a886.mp3]	[sound:どうも_ド＼ーモ_1_NHK-2016.mp3]	どうも	どうもありがとう。	"""<span style=""""box-shadow: inset -2px 2px 0 0px #FF6633;"""">ド</span><span style=""""box-shadow: inset 0px -2px 0 0px #FF6633;"""">ーモ</span> <span class=""""pitch_number"""">1</span>"""
1763814618695	1775147485	Doki Doki1-2 leech male_voice newVersion	どういたしまして	どういたしまして	どういたしまして	douitashimashite	Nie ma za co	どういたしまして。	Nie ma za co.			Standardowe jako odpowiedź na &quot;dziękuję&quot;			[sound:hypertts-5aa2c949020a6ceb86d94e7f9b2db92ae6ced1cacf43bb2e3882dd6a.mp3]	[sound:hypertts-041eddb2ec24fc0fb9def51e0549bf229f42b1d02ff1b9f3afc698b8.mp3]	[sound:どういたしまして_ドーイタシマシテ_1-4_Shinmeikai-8.mp3]	どういたしまして	どういたしまして。	"""<span style=""""box-shadow: inset -2px 2px 0 0px #FF6633;"""">ド</span><span style=""""box-shadow: inset 0px -2px 0 0px #FF6633;"""">ウイタシマシテ</span> <span class=""""pitch_number"""">1</span>"""
1763814618696	1775147485	Doki Doki1-2 female_voice newVersion	いただきます	いただきます	いただきます	itadakimasu	Dziękuję za jedzenie (przed jedzeniem)	いただきます。 ご飯[はん]を 食[た]べます。	Dziękuję za jedzenie, jem posiłek.			Przed każdym posiłkiem			[sound:hypertts-baeb39882634540cb577508844d73cf811244f96c60658cc6df621f8.mp3]	[sound:hypertts-50037e210f4aa961218b3bae84b9b9efba3c7fc52f11c1dc12aaa7e4.mp3]	[sound:いただきます_イタダキマ＼ス_5_NHK-2016.mp3]	いただきます	いただきます。ごはんをたべます。	"""<span style=""""box-shadow: inset -2px -2px 0 0 #FF6633;"""">イ</span><span style=""""box-shadow: inset -2px 2px 0 0px #FF6633;"""">タダキマ</span><span style=""""box-shadow: inset 0px -2px 0 0px #FF6633;"""">ス</span> <span class=""""pitch_number"""">5</span>"""
1763814618697	1782885055	Doki Doki1-2 Doki1-3 female_voice leech newVersion	ご馳走様でした	ご 馳[ち] 走[そう] 様[さま]でした	ごちそうさまでした	gochisōsama deshita	Dziękuję za posiłek (po jedzeniu).	 美味[おい]しかったです。ご 馳走様[ちそうさま]でした。	Było smaczne. Dziękuję za posiłek.			Mówimy to wychodząc z restauracji lub wstając od stołu.			[sound:hypertts-7a92fc63668e8746f6722c28d50251c356fc48439a22765c6e0f1e4e.mp3]	[sound:hypertts-36d6af5cfafa79b12c6bec8e7423a5e156d8424c1e0d48fd3bd6a8e7.mp3]	[sound:ご馳走様でした_ゴチソウサマデシタ_JapanesePod101.mp3]	ごちそうさまでした	おいしかったです。ごちそうさまでした。	
1763814618698	1784209433	Doki Doki1-2 female_voice leech newVersion	いってきます	いってきます	いってきます	ittekimasu	Wychodzę (wrócę później)	いってきます。 明日[あした] 学校[がっこう]へ 行[い]きます。	Wychodzę. Jutro idę do szkoły.			Mówi osoba wychodząca z domu			[sound:hypertts-b75521647cff8768da3ec0255e6063e49d0f85ea1a114b001d77ddea.mp3]	[sound:hypertts-cd17135e1e9cab35f16c05ca8a2081302962e7bd00b775cfe37758a5.mp3]	[sound:いってきます_イッテキマ↓ス_5_Daijisen.mp3]	いってきます	いってきます。あしたがっこうへいきます。	"""<span style=""""box-shadow: inset -2px -2px 0 0 #FF6633;"""">イ</span><span style=""""box-shadow: inset -2px 2px 0 0px #FF6633;"""">ッテキマ</span><span style=""""box-shadow: inset 0px -2px 0 0px #FF6633;"""">ス</span> <span class=""""pitch_number"""">5</span>"""
1763814618699	1775298758	Doki Doki1-2 female_voice leech newVersion	いってらっしゃい	いってらっしゃい	いってらっしゃい	itterasshai	Trzymaj się / miłego dnia / uważaj na siebie	いってらっしゃい。 気[き]をつけて。	Trzymaj się, uważaj na siebie.			Do osoby wychodzącej z domu			[sound:hypertts-e4fc772730830b15aacc69821c19a4ae82fe3893853848754569beab.mp3]	[sound:hypertts-0611699cf13112fa79eea94b2e2130c5d6c51fc02e5cc8da28c14957.mp3]	[sound:いってらっしゃい_イッテラッシャイ━_0_NHK-2016.mp3] [sound:いってらっしゃい_イッテラッシャ＼イ_6_NHK-2016.mp3]	いってらっしゃい	いってらっしゃい。きをつけて。	"""<span style=""""box-shadow: inset -2px -2px 0 0 #FF6633;"""">イ</span><span style=""""box-shadow: inset 0px 2px 0 0px #FF6633;"""">ッテラッシャイ</span> <span class=""""pitch_number"""">0</span>, <span style=""""box-shadow: inset -2px -2px 0 0 #FF6633;"""">イ</span><span style=""""box-shadow: inset -2px 2px 0 0px #FF6633;"""">ッテラッシャ</span><span style=""""box-shadow: inset 0px -2px 0 0px #FF6633;"""">イ</span> <span class=""""pitch_number"""">6</span>"""
1763814618700	1775147485	Doki Doki1-2 male_voice newVersion	ただいま	ただいま	ただいま	tadaima	Jestem w domu / wróciłem&nbsp;	ただいま。 今[いま] 家[うち]に 帰[かえ]りました。	Już jestem. Właśnie wróciłem do domu.			Mówi osoba wracająca do domu			[sound:hypertts-edf45211d1bbd0c06da79750166f304237d332d7e7870acb71d41562.mp3]	[sound:hypertts-372ed6d78071000e899fc9dbee625f809121a7f540bc1a87f30bce08.mp3]	[sound:ただいま_タダ＼イマ_2_NHK-2016.mp3] [sound:ただいま_タダイマ＼_4_NHK-2016.mp3]	ただいま	ただいま。いまうちにかえりました。	"""<span style=""""box-shadow: inset -2px -2px 0 0 #FF6633;"""">タ</span><span style=""""box-shadow: inset 0px 2px 0 0px #FF6633;"""">ダイマ</span> <span class=""""pitch_number"""">0</span>, <span style=""""box-shadow: inset -2px -2px 0 0 #FF6633;"""">タ</span><span style=""""box-shadow: inset -2px 2px 0 0px #FF6633;"""">ダ</span><span style=""""box-shadow: inset 0px -2px 0 0px #FF6633;"""">イマ</span> <span class=""""pitch_number"""">2</span>, <span style=""""box-shadow: inset -2px -2px 0 0 #FF6633;"""">タ</span><span style=""""box-shadow: inset -2px 2px 0 0px #FF6633;"""">ダイマ</span> <span class=""""pitch_number"""">4</span>"""
1763814618701	1775147485	Doki Doki1-2 female_voice leech newVersion	おかえりなさい	おかえりなさい	おかえりなさい	okaerinasai	Witaj w domu	おかえりなさい。 今日[きょう]はどうでしたか。	Witaj w domu. Jak minął dzień?			Do osoby, która wróciła			[sound:hypertts-031807acf1d36959eb0fe01f73a0bf1417d7a4df7b731033c8050ac7.mp3]	[sound:hypertts-16dd03a73addde3c710500a55ce87dc1d19ec4682f1302edd1f28bca.mp3]	[sound:おかえりなさい_オカエリナサ＼イ_6_Shinmeikai-8.mp3]	おかえりなさい	おかえりなさい。きょうはどうでしたか。	"""<span style=""""box-shadow: inset -2px -2px 0 0 #FF6633;"""">オ</span><span style=""""box-shadow: inset -2px 2px 0 0px #FF6633;"""">カエリナサ</span><span style=""""box-shadow: inset 0px -2px 0 0px #FF6633;"""">イ</span> <span class=""""pitch_number"""">6</span>"""
1763814618702	1775147485	Doki Doki1-2 female_voice newVersion	ありがとう	ありがとう	ありがとう	arigatou	Dziękuję	ありがとう、とても 助[たす]かりました。	Dziękuję, bardzo mi to pomogło.			Nieformalnie			[sound:hypertts-dc15069643a758ab5f3b42473835424d87162c186f139242ef6232d0.mp3]	[sound:hypertts-7c661c83137e890c6b35758b347f2a586606f31f22342e8914c3e838.mp3]	[sound:ありがとう_アリ＼カ゚トー_2_NHK-2016.mp3]	ありがとう	ありがとう、とてもたすかりました。	"""<span style=""""box-shadow: inset -2px -2px 0 0 #FF6633;"""">ア</span><span style=""""box-shadow: inset -2px 2px 0 0px #FF6633;"""">リ</span><span style=""""box-shadow: inset 0px -2px 0 0px #FF6633;"""">カ<span style=""""color: red;"""">°</span>トー</span> <span class=""""pitch_number"""">2</span>, <span style=""""box-shadow: inset -2px -2px 0 0 #FF6633;"""">ア</span><span style=""""box-shadow: inset -2px 2px 0 0px #FF6633;"""">リ</span><span style=""""box-shadow: inset 0px -2px 0 0px #FF6633;"""">ガトウ</span> <span class=""""pitch_number"""">2</span>"""
1763814618703	1775147485	Doki Doki1-2 Doki1-3 male_voice newVersion	どうぞ	どうぞ	どうぞ	douzo	proszę (przy podawaniu)	はい、どうぞ。	Proszę bardzo (podając coś).			Używane, gdy coś komuś wręczasz lub zapraszasz do środka.			[sound:hypertts-cb5cf87b8733db99f42482e1c36a1edaffb4e3fe22b561d797621808.mp3]	[sound:hypertts-83b83599d4e276a98570c68a596ac42a6e90a6a2c37c2373a49c8267.mp3]	[sound:どうぞ_ド＼ーゾ_1_NHK-2016.mp3]	どうぞ	はい、どうぞ。	"""<span style=""""box-shadow: inset -2px 2px 0 0px #FF6633;"""">ド</span><span style=""""box-shadow: inset 0px -2px 0 0px #FF6633;"""">ーゾ</span> <span class=""""pitch_number"""">1</span>"""
1763814618704	1782885055	Doki Doki1-2 male_voice newVersion	また明日	また 明日[あした]	またあした	mata ashita	do jutra!	また 明日[あした]。 毎日[まいにち] 学校[がっこう]で 会[あ]います。	Do jutra. Codziennie widzimy się w szkole.			Do zobaczenia jutro			[sound:hypertts-9ff4d278a7afa4004ae590bc533d26229fe586ced5d795e8f6e54298.mp3]	[sound:hypertts-e0baa8d925735e3f4d0608df52e718f3f5a4bf8f71cc55b7da061262.mp3]	[sound:また明日_マタアシタ_JapanesePod101.mp3]	またあした	またあした。まいにちがっこうであいます。	
1763814618705	1775147485	Doki Doki1-2 male_voice newVersion	またね	またね	またね	mata ne	na razie!	じゃあ、またね。	No to na razie.			Wśród znajomych, nieformalnie			[sound:hypertts-bcf519dc7dbd29fd2f3313847b28f4c2c300994c7951722b7cd4366e.mp3]	[sound:hypertts-e35c6a9b36ed2f7bf9529af3e289cdec433ec8611d7a5c5b7b39d766.mp3]	[sound:またね_マタネ_JapanesePod101.mp3]	またね	じゃあ、またね。	
1763814618706	1782885055	Doki Doki1-2 female_voice leech newVersion	お邪魔します	お 邪[じゃ] 魔[ま]します	おじゃまします	ojama shimasu	przepraszam za najście (przy wchodzeniu)	お 邪魔[じゃま]します。 今日[きょう]は 家[うち]に 遊[あそ]びに 来[き]ました。	Przepraszam, że wchodzę. Przyszedłem dziś w odwiedziny.			Obowiązkowo wchodząc do czyjegoś domu			[sound:hypertts-4b7673c0e8eb5d1c3f4663469cd7ff5c9fcf6c62275939b0711f0228.mp3]	[sound:hypertts-83bc1fb2395294a499b392fc98aff91fa67e4157eebc3342b9ee9900.mp3]	[sound:お邪魔します_オジャマシマス_JapanesePod101.mp3]	おじゃまします	おじゃまします。きょうはうちにあそびにきました。	
1763814618707	1791200480	Doki Doki1-2 female_voice leech newVersion	失礼します	失[しつ] 礼[れい]します	しつれいします	shitsurei shimasu	przepraszam za wejście/naruszenie grzeczności (przy wychodzeniu), przepraszam, że przeszkadzam	 失礼[しつれい]します。さようなら。	Przepraszam, wychodzę. Do widzenia.			stały zwrot grzecznościowy. Używany m.in. przy wchodzeniu, wychodzeniu lub zwracaniu się do kogoś.			[sound:hypertts-2c903f335fe02bff9a4e2c472510239deca65d21ef611d626bb52e3a.mp3]	[sound:hypertts-40dfd103cc559f853ef754949a8a5d7f7bea78d03abcb8586682391c.mp3]		しつれいします	しつれいします。さようなら。	
1763814618708	1782851525	Doki Doki1-2 female_voice newVersion	失礼ですが	失[しつ] 礼[れい]ですが	しつれいですが	shitsurei desu ga...	przepraszam, ale...	 失礼[しつれい]ですが、お 名前[なまえ]は 何[なん]ですか。	Przepraszam, ale jak masz na imię?			Wstęp do trudnego pytania/prośby			[sound:hypertts-3a958f3573a2a264b8dd0f96ce218fdbf13fd8deeb28032dce471b53.mp3]	[sound:hypertts-dc43dd97fdcf76e89ea0fb06663949e5e8eccedeb145bc4513d8be4f.mp3]		しつれいですが	しつれいですが、おなまえはなんですか。	
1763814618709	1782851519	Doki Doki1-2 female_voice newVersion	お大事に	お 大[だい] 事[じ]に	おだいじに	odaijini	trzymaj się/wracaj do zdrowia/dbaj o siebie	お 大事[だいじ]に。また 明日[あした]。	Wracaj do zdrowia. Do jutra.			Do chorego, na pożegnanie		お大 事[じ]に	[sound:hypertts-babede55136aeb441ad4c3fbf4d5dc4405fde14ba1941e14a166965b.mp3]	[sound:hypertts-478cb917a97b6cefa41bfb3aa7c79dd0960bf0aa84be162425c7b636.mp3]	[sound:お大事に_オダイジニ━_0_NHK-2016.mp3]	おだいじに	おだいじに。またあした。	"""<span style=""""box-shadow: inset -2px -2px 0 0 #FF6633;"""">オ</span><span style=""""box-shadow: inset 0px 2px 0 0px #FF6633;"""">ダイジニ</span> <span class=""""pitch_number"""">0</span>"""
1763814618710	1782851514	Doki Doki1-2 female_voice newVersion	お元気で	お 元[げん] 気[き]で	おげんきで	ogenki de	trzymaj się (na co dzień)	お 元気[げんき]で。また 会[あ]いましょう。	Trzymaj się. Spotkajmy się znowu.			Przy dłuższej rozłące		お元気で	[sound:hypertts-5dd5025da81bff464618761aafe7b66dde483dc8f7c045439cc6079a.mp3]	[sound:hypertts-9ec7923d95cf76df742e9e63e9caaff9cb61660148cbdcfd3244f0c3.mp3]		おげんきで	おげんきで。またあいましょう。	
1763814618711	1782851193	Doki Doki1-2 female_voice newVersion	元気	元[げん] 気[き]	げんき	genki	zdrowie, energia, pełen energii/życia	お 元気[げんき]ですか。	Czy wszystko w porządku?			Często w frazach:お元気ですか		元気	[sound:hypertts-1f28934528b0691045fa736462abd97cdb26590f32fe2b227981cbbd.mp3]	[sound:hypertts-763541dcce21740b02dc11687f65d707959484e1f8f43db0c452e6f9.mp3]	[sound:元気_ゲ＼ンキ_1_NHK-2016.mp3]	げんき	おげんきですか。	"""<span style=""""box-shadow: inset -2px 2px 0 0px #FF6633;"""">ゲ</span><span style=""""box-shadow: inset 0px -2px 0 0px #FF6633;"""">ンキ</span> <span class=""""pitch_number"""">1</span>"""
1763814618712	1775147485	Doki Doki1-2 female_voice newVersion	ありがとうございました	ありがとうございました	ありがとうございました	arigatou gozaimashita	dziękuję bardzo (za coś, co już się stało)	ありがとうございました。 今日[きょう]は 楽[たの]しかったです。	Dziękuję bardzo, dziś było miło.			Za coś, co już się wydarzyło			[sound:hypertts-815712eb2bb21e3b5520fe0834b3ccb5e818e6f4649366e89c725e78.mp3]	[sound:hypertts-0aaafa2bb9a3a8d6b19f33bbec19fee75f3247b12801250926b270c8.mp3]		ありがとうございました	ありがとうございました。きょうはたのしかったです。	
1763814618713	1775147485	Doki Doki1-2 female_voice leech newVersion	お待たせしました	お 待[ま]たせしました	おまたせしました	omatase shimashita	przepraszam, że musiałeś czekać	お 待[ま]たせしました。 行[い]きましょう。	Przepraszam, że czekałeś. Chodźmy.			Do osoby, która czekała			[sound:hypertts-c09762a237249519b54630700b3142e2201fd94d675c61cace4d5a55.mp3]	[sound:hypertts-55ebf0121ad47b5bb6da4d843a91e9463b00df37e2212f72948290b1.mp3]		おまたせしました	おまたせしました。いきましょう。	
1763814618714	1775147485	Doki Doki1-2 male_voice newVersion	ビル	ビル	ビル	biru	budynek	ビルの 中[なか]にオフィスがあります。	W budynku jest biuro.			Wyraz z angielskiego			[sound:hypertts-0fec87d0e812991923329f853a07e3cd710aa1b0dd8226258a830a43.mp3]	[sound:hypertts-7175fea55fa604dcd55a3a0d6fa59e9e7fdbe383cb5f288276b6d33a.mp3]	[sound:ビル_ビ＼ル_1_NHK-2016.mp3]	ビル	ビルのなかにオフィスがあります。	"""<span style=""""box-shadow: inset -2px 2px 0 0px #FF6633;"""">ビ</span><span style=""""box-shadow: inset 0px -2px 0 0px #FF6633;"""">ル</span> <span class=""""pitch_number"""">1</span>"""
1763814618715	1775147485	Doki Doki1-2 male_voice newVersion	ビール	ビール	ビール	biiru	piwo	ビールは 飲[の]みません。	Nie piję piwa.			Wyraz z angielskiego			[sound:hypertts-01b0753cf0aab8314f37df04b5d21bd2f2a196feb2cd2732ba1c45d1.mp3]	[sound:hypertts-e653a230a65bcb940dcdb44d47b7f9900b1255087c1896c816cd016b.mp3]	[sound:ビール_ビ＼ール_1_NHK-2016.mp3]	ビール	ビールはのみません。	"""<span style=""""box-shadow: inset -2px 2px 0 0px #FF6633;"""">ビ</span><span style=""""box-shadow: inset 0px -2px 0 0px #FF6633;"""">ール</span> <span class=""""pitch_number"""">1</span>"""
1763814618717	1782851621	Doki Doki1-2 Doki1-3 female_voice newVersion	明日	明日[あした]	あした	ashita	jutro	 明日[あした] 学校[がっこう]に 行[い]きます。	Jutro idę do szkoły.						[sound:hypertts-d791c2fe97eb1cce01273bd6b21a71088852e66fce4af8df3eb4510d.mp3]	[sound:hypertts-0b47e77e433b777916488fc0621b81c351ceb6c7e1538e99110bfce2.mp3]	[sound:明日_アシタ━_0_NHK-1998.mp3] [sound:明日_アシタ＼_3_NHK-1998.mp3]	あした	あした がっこう に いきます。	"""<span style=""""box-shadow: inset -2px -2px 0 0 #FF6633;"""">ア</span><span style=""""box-shadow: inset 0px 2px 0 0px #FF6633;""""><span style=""""color: royalblue;"""">シ</span>タ</span> <span class=""""pitch_number"""">0</span>, <span style=""""box-shadow: inset -2px -2px 0 0 #FF6633;"""">ア</span><span style=""""box-shadow: inset -2px 2px 0 0px #FF6633;""""><span style=""""color: royalblue;"""">シ</span>タ</span> <span class=""""pitch_number"""">3</span>"""
1763814618719	1782851590	Doki Doki1-2 female_voice newVersion	一昨日	一昨日[おととい]	おととい	ototoi	przedwczoraj	 一昨日[おととい] 学校[がっこう]に 行[い]きました。	Przedwczoraj poszedłem do szkoły.			Dwa dni wcześniej		一昨日	[sound:hypertts-2f21149ba36c54a3f3d7aee5f35ac7561bd6c9cd2dacd5c9908822bd.mp3]	[sound:hypertts-5c0a84946b4035c0c6ec4e8a8e2d9d42bd27dbd034678194fbcb271d.mp3]		おととい	おととい がっこう に いきました。	
1763814618720	1782851611	Doki Doki1-2 Doki1-3 female_voice newVersion	明後日	明後日[あさって]	あさって	asatte	pojutrze	 明後日[あさって] 学校[がっこう]に 行[い]きます。	Pojutrze idę do szkoły.						[sound:hypertts-3fe8e0f5a01330e4d63f3c1848c0951fd309fe4a8f1d14f42f41571f.mp3]	[sound:hypertts-e0e64688fe8931c28bb96740455e10b6fc0b9225f23cdee3cfde94cc.mp3]	[sound:明後日_アサ＼ッテ_2_NHK-2016.mp3]	あさって	あさって がっこう に いきます。	"""<span style=""""box-shadow: inset -2px -2px 0 0 #FF6633;"""">ア</span><span style=""""box-shadow: inset -2px 2px 0 0px #FF6633;"""">サ</span><span style=""""box-shadow: inset 0px -2px 0 0px #FF6633;"""">ッテ</span> <span class=""""pitch_number"""">2</span>"""
1764275207105	1775147485	Doki Doki1-2 female_voice newVersion	家	 家[いえ]	いえ	ie	dom (budynek)	 家[いえ]は 公園[こうえん]の 近[ちか]くにあります。	Mój dom jest blisko parku.						[sound:hypertts-384afba7032a8206d0e175666862de17730456adb6e9a1786333e953.mp3]	[sound:hypertts-6951381a33bf81c56f99adc9e1fd6c04fb1d3c557144aae9140d75ce.mp3]	[sound:家_イエ＼_2_NHK-2016.mp3]	いえ	いえはこうえんのちかくにあります。	"""<span style=""""box-shadow: inset -2px -2px 0 0 #FF6633;"""">イ</span><span style=""""box-shadow: inset -2px 2px 0 0px #FF6633;"""">エ</span> <span class=""""pitch_number"""">2</span>"""
1765304963078	1782852039	Doki Doki1-2 Doki1-3 female_voice newVersion	映画館	映[えい] 画[が] 館[かん]	えいがかん	eigakan	kino	 映画館[えいがかん]で 映画[えいが]を 見[み]ます。	Oglądam film w kinie.			Miejsce, budynek kina.			[sound:hypertts-8a62965b562ce067c137f006fbe1fb85d83979a798d0624a24bda64c.mp3]	[sound:hypertts-2a326c597805ca610e19f235b836db41313e36f277422743429f86ec.mp3]	[sound:映画館_エーカ゚＼カン_3_NHK-2016.mp3]	えいがかん	えいがかんでえいがをみます。	"""<span style=""""box-shadow: inset -2px -2px 0 0 #FF6633;"""">エ</span><span style=""""box-shadow: inset -2px 2px 0 0px #FF6633;"""">イカ<span style=""""color: red;"""">°</span></span><span style=""""box-shadow: inset 0px -2px 0 0px #FF6633;"""">カン</span> <span class=""""pitch_number"""">3</span>"""
1765399966835	1775147485	Doki Doki1-2 Doki1-3 female_voice leech newVersion	いつも	いつも	いつも	itsumo	zawsze	いつも 同[おな]じレストランに 行[い]きます。	Zawsze chodzę do tej samej restauracji.			Przysłówek częstotliwości.			[sound:hypertts-5b99a17d69c888170a081b0f2ec250c43c274dac6798f3ef94d634e9.mp3]	[sound:hypertts-1f9d66eb0f1b99cbea0fde9e6bee8dddc2fb421765e36ce2fcb23f5c.mp3]	[sound:いつも_イ＼ツモ_1_NHK-2016.mp3]	いつも	いつもおなじレストランにいきます。	"""<span style=""""box-shadow: inset -2px 2px 0 0px #FF6633;"""">イ</span><span style=""""box-shadow: inset 0px -2px 0 0px #FF6633;"""">ツモ</span> <span class=""""pitch_number"""">1</span>"""
1765399966836	1775147485	Doki Doki1-2 male_voice newVersion	よく	よく	よく	yoku	często	よく 友達[ともだち]と 遊[あそ]びます。	Często bawię się z przyjacielem.						[sound:hypertts-5acbb5b6560ba97c1076ec10c93372d773485a5edb3fab5cfe38da76.mp3]	[sound:hypertts-835f16f73554fe9a22b07384a972fec8ad17242312557cb4d29931ac.mp3]	[sound:よく_ヨク━_0_NHK-2016.mp3] [sound:よく_ヨ＼ク_1_NHK-2016.mp3] [sound:よく_ヨク＼_2_NHK-2016.mp3]	よく	よくともだちとあそびます。	"""<span style=""""box-shadow: inset -2px -2px 0 0 #FF6633;"""">ヨ</span><span style=""""box-shadow: inset 0px 2px 0 0px #FF6633;"""">ク</span> <span class=""""pitch_number"""">0</span>, <span style=""""box-shadow: inset -2px 2px 0 0px #FF6633;"""">ヨ</span><span style=""""box-shadow: inset 0px -2px 0 0px #FF6633;"""">ク</span> <span class=""""pitch_number"""">1</span>, <span style=""""box-shadow: inset -2px -2px 0 0 #FF6633;"""">ヨ</span><span style=""""box-shadow: inset -2px 2px 0 0px #FF6633;"""">ク</span> <span class=""""pitch_number"""">2</span>"""
1765399966837	1775147485	Doki Doki1-2 male_voice newVersion	時々	 時々[ときどき]	ときどき	tokidoki	czasami	 時々[ときどき] 喫茶店[きっさてん]でコーヒーを 飲[の]みます。	Czasami piję kawę w kawiarni.					 時 々[どき]	[sound:hypertts-605bdfe32a305af785a2865b9d96d3fea168be31ddfca27a50ccbab7.mp3]	[sound:hypertts-2f8c169295da0c773fd4efb4235bff2baa4ee366b3c14e82d11ee441.mp3]	[sound:時々_トキドキ━_0_NHK-2016.mp3] [sound:時々_トキ＼ドキ_2_NHK-2016.mp3]	ときどき	ときどききっさてんでコーヒーをのみます。	"""<span style=""""box-shadow: inset -2px -2px 0 0 #FF6633;"""">ト</span><span style=""""box-shadow: inset 0px 2px 0 0px #FF6633;"""">キドキ</span> <span class=""""pitch_number"""">0</span>, <span style=""""box-shadow: inset -2px -2px 0 0 #FF6633;"""">ト</span><span style=""""box-shadow: inset -2px 2px 0 0px #FF6633;"""">キ</span><span style=""""box-shadow: inset 0px -2px 0 0px #FF6633;"""">ドキ</span> <span class=""""pitch_number"""">2</span>"""
1765399966838	1775147485	Doki Doki1-2 female_voice newVersion	あまり	あまり	あまり	amari	nie bardzo, raczej mało, niezbyt	 日本語[にほんご]はあまり 話[はな]しません。	Raczej mało mówię po japońsku.			Zawsze z formą przeczenia (nie + masen)			[sound:hypertts-1b512d60f3c18dfaa4156e51342116c4f4c13aedca6d5d10d61918c4.mp3]	[sound:hypertts-7c2819ac15f42f959e15c1fbafe46d3f2d8c594c9a4156853ab12aea.mp3]	[sound:あまり_アマリ━_0_NHK-2016.mp3] [sound:あまり_ア＼マリ_1_NHK-2016.mp3] [sound:あまり_アマリ＼_3_NHK-2016.mp3]	あまり	にほんごはあまりはなしません。	"""<span style=""""box-shadow: inset -2px -2px 0 0 #FF6633;"""">ア</span><span style=""""box-shadow: inset 0px 2px 0 0px #FF6633;"""">マリ</span> <span class=""""pitch_number"""">0</span>, <span style=""""box-shadow: inset -2px 2px 0 0px #FF6633;"""">ア</span><span style=""""box-shadow: inset 0px -2px 0 0px #FF6633;"""">マリ</span> <span class=""""pitch_number"""">1</span>, <span style=""""box-shadow: inset -2px -2px 0 0 #FF6633;"""">ア</span><span style=""""box-shadow: inset -2px 2px 0 0px #FF6633;"""">マリ</span> <span class=""""pitch_number"""">3</span>"""
1765399966839	1782884923	Doki Doki1-2 male_voice newVersion	全然	全[ぜん] 然[ぜん]	ぜんぜん	zenzen	wcale / nigdy&nbsp;	 スポーツは 全然[ぜんぜん]しません。	W ogóle nie uprawiam sportu.			Zawsze z formą przeczenia (nie + masen)			[sound:hypertts-1dee08a7856c97be9cbeb32d1bdde5b19f9c655e283f7aca76d993f3.mp3]	[sound:hypertts-a5fb38106e2d4293eb03468a3ef37d20b61ec76001e43c26a453df6f.mp3]	[sound:全然_ゼンゼン━_0_NHK-2016.mp3]	ぜんぜん	スポーツはぜんぜんしません。	"""<span style=""""box-shadow: inset -2px -2px 0 0 #FF6633;"""">ゼ</span><span style=""""box-shadow: inset 0px 2px 0 0px #FF6633;"""">ンゼン</span> <span class=""""pitch_number"""">0</span>"""
1765399966840	1791359790	Doki Doki1-2 male_voice newVersion	無理	無[む] 理[り]	むり	muri	niemożliwe / ponad siły / na siłę	毎[まい] 日[にち] 百[ひゃく] 個[こ]の 漢[かん] 字[じ]を 覚[おぼ]えるのは 無[む] 理[り]です。	Zapamiętanie stu znaków kanji codziennie jest niemożliwe.			na-adj (na-przymiotnik) / rzeczownik. Używane, gdy coś przekracza czyjeś możliwości, jest nierealne lub robione na siłę.	毎日百個の漢字を覚えるのは無理です。		[sound:hypertts-d6bcc8da3be4b282b34d597915446b6eae6b479aca40859f35ed6e6a.mp3]	[sound:hypertts-007538438ebd9046826ec8e4eae55b1fe28adc12dd8bb27df68af6cd.mp3]	[sound:無理_ム＼リ_1_NHK-2016.mp3]	むり	毎日百個の漢字を覚えるのは無理です。	"""<span style=""""box-shadow: inset -2px 2px 0 0px #FF6633;"""">ム</span><span style=""""box-shadow: inset 0px -2px 0 0px #FF6633;"""">リ</span> <span class=""""pitch_number"""">1</span>"""
1765399966841	1781609346	Doki Doki1-2 male_voice newVersion	ケーキ	ケーキ	ケーキ	kēki	ciasto, ciastko	 今日[きょう]はケーキを 食[た]べます。	Dzisiaj jem ciasto.						[sound:hypertts-4c37e1538aa2dc3ed28f0ac7d507b5960684d1e9698a0192b2c165bb.mp3]	[sound:hypertts-3cd2c43909ff2ab1dce54c75377f8493ea82dc5372e5ad7550d2f587.mp3]	[sound:けーき_ケーキ━_0_NHK-2016.mp3]	ケーキ	きょうはケーキをたべます。	"""<span style=""""box-shadow: inset -2px 2px 0 0px #FF6633;"""">ケ</span><span style=""""box-shadow: inset 0px -2px 0 0px #FF6633;"""">ーキ</span> <span class=""""pitch_number"""">1</span>"""
1765399966842	1775147485	Doki Doki1-2 male_voice newVersion	カフェ	カフェ	カフェ	kafe	kawiarnia (z ang)	 明日[あした]カフェでお 茶[ちゃ]を 飲[の]みます。	Jutro piję herbatę w kawiarni.						[sound:hypertts-57d320359026ef210e3fbe7d2c76ff3555159e9b33c51b343e0636c2.mp3]	[sound:hypertts-c9e57c2334589008adbba45ac78b2d2b9452c0d61f98ad1cfa6bd01a.mp3]	[sound:カフェ_カ＼フェ_1_NHK-2016.mp3]	カフェ	あしたカフェでおちゃをのみます。	"""<span style=""""box-shadow: inset -2px 2px 0 0px #FF6633;"""">カ</span><span style=""""box-shadow: inset 0px -2px 0 0px #FF6633;"""">フェ</span> <span class=""""pitch_number"""">1</span>"""
1765399966843	1782852095	Doki Doki1-2 female_voice newVersion	散歩する	散[さん] 歩[ぽ]する	さんぽする	sanpo suru	spacerować	 公園[こうえん]で 散歩[さんぽ]します。	Spaceruję w parku.	さんぽします	さんぽしません	さんぽ = spacer (rzeczownik)			[sound:hypertts-1bb431c38ec7366dda22494ccaa515d74ff139cf7270525dfd726acf.mp3]	[sound:hypertts-5dfb0a0d59f41c0fbd80c3c50c3adbb55eb094067bf69dc2bda25571.mp3]	[sound:散歩する_サンポスル_TAAS.mp3] [sound:散歩する_サンポスル_TAAS(1).mp3]	さんぽする	こうえんでさんぽします。	"""<span style=""""box-shadow: inset -2px -2px 0 0 #FF6633;"""">サ</span><span style=""""box-shadow: inset 0px 2px 0 0px #FF6633;"""">ンポスル</span> <span class=""""pitch_number"""">0</span>"""
1765399966845	1775147485	Doki Doki1-2 male_voice newVersion	ママ	ママ	ママ	mama	mama (nieformalnie)	ママは 優[やさ]しいです。	Mama jest miła.			Nieformalne, do rodziny/znajomych, głównie dzieci			[sound:hypertts-5c35eb4394c7985fde2074f1d8e386a9e5a439647ab6a1b9bef6f8b8.mp3]	[sound:hypertts-b5b6b5eea885476ec63390a1b286b9ff3406c9c3e03579f23a216b92.mp3]	[sound:まま_ママ━_0_NHK-2016.mp3] [sound:ママ_マ＼マ_1_NHK-2016.mp3] [sound:まま_ママ＼_2_NHK-2016.mp3]	ママ	ママはやさしいです。	"""<span style=""""box-shadow: inset -2px -2px 0 0 #FF6633;"""">マ</span><span style=""""box-shadow: inset 0px 2px 0 0px #FF6633;"""">マ</span> <span class=""""pitch_number"""">0</span>, <span style=""""box-shadow: inset -2px 2px 0 0px #FF6633;"""">マ</span><span style=""""box-shadow: inset 0px -2px 0 0px #FF6633;"""">マ</span> <span class=""""pitch_number"""">1</span>, <span style=""""box-shadow: inset -2px -2px 0 0 #FF6633;"""">マ</span><span style=""""box-shadow: inset -2px 2px 0 0px #FF6633;"""">マ</span> <span class=""""pitch_number"""">2</span>"""
1765399966846	1775147485	Doki Doki1-2 male_voice newVersion	パパ	パパ	パパ	papa	tata (nieformalnie)	パパは 仕事[しごと]をしています。	Tata pracuje.			Nieformalne, do rodziny/znajomych, głównie dzieci			[sound:hypertts-b08bdf8c1b6a31b37195b0e4ce36638a8aed6972f8b9165eb12da25b.mp3]	[sound:hypertts-48cbfd26594023a858a975c8c9e4ee8926817922c7df917baa565e2a.mp3]	[sound:パパ_パ＼パ_1_NHK-2016.mp3]	パパ	パパはしごとをしています。	"""<span style=""""box-shadow: inset -2px 2px 0 0px #FF6633;"""">パ</span><span style=""""box-shadow: inset 0px -2px 0 0px #FF6633;"""">パ</span> <span class=""""pitch_number"""">1</span>"""
1765399966847	1775147485	Doki Doki1-2 female_voice newVersion	おばあちゃん	おばあちゃん	おばあちゃん	obāchan	babcia (zdrobniale)	おばあちゃんは 日本[にほん]に 住[す]んでいます。	Babcia mieszka w Japonii.			Najpopularniejsze zdrobnienie			[sound:hypertts-fd9f659a241c7940d21e535f5733a194a37960b222d746f33e071c13.mp3]	[sound:hypertts-b891d56e7b87dfc16ef689b1a3060d3669d9b9079b3e9395d5bd98a6.mp3]	[sound:おばあちゃん_オバアチャン_TAAS.mp3] [sound:おばあちゃん_オバアチャン_TAAS(1).mp3]	おばあちゃん	おばあちゃんはにほんにすんでいます。	
1765399966848	1775147485	Doki Doki1-2 female_voice newVersion	おじいちゃん	おじいちゃん	おじいちゃん	ojīchan	dziadek (zdrobniale)	おじいちゃんは 元気[げんき]です。	Dziadek ma się dobrze.			Najpopularniejsze zdrobnienie			[sound:hypertts-bfe352c371f423adbf535dd4809a7306485b701c657fe37ca78841a1.mp3]	[sound:hypertts-8e3d96074b1896a2f09a2ac7ffb90d64825d5ee244bb959f61556641.mp3]	[sound:おじいちゃん_オジ＼ーチャン_2_NHK-2016.mp3]	おじいちゃん	おじいちゃんはげんきです。	
1765399966849	1775147485	Doki Doki1-2 male_voice newVersion	父	 父[ちち]	ちち	chichi	tata (mój tata)	 父[ちち]は 仕事[しごと]をします。	Tata pracuje.			O własnym tacie			[sound:hypertts-1626719230dfad066dc17df82e0e91d993688c070e764f55dd88916b.mp3]	[sound:hypertts-9d5cf7d5a6ab306970e50496ca5ea2db3b442ad78f1b355353f4265e.mp3]	[sound:父_チ＼チ_1_NHK-2016.mp3] [sound:父_チチ＼_2_NHK-2016.mp3]	ちち	ちちはしごとをします。	"""<span style=""""box-shadow: inset -2px 2px 0 0px #FF6633;""""><span style=""""color: royalblue;"""">チ</span></span><span style=""""box-shadow: inset 0px -2px 0 0px #FF6633;"""">チ</span> <span class=""""pitch_number"""">1</span>, <span style=""""box-shadow: inset -2px -2px 0 0 #FF6633;""""><span style=""""color: royalblue;"""">チ</span></span><span style=""""box-shadow: inset -2px 2px 0 0px #FF6633;"""">チ</span> <span class=""""pitch_number"""">2</span>"""
1765399966850	1775147485	Doki Doki1-2 male_voice newVersion	母	 母[はは]	はは	haha	mama (o mojej mamie)	 母[はは]は 家[うち]でご 飯[はん]を 作[つく]ります。	Mama gotuje posiłek w domu.			Zwrot używany do mówienie o własnej mamie			[sound:hypertts-3debbef187c42f1ed146107150a6f85bc1a7454a3d5fbc0b63f6e5ac.mp3]	[sound:hypertts-357c81850f4cbf17223152977a8ac6e13cea4ee7569e4c530fbb38f3.mp3]	[sound:母_ハ＼ハ_1_NHK-2016.mp3]	はは	はははうちでごはんをつくります。	"""<span style=""""box-shadow: inset -2px 2px 0 0px #FF6633;"""">カ</span><span style=""""box-shadow: inset 0px -2px 0 0px #FF6633;"""">カ</span> <span class=""""pitch_number"""">1</span>"""
1765399966851	1781545999	Doki Doki1-2 male_voice newVersion	シャワーを浴びる	シャワーを 浴[あ]びる	シャワーをあびる	shawā o abiru	brać prysznic	 毎朝[まいあさ]シャワーを 浴[あ]びます。	Każdego ranka biorę prysznic.	あびます	あびません	あびる = brać (kąpiel/pod prysznic)			[sound:hypertts-65385b17e92bea412f2d4d4ab25e534135dcd00e48d04d2018d01618.mp3]	[sound:hypertts-75d3e6a96c05cc003cece638dc8b75d7381b0f97a739a72a17e72038.mp3]		シャワーをあびる	まいあさシャワーをあびます。	
1765399966852	1782884923	Doki Doki1-2 female_voice newVersion	お風呂に入る	お 風[ふ] 呂[ろ]に 入[はい]る	おふろにはいる	ofuro ni hairu	brać kąpiel	 毎晩[まいばん]お 風呂[ふろ]に 入[はい]ります。	Każdego wieczoru biorę kąpiel.	はいります	はいりません	おふろ = wanna/japońskie łaźnia		お 風呂[ふろ]に入る	[sound:hypertts-7074dbfe4cfbf7d89fbb7ca4c45b78d621bb6406c86ad37d1b2e5b44.mp3]	[sound:hypertts-57f2c41b577331b4a6c80c2d4855253034b4269acd26392d32b63a3b.mp3]	[sound:お風呂に入る_オフロニハイル_JapanesePod101.mp3]	おふろにはいる	まいばんおふろにはいります。	
1765399966853	1775147485	Doki Doki1-2 male_voice newVersion	それから	それから	それから	sorekara	potem / a potem (≠ そのあと)	シャワーを 浴[あ]びて、それから ご飯[はん]を 食[た]べます。	Biorę prysznic, a potem jem posiłek.			Spójnik sekwencji (te, potem)			[sound:hypertts-2840d807cf6acd5cea5ea5de7817df1b83d1adea747a50954d725da9.mp3]	[sound:hypertts-cd26e2e0a11facca5f825c5dcc9ce2da684a2914e16a254bb34971fb.mp3]	[sound:それから_ソレカラ━_0_NHK-2016.mp3]	それから	シャワーをあびて、それからごはんをたべます。	"""<span style=""""box-shadow: inset -2px -2px 0 0 #FF6633;"""">ソ</span><span style=""""box-shadow: inset 0px 2px 0 0px #FF6633;"""">レカラ</span> <span class=""""pitch_number"""">0</span>"""
1765399966854	1775147485	Doki Doki1-2 male_voice newVersion	そのあと	そのあと	そのあと	sono ato	a potem (≠それから&nbsp;)	お 風呂[ふろ]に 入[はい]って、そのあと 寝[ね]ます。	Biorę kąpiel, a potem kładę się spać.			Spójnik sekwencji (po tym)			[sound:hypertts-5436ce3a54714eafa9d288da6f384618d20a782e820e4d0894d19784.mp3]	[sound:hypertts-e63bce4871635ddfe89e9aaedbf0266360ba697054af96ba0bc60c36.mp3]		そのあと	おふろに入って、そのあとねます。	
1765399966855	1775147485	Doki Doki1-2 male_voice newVersion	そして	そして	そして	soshite	i / a także	 ご飯[はん]を 食[た]べて、そしてお 茶[ちゃ]を 飲[の]みます。	Jem posiłek i piję herbatę.			Spójnik dodający (i)			[sound:hypertts-30595526c49b3e21110cb588f4d62a647da0db00662f9462bc0ed029.mp3]	[sound:hypertts-6e868d184d6d6aa05314f781897103e12b1b61a0079b28cb572e8c7a.mp3]	[sound:そして_ソシテ━_0_NHK-2016.mp3]	そして	ごはんをたべて、そしておちゃをのみます。	"""<span style=""""box-shadow: inset -2px -2px 0 0 #FF6633;"""">ソ</span><span style=""""box-shadow: inset 0px 2px 0 0px #FF6633;""""><span style=""""color: royalblue;"""">シ</span>テ</span> <span class=""""pitch_number"""">0</span>"""
1765399966856	1791209371	Doki Doki1-2 female_voice newVersion	家事	家[か] 事[じ]	かじ	kaji	prace domowe, obowiązki domowe	 毎朝[まいあさ]、 家事[かじ]を 作[つく]ります。	Każdego ranka robię prace domowe.			sprzątanie, gotowanie, pranie itp.			[sound:hypertts-2c63f4093c0e5d26c799903eb7051b78280b70313447f6aaed8bf6cf.mp3]	[sound:hypertts-deafbfaedcd34921cf2cfc712f72923d4efc1bc4ee37c966f6294c9d.mp3]	[sound:家事_カ＼ジ_1_NHK-2016.mp3]	かじ	まいあさ、かじをつくります。	"""<span style=""""box-shadow: inset -2px 2px 0 0px #FF6633;"""">カ</span><span style=""""box-shadow: inset 0px -2px 0 0px #FF6633;"""">ジ</span> <span class=""""pitch_number"""">1</span>"""
1765399966857	1782884923	Doki Doki1-2 male_voice newVersion	野菜を切る	野[や] 菜[さい]を 切[き]る	やさいをきる	yasai o kiru	kroić warzywa	 野菜[やさい]を 切[き]って、ご 飯[はん]を 作[つく]ります。	Kroję warzywa i gotuję posiłek.	きります	きりません				[sound:hypertts-48e60f02be921fd3fe358dca992c4f5a03e663263493a7ae993e3e66.mp3]	[sound:hypertts-8c062834fb959bd9f30f31fdd8d43d45c601be1503b1467662c401ce.mp3]		やさいをきる	やさいをきって、ごはんをつくります。	
1765399966859	1775147485	Doki Doki1-2 male_voice newVersion	昼ご飯を作る	 昼[ひる]ご 飯[はん]を 作[つく]る	ひるごはんをつくる	hirugohan o tsukuru	przygotowywać lunch	 毎朝[まいあさ] 昼[ひる]ご 飯[はん]を 作[つく]ります。	Każdego ranka przygotowuję lunch.	つくります	つくりません	つくる = robić/przygotowywać (jedzenie)			[sound:hypertts-8f54d1e0c27fabeca831756d1185761dc56a0d3b01623f26e35cca2f.mp3]	[sound:hypertts-be8171474336c1e15e451a488fb61ee4338fd1efc83b08e66c1dc2e6.mp3]		ひるごはんをつくる	まいあさひるごはんをつくります。	
1765399966860	1791202866	Doki Doki1-2 female_voice leech newVersion	教室	教[きょう] 室[しつ]	きょうしつ	kyōshitsu	zajęcia/sala lekcyjna	 教室[きょうしつ]で 日本語[にほんご]を 勉強[べんきょう]します。	Uczę się japońskiego na zajęciach/sali lekcyjnej.			rzeczownik. Pomieszczenie, w którym odbywają się zajęcia.			[sound:hypertts-62e89e723c38eaf9dfa0f2a8fae6473d2db68f95b48a90858e88d024.mp3]	[sound:hypertts-9d3990410599e11548808ed06ad2ecace6c4e920241ffd3e58493b08.mp3]	[sound:教室_キョーシツ━_0_NHK-2016.mp3]	きょうしつ	きょうしつでにほんごをべんきょうします。	"""<span style=""""box-shadow: inset -2px -2px 0 0 #FF6633;"""">キョ</span><span style=""""box-shadow: inset 0px 2px 0 0px #FF6633;"""">ー<span style=""""color: royalblue;"""">シ</span>ツ</span> <span class=""""pitch_number"""">0</span>"""
1765399966862	1791206769	Doki Doki1-2 male_voice newVersion	盗む	盗[ぬす]む	ぬすむ	nusumu	kraść, ukraść	 財布[さいふ]を 盗[ぬす]まないでください。	Nie kradnij portfela.	ぬすみます	ぬすみません	Uwaga: negatywny kontekst			[sound:hypertts-58d4bed30d0dd7cddfa0582b14a7b0d1ea2752194ca2271a868eee9c.mp3]	[sound:hypertts-ff2d7252acd5d6fca53105e689d988d6c906731f43f020ca5e3ac94d.mp3]	[sound:盗む_ヌス＼ム_2_NHK-2016.mp3]	ぬすむ	さいふをぬすまないでください。	"""<span style=""""box-shadow: inset -2px -2px 0 0 #FF6633;"""">ヌ</span><span style=""""box-shadow: inset -2px 2px 0 0px #FF6633;"""">ス</span><span style=""""box-shadow: inset 0px -2px 0 0px #FF6633;"""">ム</span> <span class=""""pitch_number"""">2</span>"""
1765399966863	1775147485	Doki Doki1-2 female_voice newVersion	が	が	が	ga	ale (kontrast)	コーヒーが 好[す]きですが、お 茶[ちゃ]も 好[す]きです。	Lubię kawę, ale herbatę też lubię.			Przeciwstawienie (A, ale B) - w jednym zdaniu			[sound:hypertts-4a98646602ca86319979034cb300792092ba9bcc41decd0a2eade98b.mp3]	[sound:hypertts-94c3a4baf7d6aa07aecfee79074e0b5aa012d64772962a65ebe03c8f.mp3]	[sound:が_ガ━_0_NHK-2016.mp3]	が	コーヒーがすきですが、おちゃもすきです。	
1765617652767	1775147485	Doki Doki1-2 Doki1-3 female_voice newVersion	会う	 会[あ]う	あう	au	spotkać się	 今日[きょう], 友達[ともだち]に 会[あ]います。	Dzisiaj spotykam się z przyjacielem.	あいます	あいません	Często z に (osoba, z którą się spotykasz)			[sound:hypertts-1502cbcd8b0221a8001ff2a97f178e250f162c2c4abbbcf9dbe81e18.mp3]	[sound:hypertts-3db22065b7cef769e4eebee5624c73fdabe28b00f493f74df7858a01.mp3]	[sound:会う_ア＼ウ_1_NHK-2016.mp3]	あう	きょう, ともだちにあいます。	"""<span style=""""box-shadow: inset -2px 2px 0 0px #FF6633;"""">ア</span><span style=""""box-shadow: inset 0px -2px 0 0px #FF6633;"""">ウ</span> <span class=""""pitch_number"""">1</span>"""
1765617652768	1775147485	Doki Doki1-2 Doki1-3 female_voice newVersion	ください	ください	ください	kudasai	poproszę (daj mi)	メニューをください。	Poproszę menu.	 używane przy proszeniu o przedmiot.		Dosłownie &quot;daj mi&quot;			[sound:hypertts-3859a8a63dffbce139142b00ba8e461c5d8ad409d6c978ccde6c3ca9.mp3]	[sound:hypertts-f920a1e313d25c06405116dd0e4b055924a5b7225907baeb13fb3ca9.mp3]	[sound:ください_クダサ＼イ_3_NHK-2016.mp3]	ください	メニューをください。	"""<span style=""""box-shadow: inset -2px -2px 0 0 #FF6633;"""">ク</span><span style=""""box-shadow: inset -2px 2px 0 0px #FF6633;"""">ダサ</span><span style=""""box-shadow: inset 0px -2px 0 0px #FF6633;"""">イ</span> <span class=""""pitch_number"""">3</span>"""
1765622359652	1782852125	Doki Doki1-2 male_voice newVersion	数学	数[すう] 学[がく]	すうがく	suugaku	matematyka	 数学[すうがく]を 勉強[べんきょう]します。	Uczę się matematyki.					数[すう]学	[sound:hypertts-c7efaabde3e2c32a9d819fb249414639b66c522dc1dc2e6e73323b2b.mp3]	[sound:hypertts-031ac2ed46b67b1e8c5e72c048c99375455c7d34eaa2795ae8bd069e.mp3]	[sound:数学_スーカ゚ク━_0_NHK-2016.mp3]	すうがく	すうがくをべんきょうします。	"""<span style=""""box-shadow: inset -2px -2px 0 0 #FF6633;"""">ス</span><span style=""""box-shadow: inset 0px 2px 0 0px #FF6633;"""">ーカ<span style=""""color: red;"""">°</span>ク</span> <span class=""""pitch_number"""">0</span>"""
1765622359653	1775147485	Doki Doki1-2 female_voice newVersion	ごろ	ごろ	ごろ	goro	około (godziny)	 午後[ごご] 三時[さんじ]ごろ 家[うち]に 帰[かえ]ります。	Wracam do domu około 15:00 po południu.			Wypycha partykułę ni			[sound:hypertts-f336fefe576a383ee631830bd089d820c312f7a3790e411d62a37c4a.mp3]	[sound:hypertts-b24c52bfda4f888ac2e95b350515284346222c400566bad4d31e9179.mp3]	[sound:ごろ_ゴロ━_0_NHK-2016.mp3] [sound:ゴロ_ゴ＼ロ_1_NHK-2016.mp3]	ごろ	ごごさんじごろうちにかえります。	"""<span style=""""box-shadow: inset -2px -2px 0 0 #FF6633;"""">ゴ</span><span style=""""box-shadow: inset 0px 2px 0 0px #FF6633;"""">ロ</span> <span class=""""pitch_number"""">0</span>, <span style=""""box-shadow: inset -2px 2px 0 0px #FF6633;"""">ゴ</span><span style=""""box-shadow: inset 0px -2px 0 0px #FF6633;"""">ロ</span> <span class=""""pitch_number"""">1</span>"""
1765622359654	1775147485	Doki Doki1-2 Doki1-3 male_voice newVersion	分かる	 分[わ]かる	わかる	wakaru	rozumieć	 日本語[にほんご]が 少[すこ]し 分[わ]かります。	Trochę rozumiem japoński.	わかります	わかりません	Czasownik nieprzechodni		 分かる	[sound:hypertts-55c60118915b0bd13439d6d9d2a657ab6a5db6cff9fc78d35f9d3dce.mp3]	[sound:hypertts-4394746d83452cb7fc6ff1798093c97e632f782c9c9991f2c250cb88.mp3]	[sound:分かる_ワカ＼ル_2_NHK-2016.mp3]	わかる	にほんごがすこしわかります。	"""<span style=""""box-shadow: inset -2px -2px 0 0 #FF6633;"""">ワ</span><span style=""""box-shadow: inset -2px 2px 0 0px #FF6633;"""">カ</span><span style=""""box-shadow: inset 0px -2px 0 0px #FF6633;"""">ル</span> <span class=""""pitch_number"""">2</span>"""
1765795752552	1775147485	Doki Doki1-1 female_voice newVersion	これはいくらですか	これはいくらですか	これはいくらですか	Kore wa ikura desu ka	Ile to kosztuje?								[sound:hypertts-8f3c09056e42dd11c9e034001c2d8b8ed319bf56faefb25b5ce98444.mp3]	[sound:VOICEVOX_四国めたん_ノーマル_db64bec4-2ae6-48bd-a63e-368fa1a3668f.mp3]		これはいくらですか		
1765795752553	1775147485	Doki Doki1-1 female_voice newVersion	これは1000円です	これは1000 円[えん]です	これは 1000えんです	Kore wa 1000 en desu	To kosztuje 1000 jenów.							これは1000 円です	[sound:hypertts-7bfcc795cb1ecb47147b1eb0e7996414b2d483b112ec871b9525e86e.mp3]	[sound:VOICEVOX_四国めたん_ノーマル_67a7650d-744c-4fb7-89ac-e41768fdbab0.mp3]		これは1000えんです		
1766217656027	1782852039	Doki Doki1-2 female_voice newVersion	家族	家[か] 族[ぞく]	かぞく	kazoku	rodzina	 日本[にほん]の 家族[かぞく]は 四人[よにん]です。	Moja japońska rodzina składa się z czterech osób.&nbsp;						[sound:hypertts-e209beebc7a238a4af161efcd874777d86884916c0724baa346e4763.mp3]	[sound:hypertts-f186897b427a31a311e19efffb1c7e7568b6fb87955f72d069190583.mp3]	[sound:家族_カ＼ゾク_1_NHK-2016.mp3]	かぞく	にほんのかぞくはよにんです。	"""<span style=""""box-shadow: inset -2px 2px 0 0px #FF6633;"""">カ</span><span style=""""box-shadow: inset 0px -2px 0 0px #FF6633;"""">ゾク</span> <span class=""""pitch_number"""">1</span>"""
1766217656029	1791358331	Doki Doki1-2 male_voice newVersion	場所	場[ば] 所[しょ]	ばしょ	basho	miejsce, lokalizacja	この 場所[ばしょ]はとても 静[しず]かです。	To miejsce jest bardzo ciche.						[sound:hypertts-5ef31872784d66ff5d0cecd560e523bc0f64a731810910e7bdcde7e0.mp3]	[sound:hypertts-ce896b42886e4c105d08cf0f07b3321c3b39f2ea5e4dde51111a8a42.mp3]	[sound:場所_バショ━_0_NHK-2016.mp3]	ばしょ	このばしょはとてもしずかです。	"""<span style=""""box-shadow: inset -2px -2px 0 0 #FF6633;"""">バ</span><span style=""""box-shadow: inset 0px 2px 0 0px #FF6633;"""">ショ</span> <span class=""""pitch_number"""">0</span>"""
1766217656030	1782852039	Doki Doki1-2 male_voice newVersion	動詞	動[どう] 詞[し]	どうし	doushi	czasownik (część mowy)	「 食[た]べる」は 動詞[どうし]です。	„Taberu” jest czasownikiem.						[sound:hypertts-f8f15fe20a695163cd4ef63d9e92ebee210589e1f2772e3888bd1add.mp3]	[sound:hypertts-07b574e0a0051118bcee9ade9db2cb8c3eb86fd136b0152e77615c1e.mp3]	[sound:動詞_ドーシ━_0_NHK-2016.mp3]	どうし	「たべる」はどうしです。	"""<span style=""""box-shadow: inset -2px -2px 0 0 #FF6633;"""">ド</span><span style=""""box-shadow: inset 0px 2px 0 0px #FF6633;"""">ーシ</span> <span class=""""pitch_number"""">0</span>"""
1766217656031	1782852039	Doki Doki1-2 female_voice leech newVersion	形容詞	形[けい] 容[よう] 詞[し]	けいようし	keiyoushi	przymiotnik typu i	「 高[たか]い」は 形容詞[けいようし]です。	„Takai” jest przymiotnikiem.						[sound:hypertts-40875e5191eff3fcb174091925f207987c2893f6e9779016780cb105.mp3]	[sound:hypertts-1756cf24bfe30100eb581a89c0c8b20c4b9eb454a803664f9365c069.mp3]	[sound:形容詞_ケーヨ＼ーシ_3_NHK-2016.mp3]	けいようし	「たかい」はけいようしです。	"""<span style=""""box-shadow: inset -2px -2px 0 0 #FF6633;"""">ケ</span><span style=""""box-shadow: inset -2px 2px 0 0px #FF6633;"""">イヨ</span><span style=""""box-shadow: inset 0px -2px 0 0px #FF6633;"""">ーシ</span> <span class=""""pitch_number"""">3</span>"""
1766222359249	1782852039	Doki Doki1-2 Doki1-3 female_voice newVersion	土曜日	土[ど] 曜[よう] 日[び]	どようび	doyoubi	sobota	 土曜日[どようび]にサッカーをします。	W sobotę gram w piłkę nożną.					土曜日	[sound:hypertts-265f0ccde43c18f70dad9920c68c79b2a9e6e6aeb8038afa83b83d25.mp3]	[sound:hypertts-672dd388011ba0816d553a78fc18da3f729b836d7f58b4da8cdd11e1.mp3]	[sound:土曜日_ドヨ＼ービ_2_NHK-2016.mp3]	どようび	どようびにサッカーをします。	"""<span style=""""box-shadow: inset -2px -2px 0 0 #FF6633;"""">ド</span><span style=""""box-shadow: inset -2px 2px 0 0px #FF6633;"""">ヨ</span><span style=""""box-shadow: inset 0px -2px 0 0px #FF6633;"""">ービ</span> <span class=""""pitch_number"""">2</span>"""
1766222359250	1775147485	Doki Doki1-2 female_voice newVersion	オンライン	オンライン	オンライン	onrain	online, przez internet	オンラインで 勉強[べんきょう]します。	Uczę się przez internet.			Z partykułą で			[sound:hypertts-a0b1285bf611784a92a078bde2bd6607589a058a0da536fd80f6dd0c.mp3]	[sound:hypertts-91f4779d8f4f5147fa5bfd6e92e3e76628cea8898a5ed4894b64c7c7.mp3]	[sound:オンライン_オンラ＼イン_3_NHK-2016.mp3]	オンライン	オンラインでべんきょうします。	"""<span style=""""box-shadow: inset -2px -2px 0 0 #FF6633;"""">オ</span><span style=""""box-shadow: inset -2px 2px 0 0px #FF6633;"""">ンラ</span><span style=""""box-shadow: inset 0px -2px 0 0px #FF6633;"""">イン</span> <span class=""""pitch_number"""">3</span>"""
1766222359251	1775147485	Doki Doki1-2 female_voice newVersion	じゃあまた	じゃあまた	じゃあまた	jaa mata	do zo(baczenia)	じゃあまた 明日[あした]。	To do jutra.						[sound:hypertts-43e662bf388493a883bc5a754eca4399a8da94fb28a0026af42f4f73.mp3]	[sound:hypertts-11b96bb6ddb8208a48c97935ba7128b67c7c3e94cffe9e7fc8a30968.mp3]		じゃあまた	じゃあまたあした。	
1766222359252	1782852039	Doki Doki1-2 female_voice leech newVersion	教科書	教[きょう] 科[か] 書[しょ]	きょうかしょ	kyoukasho	podręcznik, książka do nauki	 日本語[にほんご]の 教科書[きょうかしょ]を 読[よ]みます。	Czytam podręcznik do japońskiego.						[sound:hypertts-66bb43e4a300c37c6d0126ef0dc60a1f54467ca96b5481d81b373cb1.mp3]	[sound:hypertts-018a6676f3c35e678c5cc2035a432d778f7ec456e7115021f6b86723.mp3]	[sound:教科書_キョーカ＼ショ_3_NHK-2016.mp3]	きょうかしょ	にほんごのきょうかしょをよみます。	"""<span style=""""box-shadow: inset -2px -2px 0 0 #FF6633;"""">キョ</span><span style=""""box-shadow: inset -2px 2px 0 0px #FF6633;"""">ーカ</span><span style=""""box-shadow: inset 0px -2px 0 0px #FF6633;"""">ショ</span> <span class=""""pitch_number"""">3</span>"""
1766222359253	1775147485	Doki Doki1-2 male_voice newVersion	そうですか	そうですか	そうですか	sou desu ka	ach tak? / naprawdę?	そうですか、 知[し]りませんでした。	Ach tak? Nie wiedziałem.						[sound:hypertts-415acc7d8abe8b40ab2dc80d643f17a30a304f206814610f131b651f.mp3]	[sound:hypertts-9b320153dcc1afdb57a80a0edf103f75e38af6455269676535b01446.mp3]		そうですか	そうですか、しりませんでした。	
1766222359254	1775147485	Doki Doki1-2 male_voice newVersion	ズキューン	ズキューン	ズキューン	zukyuuun	onomatopeja „strzał w serce”	 彼[かれ]の 言葉[ことば]に、 心[こころ]がズキューンとした。	Jego słowa trafiły mnie prosto w serce.						[sound:hypertts-10652d13c367ded6e7ab92a693030db51b26036165db468d0e063ccc.mp3]	[sound:hypertts-b89dcde411b1fe6ed878b8862a0a251bbda89e3a560bc795663b7adf.mp3]		ズキューン	かれのことばに、こころがズキューンとした。	
1766222359255	1775147485	Doki Doki1-2 male_voice newVersion	ガヤ	ガヤ	ガヤ	gaya	gwar, hałas tłumu	ガヤガヤとうるさい。	Jest głośno i gwarno.						[sound:hypertts-4e0cd42169427ee70094fe4a7ccd1eff44445651b32421d0182736bd.mp3]	[sound:hypertts-200535caab149f167529b51e349a80799e6bff806557fbfa25365471.mp3]		ガヤ	ガヤガヤとうるさい。	"""<span style=""""box-shadow: inset -2px 2px 0 0px #FF6633;"""">ガ</span><span style=""""box-shadow: inset 0px -2px 0 0px #FF6633;"""">ヤ</span> <span class=""""pitch_number"""">1</span>"""
1766222359256	1775147485	Doki Doki1-2 male_voice newVersion	ガーン	ガーン	ガーン	gaan	onomatopeja „szok”, „załamanie”	テストが ０点[れいてん]で、ガーンとなった。	Dostałem zero z testu i kompletnie się załamałem.						[sound:hypertts-60fc30b44e735c8a0920867cefa113e1f5ebb05c11a7a9fcbbbebda7.mp3]	[sound:hypertts-6e99f5c0bb92190772a8d5e2af2a6fb882d7fb9df34ec97c49822cac.mp3]	[sound:ガーン_ガーン_JapanesePod101.mp3]	ガーン	テストが０てんで、ガーンとなった。	
1766231580434	1782852039	Doki Doki1-2 female_voice newVersion	ほぼ毎日	ほぼ 毎[まい] 日[にち]	ほぼまいにち	hobomainichi	prawie codziennie	ほぼ 毎日[まいにち] 日本語[にほんご]を 勉強[べんきょう]します。	Uczę się japońskiego prawie codziennie.		 	Przysłówek częstotliwości, zwykle łączy się z czasownikiem w formie ます.			[sound:hypertts-6f159a9a2d944e4b3de1e7234a4b018da502336f24f18fee900b01ca.mp3]	[sound:hypertts-ee78c9448a18f09acdd2e551812a70fa3267367cb59cec0ccb8f2858.mp3]		ほぼまいにち	ほぼまいにちにほんごをべんきょうします。	
1766231580435	1775147485	Doki Doki1-2 female_voice newVersion	久しぶりですね	 久[ひさ]しぶりですね	ひさしぶりですね	hisashiburi desu ne	dawno się nie widzieliśmy	 久[ひさ]しぶりですね。 元気[げんき]ですか。	Dawno się nie widzieliśmy. Jak się masz?			Uprzejma fraza powitalna po dłuższej przerwie.			[sound:hypertts-6af2f527d80e769f4efb24742593de393b7435fc3b9dfb533563ca40.mp3]	[sound:hypertts-ccd18134dc5b820abac9c63154dd50e6020570962a523dec721c7955.mp3]		ひさしぶりですね	ひさしぶりですね。げんきですか。	
1766231580436	1775147485	Doki Doki1-3 female_voice newVersion	子どもの時	 子[こ]どもの 時[とき]	こどものとき	kodomo no toki	kiedy byłem dzieckiem	 子[こ]どもの 時[とき]、サッカーが 好[す]きでした。	Kiedy byłem dzieckiem, lubiłem piłkę nożną.			Wyrażenie z ～のとき opisujące okres w przeszłości.		子[こ]どもの時	[sound:hypertts-c3490bcdf41b91bc9636cf730f2e09810d4214e1691f87743684827a.mp3]	[sound:hypertts-3edbb48fe7c0aca41ca49e1bf1d9f42b2e382d9b6ecd016890b3397d.mp3]		こどものとき	こどものとき、サッカーがすきでした。	
1766231580437	1782852176	Doki Doki1-2 female_voice newVersion	大学の時	大[だい] 学[がく]の 時[とき]	だいがくのとき	daigaku no toki	podczas studiów	 大学[だいがく]の 時[とき]、アルバイトをしていました。	Podczas studiów pracowałem dorywczo.			Użycie ～のとき z 「だいがく」 (okres studiów).		大学の時	[sound:hypertts-585c62cc7e6e0bb91d462415d57476a23c48524ba79df7d9169168d5.mp3]	[sound:hypertts-2adddb5ef70d3d2d72814216a0afb73a66ec7462f8ca96ced1f8fbdc.mp3]		だいがくのとき	だいがくのとき、アルバイトをしていました。	
1766231580438	1775467774	Doki Doki1-2 female_voice newVersion	お腹いっぱい	お 腹[なか]いっぱい	おなかいっぱい	onaka ippai	pełny brzuch, być najedzonym	 ご 飯[はん]を 食[た]べて、お 腹[なか]いっぱいです。	Zjadłem i jestem najedzony.			Częste po posiłku, zwykle z です.			[sound:hypertts-46e699731b01b864ca35ae3022ad09dbf1adf7871172f2e4fe79b00a.mp3]	[sound:hypertts-f37af94528b92378160a39ce835d3d76d391077cb575495539ff07b2.mp3]		おなかいっぱい	ごはんをたべて、おなかいっぱいです。	
1766231580440	1782852039	Doki Doki1-2 female_voice newVersion	本棚	本[ほん] 棚[だな]	ほんだな	hondana	regał na książki	 部屋[へや]に 本棚[ほんだな]が 二[ふた]つあります。	W pokoju są dwa regały na książki.			Złożenie 「ほん」(książka) +「たな」(półka).		本 棚[だな]	[sound:hypertts-cf0e760faf58a6bd7aac2b15ee0f41e5cc18518195c8b1f067e31cc6.mp3]	[sound:hypertts-31cbe787b98b5889a0ce505d47828ca0e136383139f1e899953b4acc.mp3]	[sound:本棚_ホ＼ンダナ_1_NHK-2016.mp3]	ほんだな	へやにほんだながふたつあります。	"""<span style=""""box-shadow: inset -2px 2px 0 0px #FF6633;"""">ホ</span><span style=""""box-shadow: inset 0px -2px 0 0px #FF6633;"""">ンダナ</span> <span class=""""pitch_number"""">1</span>"""
1766231580441	1782852039	Doki Doki1-2 female_voice leech newVersion	お正月	お 正[しょう] 月[がつ]	おしょうがつ	oshougatsu	Nowy Rok (święto)	お 正月[しょうがつ]に 家族[かぞく]と 一緒[いっしょ]に 過[すご]します。	Nowy Rok spędzam z rodziną.			Tradycyjny japoński okres noworoczny.		お 正[しょう]月	[sound:hypertts-60fbb49f0cacdfebcc417ec9132164dafc5b3ffd66cd9d89c5a3fc68.mp3]	[sound:hypertts-d6a4f77ba66da9fbcd262e3aabbcccd1c5d871aa4409b6629350b699.mp3]	[sound:お正月_オショーカ゚ツ━_0_NHK-2016.mp3]	おしょうがつ	おしょうがつにかぞくといっしょにすごします。	
1766231580442	1782852039	Doki Doki1-2 female_voice newVersion	大掃除	大[おお] 掃[そう] 除[じ]	おおそうじ	oosouji	wielkie sprzątanie	 大掃除[おおそうじ]をして、 部屋[へや]を 綺麗[きれい]にします。	Robię wielkie sprzątanie i porządkuję pokój.			Generalne sprzątanie pod koniec roku.		大 掃除[そうじ]	[sound:hypertts-be523eb845686cae344eb55a48c2eee2284f6e6b6be03785b06a5ace.mp3]	[sound:hypertts-b58afd4fc82d3ef4750aa4f830e1ab1f2b0939f10390794c6733c28f.mp3]	[sound:大掃除_オーソ＼ージ_3_NHK-2016.mp3]	おおそうじ	おおそうじをして、へやをきれいにします。	"""<span style=""""box-shadow: inset -2px -2px 0 0 #FF6633;"""">オ</span><span style=""""box-shadow: inset -2px 2px 0 0px #FF6633;"""">ーソ</span><span style=""""box-shadow: inset 0px -2px 0 0px #FF6633;"""">ージ</span> <span class=""""pitch_number"""">3</span>"""
1766231580443	1782852039	Doki Doki1-2 female_voice newVersion	門松	門[かど] 松[まつ]	かどまつ	kadomatsu	kadomatsu (ozdoba noworoczna)	 門松[かどまつ]を 家[いえ]の 前[まえ]に 飾[かざ]ります。	Stawiamy kadomatsu przed domem.			Tradycyjna ozdoba z sosny i bambusa przy wejściu.			[sound:hypertts-1af8d4b2b27ba1c8ef955cd3c6f62f954854bfd5ecd7f6bad4ed40f9.mp3]	[sound:hypertts-63a310ec329e2b3f0a77e3d532221cce902eb313c08caa23adbac065.mp3]	[sound:門松_カドマツ━_0_NHK-2016.mp3] [sound:門松_カド＼マツ_2_NHK-2016.mp3]	かどまつ	かどまつをいえのまえにかざります。	"""<span style=""""box-shadow: inset -2px -2px 0 0 #FF6633;"""">カ</span><span style=""""box-shadow: inset 0px 2px 0 0px #FF6633;"""">ドマツ</span> <span class=""""pitch_number"""">0</span>, <span style=""""box-shadow: inset -2px -2px 0 0 #FF6633;"""">カ</span><span style=""""box-shadow: inset -2px 2px 0 0px #FF6633;"""">ド</span><span style=""""box-shadow: inset 0px -2px 0 0px #FF6633;"""">マツ</span> <span class=""""pitch_number"""">2</span>"""
1766231580444	1775147485	Doki Doki1-2 male_voice newVersion	しめ縄	しめ 縄[なわ]	しめなわ	shimenawa	shimenawa (rytualny sznur)	しめ 縄[なわ]を 掛[か]けて、 悪[わる]いものを 避[よ]けます。	Wieszamy shimenawę, żeby odpędzić złe rzeczy.			Święty sznur shintō, np. przy świątyniach.			[sound:hypertts-6dbc1345d376342e6797e8d8bed518506dad9507fe7a07077d82507b.mp3]	[sound:hypertts-24400a48e181e6bd119cf4149183bee5e81e53575fe94db7216da5fe.mp3]	[sound:しめ縄_シメナワ━_0_NHK-2016.mp3] [sound:しめ縄_シメ＼ナワ_2_NHK-2016.mp3]	しめなわ	しめなわをかけて、わるいものをよけます。	"""<span style=""""box-shadow: inset -2px -2px 0 0 #FF6633;"""">シ</span><span style=""""box-shadow: inset 0px 2px 0 0px #FF6633;"""">メナワ</span> <span class=""""pitch_number"""">0</span>, <span style=""""box-shadow: inset -2px -2px 0 0 #FF6633;"""">シ</span><span style=""""box-shadow: inset -2px 2px 0 0px #FF6633;"""">メ</span><span style=""""box-shadow: inset 0px -2px 0 0px #FF6633;"""">ナワ</span> <span class=""""pitch_number"""">2</span>"""
1766231580445	1782852039	Doki Doki1-2 leech male_voice newVersion	初詣	初[はつ] 詣[もうで]	はつもうで	hatsumoude	pierwsza wizyta w świątyni	 初詣[はつもうで]に 神社[じんじゃ]へ 行[い]きます。	Na hatsumoude idę do chramu.			Noworoczna pierwsza wizyta w świątyni.			[sound:hypertts-f381137a1a653920779ff4305e66b4bbc375c1633ec11495c16f6f44.mp3]	[sound:hypertts-517c6c7c314e905e0939c8a5572a22693889430b241a5c5893864bd9.mp3]	[sound:初詣_ハツモ＼ーデ_3_NHK-2016.mp3]	はつもうで	はつもうでにじんじゃへいきます。	"""<span style=""""box-shadow: inset -2px -2px 0 0 #FF6633;"""">ハ</span><span style=""""box-shadow: inset -2px 2px 0 0px #FF6633;"""">ツモ</span><span style=""""box-shadow: inset 0px -2px 0 0px #FF6633;"""">ウデ</span> <span class=""""pitch_number"""">3</span>"""
1766231580446	1782852201	Doki Doki1-2 leech male_voice newVersion	除夜の鐘	除[じょ] 夜[や]の 鐘[かね]	じょやのかね	joya no kane	dzwony w noc sylwestrową	 除夜[じょや]の 鐘[かね]をテレビで 見[み]ます。	Oglądam dzwony noworoczne w telewizji.			108 uderzeń świątynnego dzwonu w noc sylwestrową.			[sound:hypertts-c4fa91af28637bef3a9b360e4147601f1332d7bb48a775189019934b.mp3]	[sound:hypertts-349e8f0172ab4758a090e0163af51ce477284f56907aa27d6fac9d60.mp3]		じょやのかね	じょやのかねをテレビでみます。	"""<span style=""""box-shadow: inset -2px 2px 0 0px #FF6633;"""">ジョ</span><span style=""""box-shadow: inset 0px -2px 0 0px #FF6633;"""">ヤノカネ</span> <span class=""""pitch_number"""">1</span>"""
1766231580447	1775147485	Doki Doki1-2 male_voice newVersion	お守り	お 守[まも]り	おまもり	omamori	omamori (talizman)	お 守[まも]りを 買[か]いました。	Kupiłem talizman.			Ochronne amulety ze świątyń shintō/buddyjskich.			[sound:hypertts-b6e87f7cdd169c756c48a74e1c4266bf902c23eb38c3a9603943d294.mp3]	[sound:hypertts-fc601d3259397e06c9c22a4b15383def1b4ab4c923cc85b300c023ed.mp3]	[sound:お守り_オマモリ━_0_NHK-2016.mp3]	おまもり	おまもりをかいました。	"""<span style=""""box-shadow: inset -2px -2px 0 0 #FF6633;"""">オ</span><span style=""""box-shadow: inset 0px 2px 0 0px #FF6633;"""">マモリ</span> <span class=""""pitch_number"""">0</span>"""
1766231580448	1782852039	Doki Doki1-2 male_voice newVersion	お節料理	お 節[せち] 料[りょう] 理[り]	おせちりょうり	osechi ryouri	osechi (potrawy noworoczne)	お 節料理[せちりょうり]を 食[た]べます。	Jem potrawy noworoczne osechi.			Tradycyjne dania jedzone na Nowy Rok.			[sound:hypertts-d56afdccc3be3310d2c106934388b895fed87d273252eb7298128ed9.mp3]	[sound:hypertts-8888cc201292c68b4ccfe3480d3ad25129c635382e9c75c4687239b1.mp3]	[sound:お節料理_オセチリョ＼ーリ_4_NHK-2016.mp3]	おせちりょうり	おせちりょうりをたべます。	"""<span style=""""box-shadow: inset -2px -2px 0 0 #FF6633;"""">オ</span><span style=""""box-shadow: inset -2px 2px 0 0px #FF6633;"""">セチリョ</span><span style=""""box-shadow: inset 0px -2px 0 0px #FF6633;"""">ーリ</span> <span class=""""pitch_number"""">4</span>"""
1766231580449	1782852219	Doki Doki1-2 male_voice newVersion	年越しそば	年[とし] 越[こ]しそば	としこしそば	toshikoshi soba	makaron soba na koniec roku	 年越[としこ]しそばを 夜[よる]に 食[た]べます。	Wieczorem jem toshikoshi soba.			Makaron jedzony w noc sylwestrową.			[sound:hypertts-3405de6849bc6a6ac5b8e04ee945915a4f6bfb70b3a0e078544753ba.mp3]	[sound:hypertts-3ded653eae0bf74a6ab3b00664fc7c108812584216673721dd5c4964.mp3]	[sound:年越しそば_トシコシソ＼バ_5_NHK-2016.mp3]	としこしそば	としこしそばをよるにたべます。	"""<span style=""""box-shadow: inset -2px -2px 0 0 #FF6633;"""">ト</span><span style=""""box-shadow: inset -2px 2px 0 0px #FF6633;""""><span style=""""color: royalblue;"""">シ</span>コ<span style=""""color: royalblue;"""">シ</span>ソ</span><span style=""""box-shadow: inset 0px -2px 0 0px #FF6633;"""">バ</span> <span class=""""pitch_number"""">5</span>"""
1766231580450	1782884923	Doki Doki1-2 male_voice newVersion	お雑煮	お 雑[ぞう] 煮[に]	おぞうに	ozouni	ozouni (zupa noworoczna)	 朝[あさ]にお 雑煮[ぞうに]を 食[た]べます。	Rano jem ozouni.			Zupa z mochi jedzona w Nowy Rok.			[sound:hypertts-8724bac1698c4c02a42dddd9c3430058d32e2d79f63b5d072ab3ce24.mp3]	[sound:hypertts-f22783918fcb3177196e6b793e9eb418d390010bfead824572f73986.mp3]	[sound:お雑煮_オゾーニ━_0_NHK-2016.mp3]	おぞうに	あさにおぞうにをたべます。	"""<span style=""""box-shadow: inset -2px -2px 0 0 #FF6633;"""">オ</span><span style=""""box-shadow: inset 0px 2px 0 0px #FF6633;"""">ゾーニ</span> <span class=""""pitch_number"""">0</span>"""
1766231580451	1782852039	Doki Doki1-2 male_voice newVersion	年賀状	年[ねん] 賀[が] 状[じょう]	ねんがじょう	nengajou	kartka noworoczna	 年賀状[ねんがじょう]を 友達[ともだち]に 送[おく]ります。	Wysyłam kartki noworoczne do przyjaciół.			Tradycyjne japońskie kartki noworoczne.			[sound:hypertts-57f0f60713d5fc2eea125acad234aed20e98cbc1211f4ce196db90af.mp3]	[sound:hypertts-7f82d9cb261d85817999ab185374806a93a2258c4b69144d43cb67e2.mp3]	[sound:年賀状_ネンカ゚ジョー━_0_NHK-2016.mp3] [sound:年賀状_ネンカ゚＼ジョー_3_NHK-2016.mp3]	ねんがじょう	ねんがじょうをともだちにおくります。	"""<span style=""""box-shadow: inset -2px -2px 0 0 #FF6633;"""">ネ</span><span style=""""box-shadow: inset 0px 2px 0 0px #FF6633;"""">ンカ<span style=""""color: red;"""">°</span>ジョー</span> <span class=""""pitch_number"""">0</span>, <span style=""""box-shadow: inset -2px -2px 0 0 #FF6633;"""">ネ</span><span style=""""box-shadow: inset -2px 2px 0 0px #FF6633;"""">ンカ<span style=""""color: red;"""">°</span></span><span style=""""box-shadow: inset 0px -2px 0 0px #FF6633;"""">ジョー</span> <span class=""""pitch_number"""">3</span>"""
1766231979413	1791198980	Doki Doki1-3 female_voice newVersion	手紙	手[て] 紙[がみ]	てがみ	tegami	list	 友達[ともだち]に 手紙[てがみ]を 書[か]きます。	Piszę list do przyjaciela.			Rzeczownik, często z に／へ i czasownikiem かく, w złożeniu występuje rendaku 紙→がみ			[sound:hypertts-527432ad7d49a489c3c3618ce61f1ffd0a4aedbf5c931af3acdbd427.mp3]	[sound:hypertts-b649570b8a76c1017090bad40102b49c30a217338b58e7fa924feca3.mp3]	[sound:手紙_テカ゚ミ━_0_NHK-2016.mp3]	てがみ	ともだちにてがみをかきます。	"""<span style=""""box-shadow: inset -2px -2px 0 0 #FF6633;"""">テ</span><span style=""""box-shadow: inset 0px 2px 0 0px #FF6633;"""">カ<span style=""""color: red;"""">°</span>ミ</span> <span class=""""pitch_number"""">0</span>"""
1766231979414	1775147485	Doki Doki1-3 female_voice newVersion	テスト	テスト	テスト	tesuto	test, sprawdzian	 明日[あした]テストがあります。	Jutro mam test.			Zapożyczenie, zwykle w katakanie.			[sound:hypertts-20cab74cee834509ccd595e9e3339a0fd08bf5e82cce19dae4db7e71.mp3]	[sound:hypertts-772e899e88ff65c31b25e93524178d1267fc95bd066760ddec09fb9b.mp3]	[sound:テスト_テ＼スト_1_NHK-2016.mp3]	テスト	あしたテストがあります。	"""<span style=""""box-shadow: inset -2px 2px 0 0px #FF6633;"""">テ</span><span style=""""box-shadow: inset 0px -2px 0 0px #FF6633;""""><span style=""""color: royalblue;"""">ス</span>ト</span> <span class=""""pitch_number"""">1</span>"""
1766231979415	1791358881	Doki Doki1-3 female_voice leech newVersion	授業	授[じゅ] 業[ぎょう]	じゅぎょう	jugyou	lekcja, zajęcia	 授業[じゅぎょう]は ９時[くじ]に 終[お]わります。	Zajęcia kończą się o dziewiątej.			Rzeczownik, często z があります／をうける. rzeczownik. Lekcja lub zajęcia w szkole i na uczelni.			[sound:hypertts-8e2d5286a5303b8a2044a52953b1ced1e9b257792d2703305a4eee86.mp3]	[sound:hypertts-ccb939f13eb9b993fbff03a771c41e00f6275dfbe8a6390870598fbb.mp3]	[sound:授業_ジュ＼キ゚ョー_1_NHK-2016.mp3]	じゅぎょう	じゅぎょうは９じにおわります。	"""<span style=""""box-shadow: inset -2px 2px 0 0px #FF6633;"""">ジュ</span><span style=""""box-shadow: inset 0px -2px 0 0px #FF6633;"""">キ<span style=""""color: red;"""">°</span>ョー</span> <span class=""""pitch_number"""">1</span>"""
1766231979416	1775147485	Doki Doki1-3 female_voice newVersion	駅	 駅[えき]	えき	eki	dworzec	 駅[えき]で 会[あ]いましょう	Spotkajmy się na dworcu			Dworzec kolejowy/metra.	駅で会いましょう		[sound:hypertts-dad3b0ec5539ad351e0b2634052ab36e9b0fe3bdf36e723c65de2899.mp3]	[sound:hypertts-07b784c2ddcfe116d33395171533a39b9ddfb5011120a8888f3dab95.mp3]	[sound:駅_エ＼キ_1_NHK-2016.mp3]	<ruby>駅<rt>えき</rt></ruby>	<ruby>駅<rt>えき</rt></ruby>で<ruby>会<rt>あ</rt></ruby>いましょう	"""<span style=""""box-shadow: inset -2px 2px 0 0px #FF6633;"""">エ</span><span style=""""box-shadow: inset 0px -2px 0 0px #FF6633;"""">キ</span> <span class=""""pitch_number"""">1</span>"""
1766231979417	1775147485	Doki Doki1-3 female_voice newVersion	ビデオ	ビデオ	ビデオ	bideo	wideo	ビデオを 見[み]ます。	Oglądam wideo.			Zapożyczenie, zapis katakaną.			[sound:hypertts-18a0be8d0545a6cc2ca1642fb658dc2398b758f988bcd856ff48dfda.mp3]	[sound:hypertts-91535684147fb19d8a2ac2e4a4af3c315764c5f86f6efdb9ab4fea13.mp3]	[sound:ビデオ_ビ＼デオ_1_NHK-2016.mp3]	ビデオ	ビデオをみます。	"""<span style=""""box-shadow: inset -2px 2px 0 0px #FF6633;"""">ビ</span><span style=""""box-shadow: inset 0px -2px 0 0px #FF6633;"""">デオ</span> <span class=""""pitch_number"""">1</span>"""
1766231979418	1775147485	Doki Doki1-3 female_voice newVersion	メニュー	メニュー	メニュー	menyuu	menu	メニューを 見[み]て、 食べ物[たべもの]を 選[えら]びます。	Patrzę w menu i wybieram jedzenie.			Menu w restauracji.			[sound:hypertts-4015e9c5a2f7958efc69f629ed3fdd9b4adf92d5666e57511a774a42.mp3]	[sound:hypertts-747528ec5997dda68dc310879c2343b1373a2c1e873be1724629cfdd.mp3]	[sound:メニュー_メ＼ニュー_1_NHK-2016.mp3]	メニュー	メニューをみて、たべものをえらびます。	"""<span style=""""box-shadow: inset -2px 2px 0 0px #FF6633;"""">メ</span><span style=""""box-shadow: inset 0px -2px 0 0px #FF6633;"""">ニュー</span> <span class=""""pitch_number"""">1</span>"""
1766231979419	1775147485	Doki Doki1-3 female_voice newVersion	パーティー	パーティー	パーティー	paatii	impreza	 友達[ともだち]のパーティーに 行[い]きます。	Idę na imprezę przyjaciela.			Zapożyczenie, zwykle z にいく.			[sound:hypertts-5ef636c0eabd58aaa2c635e65bc232efd30950f9032f0e270933c3ac.mp3]	[sound:hypertts-33fa06dcd2b49b531af95c220e27cea2489da972c459b8ff92f0a021.mp3]	[sound:パーティー_パ＼ーティー_1_NHK-2016.mp3]	パーティー	ともだちのパーティーにいきます。	"""<span style=""""box-shadow: inset -2px 2px 0 0px #FF6633;"""">パ</span><span style=""""box-shadow: inset 0px -2px 0 0px #FF6633;"""">ーティー</span> <span class=""""pitch_number"""">1</span>"""
1766231979420	1785659683	Doki Doki1-3 female_voice leech newVersion	すごく	すごく	すごく	sugoku	bardzo (mniej formalne, potoczne)	すごく 寒[さむ]いです。	Jest strasznie (bardzo) zimno.			Przysłówek stopnia, często z przymiotnikami. Jest bardziej potoczne i ekspresyjne. W codziennych rozmowach (z przyjaciółmi, w anime) usłyszysz je znacznie częściej niż totemo. Nadaje wypowiedzi więcej emocji. Odpowiednik polskiego strasznie w strasznie fajne.&nbsp;			[sound:hypertts-48ea746ba2d7530fd2193d65c4b987bab17fe347588f3882f28af472.mp3]	[sound:hypertts-854168e74b7578dc21b699d9774143b73989db3c499243f611887497.mp3]	[sound:すごく_ス＼コ゚ク_1_NHK-2016.mp3] [sound:すごく_スコ゚＼ク_2_NHK-2016.mp3]	すごく	すごくさむいです。	"""<span style=""""box-shadow: inset -2px 2px 0 0px #FF6633;"""">ス</span><span style=""""box-shadow: inset 0px -2px 0 0px #FF6633;"""">コ<span style=""""color: red;"""">°</span>ク</span> <span class=""""pitch_number"""">1</span>, <span style=""""box-shadow: inset -2px -2px 0 0 #FF6633;"""">ス</span><span style=""""box-shadow: inset -2px 2px 0 0px #FF6633;"""">コ<span style=""""color: red;"""">°</span></span><span style=""""box-shadow: inset 0px -2px 0 0px #FF6633;"""">ク</span> <span class=""""pitch_number"""">2</span>"""
1766231979421	1775147485	Doki Doki1-3 female_voice newVersion	もっと	もっと	もっと	motto	więcej, bardziej	もっと 日本語[にほんご]を 勉強[べんきょう]したいです。	Chcę uczyć się japońskiego więcej.			Przysłówek stopnia/ilości.			[sound:hypertts-d93f392434dc661199f6af7087252653937ea5ac6e1122607dddb5ee.mp3]	[sound:hypertts-7c05b8a19de5278bc48ef9db221ce0233638ba549ec98b9e927e2dae.mp3]	[sound:もっと_モ＼ット_1_NHK-2016.mp3]	もっと	もっとにほんごをべんきょうしたいです。	"""<span style=""""box-shadow: inset -2px 2px 0 0px #FF6633;"""">モ</span><span style=""""box-shadow: inset 0px -2px 0 0px #FF6633;"""">ット</span> <span class=""""pitch_number"""">1</span>"""
1766231979422	1775147485	Doki Doki1-3 male_voice newVersion	じゃあ	じゃあ	じゃあ	jaa	a więc…	じゃあ、 行[い]きましょう。	A więc chodźmy.			Często w dialogach, potoczne.			[sound:hypertts-b648d03ee2f06a8abeb042223dd7faf801f2fa772b12b55646297826.mp3]	[sound:hypertts-e1627002202496a03b571ff2f2ae01c00376355605558e8c4336bc02.mp3]	[sound:じゃあ_ジャア_JapanesePod101.mp3]	じゃあ	じゃあ、いきましょう。	"""<span style=""""box-shadow: inset -2px 2px 0 0px #FF6633;"""">ジャ</span><span style=""""box-shadow: inset 0px -2px 0 0px #FF6633;"""">ア</span> <span class=""""pitch_number"""">1</span>"""
1766231979423	1782852039	Doki Doki1-3 male_voice newVersion	太鼓	太[たい] 鼓[こ]	たいこ	taiko	bęben	 太鼓[たいこ]を 叩[たた]きます。	Gram na bębnie taiko.			Tradycyjny japoński bęben.			[sound:hypertts-43702b5ffe6288f8892db0275b3719a4f6a0bf73d9d8b81325e54fd6.mp3]	[sound:hypertts-406c910238ab30d3a3ca297aa33cc34cb18c9be49bc4edc185a8501b.mp3]	[sound:太鼓_タイコ━_0_NHK-2016.mp3]	たいこ	たいこをたたきます。	"""<span style=""""box-shadow: inset -2px -2px 0 0 #FF6633;"""">タ</span><span style=""""box-shadow: inset 0px 2px 0 0px #FF6633;"""">イコ</span> <span class=""""pitch_number"""">0</span>"""
1766231979424	1791214975	Doki Doki1-3 male_voice newVersion	湖	 湖[みずうみ]	みずうみ	mizuumi	jezioro	 湖[みずうみ]でボートに 乗[の]ります。	Pływam łódką po jeziorze.			Rzeczownik miejsca.			[sound:hypertts-4763417f94a06b947877f788798735ea3f263f2a8f6499d873f54576.mp3]	[sound:hypertts-0e81b9bd81b7c1b730312483d6e029c41ef15cea2c02f7b1d1cf54d8.mp3]	[sound:湖_ミズ＼ウミ_2_NHK-2016.mp3]	みずうみ	みずうみでボートにのります。	"""<span style=""""box-shadow: inset -2px -2px 0 0 #FF6633;"""">ミ</span><span style=""""box-shadow: inset -2px 2px 0 0px #FF6633;"""">ズウ</span><span style=""""box-shadow: inset 0px -2px 0 0px #FF6633;"""">ミ</span> <span class=""""pitch_number"""">3</span>"""
1766231979425	1776505858	Doki Doki1-3 Doki1-5 male_voice newVersion	皆さん	皆[みな]さん	みなさん	minasan	wszyscy (grzecznie)	皆[みな]さん、こんにちは。	Dzień dobry wszystkim.			rzeczownik/zaimek	皆さん、こんにちは。		[sound:hypertts-53f5e0f5b63fcdba37230b2d773c7a4f47ddd44f8744aa3964a7c44a.mp3]	[sound:hypertts-b989c8bcdf9012f0c949ea2289cd9ca7275b28273ee77f4577da7bac.mp3]	[sound:皆さん_ミナ＼サン_2_NHK-2016.mp3]	皆さん	皆さん、こんにちは。	"""<span style=""""box-shadow: inset -2px -2px 0 0 #FF6633;"""">ミ</span><span style=""""box-shadow: inset -2px 2px 0 0px #FF6633;"""">ナ</span><span style=""""box-shadow: inset 0px -2px 0 0px #FF6633;"""">サン</span> <span class=""""pitch_number"""">2</span>"""
1766231979426	1791206769	Doki Doki1-3 male_voice newVersion	昔	 昔[むかし]	むかし	mukashi	dawno temu, dawniej	 昔[むかし]、ここに 大[おお]きい 木[き]がありました。	Dawno temu było tu duże drzewo.			Też w frazie むかしむかし. rzeczownik i określenie czasu.			[sound:hypertts-0179a6bf3ee86d8e7c466960e32c5c48569e36dd9df5e60e84ea99d7.mp3]	[sound:hypertts-0446e986594c4e0f31e0f6cf1f875f2747b19cc0ab46f579cd35a63b.mp3]	[sound:昔_ムカシ━_0_NHK-2016.mp3]	むかし	むかし、ここにおおきいきがありました。	"""<span style=""""box-shadow: inset -2px -2px 0 0 #FF6633;"""">ム</span><span style=""""box-shadow: inset 0px 2px 0 0px #FF6633;"""">カシ</span> <span class=""""pitch_number"""">0</span>"""
1766231979427	1791358881	Doki Doki1-3 leech male_voice newVersion	宿題	宿[しゅく] 題[だい]	しゅくだい	shukudai	praca domowa	 今日[きょう] 宿題[しゅくだい]があります。	Dzisiaj mam pracę domową.			Często z する／をする.			[sound:hypertts-39ec7da7be2f085c282b47533d6b64d1adcb6141b22b867be2dee120.mp3]	[sound:hypertts-c363ad5859004d0fd9ce04ac11903cd294bf266158cb1102b84d3d5f.mp3]	[sound:宿題_シュクダイ━_0_NHK-2016.mp3]	しゅくだい	きょうしゅくだいがあります。	"""<span style=""""box-shadow: inset -2px -2px 0 0 #FF6633;""""><span style=""""color: royalblue;"""">シ</span>ュ</span><span style=""""box-shadow: inset 0px 2px 0 0px #FF6633;"""">クダイ</span> <span class=""""pitch_number"""">0</span>"""
1766231979428	1791359790	Doki Doki1-3 male_voice newVersion	夕方	夕[ゆう] 方[がた]	ゆうがた	yuugata	wieczór, późne popołudnie	ゆうがたさんぽします。	Wieczorem idę na spacer.			rzeczownik czasu. Zwykle późne popołudnie i wczesny wieczór.			[sound:hypertts-60ad9847addf5e36a54b0aa1fa8131f664183a55c42e8d776a4274db.mp3]	[sound:hypertts-c7fb4469b32e8051839f944d5f10b590fa373cca755941eef7aad998.mp3]	[sound:夕方_ユーカ゚タ━_0_NHK-2016.mp3]	ゆうがた	ゆうがたさんぽします。	"""<span style=""""box-shadow: inset -2px -2px 0 0 #FF6633;"""">ユ</span><span style=""""box-shadow: inset 0px 2px 0 0px #FF6633;"""">ーカ<span style=""""color: red;"""">°</span>タ</span> <span class=""""pitch_number"""">0</span>"""
1766232349555	1791200480	Doki Doki1-3 male_voice newVersion	パスタ	パスタ	パスタ	pasuta	makaron	パスタをよく 食[た]べます。	Często jem makaron.			zapożyczenie. Najczęściej oznacza makaron w stylu włoskim.			[sound:hypertts-d4e9727fa7202136bc76cfffcf01b21ebc59ed842c39fd7740ba52b4.mp3]	[sound:hypertts-d405e641efb80a38e47a6a6cd3bb1161c02c56cbde93aef6ba50991a.mp3]	[sound:パスタ_パ＼スタ_1_NHK-2016.mp3]	パスタ	パスタをよくたべます。	"""<span style=""""box-shadow: inset -2px 2px 0 0px #FF6633;"""">パ</span><span style=""""box-shadow: inset 0px -2px 0 0px #FF6633;""""><span style=""""color: royalblue;"""">ス</span>タ</span> <span class=""""pitch_number"""">1</span>"""
1766232349556	1781611033	Doki Doki1-3 male_voice newVersion	チョコレート	チョコレート	チョコレート	chokoreeto	czekolada	チョコレートが 大好[だいす]きです。	Bardzo lubię czekoladę.			Zapożyczenie, często skracane do チョコ.			[sound:hypertts-6ceb1ca1117152dcbd3b196db2629cc7f7fdd9fe0e847e9821a1ebca.mp3]	[sound:hypertts-7deffceb95cdf77e4690eb5d080971c35453872c63caa24c4883581a.mp3]	[sound:チョコレート_チョコレ＼ート_3_NHK-2016.mp3]	チョコレート	チョコレートがだいすきです。	"""<span style=""""box-shadow: inset -2px -2px 0 0 #FF6633;"""">チョ</span><span style=""""box-shadow: inset -2px 2px 0 0px #FF6633;"""">コレ</span><span style=""""box-shadow: inset 0px -2px 0 0px #FF6633;"""">ート</span> <span class=""""pitch_number"""">3</span>"""
1766232349557	1775147485	Doki Doki1-3 male_voice newVersion	ハンバーガー	ハンバーガー	ハンバーガー	hanbaagaa	hamburger	ハンバーガーを 一[ひと]つください。	Poproszę jednego hamburgera.			Jedzenie typu fast food.			[sound:hypertts-62b6d003b94517941231389ec53bd061878103dd529702a2b8a22443.mp3]	[sound:hypertts-31b4373322eef6f8a98ee3b9d096028d0574af0b003dbb9d56db4b8e.mp3]	[sound:ハンバーガー_ハンバ＼ーガー_3_NHK-2016.mp3]	ハンバーガー	ハンバーガーをひとつください。	"""<span style=""""box-shadow: inset -2px -2px 0 0 #FF6633;"""">ハ</span><span style=""""box-shadow: inset -2px 2px 0 0px #FF6633;"""">ンバ</span><span style=""""box-shadow: inset 0px -2px 0 0px #FF6633;"""">ーガー</span> <span class=""""pitch_number"""">3</span>"""
1766232349558	1775147485	Doki Doki1-3 male_voice newVersion	サラダ	サラダ	サラダ	sarada	sałatka	サラダを 作[つく]ります。	Robię sałatkę.			Zapożyczenie.			[sound:hypertts-61e6e378bd14b164951ff4ea6599df37aaedf58281502cec42e9ab44.mp3]	[sound:hypertts-4e52214348105b7ef8e0974d17d9404adced705032efebfd13774b74.mp3]	[sound:サラダ_サ＼ラダ_1_NHK-2016.mp3]	サラダ	サラダをつくります。	"""<span style=""""box-shadow: inset -2px 2px 0 0px #FF6633;"""">サ</span><span style=""""box-shadow: inset 0px -2px 0 0px #FF6633;"""">ラダ</span> <span class=""""pitch_number"""">1</span>"""
1766232349559	1775147485	Doki Doki1-3 male_voice newVersion	ピザ	ピザ	ピザ	piza	pizza	 友達[ともだち]とピザを 食[た]べます。	Jem pizzę z przyjacielem.			Zapożyczenie.			[sound:hypertts-16f16d6624508386223c31690da0c2d2d1d512998fff5cb27c9b1c5f.mp3]	[sound:hypertts-5be846c701890da056bf6b4cee815f293a374a0f7ef29033a95fa8c5.mp3]	[sound:ピザ_ピ＼ザ_1_NHK-2016.mp3]	ピザ	ともだちとピザをたべます。	"""<span style=""""box-shadow: inset -2px 2px 0 0px #FF6633;"""">ピ</span><span style=""""box-shadow: inset 0px -2px 0 0px #FF6633;"""">ザ</span> <span class=""""pitch_number"""">1</span>"""
1766232349560	1775147485	Doki Doki1-3 male_voice newVersion	アイスクリーム	アイスクリーム	アイスクリーム	aisukuriimu	lody	アイスクリームを 食[た]べたいです。	Chcę zjeść lody.			Często skracane do アイス.			[sound:hypertts-62bb57559daf2fef8f6af8b7faefd9a291b5166347fe19db1d4c6d07.mp3]	[sound:hypertts-20bfab02d9497eb645b85af5487b23f1d4c8460265762d6678b3ab42.mp3]	[sound:アイスクリーム_アイスクリ＼ーム_5_NHK-2016.mp3]	アイスクリーム	アイスクリームをたべたいです。	"""<span style=""""box-shadow: inset -2px -2px 0 0 #FF6633;"""">ア</span><span style=""""box-shadow: inset -2px 2px 0 0px #FF6633;"""">イ<span style=""""color: royalblue;"""">ス</span>クリ</span><span style=""""box-shadow: inset 0px -2px 0 0px #FF6633;"""">ーム</span> <span class=""""pitch_number"""">5</span>"""
1766232349561	1775147485	Doki Doki1-3 male_voice newVersion	ジュース	ジュース	ジュース	juusu	sok	オレンジジュースを 飲[の]みます。	Piję sok pomarańczowy.			Napój bezalkoholowy.			[sound:hypertts-d35aac5d7e156dd0da2e8cde5a238e56ac0d48f0d7525166a50eed7c.mp3]	[sound:hypertts-429e95b68490334140e67c263314885483102a928f0631d3dacd324f.mp3]	[sound:ジュース_ジュ＼ース_1_NHK-2016.mp3]	ジュース	オレンジジュースをのみます。	"""<span style=""""box-shadow: inset -2px 2px 0 0px #FF6633;"""">ジュ</span><span style=""""box-shadow: inset 0px -2px 0 0px #FF6633;"""">ース</span> <span class=""""pitch_number"""">1</span>"""
1766232349562	1775147485	Doki Doki1-3 male_voice newVersion	コーラ	コーラ	コーラ	koora	coca-cola	コーラを 一本[いっぽん] 買[か]いました。	Kupiłem jedną colę.			Gazowany napój, marka bywa używana ogólnie.			[sound:hypertts-d7f2400b0bdebe729d5021b4db679bc559c1538f9c5fea364c1f686e.mp3]	[sound:hypertts-98343f8105be46b2e7a81c77e4e998c7ed5d9f5fb1007aa42ed2def2.mp3]	[sound:こーら_コーラ━_0_NHK-2016.mp3] [sound:コーラ_コ＼ーラ_1_NHK-2016.mp3] [sound:こーら_コーラ＼_3_NHK-2016.mp3]	コーラ	コーラをいっぽんかいました。	"""<span style=""""box-shadow: inset -2px -2px 0 0 #FF6633;"""">コ</span><span style=""""box-shadow: inset 0px 2px 0 0px #FF6633;"""">ーラ</span> <span class=""""pitch_number"""">0</span>, <span style=""""box-shadow: inset -2px 2px 0 0px #FF6633;"""">コ</span><span style=""""box-shadow: inset 0px -2px 0 0px #FF6633;"""">ーラ</span> <span class=""""pitch_number"""">1</span>, <span style=""""box-shadow: inset -2px -2px 0 0 #FF6633;"""">コ</span><span style=""""box-shadow: inset -2px 2px 0 0px #FF6633;"""">ーラ</span> <span class=""""pitch_number"""">3</span>"""
1766232349563	1791205492	Doki Doki1-3 leech male_voice newVersion	牛乳	牛[ぎゅう] 乳[にゅう]	ぎゅうにゅう	gyuunyuu	mleko	 毎朝[まいあさ] 牛乳[ぎゅうにゅう]を 飲[の]みます。	Każdego ranka piję mleko.			Rzeczownik złożony: ぎゅう（krowa）+ にゅう（mleko）. Mleko krowie.			[sound:hypertts-aa5c1beb2aaa889ded6fdf1fa90a0228be74b24af4e87ee068073208.mp3]	[sound:hypertts-ca4b8f992dbc15303f66201bf64ee2813b0d3e922b3ed4e47f3dd088.mp3]	[sound:牛乳_ギューニュー━_0_NHK-2016.mp3]	ぎゅうにゅう	まいあさぎゅうにゅうをのみます。	"""<span style=""""box-shadow: inset -2px -2px 0 0 #FF6633;"""">ギュ</span><span style=""""box-shadow: inset 0px 2px 0 0px #FF6633;"""">ーニュー</span> <span class=""""pitch_number"""">0</span>"""
1766232349564	1775147485	Doki Doki1-3 male_voice newVersion	朝	 朝[あさ]	あさ	asa	ranek	 朝[あさ] ６時[ろくじ]に 起[お]きます。	Wstaję o szóstej rano.			Pora dnia.			[sound:hypertts-ac9efec93b6bba64094988498e7c5f451f3438034725b3ac232b6bbe.mp3]	[sound:hypertts-2ce32bbb3a4911d2caf3004d1c191361922cfa55bc9ac3b36afc5099.mp3]	[sound:朝_ア＼サ_1_NHK-2016.mp3]	あさ	あさ６じにおきます。	"""<span style=""""box-shadow: inset -2px 2px 0 0px #FF6633;"""">ア</span><span style=""""box-shadow: inset 0px -2px 0 0px #FF6633;"""">サ</span> <span class=""""pitch_number"""">1</span>"""
1766232349565	1775147485	Doki Doki1-3 male_voice newVersion	昼	 昼[ひる]	ひる	hiru	południe (pora dnia)	 昼[ひる]に 昼[ひる]ご飯[はん]を 食[た]べます。	W południe jem obiad.			Może znaczyć „dzień / południe / lunch”.			[sound:hypertts-fde6226ceae7528d4e865792de54e51b70c2f9e9c04811f3b31b2d41.mp3]	[sound:hypertts-0d5e9fc5ea978c903109041691e6e64b91b8ab098f80e1edd2b288fc.mp3]	[sound:昼_ヒル＼_2_NHK-2016.mp3]	ひる	ひるにひるごはんをたべます。	"""<span style=""""box-shadow: inset -2px -2px 0 0 #FF6633;"""">ヒ</span><span style=""""box-shadow: inset -2px 2px 0 0px #FF6633;"""">ル</span> <span class=""""pitch_number"""">2</span>"""
1766232349566	1775147485	Doki Doki1-3 male_voice newVersion	いつ	いつ	いつ	itsu	kiedy	 次[つぎ]のテストはいつですか。	Kiedy jest następny test?			Zaimek pytający o czas.			[sound:hypertts-f563d24e12f81d95ecec4aedf2288580b64a4a66c05bf3f5ae02dcba.mp3]	[sound:hypertts-b120c0e4a0e1c646df6e101aa750268c18e6fd5d4dffdd4104ccbb02.mp3]	[sound:いつ_イ＼ツ_1_NHK-2016.mp3] [sound:いつ_イツ＼_2_NHK-2016.mp3]	いつ	つぎのテストはいつですか。	"""<span style=""""box-shadow: inset -2px 2px 0 0px #FF6633;"""">イ</span><span style=""""box-shadow: inset 0px -2px 0 0px #FF6633;"""">ツ</span> <span class=""""pitch_number"""">1</span>, <span style=""""box-shadow: inset -2px -2px 0 0 #FF6633;"""">イ</span><span style=""""box-shadow: inset -2px 2px 0 0px #FF6633;"""">ツ</span> <span class=""""pitch_number"""">2</span>"""
1766232349567	1782852039	Doki Doki1-3 male_voice newVersion	先週	先[せん] 週[しゅう]	せんしゅう	senshuu	zeszły tydzień	 先週[せんしゅう] 映画[えいが]を 見[み]ました。	Zeszły tydzień oglądałem film.					先 週[しゅう]	[sound:hypertts-37d72e81b68c3a5502d9e2e3a84fd285fa8097e4d544701d887a84a8.mp3]	[sound:hypertts-366c0b1cb820dd6e80dd4a3b1fe4973e02a5298c9142460f121cfbac.mp3]	[sound:先週_センシュー━_0_NHK-2016.mp3]	せんしゅう	せんしゅう えいが を みました	"""<span style=""""box-shadow: inset -2px -2px 0 0 #FF6633;"""">セ</span><span style=""""box-shadow: inset 0px 2px 0 0px #FF6633;"""">ンシュー</span> <span class=""""pitch_number"""">0</span>"""
1766232349568	1785659873	Doki Doki1-3 leech male_voice newVersion	たいてい	たいてい	たいてい	taitei	zazwyczaj	たいてい ７時[しちじ]ごろ 起[お]きます。	Zazwyczaj wstaję około siódmej.			Przysłówek częstotliwości.			[sound:hypertts-6cf6b8807a07b7c4863662769f08eaf1e148fb1974545ca8538fc741.mp3]	[sound:hypertts-f09910233713803cdecac9b529b4ae68e1c2872c849b353ac1f408db.mp3]	[sound:たいてい_タイテー━_0_NHK-2016.mp3]	たいてい	たいてい７じごろおきます。	"""<span style=""""box-shadow: inset -2px -2px 0 0 #FF6633;"""">タ</span><span style=""""box-shadow: inset 0px 2px 0 0px #FF6633;"""">イテイ</span> <span class=""""pitch_number"""">0</span>"""
1766232617503	1781030975	Doki Doki1-3 female_voice newVersion	右	 右[みぎ]	みぎ	migi	prawy	 右[みぎ]のドアを 開[あ]けてください。	Otwórz prawe drzwi, proszę.					右	[sound:hypertts-a088dcd511b718967695146639ee2393b26c8598f65b60401dcde2b4.mp3]	[sound:hypertts-6eb3b027432ae5247ca8af40ea70fd9e8f4d630da4127e73ec48d879.mp3]	[sound:右_ミキ゚━_0_NHK-2016.mp3] [sound:右_ミ＼キ゚_1_NHK-2016.mp3]	みぎ	みぎのドアをあけてください。	"""<span style=""""box-shadow: inset -2px -2px 0 0 #FF6633;"""">ミ</span><span style=""""box-shadow: inset 0px 2px 0 0px #FF6633;"""">キ<span style=""""color: red;"""">&#176;</span></span> <span class=""""pitch_number"""">0</span>, <span style=""""box-shadow: inset -2px 2px 0 0px #FF6633;"""">ミ</span><span style=""""box-shadow: inset 0px -2px 0 0px #FF6633;"""">キ<span style=""""color: red;"""">&#176;</span></span> <span class=""""pitch_number"""">1</span>"""
1766232617504	1775147485	Doki Doki1-3 female_voice newVersion	前	 前[まえ]	まえ	mae	z przodu	 家[いえ]の 前[まえ]に 車[くるま]があります。	Przed domem stoi samochód.						[sound:hypertts-4041fb08fe3af47337e404c054742c6e54c802d96ec94287c5c2e64b.mp3]	[sound:hypertts-b0f4c60af32703774241831e615f5bfdd07e3f1706a8f093696b51d4.mp3]	[sound:前_マ＼エ_1_NHK-2016.mp3]	まえ	いえのまえにくるまがあります。	"""<span style=""""box-shadow: inset -2px 2px 0 0px #FF6633;"""">マ</span><span style=""""box-shadow: inset 0px -2px 0 0px #FF6633;"""">エ</span> <span class=""""pitch_number"""">1</span>"""
1766232617505	1788440781	Doki Doki1-3 female_voice leech newVersion	後ろ	 後[うし]ろ	うしろ	ushiro	z tyłu	 椅子[いす]の 後[うし]ろに 猫[ねこ]がいます。	Za krzesłem jest kot.						[sound:hypertts-e98322b6892b1f8a7bac0dedf317861eb1da954a7a2bfe081d703ab4.mp3]	[sound:hypertts-35f17be8e6bc97991eeb1cca2c7aeb89a66fe437de9e462d029cd863.mp3]	[sound:後ろ_ウシロ━_0_NHK-2016.mp3]	うしろ	いすのうしろにねこがいます。	"""<span style=""""box-shadow: inset -2px -2px 0 0 #FF6633;"""">ウ</span><span style=""""box-shadow: inset 0px 2px 0 0px #FF6633;"""">シロ</span> <span class=""""pitch_number"""">0</span>"""
1766232617506	1775147485	Doki Doki1-3 female_voice newVersion	下	 下[した]	した	shita	na dole, pod	 机[つくえ]の 下[した]に 鞄[かばん]があります。	Pod biurkiem jest torba.					下	[sound:hypertts-7d85075fb2e6bfddc18bd6c1a4a93cdbacb42344b037cb9251e6781e.mp3]	[sound:hypertts-b4d1d7bd872b70e09d5a4c030191580c6fc8ab0a159bf5983b77e04b.mp3]	[sound:下_シタ━_0_NHK-2016.mp3] [sound:下_シタ＼_2_NHK-2016.mp3]	した	つくえのしたにかばんがあります。	"""<span style=""""box-shadow: inset -2px -2px 0 0 #FF6633;""""><span style=""""color: royalblue;"""">シ</span></span><span style=""""box-shadow: inset 0px 2px 0 0px #FF6633;"""">タ</span> <span class=""""pitch_number"""">0</span>, <span style=""""box-shadow: inset -2px -2px 0 0 #FF6633;""""><span style=""""color: royalblue;"""">シ</span></span><span style=""""box-shadow: inset -2px 2px 0 0px #FF6633;"""">タ</span> <span class=""""pitch_number"""">2</span>"""
1766232617507	1775147485	Doki Doki1-3 female_voice newVersion	中	 中[なか]	なか	naka	w środku	 箱[はこ]の 中[なか]にケーキがあります。	W pudełku jest ciasto.					中	[sound:hypertts-a2db6df90de2e15d621134faf697c20da78557adcf71667e3c00ed05.mp3]	[sound:hypertts-d27af991270d5357bf84cf7842c31a2f9250c55eadaea6d33397ca1a.mp3]	[sound:中_ナ＼カ_1_NHK-2016.mp3]	なか	はこ の なかにケーキがあります。	"""<span style=""""box-shadow: inset -2px 2px 0 0px #FF6633;"""">ナ</span><span style=""""box-shadow: inset 0px -2px 0 0px #FF6633;"""">カ</span> <span class=""""pitch_number"""">1</span>"""
1766232617508	1776952353	Doki Doki1-3 female_voice leech newVersion	近く	 近[ちか]く	ちかく	chikaku	blisko	 家[いえ]の 近[ちか]くにスーパーがあります。	Blisko domu jest supermarket.			To pojęcie szersze, oznaczające „okolicę” lub „sąsiedztwo”. Obiekt może być w zasięgu wzroku lub spaceru, ale niekoniecznie „pod ręką”. Może odnosić się również do czasu (niedługo, wkrótce).			[sound:hypertts-5cc390a0e5c5a9fa626d30fb4518af439960ef19245dde31a1890ac5.mp3]	[sound:hypertts-eb4a25d55210a6eb809c1fde7fb39ef6e9b17c0dc5073110f410f97f.mp3]	[sound:近く_チ＼カク_1_NHK-2016.mp3] [sound:近く_チカ＼ク_2_NHK-2016.mp3]	ちかく	いえのちかくにスーパーがあります。	"""<span style=""""box-shadow: inset -2px 2px 0 0px #FF6633;""""><span style=""""color: royalblue;"""">チ</span></span><span style=""""box-shadow: inset 0px -2px 0 0px #FF6633;"""">カク</span> <span class=""""pitch_number"""">1</span>, <span style=""""box-shadow: inset -2px -2px 0 0 #FF6633;""""><span style=""""color: royalblue;"""">チ</span></span><span style=""""box-shadow: inset -2px 2px 0 0px #FF6633;"""">カ</span><span style=""""box-shadow: inset 0px -2px 0 0px #FF6633;"""">ク</span> <span class=""""pitch_number"""">2</span>"""
1766232617509	1775147485	Doki Doki1-3 female_voice newVersion	隣	 隣[となり]	となり	tonari	w sąsiedztwie	 駅[えき]の 隣[となり]です	To jest obok dworca				駅の隣です		[sound:hypertts-f2d441263530982f1f668e389b2c8f1ef834fef4ce26c0ad36b7a283.mp3]	[sound:hypertts-c6684b0c5198cb36d488e6ea50602e04e083deba853a16329023e345.mp3]	[sound:隣_トナリ━_0_NHK-2016.mp3]	<ruby>隣<rt>となり</rt></ruby>	<ruby>駅<rt>えき</rt></ruby>の<ruby>隣<rt>となり</rt></ruby>です	"""<span style=""""box-shadow: inset -2px -2px 0 0 #FF6633;"""">ト</span><span style=""""box-shadow: inset 0px 2px 0 0px #FF6633;"""">ナリ</span> <span class=""""pitch_number"""">0</span>"""
1766232617510	1775147485	Doki Doki1-3 female_voice newVersion	間	 間[あいだ]	あいだ	aida	pomiędzy	テーブルとソファーの 間[あいだ]に 猫[ねこ]がいます。	Między stołem a sofą jest kot.						[sound:hypertts-69803314a363b196681cb733c262757587e747ddb6d941e08971fa9c.mp3]	[sound:hypertts-43fa2b5b3b109e7c248a510ccfa2ab110e90dba3f4db5c82d0ce24d0.mp3]	[sound:間_アイダ━_0_NHK-2016.mp3]	あいだ	テーブルとソファーのあいだにねこがいます。	"""<span style=""""box-shadow: inset -2px -2px 0 0 #FF6633;"""">ア</span><span style=""""box-shadow: inset 0px 2px 0 0px #FF6633;"""">イダ</span> <span class=""""pitch_number"""">0</span>"""
1766232617511	1782852039	Doki Doki1-3 female_voice newVersion	月曜日	月[げつ] 曜[よう] 日[び]	げつようび	getsuyoubi	poniedziałek	 月曜日[げつようび]に 会議[かいぎ]があります。	W poniedziałek mam spotkanie.					 月曜日	[sound:hypertts-507974ca361859e9d4fcc7cfec45535b47e56d3beae66716798812cd.mp3]	[sound:hypertts-e052b37ee0971d5a7b771ab9c8c5c0e8add800d2f02befaf5f908717.mp3]	[sound:月曜日_ゲツヨ＼ービ_3_NHK-2016.mp3]	げつようび	げつようびにかいぎがあります。	"""<span style=""""box-shadow: inset -2px -2px 0 0 #FF6633;"""">ゲ</span><span style=""""box-shadow: inset -2px 2px 0 0px #FF6633;"""">ツヨ</span><span style=""""box-shadow: inset 0px -2px 0 0px #FF6633;"""">ービ</span> <span class=""""pitch_number"""">3</span>"""
1766232617512	1782852039	Doki Doki1-3 female_voice newVersion	火曜日	火[か] 曜[よう] 日[び]	かようび	kayoubi	wtorek	 火曜日[かようび]は 休[やす]みです。	We wtorek mam wolne.					火曜日	[sound:hypertts-1785d75714b028661b7db811952156eb6d0e345d8823f9dbdd5bd288.mp3]	[sound:hypertts-e30248a0ef9ab9b2a119eb1bf807e563b9431d8ceea832d8658fac92.mp3]	[sound:火曜日_カヨ＼ービ_2_NHK-2016.mp3]	かようび	かようびはやすみです。	"""<span style=""""box-shadow: inset -2px -2px 0 0 #FF6633;"""">カ</span><span style=""""box-shadow: inset -2px 2px 0 0px #FF6633;"""">ヨ</span><span style=""""box-shadow: inset 0px -2px 0 0px #FF6633;"""">ービ</span> <span class=""""pitch_number"""">2</span>"""
1766232617513	1782852039	Doki Doki1-3 female_voice newVersion	水曜日	水[すい] 曜[よう] 日[び]	すいようび	suiyoubi	środa	 水曜日[すいようび]にテストがあります。	W środę jest test.					水曜日	[sound:hypertts-2917f56e359ef62b32c1d5ddfea720e69560b53bdcbaa337550cd36c.mp3]	[sound:hypertts-bf9c29c34a7f302274975ccfcae11f2869bf127a8f1cf66e2e78cb26.mp3]	[sound:水曜日_スイヨ＼ービ_3_NHK-2016.mp3]	すいようび	すいようびにテストがあります。	"""<span style=""""box-shadow: inset -2px -2px 0 0 #FF6633;"""">ス</span><span style=""""box-shadow: inset -2px 2px 0 0px #FF6633;"""">イヨ</span><span style=""""box-shadow: inset 0px -2px 0 0px #FF6633;"""">ービ</span> <span class=""""pitch_number"""">3</span>"""
1766232617514	1782852039	Doki Doki1-3 female_voice newVersion	木曜日	木[もく] 曜[よう] 日[び]	もくようび	mokuyoubi	czwartek	 木曜日[もくようび]に 友達[ともだち]と 会[あ]います。	W czwartek spotykam się z przyjacielem.					木曜日	[sound:hypertts-14d8cd38d9b9573f96c0b5c46f9c67e2866758d8dfd547a13e1fddd5.mp3]	[sound:hypertts-cfe0355fdd9283b1dee9b389f6b387c5459c937c1c92fcb42bfdb4a8.mp3]	[sound:木曜日_モクヨ＼ービ_3_NHK-2016.mp3]	もくようび	もくようびにともだちとあいます。	"""<span style=""""box-shadow: inset -2px -2px 0 0 #FF6633;"""">モ</span><span style=""""box-shadow: inset -2px 2px 0 0px #FF6633;"""">クヨ</span><span style=""""box-shadow: inset 0px -2px 0 0px #FF6633;"""">ービ</span> <span class=""""pitch_number"""">3</span>"""
1766232617515	1782852039	Doki Doki1-3 female_voice newVersion	金曜日	金[きん] 曜[よう] 日[び]	きんようび	kinyoubi	piątek	 金曜日[きんようび]の 夜[よる]に 映画[えいが]を 見[み]ます。	W piątkowy wieczór oglądam film.					金曜日	[sound:hypertts-9faba811ff0ee4624866fd99b65a37aa8867a880d13e6150e81a3d72.mp3]	[sound:hypertts-07a3aa406242135324b2da683c2bc827c856583fc2e161767f4b0157.mp3]	[sound:金曜日_キンヨ＼ービ_3_NHK-2016.mp3]	きんようび	きんようびのよるにえいがをみます。	"""<span style=""""box-shadow: inset -2px -2px 0 0 #FF6633;"""">キ</span><span style=""""box-shadow: inset -2px 2px 0 0px #FF6633;"""">ンヨ</span><span style=""""box-shadow: inset 0px -2px 0 0px #FF6633;"""">ービ</span> <span class=""""pitch_number"""">3</span>"""
1766232617516	1782852039	Doki Doki1-3 female_voice newVersion	日曜日	日[にち] 曜[よう] 日[び]	にちようび	nichiyoubi	niedziela	 日曜日[にちようび]は 家[うち]でゆっくりします。	W niedzielę odpoczywam w domu.					日曜日	[sound:hypertts-02b6a032f9efbf1d86f063f7d18035b9c6ce02982228ed4a89dbdbbe.mp3]	[sound:hypertts-4c5ca8f61eda17c1f8bc029cd6ef0bca5dc8525283ab608d90963fee.mp3]	[sound:日曜日_ニチヨ＼ービ_3_NHK-2016.mp3]	にちようび	にちようびはうちでゆっくりします。	"""<span style=""""box-shadow: inset -2px -2px 0 0 #FF6633;"""">ニ</span><span style=""""box-shadow: inset -2px 2px 0 0px #FF6633;"""">チヨ</span><span style=""""box-shadow: inset 0px -2px 0 0px #FF6633;"""">ービ</span> <span class=""""pitch_number"""">3</span>"""
1766232617517	1782852039	Doki Doki1-3 female_voice newVersion	何曜日	何[なん] 曜[よう] 日[び]	なんようび	nanyoubi	jaki dzień tygodnia?	 今日[きょう]は 何曜日[なんようび]ですか。	Jaki jest dzisiaj dzień tygodnia?					何[なん]曜日	[sound:hypertts-d7eafab2a85851949936c63005f47160f2f9697ceeac35193609a624.mp3]	[sound:hypertts-eda92aa066416ac61c113dbcd37c51c5cf299a2d34ef3d7c5a25dc72.mp3]	[sound:何曜日_ナンヨ＼ービ_3_NHK-2016.mp3]	なんようび	きょうはなんようびですか。	"""<span style=""""box-shadow: inset -2px -2px 0 0 #FF6633;"""">ナ</span><span style=""""box-shadow: inset -2px 2px 0 0px #FF6633;"""">ンヨ</span><span style=""""box-shadow: inset 0px -2px 0 0px #FF6633;"""">ービ</span> <span class=""""pitch_number"""">3</span>"""
1766232617518	1775147485	Doki Doki1-3 female_voice newVersion	いい	いい	いい	ii	dobry	この 本[ほん]はとてもいいです。	Ta książka jest bardzo dobra.	 nieregularne stopnie (よい/よくない).					[sound:hypertts-3ee66cd2db631112358d0b97c22df6bd76a91c7dbe1664b3af553ed2.mp3]	[sound:hypertts-9708811a739d2cb2b5b6a329f37345a72c99f3ea6b7f4b2a4a19ac88.mp3]	[sound:いい_イ＼ー_1_NHK-2016.mp3]	いい	このほんはとてもいいです。	"""<span style=""""box-shadow: inset -2px -2px 0 0 #FF6633;"""">イ</span><span style=""""box-shadow: inset 0px 2px 0 0px #FF6633;"""">イ</span> <span class=""""pitch_number"""">0</span>, <span style=""""box-shadow: inset -2px 2px 0 0px #FF6633;"""">イ</span><span style=""""box-shadow: inset 0px -2px 0 0px #FF6633;"""">イ</span> <span class=""""pitch_number"""">1</span>"""
1766232617519	1775147485	Doki Doki1-3 female_voice newVersion	悪い	 悪[わる]い	わるい	warui	zły	 悪[わる]い 天気[てんき]を 嫌[きら]いです。	Nie lubię złej pogody.						[sound:hypertts-0de46fae3f75fc228b0379e8f2eae565f42a29187327a6b67f3ce7ac.mp3]	[sound:hypertts-24ad6bf2d508ba3893b227a04706dd411233487f498804f5845efd9a.mp3]	[sound:悪い_ワル＼イ_2_NHK-2016.mp3]	わるい	わるいてんきをきらいです。	"""<span style=""""box-shadow: inset -2px -2px 0 0 #FF6633;"""">ワ</span><span style=""""box-shadow: inset -2px 2px 0 0px #FF6633;"""">ル</span><span style=""""box-shadow: inset 0px -2px 0 0px #FF6633;"""">イ</span> <span class=""""pitch_number"""">2</span>"""
1766232617520	1775147485	Doki Doki1-3 female_voice newVersion	遅い	 遅[おそ]い	おそい	osoi	powolny, późny	 寝[ね]るのが 遅[おそ]いです。	Kładę się spać późno.			 też „wolny” (ruch).			[sound:hypertts-cbdaa82ae7da3cc4565fb70c9f5eb50e7ca30890b231a224d42b7d7a.mp3]	[sound:hypertts-b157f9485cb4e5c1bbd5f242a8ac8f2bbe58c4153bf1cc4becaff10c.mp3]	[sound:遅い_オソイ━_0_NHK-2016.mp3]	おそい	ねるのがおそいです。	"""<span style=""""box-shadow: inset -2px -2px 0 0 #FF6633;"""">オ</span><span style=""""box-shadow: inset 0px 2px 0 0px #FF6633;"""">ソイ</span> <span class=""""pitch_number"""">0</span>"""
1766232617521	1775147485	Doki Doki1-3 female_voice newVersion	早い/速い	 早[はや]い/ 速[はや]い	はやい	hayai	wcześny, szybki	 早[はや]く 起[お]きます。	Wstaję wcześnie.			 przeciwieństwo おそい.			[sound:hypertts-dc5742883ea83c7777bbfeb8977ff9588e18b8960c82387401e44eef.mp3]	[sound:hypertts-c8143bef66f6909aa46b1af6a2afbb92b73cfc72c19a5fc5c0c5bcd5.mp3]	[sound:速い_ハヤ＼イ_2_NHK-2016.mp3]	はやい	はやくおきます。	"""<span style=""""box-shadow: inset -2px -2px 0 0 #FF6633;"""">ハ</span><span style=""""box-shadow: inset -2px 2px 0 0px #FF6633;"""">ヤ</span><span style=""""box-shadow: inset 0px -2px 0 0px #FF6633;"""">イ</span> <span class=""""pitch_number"""">2</span>; <span style=""""box-shadow: inset -2px -2px 0 0 #FF6633;"""">ハ</span><span style=""""box-shadow: inset -2px 2px 0 0px #FF6633;"""">ヤ</span><span style=""""box-shadow: inset 0px -2px 0 0px #FF6633;"""">イ</span> <span class=""""pitch_number"""">2</span>"""
1766233113411	1775147485	Doki Doki1-3 male_voice newVersion	ある	ある	ある	aru	być/mieć (rzeczy nieożywione)	 机[つくえ]の 上[うえ]に 本[ほん]があります。	Na biurku jest książka.	あります	ありません	Czasownik nieprzechodni dla rzeczy/roślin/miejsc			[sound:hypertts-64c8b2deae0f909f247d23fd810f8394adb1f70156604539f8fee628.mp3]	[sound:hypertts-2508cc848ec839f263a5b512f28f195f464f97a951c12f6bb444af7e.mp3]	[sound:ある_ア＼ル_1_NHK-2016.mp3]	ある	つくえのうえにほんがあります。	"""<span style=""""box-shadow: inset -2px 2px 0 0px #FF6633;"""">ア</span><span style=""""box-shadow: inset 0px -2px 0 0px #FF6633;"""">ル</span> <span class=""""pitch_number"""">1</span>"""
1766233113412	1775147485	Doki Doki1-3 male_voice newVersion	いる	いる	いる	iru	być/mieć (istoty żywe)	 部屋[へや]に 猫[ねこ]がいる。	W pokoju jest kot.	います	いません	Czasownik nieprzechodni dla ludzi/zwierząt			[sound:hypertts-e9610dc6cfe896a4b0c38452aab75c28e7d96265d5f0a9979abd8101.mp3]	[sound:hypertts-4b0ba525b5380c171815d753247a5e54c884c87414cc9a923b8f2a30.mp3]	[sound:いる_イル━_0_NHK-2016.mp3]	いる	へやにねこがいる。	
1766233113413	1775147485	Doki Doki1-3 male_voice newVersion	踊る	 踊[おど]る	おどる	odoru	tańczyć (natywne)	クラブで 踊[おど]ります。	Tańczę w klubie.	おどります	おどりません	Czasownik nieprzechodni			[sound:hypertts-9fd2b1ecc3bfd5053c8c8085463c7c0b1ba81771c7fba8293d5b3567.mp3]	[sound:hypertts-20e37f83ee2b6989e3cc52a2ad4d053123043d7bfbad51d3e0a5a648.mp3]	[sound:踊る_オドル━_0_NHK-2016.mp3]	おどる	クラブでおどります。	"""<span style=""""box-shadow: inset -2px -2px 0 0 #FF6633;"""">オ</span><span style=""""box-shadow: inset 0px 2px 0 0px #FF6633;"""">ドル</span> <span class=""""pitch_number"""">0</span>"""
1766233113414	1775147485	Doki Doki1-3 male_voice newVersion	書く	 書[か]く	かく	kaku	pisać	 手紙[てがみ]を 書[か]きます。	Piszę list.	かきます	かきません	Czasownik przechodni			[sound:hypertts-5d8ca88ae82e80dccf1d9f3a1868ef8f36bd02b176672ef3a2602f9d.mp3]	[sound:hypertts-caef1c6191938008904b16d6114234fb3ee5d1094b8235c28f17fc67.mp3]	[sound:書く_カ＼ク_1_NHK-2016.mp3]	かく	てがみをかきます。	"""<span style=""""box-shadow: inset -2px 2px 0 0px #FF6633;"""">カ</span><span style=""""box-shadow: inset 0px -2px 0 0px #FF6633;"""">ク</span> <span class=""""pitch_number"""">1</span>"""
1766233113415	1775147485	Doki Doki1-3 male_voice newVersion	送る	 送[おく]る	おくる	okuru	wysyłać, posyłać	メールを 送[おく]ります。	Wysyłam maila.	おくります	おくりません	Też „odprowadzać” (np. kogoś na stację)			[sound:hypertts-e16ee2b6bfea3e83495dfe5da8a9008d107b2242aba78d478a85eef6.mp3]	[sound:hypertts-9d05c7aecbc662fa41f2cf6676caecd4b5f00e95b7439a97ef937639.mp3]	[sound:送る_オクル━_0_NHK-2016.mp3]	おくる	メールをおくります。	"""<span style=""""box-shadow: inset -2px -2px 0 0 #FF6633;"""">オ</span><span style=""""box-shadow: inset 0px 2px 0 0px #FF6633;"""">クル</span> <span class=""""pitch_number"""">0</span>"""
1766233113416	1775147485	Doki Doki1-3 male_voice newVersion	働く	 働[はたら]く	はたらく	hataraku	pracować	 会社[かいしゃ]で 働[はたら]きます。	Pracuję w firmie.	はたらきます	はたらきません	Nieprzechodni			[sound:hypertts-1e74dd0710435b4b2faa9f51cc44b770bc8fd96d46692593b5ab9fd8.mp3]	[sound:hypertts-23072ccc8b9532389e1d72f978982ec06bf423cb335e4b197397dfcf.mp3]	[sound:働く_ハタラク━_0_NHK-2016.mp3]	はたらく	かいしゃではたらきます。	"""<span style=""""box-shadow: inset -2px -2px 0 0 #FF6633;"""">ハ</span><span style=""""box-shadow: inset 0px 2px 0 0px #FF6633;"""">タラク</span> <span class=""""pitch_number"""">0</span>"""
1766233113417	1775147485	Doki Doki1-3 male_voice newVersion	ダンスする	ダンスする	ダンスする	dansu suru	tańczyć (zapożyczone)	 毎日[まいにち]ダンスします。	Codziennie tańczę.	ダンスします	ダンスしません	Czasownik z する (typ „suru‑verb”)			[sound:hypertts-2d57c15ffd079e5d00975cad47855e0c454421def22a59434c37a151.mp3]	[sound:hypertts-2d00e1e3c956d0bfcef3f445233ab1c9fcec47e2573f2931fca207a9.mp3]		ダンスする	まいにちダンスします。	"""<span style=""""box-shadow: inset -2px 2px 0 0px #FF6633;"""">ダ</span><span style=""""box-shadow: inset 0px -2px 0 0px #FF6633;"""">ンススル</span> <span class=""""pitch_number"""">1</span>"""
1766233113418	1775147485	Doki Doki1-3 male_voice newVersion	一つ	 一[ひと]つ	ひとつ	hitotsu	jedna sztuka	りんごを 一[ひと]つ 食[た]べました。	Zjadłem jedno jabłko.			Liczenie małych/nieokreślonych rzeczy		 一つ	[sound:hypertts-ec295d38f495ea578219216b7a36f3a9fc415d74fa7c27be6c389c3f.mp3]	[sound:hypertts-73a2b2366727862463764b6bbf2739618647ca251515da1010a96e4c.mp3]	[sound:一つ_ヒト＼ツ_2_NHK-2016.mp3]	ひとつ	りんごをひとつたべました。	"""<span style=""""box-shadow: inset -2px -2px 0 0 #FF6633;""""><span style=""""color: royalblue;"""">ヒ</span></span><span style=""""box-shadow: inset -2px 2px 0 0px #FF6633;"""">ト</span><span style=""""box-shadow: inset 0px -2px 0 0px #FF6633;"""">ツ</span> <span class=""""pitch_number"""">2</span>"""
1766233113419	1775147485	Doki Doki1-3 male_voice newVersion	二つ	 二[ふた]つ	ふたつ	futatsu	dwie sztuki	ケーキを 二[ふた]つ 買[か]いました。	Kupiłem dwa kawałki ciasta.	ふたつあります	ふたつありません	Jak wyżej		 二つ	[sound:hypertts-76a6ab968b1e8cf2e6c4dad76ba7784059e8df3b7de7158d1c35f494.mp3]	[sound:hypertts-dc177a008d8dd876dd35aa86ff494227a3d81d09fd3808aa8935c22b.mp3]	[sound:二つ_フタツ━_0_NHK-2016.mp3] [sound:二つ_フタツ＼_3_NHK-2016.mp3]	ふたつ	ケーキをふたつかいました。	"""<span style=""""box-shadow: inset -2px -2px 0 0 #FF6633;""""><span style=""""color: royalblue;"""">フ</span></span><span style=""""box-shadow: inset 0px 2px 0 0px #FF6633;"""">タツ</span> <span class=""""pitch_number"""">0</span>, <span style=""""box-shadow: inset -2px -2px 0 0 #FF6633;""""><span style=""""color: royalblue;"""">フ</span></span><span style=""""box-shadow: inset -2px 2px 0 0px #FF6633;"""">タツ</span> <span class=""""pitch_number"""">3</span>"""
1766233113420	1775147485	Doki Doki1-3 male_voice newVersion	三つ	 三[みっ]つ	みっつ	mittsu	trzy sztuki	ペンを 三[みっ]つ 買[か]いました。	Kupiłem trzy długopisy.		三つ			 三つ	[sound:hypertts-09dcdeca576313750ad9ae9df4caf3f3fa1ec5cb74237e4eafaf3a25.mp3]	[sound:hypertts-1c4328206f9c766865bcd6cdd6878ad51ff758d76e2f89025123f963.mp3]	[sound:三つ_ミッツ━_0_NHK-2016.mp3] [sound:三つ_ミッツ＼_3_NHK-2016.mp3]	みっつ	ペンをみっつかいました。	"""<span style=""""box-shadow: inset -2px -2px 0 0 #FF6633;"""">ミ</span><span style=""""box-shadow: inset 0px 2px 0 0px #FF6633;"""">ッツ</span> <span class=""""pitch_number"""">0</span>, <span style=""""box-shadow: inset -2px -2px 0 0 #FF6633;"""">ミ</span><span style=""""box-shadow: inset -2px 2px 0 0px #FF6633;"""">ッツ</span> <span class=""""pitch_number"""">3</span>"""
1766233113421	1775147485	Doki Doki1-3 male_voice newVersion	四つ	 四[よっ]つ	よっつ	yottsu	cztery sztuki	コップを 四[よっ]つ 買[か]いました。	Kupiłem cztery kubki。		四つ			 四つ	[sound:hypertts-ff8fb73c8b2a1c732386c6e0ddf5851bdff2364e8dca3ab0e23817ed.mp3]	[sound:hypertts-3e406004635a3ea4ca2fe7eea1e29f0a8e0d488e4abaea3164d7c7af.mp3]	[sound:四つ_ヨッツ━_0_NHK-2016.mp3] [sound:四つ_ヨッツ＼_3_NHK-2016.mp3]	よっつ	コップをよっつかいました。	"""<span style=""""box-shadow: inset -2px -2px 0 0 #FF6633;"""">ヨ</span><span style=""""box-shadow: inset 0px 2px 0 0px #FF6633;"""">ッツ</span> <span class=""""pitch_number"""">0</span>, <span style=""""box-shadow: inset -2px -2px 0 0 #FF6633;"""">ヨ</span><span style=""""box-shadow: inset -2px 2px 0 0px #FF6633;"""">ッツ</span> <span class=""""pitch_number"""">3</span>"""
1766233113422	1775147485	Doki Doki1-3 male_voice newVersion	五つ	 五[いつ]つ	いつつ	itsutsu	pięć sztuk	ボールを 五[いつ]つ 買[か]いました。	Kupiłem pięć piłek。					 五つ	[sound:hypertts-21dfa01668522cb1b3d01f6cff55d70d39c9b49ab73de57e25b20db9.mp3]	[sound:hypertts-7c2b00e8535823e9edfd173ac9c42c684b934a6415ed364e90a0073c.mp3]	[sound:五つ_イツ＼ツ_2_NHK-2016.mp3]	いつつ	ボールをいつつかいました。	"""<span style=""""box-shadow: inset -2px -2px 0 0 #FF6633;"""">イ</span><span style=""""box-shadow: inset -2px 2px 0 0px #FF6633;"""">ツ</span><span style=""""box-shadow: inset 0px -2px 0 0px #FF6633;"""">ツ</span> <span class=""""pitch_number"""">2</span>"""
1766233113423	1775147485	Doki Doki1-3 male_voice newVersion	六つ	 六[むっ]つ	むっつ	muttsu	sześć sztuk	ナイフを 六[むっ]つ 買[か]いました。	Kupiłem sześć noży。		六つ			 六つ	[sound:hypertts-4994c2133201365afecb8ffd5e90518ff5b85171c4a4e7e23b83fdb4.mp3]	[sound:hypertts-00859ff929a528f97745a6e3d2b7f6c48c1b3869f9d9e2ef4d485c7c.mp3]	[sound:六つ_ムッツ━_0_NHK-2016.mp3] [sound:六つ_ムッツ＼_3_NHK-2016.mp3]	むっつ	ナイフをむっつかいました。	"""<span style=""""box-shadow: inset -2px -2px 0 0 #FF6633;"""">ム</span><span style=""""box-shadow: inset 0px 2px 0 0px #FF6633;"""">ッツ</span> <span class=""""pitch_number"""">0</span>, <span style=""""box-shadow: inset -2px -2px 0 0 #FF6633;"""">ム</span><span style=""""box-shadow: inset -2px 2px 0 0px #FF6633;"""">ッツ</span> <span class=""""pitch_number"""">3</span>"""
1766233113424	1775147485	Doki Doki1-3 male_voice newVersion	七つ	 七[なな]つ	ななつ	nanatsu	siedem sztuk	 本[ほん]を 七[なな]つ 買[か]いました。	Kupiłem siedem książek。		七つ			 七つ	[sound:hypertts-3b6742a014b9f02cc17d71c81302f90567e08ab2723adcca69bf63fd.mp3]	[sound:hypertts-a2cdd3b59ea20bc4d3abc4fe608fc892839fa2d260a4a7424ad299f4.mp3]	[sound:七つ_ナナ＼ツ_2_NHK-2016.mp3]	ななつ	ほんをななつかいました。	"""<span style=""""box-shadow: inset -2px -2px 0 0 #FF6633;"""">ナ</span><span style=""""box-shadow: inset -2px 2px 0 0px #FF6633;"""">ナ</span><span style=""""box-shadow: inset 0px -2px 0 0px #FF6633;"""">ツ</span> <span class=""""pitch_number"""">2</span>"""
1766233113425	1786795018	Doki Doki1-3 leech male_voice newVersion	八つ	 八[やっ]つ	やっつ	yattsu	osiem sztuk	まんがを 八[やっ]つ 買[か]いました。	Kupiłem osiem mang。		八つ			 八つ	[sound:hypertts-734f404491f14b776d22b1e9661609338fa546213ac87a38dee9cbf1.mp3]	[sound:hypertts-aa0e765e5d309564a1cdbe796d3da2e95993d90f08b04f7f2b267602.mp3]	[sound:八つ_ヤッツ━_0_NHK-2016.mp3] [sound:八つ_ヤッツ＼_3_NHK-2016.mp3]	やっつ	まんがをやっつかいました。	"""<span style=""""box-shadow: inset -2px -2px 0 0 #FF6633;"""">ヤ</span><span style=""""box-shadow: inset 0px 2px 0 0px #FF6633;"""">ッツ</span> <span class=""""pitch_number"""">0</span>, <span style=""""box-shadow: inset -2px -2px 0 0 #FF6633;"""">ヤ</span><span style=""""box-shadow: inset -2px 2px 0 0px #FF6633;"""">ッツ</span> <span class=""""pitch_number"""">3</span>"""
1766233113426	1775147485	Doki Doki1-3 female_voice newVersion	九つ	 九[ここの]つ	ここのつ	kokonotsu	dziewięć sztuk	クッキーを 九[ここの]つ 食[た]べました。	Zjadłem dziewięć ciastek。		九つ			 九つ	[sound:hypertts-14a30f8926fb1cf4f9ae34218dd5489338c1140d2d7029250bf10683.mp3]	[sound:hypertts-4b5d1f81f23e5d38f93eae136d3a6bcf5a3148226cd947e54f16e215.mp3]	[sound:九つ_ココ＼ノツ_2_NHK-2016.mp3]	ここのつ	クッキーをここのつたべました。	"""<span style=""""box-shadow: inset -2px -2px 0 0 #FF6633;"""">コ</span><span style=""""box-shadow: inset -2px 2px 0 0px #FF6633;"""">コ</span><span style=""""box-shadow: inset 0px -2px 0 0px #FF6633;"""">ノツ</span> <span class=""""pitch_number"""">2</span>"""
1766233113427	1775147485	Doki Doki1-3 female_voice newVersion	十[とお]	 十[とお]	とお	too	dziesięć sztuk	みかんを 十[とお] 買[か]いました。	Kupiłem dziesięć mandarynek。		十			十[とお]	[sound:hypertts-fec9c760951bfb56746333160ea8d8ef816a75dd4e88902a07c42f9f.mp3]	[sound:hypertts-c88075d6a4dd173d43e01426643d5de65c21855e88cfc28f8c47f82c.mp3]	[sound:十_トー━_0_NHK-2016.mp3]	とお	みかんをとおかいました。	
1766233113428	1782852039	Doki Doki1-3 female_voice newVersion	椅子	椅[い] 子[す]	いす	isu	krzesło	 椅子[いす]に 座[すわ]ります。	Siadam na krześle。		椅子				[sound:hypertts-e8353d389ca048ed73b4307c267ff77efc82203b9bda0f2d7f8be894.mp3]	[sound:hypertts-daa509f0dc7a52362014408e145786cb26ee0e32a972e02850b48aa9.mp3]	[sound:椅子_イス━_0_NHK-1998.mp3]	いす	いすにすわります。	"""<span style=""""box-shadow: inset -2px -2px 0 0 #FF6633;"""">イ</span><span style=""""box-shadow: inset 0px 2px 0 0px #FF6633;"""">ス</span> <span class=""""pitch_number"""">0</span>"""
1766233113429	1775147485	Doki Doki1-3 female_voice newVersion	棚	 棚[たな]	たな	tana	półka	 棚[たな]に 本[ほん]が 多[おお]いです。	Na półce jest dużo książek。		棚				[sound:hypertts-388faf2cab2d1da38c90112633a49a4ce8881053829b31dbd25280ab.mp3]	[sound:hypertts-c0a7bf935455f360d19191594cbbb816ac4dd39d980743336c8fe542.mp3]	[sound:棚_タナ━_0_NHK-2016.mp3]	たな	たなにほんがおおいです。	"""<span style=""""box-shadow: inset -2px -2px 0 0 #FF6633;"""">タ</span><span style=""""box-shadow: inset 0px 2px 0 0px #FF6633;"""">ナ</span> <span class=""""pitch_number"""">0</span>"""
1766233113430	1775147485	Doki Doki1-3 female_voice newVersion	ベッド	ベッド	ベッド	beddo	łóżko	ベッドで 寝[ね]ます。	Śpię w łóżku。						[sound:hypertts-58944cb9e8029903a5a7cdc175c8dc5d0985acbdd93684c092dd530c.mp3]	[sound:hypertts-4804aa14541fb7cd83721b90ef91077694a07122f19059e921661f19.mp3]	[sound:ベッド_ベ＼ッド_1_NHK-2016.mp3]	ベッド	ベッドでねます。	"""<span style=""""box-shadow: inset -2px 2px 0 0px #FF6633;"""">ベ</span><span style=""""box-shadow: inset 0px -2px 0 0px #FF6633;"""">ッド</span> <span class=""""pitch_number"""">1</span>"""
1766233113431	1775147485	Doki Doki1-3 female_voice newVersion	ソファー	ソファー	ソファー	sofaa	kanapa	ソファーに 座[すわ]ってテレビを 見[み]ます。	Siedzę na kanapie i oglądam telewizję。						[sound:hypertts-84aa52c172269c31f5743e4c27250b2fa0e04c7ada90ed73ced6afc9.mp3]	[sound:hypertts-c8d810fb95042f4c22f4b6f7cc77843a47323717e25de1bf0604a23a.mp3]	[sound:ソファー_ソ＼ファー_1_NHK-2016.mp3]	ソファー	ソファーにすわってテレビをみます。	"""<span style=""""box-shadow: inset -2px 2px 0 0px #FF6633;"""">ソ</span><span style=""""box-shadow: inset 0px -2px 0 0px #FF6633;"""">ファー</span> <span class=""""pitch_number"""">1</span>"""
1766233113432	1775147485	Doki Doki1-3 female_voice leech newVersion	テーブル	テーブル	テーブル	teeburu	stół	テーブルの 上[うえ]にお 皿[さら]にがあります。	Na stole są talerze。						[sound:hypertts-c89bd6ffbed0f99ed7aa71e94f12a4aed01a43490a5eff4e5d67a7d8.mp3]	[sound:hypertts-04fc0f03975f5e096fc0a25ed8611e3676fe8c286dbbc27a341bdb12.mp3]	[sound:テーブル_テーブル━_0_NHK-2016.mp3]	テーブル	テーブルのうえにおさらにがあります。	"""<span style=""""box-shadow: inset -2px -2px 0 0 #FF6633;"""">テ</span><span style=""""box-shadow: inset 0px 2px 0 0px #FF6633;"""">ーブル</span> <span class=""""pitch_number"""">0</span>"""
1766233113433	1775147485	Doki Doki1-3 female_voice newVersion	ドア	ドア	ドア	doa	drzwi	ドアを 閉[し]めてください。	Zamknij drzwi, proszę。						[sound:hypertts-4e0203e9f02afc2d2badb5f5165798f47b05f850d9531ab3e12af3f3.mp3]	[sound:hypertts-ad3421ef8b1b30ecf8f7801e10f664c66f33577e27b8b3d61d5c5c64.mp3]	[sound:ドア_ド＼ア_1_NHK-2016.mp3]	ドア	ドアをしめてください。	"""<span style=""""box-shadow: inset -2px 2px 0 0px #FF6633;"""">ド</span><span style=""""box-shadow: inset 0px -2px 0 0px #FF6633;"""">ア</span> <span class=""""pitch_number"""">1</span>"""
1766233113434	1775147485	Doki Doki1-3 female_voice newVersion	ランプ	ランプ	ランプ	ranpu	lampa	ランプを 点[つ]けます。	Włączam lampę。						[sound:hypertts-23e63966754b10108ce93124f17c74c0f98182a40f823cf046eb5998.mp3]	[sound:hypertts-fd529b050aaa13fc542e4214b591b3ce6485b8064baa08a1d3cd6a48.mp3]	[sound:ランプ_ラ＼ンプ_1_NHK-2016.mp3]	ランプ	ランプをつけます。	"""<span style=""""box-shadow: inset -2px 2px 0 0px #FF6633;"""">ラ</span><span style=""""box-shadow: inset 0px -2px 0 0px #FF6633;"""">ンプ</span> <span class=""""pitch_number"""">1</span>"""
1766233113435	1791205492	Doki Doki1-3 female_voice newVersion	カーテン	カーテン	カーテン	kaaten	zasłonki, zasłona	カーテンを 閉[し]めます。	Zasłaniam zasłony。						[sound:hypertts-b0acc3f9771a9658016e7df78924c1e95272c35bbee4cdd09e4a6825.mp3]	[sound:hypertts-2e5d022fff630d13a344f0ede4bdbffb6947e9b862357ce867b76126.mp3]	[sound:カーテン_カ＼ーテン_1_NHK-2016.mp3]	カーテン	カーテンをしめます。	"""<span style=""""box-shadow: inset -2px 2px 0 0px #FF6633;"""">カ</span><span style=""""box-shadow: inset 0px -2px 0 0px #FF6633;"""">ーテン</span> <span class=""""pitch_number"""">1</span>"""
1766233113436	1788614949	Doki Doki1-3 female_voice leech newVersion	床	 床[ゆか]	ゆか	yuka	podłoga	 床[ゆか]に 鞄[かばん]を 置[お]きます。	Kładę torbę na podłodze。		床				[sound:hypertts-c92230ee1514e972e0c0ee494e66f03957cb0b7009e42c2e00629c38.mp3]	[sound:hypertts-1ae73289dd74cd799267698505dbe3928c3bbbe1e92c78deac75ae5b.mp3]	[sound:床_ユカ━_0_NHK-2016.mp3]	ゆか	ゆかにかばんをおきます。	"""<span style=""""box-shadow: inset -2px -2px 0 0 #FF6633;"""">ユ</span><span style=""""box-shadow: inset 0px 2px 0 0px #FF6633;"""">カ</span> <span class=""""pitch_number"""">0</span>"""
1766948990593	1782884923	Doki Doki1-3 male_voice newVersion	勿論	勿[もち] 論[ろん]	もちろん	mochiron	oczywiście	 勿論[もちろん]、いいですよ。	Oczywiście, nie ma problemu.			Przysłówek, często na początku zdania, wyraża silną aprobatę lub pewność.			[sound:hypertts-10e7b03b7ec118da64ee54366bd87325464fb8f4052fb98f0ac8a779.mp3]	[sound:hypertts-5dad6074bbaad4777d6717bd4fdd3cdb431cf05ed379ef09a4901728.mp3]	[sound:勿論_モチ＼ロン_2_NHK-2016.mp3]	もちろん	もちろん、いいですよ。	"""<span style=""""box-shadow: inset -2px -2px 0 0 #FF6633;"""">モ</span><span style=""""box-shadow: inset -2px 2px 0 0px #FF6633;"""">チ</span><span style=""""box-shadow: inset 0px -2px 0 0px #FF6633;"""">ロン</span> <span class=""""pitch_number"""">2</span>"""
1766948990594	1775147485	Doki Doki1-3 male_voice newVersion	ちょっと	 ちょっと	ちょっと	chotto	trochę / chwila	ちょっと 待[ま]ってください。	Proszę chwilę zaczekać.			Bardzo wszechstronne słowo: &quot;mało&quot;, &quot;chwilka&quot;, albo do łagodzenia odmowy.			[sound:hypertts-08d148a01e279f62c1684d1d9c49858717bc1e584bec2834bb3952b1.mp3]	[sound:hypertts-2e15d88bdc8d37fb3ff8f084762df9df1ed3545b4ae89aeab7e58efd.mp3]	[sound:ちょっと_チョット━_0_NHK-2016.mp3] [sound:ちょっと_チョ＼ット_1_NHK-2016.mp3] [sound:ちょっと_チョット＼_3_NHK-2016.mp3]	ちょっと	ちょっとまってください。	"""<span style=""""box-shadow: inset -2px -2px 0 0 #FF6633;"""">チョ</span><span style=""""box-shadow: inset 0px 2px 0 0px #FF6633;"""">ット</span> <span class=""""pitch_number"""">0</span>, <span style=""""box-shadow: inset -2px 2px 0 0px #FF6633;"""">チョ</span><span style=""""box-shadow: inset 0px -2px 0 0px #FF6633;"""">ット</span> <span class=""""pitch_number"""">1</span>, <span style=""""box-shadow: inset -2px -2px 0 0 #FF6633;"""">チョ</span><span style=""""box-shadow: inset -2px 2px 0 0px #FF6633;"""">ット</span> <span class=""""pitch_number"""">3</span>"""
1766948990595	1775147485	Doki Doki1-3 male_voice newVersion	でも	でも	でも	demo	ale (na początku zdania)	 頭[あたま]がいいです。でも、 不真面目[ふまじめ]です。	Jest bystry, ale niesolidny.			Spójnik na początku zdania (w przeciwieństwie do が w środku).			[sound:hypertts-b10e2b3a5c190fabb3113d4e1e00f4e7e3aab47e6fe403febb7a86ed.mp3]	[sound:hypertts-f0c46a7c1c7c7c2aea87a49e40935e444fd966aea215f998e9301e11.mp3]	[sound:デモ_デ＼モ_1_NHK-2016.mp3]	でも	あたまがいいです。でも、ふまじめです。	"""<span style=""""box-shadow: inset -2px 2px 0 0px #FF6633;"""">デ</span><span style=""""box-shadow: inset 0px -2px 0 0px #FF6633;"""">モ</span> <span class=""""pitch_number"""">1</span>"""
1766948990596	1775147485	Doki Doki1-3 male_voice newVersion	どうですか	どうですか	どうですか	dou desu ka	co (o tym) myślisz?	この 映画[えいが]はどうですか。	Co sądzisz o tym filmie?			Służy do pytania o opinię lub proponowania czegoś.			[sound:hypertts-ff734f90c70f3133668b78cd5f73e9bca063f072e90122abdf35d50e.mp3]	[sound:hypertts-7894a8a2b6cc3fcb36ea2b9f425202d179900879c1086e7d8deedac7.mp3]		どうですか	このえいがはどうですか。	
1766948990597	1775147485	Doki Doki1-3 male_voice newVersion	久しぶり	 久[ひさ]しぶり	ひさしぶり	hisashiburi	dawno (się nie widzieliśmy)	 久[ひさ]しぶりですね。 元気[げんき]ですか。	Dawno się nie widzieliśmy. Jak się masz?			Często używane jako powitanie po długim czasie.			[sound:hypertts-7bc3d832a28097385c2e7b586789cad407593b5070cfd274c901ae5c.mp3]	[sound:hypertts-2bcaf8c0d92e1cb7a47abbc995b907fa9ce90bea39760d31960243a9.mp3]	[sound:久しぶり_ヒサシブリ━_0_NHK-2016.mp3] [sound:久しぶり_ヒサシブリ＼_5_NHK-2016.mp3]	ひさしぶり	ひさしぶりですね。げんきですか。	"""<span style=""""box-shadow: inset -2px -2px 0 0 #FF6633;""""><span style=""""color: royalblue;"""">ヒ</span></span><span style=""""box-shadow: inset 0px 2px 0 0px #FF6633;"""">サシブリ</span> <span class=""""pitch_number"""">0</span>, <span style=""""box-shadow: inset -2px -2px 0 0 #FF6633;""""><span style=""""color: royalblue;"""">ヒ</span></span><span style=""""box-shadow: inset -2px 2px 0 0px #FF6633;"""">サシブリ</span> <span class=""""pitch_number"""">5</span>"""
1766948990598	1785063453	Doki Doki1-3 leech male_voice newVersion	作文	作[さく] 文[ぶん]	さくぶん	sakubun	wypracowanie / esej	 日本語[にほんご]の 作文[さくぶん]を 書[か]きました。	Napisałem wypracowanie po japońsku.			Zadanie szkolne polegające na pisaniu tekstu.			[sound:hypertts-9d00244b2a173da11f395e17464e6b63ff73a59375dcac490217d93c.mp3]	[sound:hypertts-8e88b080cfb91f2ddc29fbc4f090c95a7643da1f0e29236b05c5063e.mp3]	[sound:作文_サクブン━_0_NHK-2016.mp3]	さくぶん	にほんごのさくぶんをかきました。	"""<span style=""""box-shadow: inset -2px -2px 0 0 #FF6633;"""">サ</span><span style=""""box-shadow: inset 0px 2px 0 0px #FF6633;"""">クブン</span> <span class=""""pitch_number"""">0</span>"""
1766948990599	1775147485	Doki Doki1-3 male_voice newVersion	お願いします	お 願[ねが]いします	おねがいします	onegaishimasu	poproszę	 水[みず]をお 願[ねが]いします。	Poproszę wodę.			Bardzo uprzejma prośba, częstsza w usługach/restauracji niż samo ください.			[sound:hypertts-c907023dcca2b998fcef3981c52f9ab3be789fbf1fd29074d3a869f5.mp3]	[sound:hypertts-c7f2842451e67f1342c9ea2fb38309cd9ac4f97d212169bb683cd269.mp3]	[sound:お願いします_オネガイシマス_TAAS.mp3]	おねがいします	みずをおねがいします。	
1766948990600	1775147485	Doki Doki1-3 male_voice newVersion	いっぱい	いっぱい	いっぱい	ippai	dużo / pełno	お 腹[なか]がいっぱいです。	Jestem pełny (najedzony).	 też jako licznik &quot;jedna szklanka&quot;.		Może znaczyć &quot;pełny&quot; lub &quot;wiele&quot;			[sound:hypertts-476528c4d9cfbf5d0275f1069e302ac56dc71345441e7e7dbde3b4c4.mp3]	[sound:hypertts-bc8eb27f14c91d8d4e4d2ca31d83da6bcad59d3ee9dbe8caa9399be5.mp3]	[sound:いっぱい_イッパイ━_0_NHK-2016.mp3] [sound:イッパイ_イッパイ━_0_NHK-2016.mp3] [sound:いっぱい_イ＼ッパイ_1_NHK-2016.mp3] [sound:イッパイ_イ＼ッパイ_1_NHK-2016.mp3]	いっぱい	おなかがいっぱいです。	"""<span style=""""box-shadow: inset -2px -2px 0 0 #FF6633;"""">イ</span><span style=""""box-shadow: inset 0px 2px 0 0px #FF6633;"""">ッパイ</span> <span class=""""pitch_number"""">0</span>, <span style=""""box-shadow: inset -2px 2px 0 0px #FF6633;"""">イ</span><span style=""""box-shadow: inset 0px -2px 0 0px #FF6633;"""">ッパイ</span> <span class=""""pitch_number"""">1</span>"""
1766948990601	1782852039	Doki Doki1-3 male_voice newVersion	会社	会[かい] 社[しゃ]	かいしゃ	kaisha	firma	 会社[かいしゃ]へ 行[い]きます。	Idę do firmy (pracy).			Miejsce pracy biurowej.			[sound:hypertts-18ddbed8b97eb655ba58f63e03c095522717fe564d8456e1c68f79a8.mp3]	[sound:hypertts-007b33ae3efdb78f624d5ff31a64332605a414a44eca0f091629ed2e.mp3]	[sound:会社_カイシャ━_0_NHK-2016.mp3]	かいしゃ	かいしゃへいきます。	"""<span style=""""box-shadow: inset -2px -2px 0 0 #FF6633;"""">カ</span><span style=""""box-shadow: inset 0px 2px 0 0px #FF6633;"""">イシャ</span> <span class=""""pitch_number"""">0</span>"""
1766948990602	1791202866	Doki Doki1-3 male_voice newVersion	お客さん	お 客[きゃく]さん	おきゃくさん	okyakusan	gość / klient	お 客[きゃく]さんが 来[き]ました。	Przyszedł klient / gość.			rzeczownik. Grzeczne określenie gościa lub klienta.			[sound:hypertts-d480cd6d4a1a85e75d988f9c7cab29fa9394990c80bafa9116bd3ce8.mp3]	[sound:hypertts-91ae60761f8c854fbdaa1436e801db6f6541f21bf4dadf516fb14cc1.mp3]	[sound:お客さん_オキャクサン━_0_NHK-2016.mp3]	おきゃくさん	おきゃくさんがきました。	"""<span style=""""box-shadow: inset -2px -2px 0 0 #FF6633;"""">オ</span><span style=""""box-shadow: inset 0px 2px 0 0px #FF6633;"""">キャ<span style=""""color: royalblue;"""">ク</span>サン</span> <span class=""""pitch_number"""">0</span>"""
1766948990603	1775147485	Doki Doki1-3 male_voice newVersion	～時	～ 時[とき]	～とき	~ toki	kiedy / podczas	 子[こ]どもの 時[とき]、よく 遊[あそ]びました。	Kiedy byłem dzieckiem, często się bawiłem.	 łączy się przez の (rzeczowniki) lub formę prostą (czasowniki).		Rzeczownik czasu		～時	[sound:hypertts-fb04bb3c61791dfbead0afafbaa7f63cf0bc570b6071b9b7886a0e70.mp3]	[sound:hypertts-1569ee827290eb8070cebf774aff16faebef428839b0c7baf6a24a77.mp3]	[sound:時_トキ＼_2_NHK-2016.mp3] [sound:時_トキ＼オ_2_NHK-2016.mp3]	～とき	こどものとき、よくあそびました。	"""<span style=""""box-shadow: inset -2px 2px 0 0px #FF6633;"""">ジ</span> <span class=""""pitch_number"""">1</span>, <span style=""""box-shadow: inset -2px -2px 0 0 #FF6633;"""">ト</span><span style=""""box-shadow: inset -2px 2px 0 0px #FF6633;"""">キ</span> <span class=""""pitch_number"""">2</span>"""
1766948990604	1775147485	Doki Doki1-3 male_voice newVersion	そうですね	そうですね	そうですね	sou desu ne	co nie? / tak jak mówisz	 今日[きょう]は 暑[あつ]いですね。…そうですね。	Dziś jest gorąco, prawda? …No, faktycznie.			Służy do podtrzymania rozmowy, zgadzania się lub wypełniania ciszy przy myśleniu.			[sound:hypertts-d3c02d71b9b9fd6ac3f34441193a7946c4f9461d752b3796d2876418.mp3]	[sound:hypertts-f26cb75d5a3cb95ef8f59ed389b51047867bb52049082ae3106cff30.mp3]	[sound:そうですね_ソウデスネ_JapanesePod101.mp3]	そうですね	きょうはあついですね。…そうですね。	
1766950362844	1782852039	Doki Doki1-3 female_voice newVersion	時間	時[じ] 間[かん]	じかん	jikan	czas	 時間[じかん]がありません。	Nie mam czasu.			Oznacza czas jako zasób lub okres trwania.		 時間	[sound:hypertts-da69e87ae661c95a60fef0915a4f86d65a83571dca26b2203c37ceb0.mp3]	[sound:hypertts-fb0ba8eb81d1cf01796d07a0a4514f311654ed7f52001a95a33482e3.mp3]	[sound:時間_ジカン━_0_NHK-2016.mp3]	じかん	じかんがありません。	"""<span style=""""box-shadow: inset -2px -2px 0 0 #FF6633;"""">ジ</span><span style=""""box-shadow: inset 0px 2px 0 0px #FF6633;"""">カン</span> <span class=""""pitch_number"""">0</span>"""
1766950362845	1782852039	Doki Doki1-3 female_voice newVersion	方向	方[ほう] 向[こう]	ほうこう	houkou	kierunek / strona	 正[ただ]しい 方向[ほうこう]へ 行[い]きます。	Idę we właściwym kierunku.			Zwykle bardziej &quot;kierunek&quot; (fizyczny lub metaforyczny) niż &quot;lokalizacja&quot;.			[sound:hypertts-b66ccbac503a2b702289d90a7c3d8540334cc340c7c318a6f4688c4e.mp3]	[sound:hypertts-f527256116b2a2fa627bda356ab87ae90b64f356d4088ddbefacb6e8.mp3]	[sound:方向_ホーコー━_0_NHK-2016.mp3]	ほうこう	ただしいほうこうへいきます。	"""<span style=""""box-shadow: inset -2px -2px 0 0 #FF6633;"""">ホ</span><span style=""""box-shadow: inset 0px 2px 0 0px #FF6633;"""">ーコー</span> <span class=""""pitch_number"""">0</span>"""
1766950362846	1782852039	Doki Doki1-3 female_voice newVersion	曜日	曜[よう] 日[び]	ようび	youbi	dzień tygodnia	 今日[きょう]の 曜日[ようび]は 何[なん]ですか。	Jaki jest dzisiaj dzień tygodnia?			Sufiks używany w nazwach dni (げつようび itd.) lub jako samodzielne słowo.		曜日	[sound:hypertts-fb089bb471be72e35444c0fc1a514d38753e3576ee4bea6b284fd4c2.mp3]	[sound:hypertts-7b75593c6b65a6f9b625ce732d801a91c5ce5c3566f76cd4f79c2e0b.mp3]	[sound:曜日_ヨービ━_0_NHK-2016.mp3]	ようび	きょうのようびはなんですか。	"""<span style=""""box-shadow: inset -2px -2px 0 0 #FF6633;"""">ヨ</span><span style=""""box-shadow: inset 0px 2px 0 0px #FF6633;"""">ービ</span> <span class=""""pitch_number"""">0</span>"""
1767437498923	1781611033	Doki Doki1-3 female_voice newVersion	みかん	 みかん	みかん	mikan	mandarynka	こたつでみかんを 食[た]べます。	Jem mandarynki przy kotatsu.			Popularny japoński owoc zimowy.			[sound:hypertts-d7db160fc1b1ba4364d6bf72391c6b447297cc85f486463cefa2a869.mp3]	[sound:hypertts-0af47caf291d99688a5f9d847e1241c955901144acb3a8a9ea912a8e.mp3]	[sound:みかん_ミカン━_0_NHK-2016.mp3] [sound:みかん_ミ＼カン_1_NHK-2016.mp3]	みかん	こたつでみかんをたべます。	"""<span style=""""box-shadow: inset -2px -2px 0 0 #FF6633;"""">ミ</span><span style=""""box-shadow: inset 0px 2px 0 0px #FF6633;"""">カン</span> <span class=""""pitch_number"""">0</span>, <span style=""""box-shadow: inset -2px 2px 0 0px #FF6633;"""">ミ</span><span style=""""box-shadow: inset 0px -2px 0 0px #FF6633;"""">カン</span> <span class=""""pitch_number"""">1</span>"""
1767437498924	1791205492	Doki Doki1-3 female_voice newVersion	じゃがいも	じゃがいも	じゃがいも	jagaimo	ziemniak	カレーにじゃがいもを 入[い]れます。	Dodaję ziemniaki do curry.			Warzywo korzeniowe. rzeczownik. Zwykle zapisywany hiraganą.			[sound:hypertts-3ddc8e608d9ca0520bb228b6a969e2c2df56a0617bb5ad2879f35f66.mp3]	[sound:hypertts-b11557852963199032ad6c93b5e3f785551ecb8f50d6e45f20e7096a.mp3]	[sound:じゃがいも_ジャカ゚イモ━_0_NHK-2016.mp3]	じゃがいも	カレーにじゃがいもをいれます。	"""<span style=""""box-shadow: inset -2px -2px 0 0 #FF6633;"""">ジャ</span><span style=""""box-shadow: inset 0px 2px 0 0px #FF6633;"""">ガイモ</span> <span class=""""pitch_number"""">0</span>, <span style=""""box-shadow: inset -2px -2px 0 0 #FF6633;"""">ジャ</span><span style=""""box-shadow: inset 0px 2px 0 0px #FF6633;"""">カ<span style=""""color: red;"""">°</span>イモ</span> <span class=""""pitch_number"""">0</span>"""
1767437498925	1775147485	Doki Doki1-3 female_voice newVersion	お金	お 金[かね]	おかね	okane	pieniądze	お 金[かね]が 足[た]りません。	Brakuje mi pieniędzy.			"""Słowo używane na co dzień, z przedrostkiem """"o-""""."""		お金	[sound:hypertts-505bd1ca4d8ef17d1162ab4f7ed476f7fa8a87169fbc300886b03a25.mp3]	[sound:hypertts-615e5e052345ca80edf1ce28e2295fa67cc5137ae551adc3879ebf80.mp3]	[sound:お金_オカネ━_0_NHK-2016.mp3]	おかね	おかねが足りません。	"""<span style=""""box-shadow: inset -2px -2px 0 0 #FF6633;"""">オ</span><span style=""""box-shadow: inset 0px 2px 0 0px #FF6633;"""">カネ</span> <span class=""""pitch_number"""">0</span>"""
1767437498926	1775147485	Doki Doki1-3 Doki1-4 female_voice newVersion	クラス	クラス	クラス	kurasu	klasa, zajęcia	 明日[あした]は 日本語[にほんご]のクラスがあります。	Jutro mam zajęcia z japońskiego.			zapożyczenie	明日は日本語のクラスがあります。		[sound:hypertts-ceafba1b80200d47893177d76b867811c9d88ba18af1f5d1dc1dcfdd.mp3]	[sound:hypertts-65369918f53a72e3c728c39dd7bc1fe685a4a10c688d5d0a678fc79d.mp3]	[sound:くらす_クラス━_0_NHK-2016.mp3] [sound:クラス_ク＼ラス_1_NHK-2016.mp3]	クラス	<ruby>明日<rt>あした</rt></ruby>は<ruby>日本語<rt>にほんご</rt></ruby>のクラスがあります。	"""<span style=""""box-shadow: inset -2px -2px 0 0 #FF6633;"""">ク</span><span style=""""box-shadow: inset 0px 2px 0 0px #FF6633;"""">ラス</span> <span class=""""pitch_number"""">0</span>, <span style=""""box-shadow: inset -2px 2px 0 0px #FF6633;"""">ク</span><span style=""""box-shadow: inset 0px -2px 0 0px #FF6633;"""">ラス</span> <span class=""""pitch_number"""">1</span>"""
1767437498927	1775147485	Doki Doki1-3 female_voice newVersion	暮らす	 暮[く]らす	くらす	kurasu	żyć / mieszkać	 田舎[いなか]で 静[しず]かに 暮[く]らしたいです。	Chcę spokojnie żyć na wsi.	くらします	くらしません	Czasownik &quot;prowadzić życie&quot;			[sound:hypertts-23d184a515c5c2404c8753a5b9b5ba23e331273a4b1e8f298946cf8e.mp3]	[sound:hypertts-44661829cecc2b46b6b300f0d38b678dd2fb68c8d1184c482d045a6e.mp3]	[sound:暮らす_クラス━_0_NHK-2016.mp3]	くらす	いなかでしずかにくらしたいです。	"""<span style=""""box-shadow: inset -2px -2px 0 0 #FF6633;"""">ク</span><span style=""""box-shadow: inset 0px 2px 0 0px #FF6633;"""">ラス</span> <span class=""""pitch_number"""">0</span>"""
1767441117582	1775147485	Doki Doki1-3 newVersion	とても	とても	とても	totemo	bardzo (neutralne/grzeczne)	これはとてもいいです。	To jest bardzo dobre.&nbsp;			Jest to słowo „szkolne” i neutralne. Brzmi poprawnie i bezpiecznie w każdej sytuacji, ale w luźnej rozmowie może wydawać się nieco sztywne.			[sound:hypertts-5b163f5909b26189014fd89ada0b40ee3508a12cf03092ce2bbf5f97.mp3]	[sound:hypertts-494e6db55591ce8dbd24054a07aea2e514f95072503413b485b82b57.mp3]	[sound:とても_トテモ━_0_NHK-2016.mp3]	とても	これはとてもいいです。	"""<span style=""""box-shadow: inset -2px -2px 0 0 #FF6633;"""">ト</span><span style=""""box-shadow: inset 0px 2px 0 0px #FF6633;"""">テモ</span> <span class=""""pitch_number"""">0</span>"""
1768037144038	1791209371	Doki Doki1-3 male_voice newVersion	ボール	ボール	ボール	bōru	piłka, miska	スーパーでボールを 買[か]います。	Kupuję piłkę w supermarkecie.			Słowo zapożyczone (gairaigo).&nbsp;&nbsp;W dziale kuchennym chodzi o miskę, nie o piłkę.			[sound:hypertts-62450de77ba334162a828c3337d25b6bae63c767efbce6a293c48a2e.mp3]	[sound:hypertts-86001186510d331937f8ae08a5434b4a7c47bae2325477ab2499a7bb.mp3]	[sound:ボール_ボール━_0_NHK-2016.mp3] [sound:ボール_ボ＼ール_1_NHK-2016.mp3]	ボール	スーパー で ボール を かいます。	"""<span style=""""box-shadow: inset -2px -2px 0 0 #FF6633;"""">ボ</span><span style=""""box-shadow: inset 0px 2px 0 0px #FF6633;"""">ール</span> <span class=""""pitch_number"""">0</span>, <span style=""""box-shadow: inset -2px 2px 0 0px #FF6633;"""">ボ</span><span style=""""box-shadow: inset 0px -2px 0 0px #FF6633;"""">ール</span> <span class=""""pitch_number"""">1</span>"""
1768037144039	1775147485	Doki Doki1-3 male_voice newVersion	箱	 箱[はこ]	はこ	hako	pudełko	 箱[はこ]があります。	Jest pudełko.			Rzeczownik.			[sound:hypertts-9c68e11bb1b6da259288594906562d8b30d9cccb9425be061406dd59.mp3]	[sound:hypertts-94b1b2a38800ddfe981c12955281a4d5fe1cc5fe10d972749fc80028.mp3]	[sound:箱_ハコ━_0_NHK-2016.mp3]	はこ	はこ が あります。	"""<span style=""""box-shadow: inset -2px -2px 0 0 #FF6633;"""">ハ</span><span style=""""box-shadow: inset 0px 2px 0 0px #FF6633;"""">コ</span> <span class=""""pitch_number"""">0</span>"""
1768037144040	1775147485	Doki Doki1-3 male_voice newVersion	段ボール	 段[だん]ボール	ダンボール	danbōru	pudełko kartonowe	 段[だん]ボールがあります。	Jest karton.			段ボール, corrugated cardboard (和製英語).			[sound:hypertts-89c3bd08634ad2f6073f73ed9e9b416d7fb6616d8f138d348971214c.mp3]	[sound:hypertts-2895c4d35ac457934e8b62f9c3960259139dc3829ad52955b281b805.mp3]	[sound:段ボール_ダンボ＼ール_3_NHK-2016.mp3]	ダンボール	ダンボール が あります。	"""<span style=""""box-shadow: inset -2px -2px 0 0 #FF6633;"""">ダ</span><span style=""""box-shadow: inset -2px 2px 0 0px #FF6633;"""">ンボ</span><span style=""""box-shadow: inset 0px -2px 0 0px #FF6633;"""">ール</span> <span class=""""pitch_number"""">3</span>"""
1768037144041	1777038932	Doki Doki1-3 leech male_voice newVersion	向かい側	 向[む]かい 側[がわ]	むかいがわ	mukaigawa	na przeciwko	スーパーの 向[む]かい 側[がわ]に 学校[がっこう]があります。	Naprzeciwko supermarketu jest szkoła.			Rzeczownik, strona naprzeciwko.			[sound:hypertts-c54d8bf8d4b888917cb857d3884ae5da025158f7e49448ead5a9dd87.mp3]	[sound:hypertts-97c98217ba987156a4d05d1ae7b90299ae6f0ea0dfacc208207f7557.mp3]	[sound:向かい側_ムカイカ゚ワ━_0_NHK-2016.mp3]	むかいがわ	スーパー の むかいがわ に がっこう が あります。	"""<span style=""""box-shadow: inset -2px -2px 0 0 #FF6633;"""">ム</span><span style=""""box-shadow: inset 0px 2px 0 0px #FF6633;"""">カイカ<span style=""""color: red;"""">°</span>ワ</span> <span class=""""pitch_number"""">0</span>"""
1768037144042	1775147485	Doki Doki1-3 male_voice newVersion	側[がわ]	 側[がわ]	がわ	gawa	strona	 道[みち]の 側[がわ]にスーパーがあります。	Przy drodze jest supermarket.			Rzeczownik, sufiks -gawa (side).			[sound:hypertts-b8a6d7362d99e0cb1b5f85d7e0f2c48f179c32e933b1edd2415260ba.mp3]	[sound:hypertts-c86a61e173c5a0fed8bbe11fa0d0db6547664425157bca9240509669.mp3]	[sound:側_ガワ━_0_NHK-2016.mp3]	がわ	みち の がわ に スーパー が あります。	"""<span style=""""box-shadow: inset -2px -2px 0 0 #FF6633;"""">ガ</span><span style=""""box-shadow: inset 0px 2px 0 0px #FF6633;"""">ワ</span> <span class=""""pitch_number"""">0</span>"""
1768037144043	1782852303	Doki Doki1-3 male_voice newVersion	道の右側	道[みち]の 右[みぎ] 側[がわ]	みちのみぎがわ	michi no migigawa	prawa strona drogi, po prawej stronie ulicy	スーパーは 道[みち]の 右側[みぎがわ]です。	Supermarket jest po prawej stronie drogi.			W Japonii ruch lewostronny.		道[みち]の 右 側[がわ]	[sound:hypertts-bd1688ab49dd5822ea603b4439895d325e02165211a2c1f92c005986.mp3]	[sound:hypertts-73b0f9b7fed211413a12af8a6ccaca5f5f4c8f2822c1c1efab8ee794.mp3]		みちのみぎがわ	スーパー は みち の みぎがわ です。	
1768037144044	1791358331	Doki Doki1-3 male_voice newVersion	真ん中	 真[ま]ん 中[なか]	まんなか	mannaka	w samym centrum, środek, sam środek	 学校[がっこう]は 町[まち]の 真[ま]ん 中[なか]です。	Szkoła jest w samym centrum miasta.			Rzeczownik.		真[ま]ん中	[sound:hypertts-7b7f63d2c0724a82fc117b62fb8e7d0c60b1f60fa4c128da8af4541a.mp3]	[sound:hypertts-f2913fabc36f8f2d70dfd901e35548ca26599e733958fbccdc0ad6d4.mp3]	[sound:真ん中_マンナカ━_0_NHK-2016.mp3]	まんなか	がっこう は まち の まんなか です。	"""<span style=""""box-shadow: inset -2px -2px 0 0 #FF6633;"""">マ</span><span style=""""box-shadow: inset 0px 2px 0 0px #FF6633;"""">ンナカ</span> <span class=""""pitch_number"""">0</span>"""
1768038994711	1775147485	Doki Doki1-3 female_voice newVersion	シアー	シアー	シアー	shiā	przezroczysty/sheer	この 服[ふく]はシアーです。	Te ubranie jest przezroczyste (sheer).			"""Gairaigo z ang. """"sheer"""" (transparentny)."""			[sound:hypertts-68c6c08f3228dfb4b7c4a3a21d6c2b3fd982f51ff06466b52ed41b70.mp3]	[sound:hypertts-dd421cd078de76f96fe824d25edf07cbca5421f85dfb57dabf5acb64.mp3]		シアー	この ふく は シアー です。	
1768038994712	1775147485	Doki Doki1-3 female_voice newVersion	ツアー	ツアー	ツアー	tsuā	wycieczka/tour	ツアーに 行[い]きます。	Jadę na wycieczkę (tour).			"""Gairaigo z ang. """"tour""""."""			[sound:hypertts-8d80bcf83a9f8f68fbd48ddde7cf755e9e93d90ff17957b3ae180e5d.mp3]	[sound:hypertts-7078e9a68464c678257ec6f97a3df5569556f09850226453237bbe3e.mp3]	[sound:ツアー_ツ＼アー_1_NHK-2016.mp3]	ツアー	ツアー に いきます。	"""<span style=""""box-shadow: inset -2px 2px 0 0px #FF6633;"""">ツ</span><span style=""""box-shadow: inset 0px -2px 0 0px #FF6633;"""">アー</span> <span class=""""pitch_number"""">1</span>"""
1768038994713	1783584755	Doki Doki1-3 female_voice newVersion	玉ねぎ	 玉[たま]ねぎ	たまねぎ	tamanegi	cebula	スーパーで 玉[たま]ねぎを 買[か]います。	Kupuję cebulę w supermarkecie.			Rzeczownik. Można zapisać tylko hiraganą, czasami spotykane też zapisane katakaną albo z użyciem tylko kanji:&nbsp;  玉葱 (bardzo rzadki zapis)			[sound:hypertts-1a4fa1d9a47a37af9f238f2fcf2a8a6aefaa3b10c23f45f11c4d982e.mp3]	[sound:hypertts-29577de169b80ceee45e7f4034dc22e9485228a3013af79b1ae667d2.mp3]	[sound:玉ネギ_タマネ＼キ゚_3_NHK-2016.mp3]	たまねぎ	スーパー で たまねぎ を かいます。	"""<span style=""""box-shadow: inset -2px -2px 0 0 #FF6633;"""">タ</span><span style=""""box-shadow: inset -2px 2px 0 0px #FF6633;"""">マネ</span><span style=""""box-shadow: inset 0px -2px 0 0px #FF6633;"""">ギ</span> <span class=""""pitch_number"""">3</span>"""
1768038994714	1791205492	Doki Doki1-3 female_voice newVersion	コップ	コップ	コップ	koppu	kubek, szklanka	コップで 水[みず]を 飲[の]みます。	Piję wodę ze szklanki.			"""Gairaigo z ang. """"cup/glass"""". zapożyczenie. Ogólne codzienne słowo na kubek lub szklankę bez nóżki."""			[sound:hypertts-3cde3546292ab1d552736283c66bda851ed4c7e813b2b89be88e7eb5.mp3]	[sound:hypertts-848d683c7acab08b33b70bd35371a3fb18a776872656e76457abb5ba.mp3]	[sound:コップ_コップ━_0_NHK-2016.mp3]	コップ	コップ で みず を のみます。	"""<span style=""""box-shadow: inset -2px -2px 0 0 #FF6633;"""">コ</span><span style=""""box-shadow: inset 0px 2px 0 0px #FF6633;"""">ップ</span> <span class=""""pitch_number"""">0</span>"""
1768038994715	1781545999	Doki Doki1-3 female_voice newVersion	コンサート	コンサート	コンサート	konsāto	koncert	コンサートに 行[い]きます。	Idę na koncert.			"""Gairaigo z ang. """"concert""""."""			[sound:hypertts-3e6022eb022b79e79c03e40e3235dc3f8f16f806fefbc8912b2216d8.mp3]	[sound:hypertts-efe4043e04e663bfde4ba61373bd63bd37e74cfc2239f6a4564b3628.mp3]	[sound:コンサート_コ＼ンサート_1_NHK-2016.mp3]	コンサート	コンサート に いきます。	"""<span style=""""box-shadow: inset -2px 2px 0 0px #FF6633;"""">コ</span><span style=""""box-shadow: inset 0px -2px 0 0px #FF6633;"""">ンサート</span> <span class=""""pitch_number"""">1</span>"""
1768041380635	1782884923	dni_miesiąca Doki Doki1-3 female_voice newVersion	一日	一日[ついたち]	ついたち	tsuitachi	1 dzień miesiąca	 今日[きょう]は 一月[いちがつ] 一日[ついたち]です。	Dzisiaj jest 1 stycznia.			Pierwszy każdego miesiąca.		 一日	[sound:hypertts-3671e1119a7cce5f7fedac89f2b43a32023362e201dea68c8325fd61.mp3]	[sound:hypertts-0edcf0a398394e0649b5a8585776c9a99b3f15008f159c3980d64c22.mp3]		ついたち	きょう は いちがつ ついたち です。	
1768041380636	1782884923	dni_miesiąca Doki Doki1-3 female_voice newVersion	二日	二日[ふつか]	ふつか	futsuka	2 dzień miesiąca	 今日[きょう]は 二月[にがつ] 二日[ふつか]です。	Dzisiaj jest 2 lutego.					 二日	[sound:hypertts-df150b2dd165aac33bb81a559cd1d2516df56be10faf57cf68a475b7.mp3]	[sound:hypertts-87a3ed7b4df937b6ebd4e92c07590e29a150e9e57fd94171acd5b57e.mp3]	[sound:二日_フツカ━_0_NHK-2016.mp3]	ふつか	きょう は にがつ ふつか です。	"""<span style=""""box-shadow: inset -2px -2px 0 0 #FF6633;""""><span style=""""color: royalblue;"""">フ</span></span><span style=""""box-shadow: inset 0px 2px 0 0px #FF6633;"""">ツカ</span> <span class=""""pitch_number"""">0</span>"""
1768041380637	1782884923	dni_miesiąca Doki Doki1-3 female_voice newVersion	三日	三日[みっか]	みっか	mikka	3 dzień miesiąca	 今日[きょう]は 三月[さんがつ] 三日[みっか]です。	Dzisiaj jest 3 marca.					 三日	[sound:hypertts-2979d81594d9101632904906e4e4edaa7d1009def7ffca49bcf6c0de.mp3]	[sound:hypertts-13122b955e1257428226b6aa5150f34ef3ae123db2ed2c2d2e043132.mp3]	[sound:三日_ミッカ━_0_NHK-2016.mp3]	みっか	きょう は さんがつ みっか です。	"""<span style=""""box-shadow: inset -2px -2px 0 0 #FF6633;"""">ミ</span><span style=""""box-shadow: inset 0px 2px 0 0px #FF6633;"""">ッカ</span> <span class=""""pitch_number"""">0</span>"""
1768041380638	1782884923	dni_miesiąca Doki Doki1-3 female_voice newVersion	四日	四日[よっか]	よっか	yokka	4 dzień miesiąca	 今日[きょう]は 四月[しがつ] 四日[よっか]です。	Dzisiaj jest 4 kwietnia.					 四日	[sound:hypertts-2f07f41fbce21bdf12f1c0ef7ed914a97a853e610a587b8f96b8c1b4.mp3]	[sound:hypertts-3eb9b4aa582b630c0c36b3daaf520ee04056f9d91e8033acba2890c8.mp3]	[sound:四日_ヨッカ━_0_NHK-2016.mp3]	よっか	きょう は しがつ よっか です。	"""<span style=""""box-shadow: inset -2px -2px 0 0 #FF6633;"""">ヨ</span><span style=""""box-shadow: inset 0px 2px 0 0px #FF6633;"""">ッカ</span> <span class=""""pitch_number"""">0</span>"""
1768041380639	1782884923	dni_miesiąca Doki Doki1-3 female_voice newVersion	五日	五日[いつか]	いつか	itsuka	5 dzień miesiąca	 今日[きょう]は 五月[ごがつ] 五日[いつか]です。	Dzisiaj jest 5 maja.					 五日	[sound:hypertts-1418aa318a539f5c7783368ba3f965eca8b43fcd696a3bb1e450a571.mp3]	[sound:hypertts-ef8febf206b749cea7b467700da89ca76c93d98915db001b7996d840.mp3]	[sound:五日_イツカ━_0_NHK-2016.mp3]	いつか	きょう は ごがつ いつか です。	"""<span style=""""box-shadow: inset -2px -2px 0 0 #FF6633;"""">イ</span><span style=""""box-shadow: inset 0px 2px 0 0px #FF6633;""""><span style=""""color: royalblue;"""">ツ</span>カ</span> <span class=""""pitch_number"""">0</span>"""
1768041380640	1782884923	dni_miesiąca Doki Doki1-3 female_voice newVersion	六日	六日[むいか]	むいか	muika	6 dzień miesiąca	 今日[きょう]は 六月[ろくがつ] 六日[むいか]です。	Dzisiaj jest 6 czerwca.					 六日	[sound:hypertts-a2418830b048877218c4e8dd462672254e90b34f2c5c833241daef58.mp3]	[sound:hypertts-9fe5cac0dfb9d1007fe2ce7ef87c0740489c15396b80fea592603782.mp3]	[sound:六日_ムイカ━_0_NHK-2016.mp3]	むいか	きょう は ろくがつ むいか です。	"""<span style=""""box-shadow: inset -2px -2px 0 0 #FF6633;"""">ム</span><span style=""""box-shadow: inset 0px 2px 0 0px #FF6633;"""">イカ</span> <span class=""""pitch_number"""">0</span>"""
1768041380641	1782884923	dni_miesiąca Doki Doki1-3 female_voice newVersion	七日	七日[なのか]	なのか	nanoka	7 dzień miesiąca	 今日[きょう]は 七月[しちがつ] 七日[なのか]です。	Dzisiaj jest 7 lipca.					 七日	[sound:hypertts-2d887d0fbb53b93bddfa6abad4d9136903b838ee2bfd823db04e5cbb.mp3]	[sound:hypertts-99d4e2156ba35c84087c24e0d224b82d3c2ede6653a08ec83eb5056e.mp3]	[sound:七日_ナノカ━_0_NHK-2016.mp3] [sound:七日_ナノカ━_0_NHK-2016(1).mp3]	なのか	きょう は しちがつ なのか です。	"""<span style=""""box-shadow: inset -2px -2px 0 0 #FF6633;"""">ナ</span><span style=""""box-shadow: inset 0px 2px 0 0px #FF6633;"""">ノカ</span> <span class=""""pitch_number"""">0</span>"""
1768041380642	1782884923	dni_miesiąca Doki Doki1-3 female_voice newVersion	八日	八日[ようか]	ようか	youka	8 dzień miesiąca	 今日[きょう]は 八月[はちがつ] 八日[ようか]です。	Dzisiaj jest 8 sierpnia.					 八日	[sound:hypertts-4cf6cb4bb1da52f61446f59ee853e4b347761a39e64e775b1661accd.mp3]	[sound:hypertts-b8ae6bb9d7ed953e596c64f072a5e6b421335b6012e0cbbeffe02464.mp3]	[sound:八日_ヨーカ━_0_NHK-2016.mp3]	ようか	きょう は はちがつ ようか です。	"""<span style=""""box-shadow: inset -2px -2px 0 0 #FF6633;"""">ヨ</span><span style=""""box-shadow: inset 0px 2px 0 0px #FF6633;"""">ーカ</span> <span class=""""pitch_number"""">0</span>"""
1768041380643	1782884923	dni_miesiąca Doki Doki1-3 female_voice newVersion	九日	九日[ここのか]	ここのか	kokonoka	9 dzień miesiąca	 今日[きょう]は 九月[くがつ] 九日[ここのか]です。	Dzisiaj jest 9 września.					 九日	[sound:hypertts-12043c3255f8674506c410774361e3fc77945eda98bde467b3d1e95e.mp3]	[sound:hypertts-0d080bad5a504437ab207fb82a5b17d58745d112d060c7dbcb1db723.mp3]	[sound:九日_ココノカ━_0_NHK-2016.mp3] [sound:九日_ココノカ＼_4_NHK-2016.mp3] [sound:九日_ココノカ＼_4_NHK-2016(1).mp3]	ここのか	きょう は くがつ ここのか です。	"""<span style=""""box-shadow: inset -2px -2px 0 0 #FF6633;"""">コ</span><span style=""""box-shadow: inset 0px 2px 0 0px #FF6633;"""">コノカ</span> <span class=""""pitch_number"""">0</span>, <span style=""""box-shadow: inset -2px -2px 0 0 #FF6633;"""">コ</span><span style=""""box-shadow: inset -2px 2px 0 0px #FF6633;"""">コノカ</span> <span class=""""pitch_number"""">4</span>"""
1768041380644	1782884923	dni_miesiąca Doki Doki1-3 female_voice newVersion	十日	十日[とおか]	とおか	tooka	10 dzień miesiąca	 今日[きょう]は 十月[じゅうがつ] 十日[とおか]です。	Dzisiaj jest 10 października.					 十日	[sound:hypertts-27614934ffcd68b1d7ec707d1bf9e443827e099dc02126f7b6752c47.mp3]	[sound:hypertts-c2e2953c886669094f501b2a4194a2c79d56289ce8cd03d227ed3e4c.mp3]	[sound:十日_トーカ━_0_NHK-2016.mp3] [sound:十日_トーカ━_0_NHK-2016(1).mp3]	とおか	きょう は じゅうがつ とおか です。	"""<span style=""""box-shadow: inset -2px -2px 0 0 #FF6633;"""">ト</span><span style=""""box-shadow: inset 0px 2px 0 0px #FF6633;"""">ウカ</span> <span class=""""pitch_number"""">0</span>, <span style=""""box-shadow: inset -2px -2px 0 0 #FF6633;"""">ト</span><span style=""""box-shadow: inset 0px 2px 0 0px #FF6633;"""">ーカ</span> <span class=""""pitch_number"""">0</span>"""
1768041380645	1782852039	dni_miesiąca Doki Doki1-3 female_voice newVersion	十一日	十[じゅう] 一[いち] 日[にち]	じゅういちにち	juuichinichi	11 dzień miesiąca	 今日[きょう]は 十一日[じゅういちにち]です。	Dzisiaj jest jedenasty dzień miesiąca.			Od 11 używa się にち.		 十一日	[sound:hypertts-ea67f4e4cca509e1f2a8c047a19afa777c00455ef49b52e1fc785bcc.mp3]	[sound:hypertts-8ee49b2b7653c74ca6e6a4d219fe73e7ce64d78f959034a393cfd7d1.mp3]	[sound:十一日_ジューイチニチ＼_6_NHK-2016.mp3]	じゅういちにち	きょう は じゅういちにち です。	"""<span style=""""box-shadow: inset -2px -2px 0 0 #FF6633;"""">ジュ</span><span style=""""box-shadow: inset -2px 2px 0 0px #FF6633;"""">ウイチニチ</span> <span class=""""pitch_number"""">6</span>"""
1768041380646	1782852039	dni_miesiąca Doki Doki1-3 female_voice newVersion	十二日	十[じゅう] 二[に] 日[にち]	じゅうににち	juuninichi	12 dzień miesiąca	 今日[きょう]は 十二日[じゅうににち]です。	Dzisiaj jest dwunasty dzień miesiąca.					 十二日	[sound:hypertts-e9adea250c0044dcf56b432926d6364f23623a069dd9171586592b1f.mp3]	[sound:hypertts-acf7711698d035dd87c088a2069e11a2e2b60db7ff15883f05af13f0.mp3]	[sound:十二日_ジューニニチ＼_5_NHK-2016.mp3]	じゅうににち	きょう は じゅうににち です。	
1768041380647	1782852039	dni_miesiąca Doki Doki1-3 female_voice newVersion	十三日	十[じゅう] 三[さん] 日[にち]	じゅうさんにち	juusannichi	13 dzień miesiąca	 今日[きょう]は 十三日[じゅうさんにち]です。	Dzisiaj jest trzynasty dzień miesiąca.					 十三日	[sound:hypertts-1c3c5d44caf0e9f64b85724d5a8bdbfd6fba7d0980228c10b3714b93.mp3]	[sound:hypertts-0238a1f24ef6a07a748aeb71f7f5cef6e6e5bed99179f790ea5e8836.mp3]	[sound:十三日_ジュ＼ーサンニチ_1_NHK-2016.mp3] [sound:十三日_ジューサ＼ンニチ_3_NHK-2016.mp3]	じゅうさんにち	きょう は じゅうさんにち です。	"""<span style=""""box-shadow: inset -2px 2px 0 0px #FF6633;"""">ジュ</span><span style=""""box-shadow: inset 0px -2px 0 0px #FF6633;"""">ウサンニチ</span> <span class=""""pitch_number"""">1</span>, <span style=""""box-shadow: inset -2px -2px 0 0 #FF6633;"""">ジュ</span><span style=""""box-shadow: inset -2px 2px 0 0px #FF6633;"""">ウサ</span><span style=""""box-shadow: inset 0px -2px 0 0px #FF6633;"""">ンニチ</span> <span class=""""pitch_number"""">3</span>"""
1768041380648	1782884923	dni_miesiąca Doki Doki1-3 female_voice newVersion	十四日	十四日[じゅうよっか]	じゅうよっか	juuyokka	14 dzień miesiąca	 今日[きょう]は 十四日[じゅうよっか]です。	Dzisiaj jest czternasty dzień miesiąca.			よっka=4.		 十四日	[sound:hypertts-7814a3bd0a598b8dec8c32cf8d4ca8879df7f2e1b7e0013ef236202f.mp3]	[sound:hypertts-913d6018d76aaa3db20586b68438d388ffd4b9848028c7392c87cc43.mp3]	[sound:十四日_ジュ＼ーヨッカ_1_NHK-2016.mp3]	じゅうよっか	きょう は じゅうよっか です。	"""<span style=""""box-shadow: inset -2px 2px 0 0px #FF6633;"""">ジュ</span><span style=""""box-shadow: inset 0px -2px 0 0px #FF6633;"""">ウヨッカ</span> <span class=""""pitch_number"""">1</span>"""
1768041380649	1782852039	dni_miesiąca Doki Doki1-3 female_voice newVersion	十五日	十[じゅう] 五[ご] 日[にち]	じゅうごにち	juugonichi	15 dzień miesiąca	 今日[きょう]は 十五日[じゅうごにち]です。	Dzisiaj jest piętnasty dzień miesiąca.					 十五日	[sound:hypertts-cffbc599d5e3fee4d7e7b2ee1c3862eee25f816b3982421b8e94f576.mp3]	[sound:hypertts-21b17e12683eb18e691a9545d430af1f3fe7deaa48f69d5ffdfefdbd.mp3]	[sound:十五日_ジュ＼ーゴニチ_1_NHK-2016.mp3]	じゅうごにち	きょう は じゅうごにち です。	"""<span style=""""box-shadow: inset -2px 2px 0 0px #FF6633;"""">ジュ</span><span style=""""box-shadow: inset 0px -2px 0 0px #FF6633;"""">ーゴニチ</span> <span class=""""pitch_number"""">1</span>"""
1768041380650	1782852039	dni_miesiąca Doki Doki1-3 female_voice newVersion	十六日	十[じゅう] 六[ろく] 日[にち]	じゅうろくにち	juurokunichi	16 dzień miesiąca	 今日[きょう]は 十六日[じゅうろくにち]です。	Dzisiaj jest szesnasty dzień miesiąca.					 十六日	[sound:hypertts-0ae111f0ef37953a15615672c63866459bd0c94194571ab9717dfd55.mp3]	[sound:hypertts-5c0cedae3285eb7f2ca8441a57b5f6c841244654e5a917b3001e3d00.mp3]	[sound:十六日_ジューロクニチ＼_6_NHK-2016.mp3]	じゅうろくにち	きょう は じゅうろくにち です。	"""<span style=""""box-shadow: inset -2px -2px 0 0 #FF6633;"""">ジュ</span><span style=""""box-shadow: inset -2px 2px 0 0px #FF6633;"""">ウロクニチ</span> <span class=""""pitch_number"""">6</span>"""
1768041380651	1782852039	dni_miesiąca Doki Doki1-3 female_voice newVersion	十七日	十[じゅう] 七[しち] 日[にち]	じゅうしちにち	juushichinichi	17 dzień miesiąca	 今日[きょう]は 十七日[じゅうしちにち]です。	Dzisiaj jest siedemnasty dzień miesiąca.					 十七日	[sound:hypertts-136de7b195556003a843d60e579250ebf8e0fd0ead7a7cc0f780f481.mp3]	[sound:hypertts-20247b1d0969391a68c6d9913c23ee89d3bc4b5dc960720166c67d3c.mp3]	[sound:十七日_ジューシチニチ＼_6_NHK-2016.mp3]	じゅうしちにち	きょう は じゅうしちにち です。	"""<span style=""""box-shadow: inset -2px -2px 0 0 #FF6633;"""">ジュ</span><span style=""""box-shadow: inset -2px 2px 0 0px #FF6633;"""">ウシチニチ</span> <span class=""""pitch_number"""">6</span>"""
1768041380652	1782852039	dni_miesiąca Doki Doki1-3 female_voice newVersion	十八日	十[じゅう] 八[はち] 日[にち]	じゅうはちにち	juuhachinichi	18 dzień miesiąca	 今日[きょう]は 十八日[じゅうはちにち]です。	Dzisiaj jest osiemnasty dzień miesiąca.					 十八日	[sound:hypertts-2ee687870d1fae755147ca56f347052b33515d00fdfe5d5e26928c60.mp3]	[sound:hypertts-62838eaa053e17733e16549bfda9ec4aa32ae7c33b7ed67bf559ab13.mp3]	[sound:十八日_ジューハチニチ＼_6_NHK-2016.mp3]	じゅうはちにち	きょう は じゅうはちにち です。	
1768041380653	1782852039	dni_miesiąca Doki Doki1-3 female_voice newVersion	十九日	十[じゅう] 九[く] 日[にち]	じゅうくにち	juukunichi	19 dzień miesiąca	 今日[きょう]は 十九日[じゅうくにち]です。	Dzisiaj jest dziewiętnasty dzień miesiąca.					 十九日	[sound:hypertts-e5b116302db28dd1697da9137808a7dc9956674f9329d9b945ae1450.mp3]	[sound:hypertts-9f832f49d53dd7ec039c4922fbc25380ac7aa824676b3a4eacac730b.mp3]	[sound:十九日_ジューキュ＼ーニチ_3_NHK-2016.mp3]	じゅうくにち	きょう は じゅうくにち です。	"""<span style=""""box-shadow: inset -2px 2px 0 0px #FF6633;"""">ジュ</span><span style=""""box-shadow: inset 0px -2px 0 0px #FF6633;"""">ウクニチ</span> <span class=""""pitch_number"""">1</span>"""
1768041380654	1782852339	dni_miesiąca Doki Doki1-3 female_voice newVersion	二十日	二十日[はつか]	はつか	hatsuka	20 dzień miesiąca	 今日[きょう]は 二十日[はつか]です。	Dzisiaj jest dwudziesty dzień miesiąca.			Specjalna forma.		 二十日	[sound:hypertts-3ea9d4fa5c886098c7fdb90ab270a4fad57cb59733cc398f1d3b34c3.mp3]	[sound:hypertts-dca7aaeaed73d453e9f636360958106c348ef7a0ee0dcb0a85a67283.mp3]		はつか	きょう は はつか です。	"""<span style=""""box-shadow: inset -2px -2px 0 0 #FF6633;"""">ハ</span><span style=""""box-shadow: inset 0px 2px 0 0px #FF6633;""""><span style=""""color: royalblue;"""">ツ</span>カ</span> <span class=""""pitch_number"""">0</span>"""
1768041380655	1782852039	dni_miesiąca Doki Doki1-3 female_voice newVersion	二十一日	二[に] 十[じゅう] 一[いち] 日[にち]	にじゅういちにち	nijuu ichinichi	21 dzień miesiąca	 今日[きょう]は 二十一日[にじゅういちにち]です。	Dzisiaj jest dwudziesty pierwszy dzień miesiąca.					 二十一日	[sound:hypertts-29bed9b1d9061ea617270ba99e430b5d025f0bb0e57cd42b1813d810.mp3]	[sound:hypertts-27e91abb5092f13de978b3de1369d4128db1c13285787ec33c1ab374.mp3]	[sound:二十一日_ニ＼ジュー・イチニチ＼_1-4_NHK-2016.mp3]	にじゅういちにち	きょう は にじゅういちにち です。	
1768041380656	1782852039	dni_miesiąca Doki Doki1-3 female_voice newVersion	二十二日	二[に] 十[じゅう] 二[に] 日[にち]	にじゅうににち	nijuuninichi	22 dzień miesiąca	 今日[きょう]は 二十二日[にじゅうににち]です。	Dzisiaj jest dwudziesty drugi dzień miesiąca.					 二十二日	[sound:hypertts-5d0e74e866b479baae7f062472f47977e99c92ce40cab9936a35a9cb.mp3]	[sound:hypertts-8a9ad7382be5f9932f0f14101c3986c8c1e8f712c05441c84ca4dd2d.mp3]	[sound:二十二日_ニ＼ジュー・ニニチ＼_1-3_NHK-2016.mp3]	にじゅうににち	きょう は にじゅうににち です。	
1768041380657	1782852039	dni_miesiąca Doki Doki1-3 female_voice newVersion	二十三日	二[に] 十[じゅう] 三[さん] 日[にち]	にじゅうさんにち	nijuusannichi	23 dzień miesiąca	 今日[きょう]は 二十三日[にじゅうさんにち]です。	Dzisiaj jest dwudziesty trzeci dzień miesiąca.					 二十三日	[sound:hypertts-f79e9fd96794b6a33c1778d616e192db611d17341e355e45b3889023.mp3]	[sound:hypertts-07ee60ed67bc838785a49fd5a633a14ad13485f9bef91fbf361485ca.mp3]	[sound:二十三日_ニ＼ジュー・サ＼ンニチ_1-1_NHK-2016.mp3]	にじゅうさんにち	きょう は にじゅうさんにち です。	
1768041380658	1782884923	dni_miesiąca Doki Doki1-3 female_voice newVersion	二十四日	二十四日[にじゅうよっか]	にじゅうよっか	nijuuyokka	24 dzień miesiąca	 今日[きょう]は 二十四日[にじゅうよっか]です。	Dzisiaj jest dwudziesty czwarty dzień miesiąca.			よっka=4.		 二十四日	[sound:hypertts-7b82566f5c714ce28c2a0e89f8cfcb80e0bb7d09cc905813951583b3.mp3]	[sound:hypertts-558c9c02635567a7eedafd85b139ce916d5a884d6447ce725215a79c.mp3]	[sound:二十四日_ニ＼ジュー・ヨッカ━_1-0_NHK-2016.mp3]	にじゅうよっか	きょう は にじゅうよっか です。	
1768041380659	1782852039	dni_miesiąca Doki Doki1-3 female_voice newVersion	二十五日	二[に] 十[じゅう] 五[ご] 日[にち]	にじゅうごにち	nijuugonichi	25 dzień miesiąca	 今日[きょう]は 二十五日[にじゅうごにち]です。	Dzisiaj jest dwudziesty piąty dzień miesiąca.					 二十五日	[sound:hypertts-da0195e69b4d25af9981da1932c94b13351b1f733d646d974a303b07.mp3]	[sound:hypertts-1551bc6574494ff61b2ec1f0aaaef85d4600df5847e7612d8c7ddfbc.mp3]	[sound:二十五日_ニ＼ジュー・ゴ＼ニチ_1-1_NHK-2016.mp3]	にじゅうごにち	きょう は にじゅうごにち です。	
1768041380660	1782852039	dni_miesiąca Doki Doki1-3 female_voice newVersion	二十六日	二[に] 十[じゅう] 六[ろく] 日[にち]	にじゅうろくにち	nijuurokunichi	26 dzień miesiąca	 今日[きょう]は 二十六日[にじゅうろくにち]です。	Dzisiaj jest dwudziesty szósty dzień miesiąca.					 二十六日	[sound:hypertts-951777f93b2f3b8d9fdb697c40dfbf66beb474f24db54f64a4aef413.mp3]	[sound:hypertts-81093696dc878d2e2cb177cad3341fb44a6decd07c4b05fe463ba13a.mp3]	[sound:二十六日_ニ＼ジュー・ロクニチ＼_1-4_NHK-2016.mp3]	にじゅうろくにち	きょう は にじゅうろくにち です。	
1768041380661	1782852039	dni_miesiąca Doki Doki1-3 female_voice newVersion	二十七日	二[に] 十[じゅう] 七[しち] 日[にち]	にじゅうしちにち	nijuushichinichi	27 dzień miesiąca	 今日[きょう]は 二十七日[にじゅうしちにち]です。	Dzisiaj jest dwudziesty siódmy dzień miesiąca.					 二十七日	[sound:hypertts-1f0b3be5a1cceed5aa83db594854e535560361a5022717ede64d9c23.mp3]	[sound:hypertts-9034a11f2b4e5345d1cb1762679a8ee94349a5cd25109b3ffc67602d.mp3]	[sound:二十七日_ニ＼ジュー・シチニチ＼_1-4_NHK-2016.mp3]	にじゅうしちにち	きょう は にじゅうしちにち です。	
1768041380662	1782852039	dni_miesiąca Doki Doki1-3 female_voice newVersion	二十八日	二[に] 十[じゅう] 八[はち] 日[にち]	にじゅうはちにち	nijuuhachinichi	28 dzień miesiąca	 今日[きょう]は 二十八日[にじゅうはちにち]です。	Dzisiaj jest dwudziesty ósmy dzień miesiąca.					 二十八日	[sound:hypertts-02589f68e8a1499635bb27b899ce415762c003cecab4e3d5dcd0daaf.mp3]	[sound:hypertts-2d78dd1a4a76a2e82a369a8b73a01b64f42c5dc0d61545a5e71a1f9a.mp3]	[sound:二十八日_ニ＼ジュー・ハチニチ＼_1-4_NHK-2016.mp3]	にじゅうはちにち	きょう は にじゅうはちにち です。	
1768041380663	1782852039	dni_miesiąca Doki Doki1-3 female_voice newVersion	二十九日	二[に] 十[じゅう] 九[く] 日[にち]	にじゅうくにち	nijuukunichi	29 dzień miesiąca	 今日[きょう]は 二十九日[にじゅうくにち]です。	Dzisiaj jest dwudziesty dziewiąty dzień miesiąca.					 二十九日	[sound:hypertts-4db40d9640516a87df2784f12ed539cf18c6212ee3a5d6d64986cc00.mp3]	[sound:hypertts-0f2cb39e095db607bab0a3dd4c46957493a0f8008284a1143c81f3dc.mp3]		にじゅうくにち	きょう は にじゅうくにち です。	
1768041380664	1782852039	dni_miesiąca Doki Doki1-3 female_voice newVersion	三十日	三[さん] 十[じゅう] 日[にち]	さんじゅうにち	sanjuu nichi	30 dzień miesiąca	 今日[きょう]は 三十日[さんじゅうにち]です。	Dzisiaj jest trzydziesty dzień miesiąca.					 三十日	[sound:hypertts-34d1dca696bc1892cb89be86f76b1b761cfa105dabfa1cab690f7e44.mp3]	[sound:hypertts-6a4d3482ec36283caf9566ac8c153f4029256dba2cc9d75144b1a29b.mp3]	[sound:三十日_サ＼ンジューニチ_1_NHK-2016.mp3] [sound:三十日_サ＼ンジューニチ_1_NHK-2016(1).mp3] [sound:三十日_サンジュ＼ーニチ_3_NHK-2016.mp3] [sound:三十日_サンジュ＼ーニチ_3_NHK-2016(1).mp3]	さんじゅうにち	きょう は さんじゅうにち です。	"""<span style=""""box-shadow: inset -2px 2px 0 0px #FF6633;"""">サ</span><span style=""""box-shadow: inset 0px -2px 0 0px #FF6633;"""">ンジューニチ</span> <span class=""""pitch_number"""">1</span>, <span style=""""box-shadow: inset -2px -2px 0 0 #FF6633;"""">サ</span><span style=""""box-shadow: inset -2px 2px 0 0px #FF6633;"""">ンジュ</span><span style=""""box-shadow: inset 0px -2px 0 0px #FF6633;"""">ーニチ</span> <span class=""""pitch_number"""">3</span>"""
1768041380665	1782852039	dni_miesiąca Doki Doki1-3 female_voice newVersion	三十一日	三[さん] 十[じゅう] 一[いち] 日[にち]	さんじゅういちにち	sanjuu ichinichi	31 dzień miesiąca	 今日[きょう]は 三十一日[さんじゅういちにち]です。	Dzisiaj jest trzydziesty pierwszy dzień miesiąca.					 三十一日	[sound:hypertts-a7f7f204f602aca05755d034b2ca625ea0ec7fc1711183313f1b7c06.mp3]	[sound:hypertts-d817711aad6c3154b39c02c69478576669936d34e0813c4bdff8de1a.mp3]	[sound:三十一日_サ＼ンジュー・イチニチ＼_1-4_NHK-2016.mp3]	さんじゅういちにち	きょう は さんじゅういちにち です。	
1768041849990	1782852039	Doki Doki1-3 male_voice miesiące newVersion	一月	一[いち] 月[がつ]	いちがつ	ichigatsu	styczeń	 私[わたし]の 誕生日[たんじょうび]は 一月[いちがつ]です。	Moje urodziny są w styczniu.			Miesiąc 1.		 一月	[sound:hypertts-231d3460991f9cfa37a7c296843340015bab73d4404323d3b5b3aba1.mp3]	[sound:hypertts-9206a152a02d63941b3de6038353f1357f3d28a299314d3ae935893d.mp3]	[sound:一月_イチカ゚ツ━_0_NHK-2016.mp3] [sound:一月_イチカ゚ツ＼_4_NHK-2016.mp3] [sound:一月_イチカ゚ツ＼_4_NHK-2016(1).mp3]	いちがつ	わたし の たんじょうび は いちがつ です。	"""<span style=""""box-shadow: inset -2px -2px 0 0 #FF6633;"""">イ</span><span style=""""box-shadow: inset 0px 2px 0 0px #FF6633;"""">チカ<span style=""""color: red;"""">°</span>ツ</span> <span class=""""pitch_number"""">0</span>, <span style=""""box-shadow: inset -2px -2px 0 0 #FF6633;"""">イ</span><span style=""""box-shadow: inset -2px 2px 0 0px #FF6633;"""">チカ<span style=""""color: red;"""">°</span>ツ</span> <span class=""""pitch_number"""">4</span>"""
1768041849991	1782852039	Doki Doki1-3 male_voice miesiące newVersion	二月	二[に] 月[がつ]	にがつ	nigatsu	luty	 私[わたし]の 誕生日[たんじょうび]は 二月[にがつ]です。	Moje urodziny są w lutym.			Miesiąc 2.		 二月	[sound:hypertts-f800bece20383f658e91796c29bb447e5a4c6efb806183b282bb1108.mp3]	[sound:hypertts-1aa73b6740b2fdbff07fe259de0a04df2be0183e09ad1503c531b329.mp3]	[sound:二月_ニカ゚ツ━_0_NHK-2016.mp3] [sound:二月_ニカ゚ツ＼_3_NHK-2016.mp3] [sound:二月_ニカ゚ツ＼_3_NHK-2016(1).mp3]	にがつ	わたし の たんじょうび は にがつ です。	"""<span style=""""box-shadow: inset -2px -2px 0 0 #FF6633;"""">ニ</span><span style=""""box-shadow: inset 0px 2px 0 0px #FF6633;"""">カ<span style=""""color: red;"""">°</span>ツ</span> <span class=""""pitch_number"""">0</span>, <span style=""""box-shadow: inset -2px -2px 0 0 #FF6633;"""">ニ</span><span style=""""box-shadow: inset -2px 2px 0 0px #FF6633;"""">カ<span style=""""color: red;"""">°</span>ツ</span> <span class=""""pitch_number"""">3</span>"""
1768041849992	1782852039	Doki Doki1-3 male_voice miesiące newVersion	三月	三[さん] 月[がつ]	さんがつ	sangatsu	marzec	 私[わたし]の 誕生日[たんじょうび]は 三月[さんがつ]です。	Moje urodziny są w marcu.			Miesiąc 3.		 三月	[sound:hypertts-d182e07731b85a2a4886cec7046118bf399d135983317bf96033e933.mp3]	[sound:hypertts-c4c2f51203eac98dda18890b13f537dd6393592f6d8edf7946c58364.mp3]	[sound:三月_サ＼ンカ゚ツ_1_NHK-2016.mp3] [sound:三月_サ＼ンカ゚ツ_1_NHK-2016(1).mp3]	さんがつ	わたし の たんじょうび は さんがつ です。	"""<span style=""""box-shadow: inset -2px 2px 0 0px #FF6633;"""">サ</span><span style=""""box-shadow: inset 0px -2px 0 0px #FF6633;"""">ンカ<span style=""""color: red;"""">°</span>ツ</span> <span class=""""pitch_number"""">1</span>"""
1768041849993	1782852039	Doki Doki1-3 male_voice miesiące newVersion	四月	四[し] 月[がつ]	しがつ	shigatsu	kwiecień	 私[わたし]の 誕生日[たんじょうび]は 四月[しがつ]です。	Moje urodziny są w kwietniu.			Miesiąc 4.		 四月	[sound:hypertts-6cc2b939916c7e1ce44a515f498e331ed80987a8c7c102317a05d2b8.mp3]	[sound:hypertts-5c412eb46f14ea7e0480d2191daf27782b6e5ae913e43ce2f60907b0.mp3]	[sound:四月_シカ゚ツ━_0_NHK-2016.mp3] [sound:四月_シカ゚ツ＼_3_NHK-2016.mp3] [sound:四月_シカ゚ツ＼_3_NHK-2016(1).mp3]	しがつ	わたし の たんじょうび は しがつ です。	"""<span style=""""box-shadow: inset -2px -2px 0 0 #FF6633;"""">シ</span><span style=""""box-shadow: inset 0px 2px 0 0px #FF6633;"""">カ<span style=""""color: red;"""">°</span>ツ</span> <span class=""""pitch_number"""">0</span>, <span style=""""box-shadow: inset -2px -2px 0 0 #FF6633;"""">シ</span><span style=""""box-shadow: inset -2px 2px 0 0px #FF6633;"""">カ<span style=""""color: red;"""">°</span>ツ</span> <span class=""""pitch_number"""">3</span>"""
1768041849994	1782852039	Doki Doki1-3 male_voice miesiące newVersion	五月	五[ご] 月[がつ]	ごがつ	gogatsu	maj	 私[わたし]の 誕生日[たんじょうび]は 五月[ごがつ]です。	Moje urodziny są w maju.			Miesiąc 5.		 五月	[sound:hypertts-f7c50b6061fbd1101f448e71662f8af4df5df0e658603774fdc825bd.mp3]	[sound:hypertts-38907a0e2d5f8e5139840bff11dd327b2316bfe8438f687646847d65.mp3]	[sound:五月_ゴ＼カ゚ツ_1_NHK-2016.mp3] [sound:五月_ゴ＼カ゚ツ_1_NHK-2016(1).mp3]	ごがつ	わたし の たんじょうび は ごがつ です。	"""<span style=""""box-shadow: inset -2px 2px 0 0px #FF6633;"""">ゴ</span><span style=""""box-shadow: inset 0px -2px 0 0px #FF6633;"""">カ<span style=""""color: red;"""">°</span>ツ</span> <span class=""""pitch_number"""">1</span>"""
1768041849995	1782852039	Doki Doki1-3 male_voice miesiące newVersion	六月	六[ろく] 月[がつ]	ろくがつ	rokugatsu	czerwiec	 私[わたし]の 誕生日[たんじょうび]は 六月[ろくがつ]です。	Moje urodziny są w czerwcu.			Miesiąc 6.		 六月	[sound:hypertts-e2f402c27ea1cfce6ac2fc519157f126ee75535b0ed9d21aa12b16fe.mp3]	[sound:hypertts-97f92ac756a6a4add6f1ef1b716ed1e8398f5c67f258d885fb157e3d.mp3]	[sound:六月_ロクカ゚ツ━_0_NHK-2016.mp3] [sound:六月_ロクカ゚ツ＼_4_NHK-2016.mp3] [sound:六月_ロクカ゚ツ＼_4_NHK-2016(1).mp3]	ろくがつ	わたし の たんじょうび は ろくがつ です。	"""<span style=""""box-shadow: inset -2px -2px 0 0 #FF6633;"""">ロ</span><span style=""""box-shadow: inset 0px 2px 0 0px #FF6633;"""">クカ<span style=""""color: red;"""">°</span>ツ</span> <span class=""""pitch_number"""">0</span>, <span style=""""box-shadow: inset -2px -2px 0 0 #FF6633;"""">ロ</span><span style=""""box-shadow: inset -2px 2px 0 0px #FF6633;"""">クカ<span style=""""color: red;"""">°</span>ツ</span> <span class=""""pitch_number"""">4</span>"""
1768041849996	1782852039	Doki Doki1-3 male_voice miesiące newVersion	七月	七[しち] 月[がつ]	しちがつ	shichigatsu	lipiec	 私[わたし]の 誕生日[たんじょうび]は 七月[しちがつ]です。	Moje urodziny są w lipcu.			Miesiąc 7.		 七月	[sound:hypertts-9c1ab8ecfa1fe11bb96469ad2b5551b26cbe21376dc754b97a979791.mp3]	[sound:hypertts-fd2cca1cb3bb656ed74862a6b21d8b67d365d2554a5ab65073984eba.mp3]	[sound:七月_シチカ゚ツ━_0_NHK-2016.mp3] [sound:七月_シチカ゚ツ＼_4_NHK-2016.mp3] [sound:七月_シチカ゚ツ＼_4_NHK-2016(1).mp3]	しちがつ	わたし の たんじょうび は しちがつ です。	"""<span style=""""box-shadow: inset -2px -2px 0 0 #FF6633;""""><span style=""""color: royalblue;"""">シ</span></span><span style=""""box-shadow: inset 0px 2px 0 0px #FF6633;"""">チカ<span style=""""color: red;"""">°</span>ツ</span> <span class=""""pitch_number"""">0</span>, <span style=""""box-shadow: inset -2px -2px 0 0 #FF6633;""""><span style=""""color: royalblue;"""">シ</span></span><span style=""""box-shadow: inset -2px 2px 0 0px #FF6633;"""">チカ<span style=""""color: red;"""">°</span>ツ</span> <span class=""""pitch_number"""">4</span>"""
1768041849997	1782852039	Doki Doki1-3 male_voice miesiące newVersion	八月	八[はち] 月[がつ]	はちがつ	hachigatsu	sierpień	 私[わたし]の 誕生日[たんじょうび]は 八月[はちがつ]です。	Moje urodziny są w sierpniu.			Miesiąc 8.		 八月	[sound:hypertts-ae74a9fb89babde149def93b71ffd14435abbfc8b768ff5ddc8f2485.mp3]	[sound:hypertts-0d20d2b3aeefefd30953d3e10711947928e8a63f00bbadd70fab9bc4.mp3]	[sound:八月_ハチカ゚ツ━_0_NHK-2016.mp3] [sound:八月_ハチカ゚ツ＼_4_NHK-2016.mp3] [sound:八月_ハチカ゚ツ＼_4_NHK-2016(1).mp3]	はちがつ	わたし の たんじょうび は はちがつ です。	"""<span style=""""box-shadow: inset -2px -2px 0 0 #FF6633;"""">ハ</span><span style=""""box-shadow: inset 0px 2px 0 0px #FF6633;"""">チカ<span style=""""color: red;"""">°</span>ツ</span> <span class=""""pitch_number"""">0</span>, <span style=""""box-shadow: inset -2px -2px 0 0 #FF6633;"""">ハ</span><span style=""""box-shadow: inset -2px 2px 0 0px #FF6633;"""">チカ<span style=""""color: red;"""">°</span>ツ</span> <span class=""""pitch_number"""">4</span>"""
1768041849998	1782852039	Doki Doki1-3 male_voice miesiące newVersion	九月	九[く] 月[がつ]	くがつ	kugatsu	wrzesień	 私[わたし]の 誕生日[たんじょうび]は 九月[くがつ]です。	Moje urodziny są we wrześniu.			Miesiąc 9.		 九月	[sound:hypertts-3cf9e5517d843ca88eb9898227db1b0c349428b56d5af6e3e335780b.mp3]	[sound:hypertts-393c228999d5e34f9ee7cda26b672abb3c83f894a9955d39fbc6934b.mp3]	[sound:九月_ク＼カ゚ツ_1_NHK-2016.mp3]	くがつ	わたし の たんじょうび は くがつ です。	"""<span style=""""box-shadow: inset -2px 2px 0 0px #FF6633;"""">ク</span><span style=""""box-shadow: inset 0px -2px 0 0px #FF6633;"""">カ<span style=""""color: red;"""">°</span>ツ</span> <span class=""""pitch_number"""">1</span>"""
1768041849999	1782852039	Doki Doki1-3 male_voice miesiące newVersion	十月	十[じゅう] 月[がつ]	じゅうがつ	juugatsu	październik	 私[わたし]の 誕生日[たんじょうび]は 十月[じゅうがつ]です。	Moje urodziny są w październiku.			Miesiąc 10.		 十月	[sound:hypertts-cb02c975fb4ca21d6be0becfa093f687b6fb24098063bd270b5ba5d8.mp3]	[sound:hypertts-5ca426d71a24c7fab17dcaa6f5ee23e9525d51402a130ff57dc0e48d.mp3]	[sound:十月_ジューカ゚ツ━_0_NHK-2016.mp3] [sound:十月_ジューカ゚ツ＼_4_NHK-2016.mp3] [sound:十月_ジューカ゚ツ＼_4_NHK-2016(1).mp3]	じゅうがつ	わたし の たんじょうび は じゅうがつ です。	"""<span style=""""box-shadow: inset -2px -2px 0 0 #FF6633;"""">ジュ</span><span style=""""box-shadow: inset 0px 2px 0 0px #FF6633;"""">ーカ<span style=""""color: red;"""">°</span>ツ</span> <span class=""""pitch_number"""">0</span>, <span style=""""box-shadow: inset -2px -2px 0 0 #FF6633;"""">ジュ</span><span style=""""box-shadow: inset -2px 2px 0 0px #FF6633;"""">ーカ<span style=""""color: red;"""">°</span>ツ</span> <span class=""""pitch_number"""">4</span>"""
1768041850000	1782884923	Doki Doki1-3 male_voice miesiące newVersion	十一月	十[じゅう] 一[いち] 月[がつ]	じゅういちがつ	juuichigatsu	listopad	 私[わたし]の 誕生日[たんじょうび]は 十一月[じゅういちがつ]です。	Moje urodziny są w listopadzie.			Miesiąc 11.		 十一月	[sound:hypertts-6dee2f4d222d92552fc218e0391d35d830d4f221bfd3bc1bdea2edd9.mp3]	[sound:hypertts-ec1a1f879265ebae4c36509892ddcbbdc9531720d2b96579893a85a3.mp3]	[sound:十一月_ジューイチカ゚ツ━_0_NHK-2016.mp3] [sound:十一月_ジューイチカ゚ツ＼_6_NHK-2016.mp3] [sound:十一月_ジューイチカ゚ツ＼_6_NHK-2016(1).mp3]	じゅういちがつ	わたし の たんじょうび は じゅういちがつ です。	"""<span style=""""box-shadow: inset -2px -2px 0 0 #FF6633;"""">ジュ</span><span style=""""box-shadow: inset 0px 2px 0 0px #FF6633;"""">ーイチカ<span style=""""color: red;"""">°</span>ツ</span> <span class=""""pitch_number"""">0</span>, <span style=""""box-shadow: inset -2px -2px 0 0 #FF6633;"""">ジュ</span><span style=""""box-shadow: inset -2px 2px 0 0px #FF6633;"""">ーイチカ<span style=""""color: red;"""">°</span>ツ</span> <span class=""""pitch_number"""">6</span>"""
1768041850001	1782884923	Doki Doki1-3 male_voice miesiące newVersion	十二月	十[じゅう] 二[に] 月[がつ]	じゅうにがつ	juunigatsu	grudzień	 私[わたし]の 誕生日[たんじょうび]は 十二月[じゅうにがつ]です。	Moje urodziny są w grudniu.			Miesiąc 12.		 十二月	[sound:hypertts-9026aded49544ea66ca1d4e293be78e1721f68789b2e4c504b35a65b.mp3]	[sound:hypertts-a4e77f79ed16db40cff389d1f40771eaa19fea4f7ceabf4b478a5088.mp3]	[sound:十二月_ジューニカ゚ツ━_0_NHK-2016.mp3] [sound:十二月_ジューニカ゚ツ＼_5_NHK-2016.mp3] [sound:十二月_ジューニカ゚ツ＼_5_NHK-2016(1).mp3]	じゅうにがつ	わたし の たんじょうび は じゅうにがつ です。	"""<span style=""""box-shadow: inset -2px -2px 0 0 #FF6633;"""">ジュ</span><span style=""""box-shadow: inset 0px 2px 0 0px #FF6633;"""">ーニカ<span style=""""color: red;"""">°</span>ツ</span> <span class=""""pitch_number"""">0</span>, <span style=""""box-shadow: inset -2px -2px 0 0 #FF6633;"""">ジュ</span><span style=""""box-shadow: inset -2px 2px 0 0px #FF6633;"""">ーニカ<span style=""""color: red;"""">°</span>ツ</span> <span class=""""pitch_number"""">5</span>"""
1768042539231	1782852747	Doki Doki1-3 female_voice newVersion	誕生日	誕生日[たんじょうび]	たんじょうび	tanjoubi	urodziny	 私[わたし]の 誕生日[たんじょうび]は 六月[ろくがつ]です。	Moje urodziny są w czerwcu.					誕[たん]生日	[sound:hypertts-1be087708422b7354fd0c962c05d361ec9ad96ab36820f1459030565.mp3]	[sound:hypertts-a02c8631de2c183df88ff5fc54adaa0f299e76372e8cc3451932c4db.mp3]	[sound:誕生日_タンジョ＼ービ_3_NHK-2016.mp3]	たんじょうび	わたし の たんじょうび は ろくがつ です	"""<span style=""""box-shadow: inset -2px -2px 0 0 #FF6633;"""">タ</span><span style=""""box-shadow: inset -2px 2px 0 0px #FF6633;"""">ンジョ</span><span style=""""box-shadow: inset 0px -2px 0 0px #FF6633;"""">ービ</span> <span class=""""pitch_number"""">3</span>"""
1768042539232	1782852740	Doki Doki1-3 female_voice newVersion	誕生日はいつですか	誕生日[たんじょうび]はいつですか	たんじょうび は いつ です か	tanjoubi wa itsu desu ka	Kiedy są urodziny?	 誕生日[たんじょうび]はいつですか。	Kiedy są urodziny?					誕[たん]生日はいつですか	[sound:hypertts-235fb0fdff9eadcb8b11e4d9a559190d51dedb47071ad2e82440deb8.mp3]	[sound:hypertts-935002871c744951629b79cedc8b1f9fb25648fd9f35483e0f546034.mp3]		たんじょうびはいつですか	たんじょうび は いつ です か。	
1768042539233	1781031883	Doki Doki1-3 female_voice newVersion	先々週	 先々週[せんせんしゅう]	せんせんしゅう	sensenshuu	przedzeszły tydzień	 先々週[せんせんしゅう] 勉強[べんきょう]しました。	W przedwzeszłym tygodniu się uczyłem.					先々 週[しゅう]	[sound:hypertts-71cdd2a6b09b57d4facc7c46d739e5e148c9d07ac612e64f29c185d4.mp3]	[sound:hypertts-830d59e84ea8a80497723006f72b3cea16353577260119f3b49d89fd.mp3]	[sound:先々週_センセンシュー━_0_NHK-2016.mp3] [sound:先々週_センセ＼ンシュー_3_NHK-2016.mp3]	せんせんしゅう	せんせんしゅう べんきょう しました。	"""<span style=""""box-shadow: inset -2px -2px 0 0 #FF6633;"""">セ</span><span style=""""box-shadow: inset 0px 2px 0 0px #FF6633;"""">ンセンシュー</span> <span class=""""pitch_number"""">0</span>, <span style=""""box-shadow: inset -2px -2px 0 0 #FF6633;"""">セ</span><span style=""""box-shadow: inset -2px 2px 0 0px #FF6633;"""">ンセ</span><span style=""""box-shadow: inset 0px -2px 0 0px #FF6633;"""">ンシュー</span> <span class=""""pitch_number"""">3</span>"""
1768042539234	1776880883	Doki Doki1-3 female_voice newVersion	再来週	 再来週[さらいしゅう]	さらいしゅう	saraishuu	za dwa tygodnie	 再来週[さらいしゅう] 学校[がっこう]に 行[い]きます。	Za dwa tygodnie idę do szkoły.					再[さ]来 週[しゅう]	[sound:hypertts-10f5df8dbcf6528442e9da9badb300076957cd164a9cf1a46920adf7.mp3]	[sound:hypertts-29b9e1cd46295a1be91f9e110871c55dc6e4d187ec6b80c9422e33bd.mp3]	[sound:再来週_サライシュー━_0_NHK-2016.mp3]	さらいしゅう	さらいしゅう がっこう に いきます。	"""<span style=""""box-shadow: inset -2px -2px 0 0 #FF6633;"""">サ</span><span style=""""box-shadow: inset 0px 2px 0 0px #FF6633;"""">ライシュー</span> <span class=""""pitch_number"""">0</span>"""
1768042539235	1781031888	Doki Doki1-3 female_voice newVersion	先々月	 先々月[せんせんげつ]	せんせんげつ	sensengatsu	przedzeszły miesiąc	 先々月[せんせんげつ] 勉強[べんきょう]しました。	W przedprzednim miesiącu się uczyłem.					 先々月	[sound:hypertts-ff68011308f4bb70e577f79088c34b4be09d144d3c9dea6737236406.mp3]	[sound:hypertts-b17763e5fa98bc55ca746971c3a1169c7181f39bc7e13608e6ecfca9.mp3]	[sound:先々月_センセンケ゚ツ━_0_NHK-2016.mp3] [sound:先々月_センセ＼ンケ゚ツ_3_NHK-2016.mp3]	せんせんげつ	せんせんげつ べんきょう しました。	"""<span style=""""box-shadow: inset -2px -2px 0 0 #FF6633;"""">セ</span><span style=""""box-shadow: inset 0px 2px 0 0px #FF6633;"""">ンセンケ<span style=""""color: red;"""">°</span>ツ</span> <span class=""""pitch_number"""">0</span>, <span style=""""box-shadow: inset -2px -2px 0 0 #FF6633;"""">セ</span><span style=""""box-shadow: inset -2px 2px 0 0px #FF6633;"""">ンセ</span><span style=""""box-shadow: inset 0px -2px 0 0px #FF6633;"""">ンケ<span style=""""color: red;"""">°</span>ツ</span> <span class=""""pitch_number"""">3</span>"""
1768042539236	1784206734	Doki Doki1-3 female_voice leech newVersion	先月	先[せん] 月[げつ]	せんげつ	sengetsu	zeszły miesiąc	 先月[せんげつ] 勉強[べんきょう]しました。	W zeszłym miesiącu się uczyłem.					 先月	[sound:hypertts-e8acc4ffabb844bfaa0cd86764f29545e9559c0effdbf6dd57638ceb.mp3]	[sound:hypertts-8b9e3832ef3a601b7d8b681732fdc182e609f448e37faa2db1e3e1d2.mp3]	[sound:先月_セ＼ンケ゚ツ_1_NHK-2016.mp3]	せんげつ	せんげつ べんきょう しました。	"""<span style=""""box-shadow: inset -2px 2px 0 0px #FF6633;"""">セ</span><span style=""""box-shadow: inset 0px -2px 0 0px #FF6633;"""">ンケ<span style=""""color: red;"""">°</span>ツ</span> <span class=""""pitch_number"""">1</span>"""
1768042539237	1782883510	Doki Doki1-3 female_voice newVersion	今月	今[こん] 月[げつ]	こんげつ	kongetsu	ten miesiąc	 今月[こんげつ] 勉強[べんきょう]します。	W tym miesiącu się uczę.					 今月	[sound:hypertts-30d11b42ec6f7d933f7b711e172133ae08331bec037f1b65b57c1a8a.mp3]	[sound:hypertts-9ba893bff7d9bc0c57eef6bb337eea5f90b6456adc1cd6b3e6afd966.mp3]	[sound:今月_コンケ゚ツ━_0_NHK-2016.mp3]	こんげつ	こんげつ べんきょう します。	"""<span style=""""box-shadow: inset -2px -2px 0 0 #FF6633;"""">コ</span><span style=""""box-shadow: inset 0px 2px 0 0px #FF6633;"""">ンケ<span style=""""color: red;"""">°</span>ツ</span> <span class=""""pitch_number"""">0</span>"""
1768042539238	1782883508	Doki Doki1-3 female_voice newVersion	再来月	再[さ] 来[らい] 月[げつ]	さらいげつ	saraigetsu	za dwa miesiące	 再来月[さらいげつ] 学校[がっこう]に 行[い]きます。	Za dwa miesiące idę do szkoły.					 再[さ]来月	[sound:hypertts-2ea8b9787d8318e23bd14bf4248ab3298fa7c7460996fea779a16998.mp3]	[sound:hypertts-a598b7c2e2009d2c25818b99f1077444f208afe8252b04114da882fe.mp3]	[sound:再来月_サライケ゚ツ━_0_NHK-2016.mp3] [sound:再来月_サラ＼イケ゚ツ_2_NHK-2016.mp3]	さらいげつ	さらいげつ がっこう に いきます。	"""<span style=""""box-shadow: inset -2px -2px 0 0 #FF6633;"""">サ</span><span style=""""box-shadow: inset 0px 2px 0 0px #FF6633;"""">ライケ<span style=""""color: red;"""">°</span>ツ</span> <span class=""""pitch_number"""">0</span>, <span style=""""box-shadow: inset -2px -2px 0 0 #FF6633;"""">サ</span><span style=""""box-shadow: inset -2px 2px 0 0px #FF6633;"""">ラ</span><span style=""""box-shadow: inset 0px -2px 0 0px #FF6633;"""">イケ<span style=""""color: red;"""">°</span>ツ</span> <span class=""""pitch_number"""">2</span>"""
1768042539239	1782883435	Doki Doki1-3 female_voice newVersion	一昨年	一昨年[おととし]	おととし	ototoshi	przedzeszły rok	 一昨年[おととし] 勉強[べんきょう]しました。	W przedwzeszłym roku się uczyłem.						[sound:hypertts-391d706c7712ddf0908a6792ed4d90e20ca0bd3967101eda79ed8c1d.mp3]	[sound:hypertts-81d4bcc9274ea980078c972e37ce494dc18e2351dc425d67a21ca71f.mp3]		おととし	おととし べんきょう しました。	"""<span style=""""box-shadow: inset -2px -2px 0 0 #FF6633;"""">オ</span><span style=""""box-shadow: inset -2px 2px 0 0px #FF6633;"""">ト</span><span style=""""box-shadow: inset 0px -2px 0 0px #FF6633;"""">トシ</span> <span class=""""pitch_number"""">2</span>"""
1768042539240	1782883501	Doki Doki1-3 female_voice newVersion	昨年	昨[きょ] 年[ねん]	きょねん	kyonen	zeszły rok	 昨年[きょねん] 勉強[べんきょう]しました。	W zeszłym roku się uczyłem.						[sound:hypertts-ff4dcb147180892ea78c0aa31c809c25e833b1d6fafd3d1ab0b0cde7.mp3]	[sound:hypertts-b710959d368a78e72406398cfdbb3b8fbe263eb280a42109a79ba3c0.mp3]		きょねん	きょねん べんきょう しました。	
1768042539241	1782883435	Doki Doki1-3 female_voice newVersion	今年	今年[ことし]	ことし	kotoshi	ten rok	 今年[ことし] 勉強[べんきょう]します。	W tym roku się uczę.					今 年[とし]	[sound:hypertts-6ef725952e9655f5b3947f6d54fb8bc55896cb78ad12aa9cadc55f3e.mp3]	[sound:hypertts-d9132451abfcb6c7b53841a44d3e0f69a1f46eeed35ba57ff6bc0e45.mp3]		ことし	ことし べんきょう します。	"""<span style=""""box-shadow: inset -2px -2px 0 0 #FF6633;"""">コ</span><span style=""""box-shadow: inset 0px 2px 0 0px #FF6633;"""">トシ</span> <span class=""""pitch_number"""">0</span>"""
1768042539242	1782883622	Doki Doki1-3 female_voice newVersion	再来年	再[さ] 来[らい] 年[ねん]	さらいねん	sarainen	za dwa lata	 再来年[さらいねん] 勉強[べんきょう]します。	Za dwa lata będę się uczyć.					再[さ]来 年[ねん]	[sound:hypertts-96db3c640a3886b803cb378f9deb487bb49ca2124810d1388b471d26.mp3]	[sound:hypertts-50411cf1d85f5b9430e49bb3f047875305c0b687de2ad7ee235058e9.mp3]	[sound:再来年_サライネン━_0_NHK-2016.mp3]	さらいねん	さらいねん べんきょう します。	"""<span style=""""box-shadow: inset -2px -2px 0 0 #FF6633;"""">サ</span><span style=""""box-shadow: inset 0px 2px 0 0px #FF6633;"""">ライネン</span> <span class=""""pitch_number"""">0</span>"""
1768154863557	1775147485	Doki Doki1-3 female_voice newVersion	ボクス	ボクス	ボクス	bokusu	pudełko (box)	ボクスがあります。	Jest pudełko (box).			"""Słowo zapożyczone (gairaigo) z ang. """"box"""", rzadziej używane niż """"hako""""."""			[sound:hypertts-c1f8e605893299e6879388d84f19bc5aabea9776ef9dc571b1b1c7fd.mp3]	[sound:hypertts-a766a9d81e2d881fbe6e3ef67bd873bec2d94585a789e6039efdff7a.mp3]		ボクス	ボクス が あります。	
1768156765421	1781032174	Doki Doki1-3 male_voice newVersion	お誕生日おめでとう	お 誕生日[たんじょうび]おめでとう	おたんじょうびおめでとう	otanjoubi omedetou	Wszystkiego najlepszego z okazji urodzin	お 誕生日[たんじょうび]おめでとうございます。	Wszystkiego najlepszego z okazji urodzin (uprzejmie).			Standardowe życzenia.		お 誕[たん]生日おめでとう	[sound:hypertts-6053c5bc1d436d187f7755d273f4f6906754d6817d13d3f5be46ead3.mp3]	[sound:hypertts-1e6021449eed6fee13216ab4a099df7490ea3cc19ebdfbbb62e1aa5d.mp3]	[sound:お誕生日おめでとう_オタンジョウビオメデトウ_TAAS.mp3]	おたんじょうびおめでとう	おたんじょうび おめでとう ございます。	
1768646664152	1781185942	Doki Doki1-3 female_voice leech newVersion	偶に	 偶[たま]に	たまに	tama ni	czasami, sporadycznie	 偶[たま]に 映画[えいが]を 見[み]ます。	Czasami oglądam filmy.						[sound:hypertts-09c77bc93927ec7d2c1b74bd24e8cbf28fab1531d31d88f712351942.mp3]	[sound:hypertts-0fef97607712c4f268dcdf25462f28761d67c6e1804ca81a53b9b987.mp3]	[sound:偶に_タマニ_TAAS.mp3]	たまに	たまにえいがをみます。	"""<span style=""""box-shadow: inset -2px -2px 0 0 #FF6633;"""">タ</span><span style=""""box-shadow: inset 0px 2px 0 0px #FF6633;"""">マニ</span> <span class=""""pitch_number"""">0</span>"""
1768646664153	1782883629	Doki Doki1-3 female_voice newVersion	滅多に	滅[めっ] 多[た]に	めったに	metta ni	rzadko (z przeczeniem)	 滅多[めった]にお 酒[さけ]を 飲[の]みません。	Rzadko piję alkohol.			Wymaga czasownika w formie negatywnej (masen).			[sound:hypertts-1a27af2d887c9d7507fded64ca9b6725da0aac75e239d8ea2d8923c8.mp3]	[sound:hypertts-09d1d055ea8e87cc20eb01d300066c352f9c5653cee9c72c8e5fce29.mp3]	[sound:滅多に_メッタニ_TAAS.mp3]	めったに	めったにおさけをのみません。	"""<span style=""""box-shadow: inset -2px 2px 0 0px #FF6633;"""">メ</span><span style=""""box-shadow: inset 0px -2px 0 0px #FF6633;"""">ッタニ</span> <span class=""""pitch_number"""">1</span>"""
1768646664154	1779120932	Doki Doki1-3 female_voice leech newVersion	殆ど	 殆[ほとん]ど	ほとんど	hotondo	prawie wcale (z przeczeniem), prawie (z twierdzeniem)	ニュースは 殆[ほとん]ど 見[み]ません。	Prawie wcale nie oglądam wiadomości.			"""Użyte z przeczeniem oznacza """"prawie wcale"""". Z twierdzenie oznacza """"prawie, prawie wszystko, większość"""".&nbsp;"""			[sound:hypertts-8f9af2d38c38af5b121612e7167154f795bc3cb1b07820a50133abf0.mp3]	[sound:hypertts-80c75263bd655191468c21bf367fec4a7695b5943e275fe0cd1dbaac.mp3]	[sound:殆ど_ホト＼ンド_2_NHK-1998.mp3]	ほとんど	ニュースはほとんどみません。	"""<span style=""""box-shadow: inset -2px -2px 0 0 #FF6633;"""">ホ</span><span style=""""box-shadow: inset -2px 2px 0 0px #FF6633;"""">ト</span><span style=""""box-shadow: inset 0px -2px 0 0px #FF6633;"""">ンド</span> <span class=""""pitch_number"""">2</span>"""
1768646664155	1781520910	Doki Doki1-3 female_voice newVersion	ギター	ギター	ギター	gitaa	gitara	ギターを 弾[ひ]きます。	Gram na gitarze.						[sound:hypertts-cc4c6f2883730b812866ab1b37bf2f4d19999f24f85e624197b7aee2.mp3]	[sound:hypertts-17a0f4adbe51d58b9e42b212fadecb5fb2646d902115f63c9e03d70e.mp3]	[sound:ギター_ギ＼ター_1_NHK-2016.mp3]	ギター	ギターをひきます。	"""<span style=""""box-shadow: inset -2px 2px 0 0px #FF6633;"""">ギ</span><span style=""""box-shadow: inset 0px -2px 0 0px #FF6633;"""">ター</span> <span class=""""pitch_number"""">1</span>"""
1768646664156	1782884078	Doki Doki1-3 female_voice newVersion	十年前	十[じゅう] 年[ねん] 前[まえ]	じゅうねんまえ	juunen mae	10 lat temu	 十年前[じゅうねんまえ]、 学生[がくせい]でした。	10 lat temu byłem studentem.					 十 年前[ねんまえ]	[sound:hypertts-810f291134bc2d4b430522f5cc01a087419a72ba903f2e7c1af983da.mp3]	[sound:hypertts-bd040133b831e6cb19808f5cc808156760f6763cdd3b4bfdc0e7ab0f.mp3]		じゅうねんまえ	じゅうねんまえ、がくせいでした。	
1768646664157	1775147485	Doki Doki1-3 female_voice newVersion	グループ	グループ	グループ	guruupu	grupa	グループで 勉強[べんきょう]します。	Uczymy się w grupie.						[sound:hypertts-a28e57bbd7298f35aa35e1e795304b8b6ce5aa7d824a5bf2a68150c6.mp3]	[sound:hypertts-a07f3410105a3400b7cbfdf48e1847040713f1aa8eb747ff176cd8eb.mp3]	[sound:グループ_グル＼ープ_2_NHK-2016.mp3]	グループ	グループでべんきょうします。	"""<span style=""""box-shadow: inset -2px -2px 0 0 #FF6633;"""">グ</span><span style=""""box-shadow: inset -2px 2px 0 0px #FF6633;"""">ル</span><span style=""""box-shadow: inset 0px -2px 0 0px #FF6633;"""">ープ</span> <span class=""""pitch_number"""">2</span>"""
1768646664158	1775147485	Doki Doki1-3 female_voice newVersion	メンバー	メンバー	メンバー	menbaa	członek (grupy)	グループのメンバーです。	Jestem członkiem grupy.						[sound:hypertts-bdca179cda202634957c7a9c9d94ddbb3a010edb9ef1117d6c1b167f.mp3]	[sound:hypertts-973e59916064da457f8464ce53533cfdda7b86c2d2d18ea8ceef5b70.mp3]	[sound:メンバー_メ＼ンバー_1_NHK-2016.mp3]	メンバー	グループのメンバーです。	"""<span style=""""box-shadow: inset -2px 2px 0 0px #FF6633;"""">メ</span><span style=""""box-shadow: inset 0px -2px 0 0px #FF6633;"""">ンバー</span> <span class=""""pitch_number"""">1</span>"""
1768646664159	1781343486	Doki Doki1-3 female_voice newVersion	から	から	から	kara	od / z (miejsce, czas), ponieważ	 八時[はちじ]から 学校[がっこう]にいます。	Od ósmej jestem w szkole.			Partykula wskazująca punkt początkowy.			[sound:hypertts-00dbb28ba280d7706bf5521f3a63a41faee5694141a57447d4b4f7d7.mp3]	[sound:hypertts-ec30a22be755d62e3d3245c9e7ae49ddce451de2be6f668c4a7150f0.mp3]	[sound:から_カ＼ラ_1_NHK-2016.mp3]	から	はちじからがっこうにいます。	
1768646664160	1775147485	Doki Doki1-3 female_voice newVersion	まで	まで	まで	made	do (miejsce, czas)	 三時[さんじ]まで 勉強[べんきょう]します。	Uczę się do trzeciej.			Partykula wskazująca punkt końcowy.			[sound:hypertts-8d5084e5eb9f9caa0263ef495420c593be1c87d85173b7c02ad56346.mp3]	[sound:hypertts-600c2dc787a13428a422278090d17f42702d311b7a05e6866bbc6b36.mp3]	[sound:まで_マデ_JapanesePod101.mp3]	まで	さんじまでべんきょうします。	"""<span style=""""box-shadow: inset -2px -2px 0 0 #FF6633;"""">マ</span><span style=""""box-shadow: inset 0px 2px 0 0px #FF6633;"""">デ</span> <span class=""""pitch_number"""">0</span>"""
1768646664161	1782884078	Doki Doki1-3 female_voice newVersion	電車	電[でん] 車[しゃ]	でんしゃ	densha	pociąg	 電車[でんしゃ]で 行[い]きます。	Jadę pociągiem.						[sound:hypertts-96ed9fc3175cb551cda1e46e4a394d68730ffb78bf1488282c2af55f.mp3]	[sound:hypertts-6bf6c73f56fb3b8a4f5d232c92fc69f0ab696ec64b0fc61a75bd0ca3.mp3]	[sound:電車_デンシャ━_0_NHK-2016.mp3] [sound:電車_デ＼ンシャ_1_NHK-2016.mp3]	でんしゃ	でんしゃで　いきます。	"""<span style=""""box-shadow: inset -2px -2px 0 0 #FF6633;"""">デ</span><span style=""""box-shadow: inset 0px 2px 0 0px #FF6633;"""">ンシャ</span> <span class=""""pitch_number"""">0</span>, <span style=""""box-shadow: inset -2px 2px 0 0px #FF6633;"""">デ</span><span style=""""box-shadow: inset 0px -2px 0 0px #FF6633;"""">ンシャ</span> <span class=""""pitch_number"""">1</span>"""
1768648208349	1775147485	Doki Doki1-3 male_voice newVersion	スマホ	スマホ	スマホ	sumaho	smartfon	スマホで 写真[しゃしん]を 撮[と]ります。	Robię zdjęcia smartfonem.			"""Skrót od """"suma-tofon"""" (smartphone)."""			[sound:hypertts-901e5e59f00497211a14d189dc77744446a08a40b4222ea0528a4aec.mp3]	[sound:hypertts-f61b9a19d5d15c01f821f9a593048f42dc74ea3f1584cecf1388bf2f.mp3]	[sound:スマホ_スマホ━_0_NHK-2016.mp3]	スマホ	スマホでしゃしんをとります。	"""<span style=""""box-shadow: inset -2px -2px 0 0 #FF6633;"""">ス</span><span style=""""box-shadow: inset 0px 2px 0 0px #FF6633;"""">マホ</span> <span class=""""pitch_number"""">0</span>"""
1768648208350	1775147485	Doki Doki1-3 male_voice newVersion	パソコン	パソコン	パソコン	pasokon	komputer / PC	パソコンで 映画[えいが]を 見[み]ます。	Oglądam filmy na komputerze.			Skrót od &quot;pa-sonaru konpyu-ta-&quot; (personal computer).			[sound:hypertts-35446330827ee0e742ba9818f224d53923f90270f0e3d9976f902ca3.mp3]	[sound:hypertts-568e34e4e041357f9c8135747609d6ec027f66a1005e679da64c1b33.mp3]	[sound:パソコン_パソコン━_0_NHK-2016.mp3]	パソコン	パソコンでえいがをみます。	"""<span style=""""box-shadow: inset -2px -2px 0 0 #FF6633;"""">パ</span><span style=""""box-shadow: inset 0px 2px 0 0px #FF6633;"""">ソコン</span> <span class=""""pitch_number"""">0</span>"""
1768772008268	1782884078	Doki Doki1-3 female_voice newVersion	今度	今[こん] 度[ど]	こんど	kondo	następnym razem / tym razem	 今度[こんど]、コンサートに 行[い]きませんか。	Może pójdziemy następnym razem na koncert?			<div>Jeśli ktoś mówi „Kondo...” w odpowiedzi na zaproszenie, ale nie podaje konkretnej daty (np. „Kondo asobimashou” – pobawmy się kiedyś tam), często jest to uprzejma forma odmowy lub bardzo luźna propozycja, która może nigdy nie dojść do skutku.</div><div>Jeśli słyszysz&nbsp;<i>kondo</i>&nbsp;w odniesieniu do przyszłości, traktuj to jako „następnym razem / w najbliższym czasie”. Jeśli w odniesieniu do czegoś, co właśnie trwa – „tym razem”.</div>		今 度[ど]	[sound:hypertts-5fbceef847b6e7d6f4dca4d9d1db0f02af4ecfd094ac216bb4d2a80a.mp3]	[sound:hypertts-ab57981a48e5c08c3b498b1a3fbc6a005dd5312a0af90f46464c8018.mp3]	[sound:今度_コ＼ンド_1_NHK-2016.mp3]	こんど	こんど、コンサートにいきませんか。	"""<span style=""""box-shadow: inset -2px 2px 0 0px #FF6633;"""">コ</span><span style=""""box-shadow: inset 0px -2px 0 0px #FF6633;"""">ンド</span> <span class=""""pitch_number"""">1</span>"""
1768772008269	1791198980	Doki Doki1-3 female_voice newVersion	昼休み	昼[ひる] 休[やす]み	ひるやすみ	hiruyasumi	przerwa na lunch	 昼休[ひるやす]みは １２時[じゅうにじ]からです。	Przerwa na lunch jest od 12:00.						[sound:hypertts-fb8eae8a14e22206fe024b4c24fc13dec7b4ca2fe948eff9670a70b6.mp3]	[sound:hypertts-750983aeb8bc2521847e6638bf1a660c68b9a47f62ac3f6e2f61ccdb.mp3]	[sound:昼休み_ヒルヤ＼スミ_3_NHK-2016.mp3]	ひるやすみ	ひるやすみは１２じからです。	"""<span style=""""box-shadow: inset -2px -2px 0 0 #FF6633;"""">ヒ</span><span style=""""box-shadow: inset -2px 2px 0 0px #FF6633;"""">ルヤ</span><span style=""""box-shadow: inset 0px -2px 0 0px #FF6633;"""">スミ</span> <span class=""""pitch_number"""">3</span>"""
1768772008270	1781600476	Doki Doki1-3 female_voice newVersion	どのぐらい	どのぐらい	どのぐらい	donogurai	jak długo / ile czasu / ile mniej więcej?	 家[いえ]から 学校[がっこう]までどの 位[ぐらい]ですか。	Ile czasu zajmuje droga z domu do szkoły?			można zapisać w kanji: どの位			[sound:hypertts-dfde87d34eb0d499d99a0d9720a044a9131d977a1ab00d220eb18711.mp3]	[sound:hypertts-b7ecb9375849b92bd882c817ac22d05adf02eb797f710a8675bda2a1.mp3]	[sound:どの位_ドノクライ_JapanesePod101.mp3] [sound:どの位_ドノクライ_JapanesePod101(1).mp3] [sound:どの位_ドノクライ_JapanesePod101(2).mp3]	どのぐらい	いえからがっこうまでどのぐらいですか。	"""<span style=""""box-shadow: inset -2px -2px 0 0 #FF6633;"""">ド</span><span style=""""box-shadow: inset 0px 2px 0 0px #FF6633;"""">ノクライ</span> <span class=""""pitch_number"""">0</span>, <span style=""""box-shadow: inset -2px 2px 0 0px #FF6633;"""">ド</span><span style=""""box-shadow: inset 0px -2px 0 0px #FF6633;"""">ノクライ</span> <span class=""""pitch_number"""">1</span>"""
1768772008271	1775147485	Doki Doki1-3 female_voice newVersion	スクァッシュ	スクァッシュ	スクァッシュ	sukwasshu	squash (sport)	スクァッシュをしましょう！	Zagrajmy w squasha!						[sound:hypertts-c8e14e30cc5c36470e931bcedc81012ef320af0911e84bceed43c752.mp3]	[sound:hypertts-5d3fe2f58dc35fcd102c1afbec436963c321edc1f8918f22dd9ca97b.mp3]		スクァッシュ	スクァッシュをしましょう！	
1768772008272	1782884078	Doki Doki1-3 female_voice newVersion	年取った	年[とし] 取[と]った	としとった	toshitotta	stary (o ludziach/zwierzętach)	 年取[としと]った 猫[ねこ]に 餌[えさ]を 上[あ]げます。	Daję karmę staremu kotu.			Dosłownie: &quot;zestarzały&quot;. Używane do opisu wieku istot żywych.			[sound:hypertts-427aac65d74c7a6370dcb4464ba646a49ceefcbbf8250cb208517fa5.mp3]	[sound:hypertts-5373bbeadd74d915a184f022b63a26476d8dc2d9de6c96e664d834c4.mp3]		としとった	としとったねこにえさをあげます。	
1768772008273	1775147485	Doki Doki1-3 female_voice newVersion	餌	 餌[えさ]	えさ	esa	karma / jedzenie dla zwierząt	 猫[ねこ]に 餌[えさ]を 上[あ]げましょう。	Dajmy karmę kotu.						[sound:hypertts-95208db4d12d2e6d1b021146aefaba5fa3a9548cfffff0d2133ce071.mp3]	[sound:hypertts-f3d551ab48cfef24670417429cde94adf640e49cc494a8392142d78f.mp3]	[sound:餌_エサ━_0_NHK-2016.mp3] [sound:餌_エサ＼_2_NHK-2016.mp3]	えさ	ねこにえさをあげましょう。	"""<span style=""""box-shadow: inset -2px -2px 0 0 #FF6633;"""">エ</span><span style=""""box-shadow: inset 0px 2px 0 0px #FF6633;"""">サ</span> <span class=""""pitch_number"""">0</span>, <span style=""""box-shadow: inset -2px -2px 0 0 #FF6633;"""">エ</span><span style=""""box-shadow: inset -2px 2px 0 0px #FF6633;"""">サ</span> <span class=""""pitch_number"""">2</span>"""
1768772008274	1781611033	Doki Doki1-3 female_voice newVersion	あげる	あげる	あげる	ageru	dawać (komuś)	 猫[ねこ]に 餌[えさ]を あげます。	Daję karmę kotu.	あげます	あげません				[sound:hypertts-9437b8034299a98bf4b0511f2128edd4088674e3ea45b6368ef26969.mp3]	[sound:hypertts-5e4670d587b98bfd8c3dd0f1526bdda4beaa7dc563e764969d8622ee.mp3]	[sound:あげる_アケ゚ル━_0_NHK-2016.mp3]	あげる	ねこにえさをあげます。	"""<span style=""""box-shadow: inset -2px -2px 0 0 #FF6633;"""">ア</span><span style=""""box-shadow: inset 0px 2px 0 0px #FF6633;"""">ケ<span style=""""color: red;"""">°</span>ル</span> <span class=""""pitch_number"""">0</span>"""
1768772394896	1785593914	Doki Doki1-3 male_voice newVersion	休み	 休[やす]み	やすみ	yasumi	przerwa / wolne / odpoczynek (Dzień wolny, urlop lub dłuższy odpoczynek)	 明日[あした]は 休[やす]みです。	Jutro mam wolne (dzień wolny).			Może oznaczać krótką przerwę, dzień wolny od pracy lub wakacje. Czas trwania: Od dłuższego popołudnia, przez cały dzień, aż po urlop czy święta. Kontekst: Oznacza dzień wolny od pracy, lekcji, a także wakacje lub urlop. Może też oznaczać zamknięcie sklepu lub restauracji w danym dniu.			[sound:hypertts-91fe636f36f0665da4e695a84710c8de2695780697c3d3de86b4bd8b.mp3]	[sound:hypertts-ba57fa4cc1c4cce2874412e986a30ffbe388e447a54f69385783bdb3.mp3]	[sound:休み_ヤスミ＼_3_NHK-2016.mp3]	やすみ	あしたはやすみです。	"""<span style=""""box-shadow: inset -2px -2px 0 0 #FF6633;"""">ヤ</span><span style=""""box-shadow: inset -2px 2px 0 0px #FF6633;"""">スミ</span> <span class=""""pitch_number"""">3</span>"""
1769011957438	1782884078	Doki Doki1-3 female_voice newVersion	半分	半[はん] 分[ぶん]	はんぶん	hanbun	pół / połowa (np. ciasta, pracy) – samodzielny rzeczownik	ピザを 半分[はんぶん] 食[た]べます。	Zjem połowę pizzy.			Można używać do określania ilości jedzenia lub czasu (wpół do).		 半分	[sound:hypertts-dcfcade6e724fa530932fb876f0a596c4ade2fdb61c323d207d6995c.mp3]	[sound:hypertts-6fd1e8ca10c9746708439612c3e5fa3d19daff67bd0cda5f587eac6c.mp3]	[sound:半分_ハンブン━_0_NHK-2016.mp3] [sound:半分_ハンブ＼ン_3_NHK-2016.mp3]	はんぶん	ピザをはんぶんたべます	"""<span style=""""box-shadow: inset -2px -2px 0 0 #FF6633;"""">ハ</span><span style=""""box-shadow: inset 0px 2px 0 0px #FF6633;"""">ンブン</span> <span class=""""pitch_number"""">0</span>, <span style=""""box-shadow: inset -2px -2px 0 0 #FF6633;"""">ハ</span><span style=""""box-shadow: inset -2px 2px 0 0px #FF6633;"""">ンブ</span><span style=""""box-shadow: inset 0px -2px 0 0px #FF6633;"""">ン</span> <span class=""""pitch_number"""">3</span>"""
1769011957439	1782884078	Doki Doki1-3 female_voice leech newVersion	自分	自[じ] 分[ぶん]	じぶん	jibun	ja sam, siebie, własny	 自分[じぶん]の 本[ほん]を 読[よ]みます。	Czytam własną książkę.			Używaj z partykułą &quot;no&quot; (じぶんの), aby powiedzieć &quot;mój własny/swój&quot;.		 自[じ]分	[sound:hypertts-f71ab2df0c92ff9904f75b645bc6367feb6886e1c38a60fae21daf8b.mp3]	[sound:hypertts-1609cc1a736cec757d16225125aaef4dbea60f4ff3341826c94e60db.mp3]	[sound:自分_ジブン━_0_NHK-2016.mp3]	じぶん	じぶんのほんをよみます	"""<span style=""""box-shadow: inset -2px -2px 0 0 #FF6633;"""">ジ</span><span style=""""box-shadow: inset 0px 2px 0 0px #FF6633;"""">ブン</span> <span class=""""pitch_number"""">0</span>"""
1769253601125	1775147485	Doki Doki1-3 female_voice newVersion	はい、そうしましょう。	はい、そうしましょう。	はい、そうしましょう。	hai, sō shimashō	Tak, zróbmy tak (zgoda na propozycję).	 明日[あした]、 映画[えいが]を 見[み]ませんか。ーはい、そうしましょう。	Jutro obejrzymy film? - Tak, zróbmy tak.			Używane, gdy zgadzamy się na czyjąś propozycję (np. mashō ka).			[sound:hypertts-55a4b5deb530e3a38288a7aabe34df22bb975493d5cbd6917f9d42e3.mp3]	[sound:hypertts-2d175ce711d205d348d9a5492cc32ae3867bf01e4027eebd2820cec5.mp3]		はい、そうしましょう。	あした、えいがをみませんか。ーはい、そうしましょう。	
1769253601126	1775147485	Doki Doki1-3 female_voice newVersion	ごめんなさい。それはちょっと…。	ごめんなさい。それはちょっと…。	ごめんなさい。それはちょっと…。	gomennasai. sore wa chotto...	Przepraszam, to trochę... (grzeczna odmowa).	 明日[あした]、デパートに 行[い]きませんか。ーごめんなさい。それはちょっと…。	Jutro pójdziemy do domu towarowego? - Przepraszam, to trochę... (nie pasuje mi).			Japończycy rzadko mówią wprost &quot;nie&quot; (iie). &quot;Chotto&quot; sugeruje odmowę.			[sound:hypertts-303711d7594340584df7d6c000e286fe2c677830a961de978e9ae3ab.mp3]	[sound:hypertts-391405c08f3c517f929784282524368b219ade06ba84cc176847e25d.mp3]		ごめんなさい。それはちょっと…。	あした、デパートにいきませんか。ーごめんなさい。それはちょっと…。	
1769253601127	1782884078	Doki Doki1-3 female_voice newVersion	馬小屋	馬[うま] 小[ご] 屋[や]	うまごや	umagoya	stajnia	 馬小屋[うまごや]に 馬[うま]がいます。	W stajni jest koń.			Dosłownie &quot;koń&quot; + &quot;mała chatka&quot;. Uwaga na wymowę: uma-GO-ya (dźwięczne g).			[sound:hypertts-f19f1f6153d7d2a16de7c8ee4c49873ad0351ccb664d4dd6f11da272.mp3]	[sound:hypertts-6f25fcf4299ab82570859bbcbaf896373592967ba7d92269b936a2df.mp3]	[sound:馬小屋_ウマコ゚ヤ━_0_NHK-2016.mp3]	うまごや	うまごやにうまがいます。	"""<span style=""""box-shadow: inset -2px -2px 0 0 #FF6633;"""">ウ</span><span style=""""box-shadow: inset 0px 2px 0 0px #FF6633;"""">マコ<span style=""""color: red;"""">°</span>ヤ</span> <span class=""""pitch_number"""">0</span>"""
1769253601128	1783578921	Doki Doki1-3 female_voice leech newVersion	以上です	 以[い] 上[じょう]です	いじょうです	ijō desu	To wszystko (koniec wypowiedzi/zamówienia).	はい、 以上[いじょう]です。	Tak, to wszystko.			Standardowa fraza kończąca zamówienie w restauracji.		以[い]上です	[sound:hypertts-0658a027e57582f8c767bc0c1fc7327452bbc17a5d381aa075a454ab.mp3]	[sound:hypertts-07c1c66a707df9a5154fdd921bb93d10db12610dcd36eb2b83f2794a.mp3]		いじょうです	はい、いじょうです。	
1769253601129	1775147485	Doki Doki1-3 female_voice newVersion	え。。。と	え。。。と	え。。。と	e...to	Yyy... / Hmm... (zastanawianie się).	え。。。と、これは 何[なん]ですか。	Yyy... co to jest?			Wypełniacz ciszy, gdy szukamy słowa.			[sound:hypertts-9dd7690d2400905196f9cbc2bace0f2e6dbe7efacd240037ed4ac3a7.mp3]	[sound:hypertts-0ada5721324a436cfd276e0db8dc6f0912fbd69a8789e95fb1870ab9.mp3]	[sound:え_エ━_0_NHK-2016.mp3] [sound:え_エ＼_1_NHK-2016.mp3] [sound:と_ト━_0_NHK-2016.mp3] [sound:と_ト＼_1_NHK-2016.mp3]	え。。。と	え。。。と、これはなんですか。	"""<span style=""""box-shadow: inset -2px -2px 0 0 #FF6633;"""">エ</span> <span class=""""pitch_number"""">0</span>, <span style=""""box-shadow: inset -2px 2px 0 0px #FF6633;"""">エ</span> <span class=""""pitch_number"""">1</span>"""
1769253601130	1775147485	Doki Doki1-3 female_voice newVersion	すいませーん	すいませーん	すいませーん	suimasēn	Przepraszam-aaa! (głośne wołanie obsługi).	すいませーん！これをお 願[ねが]いします！	Przepraszam! Poproszę to!			Potoczna, &quot;wykrzyczana&quot; wersja sumimasen, używana do zwrócenia na siebie uwagi w gwarze (jak na obrazku).			[sound:hypertts-b65a25b99860468fa489f30a796552dc5fe6b83907f19cc77512e1c7.mp3]	[sound:hypertts-f4f74e4f30d78ed642be00df4e429bbe2036c2bdc05ac42d7225693a.mp3]		すいませーん	すいませーん！これをおねがいします！	
1769253601131	1775147485	Doki Doki1-3 female_voice newVersion	これをお願いします	これをお 願[ねが]いします	これをおねがいします	kore o onegaishimasu	Poproszę to (wskazując w menu).	すみません、これをお 願[ねが]いします。	Przepraszam, poproszę to.			Bardzo przydatne, gdy nie umiemy przeczytać nazwy potrawy.			[sound:hypertts-8fdee94cfc5ceb3b670ac3176dd20678ff74deea2ff23ab9795d2ee8.mp3]	[sound:hypertts-4619686cbb4978371b3b54fe1efd881c56dc63a7bd16755f473880bf.mp3]		これをおねがいします	すみません、これをおねがいします。	
1769253601132	1782884350	Doki Doki1-3 female_voice newVersion	お会計	お 会計[かいけい]	おかいけい	okaikei	rachunek / płatność	お 会計[かいけい]は ２０００円[にせんえん]です。	Rachunek wynosi 2000 jenów.			"""Słowo z przedrostkiem """"o"""" (grzecznościowe). Bez """"o"""" to """"kaikei""""."""			[sound:hypertts-8bc514c5f54476e9e659c94ed233cfd685c916e90616941d879c7373.mp3]	[sound:hypertts-a47500ec6ba888803efb4ccac7f401ac95b0d0f2d86e67cc480ffa56.mp3]		おかいけい	おかいけいは２０００えんです。	"""<span style=""""box-shadow: inset -2px -2px 0 0 #FF6633;"""">オ</span><span style=""""box-shadow: inset -2px 2px 0 0px #FF6633;"""">カ</span><span style=""""box-shadow: inset 0px -2px 0 0px #FF6633;"""">イケイ</span> <span class=""""pitch_number"""">2</span>"""
1769253601133	1782884422	Doki Doki1-3 female_voice newVersion	お会計をお願いします	お 会計[かいけい]をお 願[ねが]いします	おかいけいをおねがいします	okaikei o onegaishimasu	Poproszę o rachunek.	すみません、お 会計[かいけい]をお 願[ねが]いします。	Przepraszam, poproszę o rachunek.			Gotowy zwrot do użycia na koniec wizyty.			[sound:hypertts-204c98e7547c8672d8854971c4fca96d094547087a820bb8445cfd91.mp3]	[sound:hypertts-0fd542a8ea75795b25ebb26aa2e0bb13c7f8e896288939e66afd7ea1.mp3]		おかいけいをおねがいします	すみません、おかいけいをおねがいします。	
1769253601134	1782884078	Doki Doki1-3 female_voice newVersion	何名様ですか	何[なん] 名[めい] 様[さま]ですか	なんめいさまですか	nanmeisama desu ka	Ile osób? (pytanie o stolik).	いらっしゃいませ。 何名様[なんめいさま]ですか。	Witamy. Ile osób?			Bardzo grzeczna forma pytania &quot;nan nin desu ka&quot;.			[sound:hypertts-8859f6b1a74900aff57bf9b971dcb507302c17b2ffed79326be12a02.mp3]	[sound:hypertts-04d08295bc66fe015b8c5aff5aa57895fbce1a18dd19e6699104472b.mp3]		なんめいさまですか	いらっしゃいませ。なんめいさまですか。	
1769253601135	1775147485	Doki Doki1-3 female_voice newVersion	メニューをどうぞ	メニューをどうぞ	メニューをどうぞ	meniyū o dōzo	Proszę, oto menu.	はい、メニューをどうぞ。	Tak, proszę, oto menu.						[sound:hypertts-ba03239d4f32ed3e25322033ddfdeec69ff9926aa015e578eb71ee65.mp3]	[sound:hypertts-22c62a38711d68385583cde2b7646fe558e010924fbf0c3039c4b870.mp3]		メニューをどうぞ	はい、メニューをどうぞ。	
1769253601136	1775147485	Doki Doki1-3 female_voice newVersion	お冷	お 冷[ひや]	おひや	ohiya	zimna woda (podawana w restauracji)	すみません、お 冷[ひや]をください。	Przepraszam, poproszę zimną wodę.			Specjalne słowo na wodę w restauracji (zwykle darmową).			[sound:hypertts-6fd03a5290d4f7a80854c4ed3b6584c73c71da367788e1e93a204b80.mp3]	[sound:hypertts-e5f9f3019cc9678e0b4db000dbb8cf9c1abdcddaccde0937f7a3583e.mp3]	[sound:お冷_オヒ＼ヤ_2_NHK-2016.mp3]	おひや	すみません、おひやをください。	"""<span style=""""box-shadow: inset -2px -2px 0 0 #FF6633;"""">オ</span><span style=""""box-shadow: inset -2px 2px 0 0px #FF6633;"""">ヒ</span><span style=""""box-shadow: inset 0px -2px 0 0px #FF6633;"""">ヤ</span> <span class=""""pitch_number"""">2</span>"""
1769253601137	1775147485	Doki Doki1-3 male_voice newVersion	お絞り	お 絞[しぼ]り	おしぼり	oshibori	wilgotny ręcznik (do rąk)	はい、お 絞[しぼ]りをどうぞ。	Proszę, oto ręcznik do rąk.			Podawany przed posiłkiem do wytarcia dłoni.			[sound:hypertts-86138a16c3d24b7f4cf34fb69e4ecf99db61fbc83872a8d3e1987011.mp3]	[sound:hypertts-03acbc31efeb2e2f2105feec8765a7f963ebc4b9e6fe2b35fd55f834.mp3]	[sound:お絞り_オシ＼ボリ_2_NHK-1998.mp3]	おしぼり	はい、おしぼりをどうぞ。	"""<span style=""""box-shadow: inset -2px -2px 0 0 #FF6633;"""">オ</span><span style=""""box-shadow: inset -2px 2px 0 0px #FF6633;"""">シ</span><span style=""""box-shadow: inset 0px -2px 0 0px #FF6633;"""">ボリ</span> <span class=""""pitch_number"""">2</span>"""
1769253601138	1791359790	Doki Doki1-3 male_voice newVersion	無料	無[む] 料[りょう]	むりょう	muryō	bezpłatny / za darmo	この 水[みず]は 無料[むりょう]ですか。	Czy ta woda jest za darmo?			"""Przeciwieństwo """"yūryō"""" (płatne)."""			[sound:hypertts-26739008ca866e32263fae84ca7ec9e86e1947593217007a259064a5.mp3]	[sound:hypertts-60a84bb9a1944e2fb8aac340995791bd96ca84546f98ff1bf4a2b411.mp3]	[sound:無料_ムリョー━_0_NHK-2016.mp3] [sound:無料_ム＼リョー_1_NHK-2016.mp3]	むりょう	このみずはむりょうですか。	"""<span style=""""box-shadow: inset -2px -2px 0 0 #FF6633;"""">ム</span><span style=""""box-shadow: inset 0px 2px 0 0px #FF6633;"""">リョー</span> <span class=""""pitch_number"""">0</span>, <span style=""""box-shadow: inset -2px 2px 0 0px #FF6633;"""">ム</span><span style=""""box-shadow: inset 0px -2px 0 0px #FF6633;"""">リョー</span> <span class=""""pitch_number"""">1</span>"""
1769253601139	1782884350	Doki Doki1-3 male_voice newVersion	ご注文	ご 注文[ちゅうもん]	ごちゅうもん	gochūmon	zamówienie (grzecznie)	ご 注文[ちゅうもん]は？	Co dla Państwa? (jakie jest zamówienie?)			Słowo &quot;chūmon&quot; z przedrostkiem grzecznościowym &quot;go&quot;.			[sound:hypertts-2d7e8df59015cb3a7e386c9c4ef2abf0320b89e471b70801fe9fa4b0.mp3]	[sound:hypertts-271ed9107ae39aeb0c8af3b2fd711a4256b8f741e22130663959439d.mp3]	[sound:ご注文_ゴチュウモン_JapanesePod101.mp3]	ごちゅうもん	ごちゅうもんは？	
1769253601140	1782884444	Doki Doki1-3 male_voice newVersion	ご注文がお決まりになりましたらお呼びください	ご 注文[ちゅうもん]がお 決[き]まりになりましたらお 呼[よ]びください	ごちゅうもんがおきまりになりましたらおよびください	gochūmon ga okimari ni narimashitara oyobi kudasai	Proszę dać znać, jak zdecydują się Państwo zamówić.	メニューをどうぞ。ご 注文[ちゅうもん]がお 決[き]まりになりましたらお 呼[よ]びください。	Proszę, oto menu. Proszę dać znać, jak zdecydują się Państwo zamówić.			Długa fraza, którą kelner mówi zostawiając menu. Oznacza &quot;Gdy już wybierzecie, zawołajcie mnie&quot;.			[sound:hypertts-b0a574e397dc15a16a946e7977ecce9242d27b41cd786940bc4aca62.mp3]	[sound:hypertts-fb311489b55ba9079c48fb69bd7a8024e6909d6930ea1dd6b6b76b5e.mp3]		ごちゅうもんがおきまりになりましたらおよびください	メニューをどうぞ。ごちゅうもんがおきまりになりましたらおよびください。	
1769253601141	1782884078	Doki Doki1-3 male_voice newVersion	営業中	営[えい] 業[ぎょう] 中[ちゅう]	えいぎょうちゅう	eigyōchū	Otwarte (restauracja/sklep)	 営業中[えいぎょうちゅう]です。	Mamy otwarte.			Dosłownie &quot;w trakcie biznesu&quot;. Taki napis wisi na drzwiach.		営業[えいぎょう]中	[sound:hypertts-2668e1f0bb859c51a85d5af9210bbf1da0b41ad1980104566b1f5c1c.mp3]	[sound:hypertts-9373158733ed64e6daad56fbe7ba3f5b384ff57f7e2820e71588f256.mp3]	[sound:営業中_エイギョウチュウ_TAAS.mp3]	えいぎょうちゅう	えいぎょうちゅうです。	
1769253601142	1782884078	Doki Doki1-3 leech male_voice newVersion	準備中	準[じゅん] 備[び] 中[ちゅう]	じゅんびちゅう	junbichū	Zamknięte (w trakcie przygotowań)	 準備中[じゅんびちゅう]です。	Jesteśmy zamknięci (w przygotowaniu).			Dosłownie &quot;w trakcie przygotowań&quot;. Oznacza przerwę lub że jeszcze nie otwarto.		準備[じゅんび]中	[sound:hypertts-cd287c0fa5a31c36122aa4d1f4d1d83abc804cdd1e0b3743c4459785.mp3]	[sound:hypertts-a7eb3e3949074a12f26b18c94a03fae21018ab7c4e0453109b12384e.mp3]	[sound:準備中_ジュンビチュウ_JapanesePod101.mp3]	じゅんびちゅう	じゅんびちゅうです。	
1769856709613	1775147485	Doki Doki1-3 male_voice newVersion	オランダ	オランダ	オランダ	oranda	Holandia	オランダに 行[い]きたいです	Chcę pojechać do Holandii			kraj	オランダに行きたいです		[sound:hypertts-f24ae6d124174183154c7f58cf8c43c4f2a7057f4f2f75026e780830.mp3]	[sound:hypertts-0bfdd6ff1f0904e6b3eb94ddebb8eaa5823364f47ee301b3c4a6a17e.mp3]	[sound:オランダ_オランダ━_0_NHK-2016.mp3]	オランダ	オランダに<ruby>行<rt>い</rt></ruby>きたいです	"""<span style=""""box-shadow: inset -2px -2px 0 0 #FF6633;"""">オ</span><span style=""""box-shadow: inset 0px 2px 0 0px #FF6633;"""">ランダ</span> <span class=""""pitch_number"""">0</span>"""
1769856709616	1775147485	Doki Doki1-3 male_voice newVersion	エネルギー	エネルギー	エネルギー	enerugii	energia	エネルギーが 高[たか]いです	Energia jest droga				エネルギーが高いです		[sound:hypertts-f45189b1b8bbb3f3ee93aac7f0fa429e6db74b94865b77017de77192.mp3]	[sound:hypertts-c2bac6cb1fe8344b383ff59d5ec0e6bbe4f1ac432c871c86acc58b10.mp3]	[sound:エネルギー_エネ＼ルギー_2_NHK-2016.mp3] [sound:エネルギー_エネル＼ギー_3_NHK-2016.mp3]	エネルギー	エネルギーが<ruby>高<rt>たか</rt></ruby>いです	"""<span style=""""box-shadow: inset -2px -2px 0 0 #FF6633;"""">エ</span><span style=""""box-shadow: inset -2px 2px 0 0px #FF6633;"""">ネ</span><span style=""""box-shadow: inset 0px -2px 0 0px #FF6633;"""">ルギー</span> <span class=""""pitch_number"""">2</span>, <span style=""""box-shadow: inset -2px -2px 0 0 #FF6633;"""">エ</span><span style=""""box-shadow: inset -2px 2px 0 0px #FF6633;"""">ネル</span><span style=""""box-shadow: inset 0px -2px 0 0px #FF6633;"""">ギー</span> <span class=""""pitch_number"""">3</span>"""
1769856709621	1775147485	Doki Doki1-3 female_voice newVersion	タトゥー	タトゥー	タトゥー	tatuu	tatuaż	アニメのタトゥーがあります	Mam tatuaż z anime			zapożyczenie (słowo irezumi kojarzy się w Japonii bardziej z yakuzą)	アニメのタトゥーがあります		[sound:hypertts-26f942b74708cdd6ac13b6aa8e516a8ec5bc6826748915038835c6d7.mp3]	[sound:hypertts-201a662be3781850332fdeaa2e00e7754e867e2fe681cd1e93e899f7.mp3]	[sound:タトゥー_タトゥ＼ー_2_NHK-2016.mp3]	タトゥー	アニメのタトゥーがあります	"""<span style=""""box-shadow: inset -2px 2px 0 0px #FF6633;"""">タ</span><span style=""""box-shadow: inset 0px -2px 0 0px #FF6633;"""">トゥー</span> <span class=""""pitch_number"""">1</span>, <span style=""""box-shadow: inset -2px -2px 0 0 #FF6633;"""">タ</span><span style=""""box-shadow: inset -2px 2px 0 0px #FF6633;"""">トゥ</span><span style=""""box-shadow: inset 0px -2px 0 0px #FF6633;"""">ー</span> <span class=""""pitch_number"""">2</span>"""
1769856709625	1775147485	Doki Doki1-3 female_voice newVersion	センター	センター	センター	sentaa	centrum	センターに 行[い]きます	Idę do centrum				センターに行きます		[sound:hypertts-b69c45f67fdd42d018915dcfff2d1aba84416b56a71d7ffd3e9c624f.mp3]	[sound:hypertts-8cadf8f1e7c09ff6a65ae29e66ed5a5238c036810d53f04ee17c6ce2.mp3]	[sound:センター_セ＼ンター_1_NHK-2016.mp3]	センター	センターに<ruby>行<rt>い</rt></ruby>きます	"""<span style=""""box-shadow: inset -2px 2px 0 0px #FF6633;"""">セ</span><span style=""""box-shadow: inset 0px -2px 0 0px #FF6633;"""">ンター</span> <span class=""""pitch_number"""">1</span>"""
1769856709627	1775147485	Doki Doki1-3 female_voice newVersion	ホームオフィス	ホームオフィス	ホームオフィス	hoomu ofisu	home office / praca z domu	 今日[きょう]はホームオフィスです	Dzisiaj mam home office				今日はホームオフィスです		[sound:hypertts-a4e5f3fea7269b49258cab681f2250fb864bd5dc93113d2aa397d8c4.mp3]	[sound:hypertts-604068cb76504d0894f302df366292759472c6ce22ac40b3e914a8b4.mp3]		ホームオフィス	<ruby>今日<rt>きょう</rt></ruby>はホームオフィスです	
1769856709629	1775147485	Doki Doki1-3 female_voice newVersion	キッチン	キッチン	キッチン	kicchin	kuchnia (zapożyczone)	キッチンはきれいです	Kuchnia jest czysta			zapożyczenie	キッチン		[sound:hypertts-e6212c5957d33b04197f9c7fb81eba6df8483c8ad7b5cc750a919dd0.mp3]	[sound:hypertts-9c7040e8242a5dc885f9768eb8756b75fe942b32a9a31155d2ea834b.mp3]	[sound:キッチン_キ＼ッチン_1_NHK-2016.mp3]	キッチン	キッチンはきれいです	"""<span style=""""box-shadow: inset -2px 2px 0 0px #FF6633;"""">キ</span><span style=""""box-shadow: inset 0px -2px 0 0px #FF6633;"""">ッチン</span> <span class=""""pitch_number"""">1</span>"""
1769858247202	1782884078	Doki Doki1-3 female_voice newVersion	書道	書[しょ] 道[どう]	しょどう	shodou	kaligrafia	 書道[しょどう]を 習[なら]います	Uczę się kaligrafii			kultura	書道を習います		[sound:hypertts-b84bcd0b32d382347ce24a3a4ae30348119fadb6add85d37bbda35de.mp3]	[sound:hypertts-117d0a946798a0172fbd3f98ad67eb315cff14033bd84d4a74603f11.mp3]	[sound:書道_ショ＼ドー_1_NHK-2016.mp3]	<ruby>書道<rt>しょどう</rt></ruby>	<ruby>書道<rt>しょどう</rt></ruby>を<ruby>習<rt>なら</rt></ruby>います	"""<span style=""""box-shadow: inset -2px 2px 0 0px #FF6633;"""">ショ</span><span style=""""box-shadow: inset 0px -2px 0 0px #FF6633;"""">ドー</span> <span class=""""pitch_number"""">1</span>"""
1769858247203	1782884078	Doki Doki1-3 female_voice leech newVersion	交通政策	交[こう] 通[つう] 政[せい] 策[さく]	こうつうせいさく	koutsuu seisaku	polityka transportowa	 交通政策[こうつうせいさく]を 勉強[べんきょう]します	Studiuję politykę transportową				交通政策を勉強します		[sound:hypertts-baa8ec118616ae5389f5202bff88f43a7456d9ffbb69b27bf9184b57.mp3]	[sound:hypertts-eb6e29de66318b153346401b37e5b0ccae255dce8e866902103c220e.mp3]		<ruby>交通政策<rt>こうつうせいさく</rt></ruby>	<ruby>交通政策<rt>こうつうせいさく</rt></ruby>を<ruby>勉強<rt>べんきょう</rt></ruby>します	"""<span style=""""box-shadow: inset -2px -2px 0 0 #FF6633;"""">コ</span><span style=""""box-shadow: inset -2px 2px 0 0px #FF6633;"""">ウツウセ</span><span style=""""box-shadow: inset 0px -2px 0 0px #FF6633;"""">イサク</span> <span class=""""pitch_number"""">5</span>"""
1769858247204	1775147485	Doki Doki1-3 female_voice newVersion	オランダ語	オランダ 語[ご]	オランダご	orandago	język niderlandzki (holenderski)	オランダ 語[ご]が 分[わ]かります	Rozumiem język niderlandzki				オランダ語が分かります		[sound:hypertts-4ef630c6c99e2820c04ea168444a95663a104f9591c0683041d57db3.mp3]	[sound:hypertts-27da728b72d266c6c7569c4e86a6d8f62ec60b24abb2176bfe684f60.mp3]	[sound:オランダ語_オランダゴ_JapanesePod101.mp3]	オランダ<ruby>語<rt>ご</rt></ruby>	オランダ<ruby>語<rt>ご</rt></ruby>が<ruby>分<rt>わ</rt></ruby>かります	"""<span style=""""box-shadow: inset -2px -2px 0 0 #FF6633;"""">オ</span><span style=""""box-shadow: inset 0px 2px 0 0px #FF6633;"""">ランダゴ</span> <span class=""""pitch_number"""">0</span>"""
1769858247205	1782884078	Doki Doki1-3 female_voice leech newVersion	会計	会[かい] 計[けい]	かいけい	kaikei	księgowość	 会計[かいけい]の 仕事[しごと]をします	Pracuję w księgowości				会計の仕事をします	 会計[かいけい]	[sound:hypertts-3a8d5d4dffac8b0b26e29bfaeab6f9ef99dd6dbb5b82cb01de584ee4.mp3]	[sound:hypertts-dbdd9efcac4e9289f12a5648df80d02ba621a7ea39045b36173be146.mp3]	[sound:会計_カイケー━_0_NHK-2016.mp3]	<ruby>会計<rt>かいけい</rt></ruby>	<ruby>会計<rt>かいけい</rt></ruby>の<ruby>仕事<rt>しごと</rt></ruby>をします	"""<span style=""""box-shadow: inset -2px -2px 0 0 #FF6633;"""">カ</span><span style=""""box-shadow: inset 0px 2px 0 0px #FF6633;"""">イケイ</span> <span class=""""pitch_number"""">0</span>"""
1769858247206	1782884078	Doki Doki1-3 female_voice newVersion	山岳	山[さん] 岳[がく]	さんがく	sangaku	łańcuch górski / góry	 山岳[さんがく]に 行[い]きます	Idę w góry				山岳に行きます	山 岳[がく]	[sound:hypertts-253f0f8afeb87b733e924f95ea6c122209316e96ad8897fa0de59c67.mp3]	[sound:hypertts-a9c975afa11f3089ad35d09faf346ac171f44895234d0588a11773f1.mp3]	[sound:山岳_サンカ゚ク━_0_NHK-2016.mp3]	<ruby>山岳<rt>さんがく</rt></ruby>	<ruby>山岳<rt>さんがく</rt></ruby>に<ruby>行<rt>い</rt></ruby>きます	"""<span style=""""box-shadow: inset -2px -2px 0 0 #FF6633;"""">サ</span><span style=""""box-shadow: inset 0px 2px 0 0px #FF6633;"""">ンカ<span style=""""color: red;"""">°</span>ク</span> <span class=""""pitch_number"""">0</span>"""
1769858247207	1781031185	Doki Doki1-3 female_voice newVersion	南	 南[みなみ]	みなみ	minami	południe (kierunek)	 南[みなみ]に 行[い]きます	Jadę na południe				南に行きます	南	[sound:hypertts-702c290eb48a1bd2be4032d9fea5a0836c1e84d4c868e8399220c6a4.mp3]	[sound:hypertts-5948760b69f3dd270f7be526eeade1d503aa0db885ffc6c964f55d72.mp3]	[sound:南_ミナミ━_0_NHK-2016.mp3]	<ruby>南<rt>みなみ</rt></ruby>	<ruby>南<rt>みなみ</rt></ruby>に<ruby>行<rt>い</rt></ruby>きます	"""<span style=""""box-shadow: inset -2px -2px 0 0 #FF6633;"""">ミ</span><span style=""""box-shadow: inset 0px 2px 0 0px #FF6633;"""">ナミ</span> <span class=""""pitch_number"""">0</span>"""
1769858247209	1782884350	Doki Doki1-3 female_voice newVersion	ゲーム会社の法律家	ゲーム 会社[がいしゃ]の 法[ほう] 律[りつ] 家[か]	ゲームがいしゃのほうりつか	geemugaisha no houritsuka	prawnik w firmie produkującej gry	 彼[かれ]はゲーム 会社[がいしゃ]の 法律家[ほうりつか]です	On jest prawnikiem w firmie growej			rendaku: kaisha -> gaisha	彼はゲーム会社の法律家です		[sound:hypertts-e3c66686d523ff5d5b33e820bc237eaa0a81874c3e14dead27eb29f0.mp3]	[sound:hypertts-b20dc4b348aa0b7250f317830ff5b5bef36cdfc8f83a4fafb1ada99d.mp3]		ゲーム<ruby>会社<rt>がいしゃ</rt></ruby>の<ruby>法律家<rt>ほうりつか</rt></ruby>	<ruby>彼<rt>かれ</rt></ruby>はゲーム<ruby>会社<rt>がいしゃ</rt></ruby>の<ruby>法律家<rt>ほうりつか</rt></ruby>です	
1769858247211	1782884078	Doki Doki1-3 female_voice newVersion	法律	法[ほう] 律[りつ]	ほうりつ	houritsu	prawo	 法律[ほうりつ]を 勉強[べんきょう]します	Studiuję prawo				法律を勉強します		[sound:hypertts-8b96f0522b030956f6646408c13b541852495703277a7bbb0f860e02.mp3]	[sound:hypertts-605b6d3f73b99c0a895720d887fea6cb3d4f596362873edd81893120.mp3]	[sound:法律_ホーリツ━_0_NHK-2016.mp3]	<ruby>法律<rt>ほうりつ</rt></ruby>	<ruby>法律<rt>ほうりつ</rt></ruby>を<ruby>勉強<rt>べんきょう</rt></ruby>します	"""<span style=""""box-shadow: inset -2px -2px 0 0 #FF6633;"""">ホ</span><span style=""""box-shadow: inset 0px 2px 0 0px #FF6633;"""">ーリツ</span> <span class=""""pitch_number"""">0</span>"""
1769858247212	1782884078	Doki Doki1-3 female_voice newVersion	法律家	法[ほう] 律[りつ] 家[か]	ほうりつか	houritsuka	prawnik (ogólne pojęcie), jurysta, znawca prawa	 彼[かれ]は 有名[ゆうめい]な 法律家[ほうりつか]です	On jest znanym jurystą (znawcą prawa)			Termin szerszy niż adwokat. Obejmuje też sędziów i teoretyków prawa.	彼は有名な法律家です		[sound:hypertts-f61e6552f5ab8b0a5a2015aef0428483c99c5b11922ebaf4ad0ad2a2.mp3]	[sound:hypertts-76660124396f155a6991773d0ecc0f3d9c1803b635dbfff4d0df6234.mp3]	[sound:法律家_ホーリツカ━_0_NHK-2016.mp3]	<ruby>法律家<rt>ほうりつか</rt></ruby>	<ruby>彼<rt>かれ</rt></ruby>は<ruby>有名<rt>ゆうめい</rt></ruby>な<ruby>法律家<rt>ほうりつか</rt></ruby>です	"""<span style=""""box-shadow: inset -2px -2px 0 0 #FF6633;"""">ホ</span><span style=""""box-shadow: inset 0px 2px 0 0px #FF6633;"""">ーリ<span style=""""color: royalblue;"""">ツ</span>カ</span> <span class=""""pitch_number"""">0</span>"""
1769858247218	1775147485	Doki Doki1-3 male_voice newVersion	絵を描きます	 絵[え]を 描[か]きます	えをかきます	e o kakimasu	maluję obrazy / rysuję	 趣味[しゅみ]は 絵[え]を 描[か]くことです	Moim hobby jest malowanie	かきます	かきません		趣味は絵を描くことです		[sound:hypertts-6d37c41ba1d5a44b4eac39e3d0e3798c8897967fccdee0e18a67dcdd.mp3]	[sound:hypertts-0d07c86a0691da714ab54da426e62b9aaabe1cdf8ded96016875c68b.mp3]		<ruby>絵<rt>え</rt></ruby>を<ruby>描<rt>か</rt></ruby>きます	<ruby>趣味<rt>しゅみ</rt></ruby>は<ruby>絵<rt>え</rt></ruby>を<ruby>描<rt>か</rt></ruby>くことです	
1769858247219	1781614403	Doki Doki1-3 Doki1-4 male_voice newVersion	絵	 絵[え]	え	e	obraz	 子供[こども]の 絵[え]を 見[み]ます。	Oglądam obrazek dziecka.			rzeczownik	子供の絵を見ます。		[sound:hypertts-86e330573edcfb91b2b190dc8fcb84e973b0bedbd66994d06e462a8e.mp3]	[sound:hypertts-d86a0d88fbb45f67e579a9c2645d2327329ab89f77b4c320a1a8adbb.mp3]	[sound:絵_エ＼_1_NHK-2016.mp3]	<ruby>絵<rt>え</rt></ruby>	<ruby>子供<rt>こども</rt></ruby>の<ruby>絵<rt>え</rt></ruby>を<ruby>見<rt>み</rt></ruby>ます。	"""<span style=""""box-shadow: inset -2px 2px 0 0px #FF6633;"""">エ</span> <span class=""""pitch_number"""">1</span>"""
1769858247221	1781614403	Doki Doki1-3 male_voice newVersion	描く	 描[か]く	かく	kaku	malować / rysować	 絵[え]を 描[か]きます	Maluję obraz	かきます	かきません	czasownik	絵を描きます		[sound:hypertts-e2be607e38d24ec353d464dce7466e4f205f2ecbac724c5f1c523e5a.mp3]	[sound:hypertts-b82d0cf31f271245ce0dece29b13e05b13b9c03c376b6ab5f2e2fa71.mp3]	[sound:描く_カ＼ク_1_NHK-2016.mp3]	<ruby>描<rt>か</rt></ruby>く	<ruby>絵<rt>え</rt></ruby>を<ruby>描<rt>か</rt></ruby>きます	"""<span style=""""box-shadow: inset -2px 2px 0 0px #FF6633;"""">カ</span><span style=""""box-shadow: inset 0px -2px 0 0px #FF6633;"""">ク</span> <span class=""""pitch_number"""">1</span>"""
1769858247226	1775147485	Doki Doki1-3 male_voice newVersion	キノテカ	キノテカ	キノテカ	kinoteka	Kinoteka (kino)	キノテカで 映画[えいが]を 見[み]ます	Oglądam film w Kinotece			nazwa własna (miejsce)	キノテカで映画を見ます		[sound:hypertts-97ba106998e8cf7ec117c3f489792bd209ea83fd47abd164aa55ca69.mp3]	[sound:hypertts-8d61550b28f81e0616552a1b95535a80b8785e85df8e34ac31321041.mp3]		キノテカ	キノテカで<ruby>映画<rt>えいが</rt></ruby>を<ruby>見<rt>み</rt></ruby>ます	
1769858247227	1782883435	Doki Doki1-3 male_voice newVersion	一人です	一人[ひとり]です	ひとりです	hitori desu	jestem sam / w pojedynkę	 私[わたし]は 一人[ひとり]です	Jestem sam				私は一人です	 一人です	[sound:hypertts-af11e53b95559a26b8b7769932d79ba2cc6aba7ff1968b0ced5742b2.mp3]	[sound:hypertts-3c2b9947a1ae905de9e5e24228a1f77077d51173a02218acf7a1ead7.mp3]		<ruby>一人<rt>ひとり</rt></ruby>です	<ruby>私<rt>わたし</rt></ruby>は<ruby>一人<rt>ひとり</rt></ruby>です	
1769858247229	1791198980	Doki Doki1-3 male_voice newVersion	台所	台[だい] 所[どころ]	だいどころ	daidokoro	kuchnia (natywnie)	 台所[だいどころ]で 料理[りょうり]します	Gotuję w kuchni			rzeczownik, w złożeniu występuje rendaku 所→どころ	台所で料理します		[sound:hypertts-c5fbb1ca65e611fbcb42a79c7ed1ff5607952be42a1d13e08835680c.mp3]	[sound:hypertts-a0ab2ee6fb9aad98fdc1c99df4cd08101a3ecbf59fbe3f381ffb87a2.mp3]	[sound:台所_ダイドコロ━_0_NHK-2016.mp3]	<ruby>台所<rt>だいどころ</rt></ruby>	<ruby>台所<rt>だいどころ</rt></ruby>で<ruby>料理<rt>りょうり</rt></ruby>します	"""<span style=""""box-shadow: inset -2px -2px 0 0 #FF6633;"""">ダ</span><span style=""""box-shadow: inset 0px 2px 0 0px #FF6633;"""">イドコロ</span> <span class=""""pitch_number"""">0</span>"""
1769858247230	1782884078	Doki Doki1-3 male_voice newVersion	掃除する	掃[そう] 除[じ]する	そうじする	souji suru	sprzątać	 部屋[へや]を 掃除[そうじ]します	Sprzątam pokój	 掃除[そうじ]します	 掃除[そうじ]しません	czasownik (grupa 3)	部屋を掃除します		[sound:hypertts-66e58fefd5b9f19a538a691edac1fc35a872be9d8a819fec39911e4e.mp3]	[sound:hypertts-5f7a1950859836b2bfbb4800fada7a09cecb7d6109acd614f0cb1010.mp3]	[sound:掃除する_ソウジスル_TAAS.mp3]	<ruby>掃除<rt>そうじ</rt></ruby>する	<ruby>部屋<rt>へや</rt></ruby>を<ruby>掃除<rt>そうじ</rt></ruby>します	"""<span style=""""box-shadow: inset -2px -2px 0 0 #FF6633;"""">ソ</span><span style=""""box-shadow: inset 0px 2px 0 0px #FF6633;"""">ウジスル</span> <span class=""""pitch_number"""">0</span>"""
1769858247231	1781520910	Doki Doki1-3 male_voice newVersion	作る	 作[つく]る	つくる	tsukuru	robić / tworzyć	ご 飯[はん]を 作[つく]ります	Robię posiłek	つくります	つくりません	czasownik (grupa 1)	ご飯を作ります		[sound:hypertts-543f2079ed9a8226f3b15cf9152c2d4d21bf0d5c12ec413cc1476e68.mp3]	[sound:hypertts-e15b6f4802e39b68e2573f3f4aae3e72815bfbcebfc2209c20c7ef39.mp3]	[sound:作る_ツク＼ル_2_NHK-2016.mp3]	<ruby>作<rt>つく</rt></ruby>る	ご<ruby>飯<rt>はん</rt></ruby>を<ruby>作<rt>つく</rt></ruby>ります	"""<span style=""""box-shadow: inset -2px -2px 0 0 #FF6633;""""><span style=""""color: royalblue;"""">ツ</span></span><span style=""""box-shadow: inset -2px 2px 0 0px #FF6633;"""">ク</span><span style=""""box-shadow: inset 0px -2px 0 0px #FF6633;"""">ル</span> <span class=""""pitch_number"""">2</span>"""
1771440447489	1781032830	Doki Doki1-3 male_voice newVersion	大きい	 大[おお]きい	おおきい	ookii	duży	 大[おお]きい 家[いえ]です	To jest duży dom			i-przymiotnik	大きい家です	大きい	[sound:hypertts-42ae98307899dabbcfac797660edb18c5161e9dc1c4bac57e4b0de5d.mp3]	[sound:hypertts-f1e507af1c47fcc30d573d32387f2a775b0ccd1741e3592358221877.mp3]	[sound:大きい_オーキ＼イ_3_NHK-2016.mp3]	<ruby>大<rt>おお</rt></ruby>きい	<ruby>大<rt>おお</rt></ruby>きい<ruby>家<rt>いえ</rt></ruby>です	"""<span style=""""box-shadow: inset -2px -2px 0 0 #FF6633;"""">オ</span><span style=""""box-shadow: inset -2px 2px 0 0px #FF6633;"""">ーキ</span><span style=""""box-shadow: inset 0px -2px 0 0px #FF6633;"""">イ</span> <span class=""""pitch_number"""">3</span>"""
1771440447490	1781032491	Doki Doki1-3 male_voice newVersion	小さい	 小[ちい]さい	ちいさい	chiisai	mały	 小[ちい]さい 車[くるま]です	To jest mały samochód			i-przymiotnik	小さい車です	小さい	[sound:hypertts-595136a7fa0b9e13ede5a26ff4d3a3022ddb2081d7961f79179fd4a6.mp3]	[sound:hypertts-13aa36223c342b3aa17f0a13546903ecff847291ff281cbb89514ab0.mp3]	[sound:小さい_チーサ＼イ_3_NHK-2016.mp3]	<ruby>小<rt>ちい</rt></ruby>さい	<ruby>小<rt>ちい</rt></ruby>さい<ruby>車<rt>くるま</rt></ruby>です	"""<span style=""""box-shadow: inset -2px -2px 0 0 #FF6633;"""">チ</span><span style=""""box-shadow: inset -2px 2px 0 0px #FF6633;"""">ーサ</span><span style=""""box-shadow: inset 0px -2px 0 0px #FF6633;"""">イ</span> <span class=""""pitch_number"""">3</span>"""
1771440447491	1782884156	Doki Doki1-3 leech male_voice newVersion	休学	休[きゅう] 学[がく]	きゅうがく	kyuugaku	urlop dziekański / przerwa w nauce	 一年間[いちねんかん] 休学[きゅうがく]します	Biorę urlop dziekański na rok				一年間休学します	休[きゅう]学	[sound:hypertts-05584d9b77d69708fec257966468122edcb2a39227492c3c7a337738.mp3]	[sound:hypertts-834841a948c45762752e9af7834e002d710fa3ad161a238e21824a56.mp3]	[sound:休学_キューカ゚ク━_0_NHK-2016.mp3]	<ruby>休学<rt>きゅうがく</rt></ruby>	<ruby>一年間<rt>いちねんかん</rt></ruby><ruby>休学<rt>きゅうがく</rt></ruby>します	"""<span style=""""box-shadow: inset -2px -2px 0 0 #FF6633;"""">キュ</span><span style=""""box-shadow: inset 0px 2px 0 0px #FF6633;"""">ーカ<span style=""""color: red;"""">°</span>ク</span> <span class=""""pitch_number"""">0</span>"""
1771440447492	1785058141	Doki Doki1-3 leech male_voice newVersion	読書	読[どく] 書[しょ]	どくしょ	dokusho	czytanie książek (jako hobby)	 趣味[しゅみ]は 読書[どくしょ]です	Moim hobby jest czytanie książek				趣味は読書です		[sound:hypertts-bccda1d22937664654f43a914f3780328b7b9233fee6155635452dd3.mp3]	[sound:hypertts-9ed16e3d0f41ca57f84fb3233441661dc1369903692600fe67c4c935.mp3]	[sound:読書_ド＼クショ_1_NHK-2016.mp3]	<ruby>読書<rt>どくしょ</rt></ruby>	<ruby>趣味<rt>しゅみ</rt></ruby>は<ruby>読書<rt>どくしょ</rt></ruby>です	"""<span style=""""box-shadow: inset -2px 2px 0 0px #FF6633;"""">ド</span><span style=""""box-shadow: inset 0px -2px 0 0px #FF6633;""""><span style=""""color: royalblue;"""">ク</span>ショ</span> <span class=""""pitch_number"""">1</span>"""
1771440447493	1786794545	Doki Doki1-3 leech male_voice newVersion	科学	科[か] 学[がく]	かがく	kagaku	nauka (ścisła), inżynieria&nbsp;	 科学[かがく]の 本[ほん]を 読[よ]みます	Czytam książkę naukową				科学の本を読みます	科[か]学	[sound:hypertts-b4205cdfbb875585f9c9f81c008c8f93f94b236288b4fd5b6ac23468.mp3]	[sound:hypertts-06ec675d45c700c2bc58027f35965387c0558f2ee57b75a0a325b256.mp3]	[sound:科学_カ＼カ゚ク_1_NHK-2016.mp3]	<ruby>科学<rt>かがく</rt></ruby>	<ruby>科学<rt>かがく</rt></ruby>の<ruby>本<rt>ほん</rt></ruby>を<ruby>読<rt>よ</rt></ruby>みます	"""<span style=""""box-shadow: inset -2px 2px 0 0px #FF6633;"""">カ</span><span style=""""box-shadow: inset 0px -2px 0 0px #FF6633;"""">カ<span style=""""color: red;"""">°</span>ク</span> <span class=""""pitch_number"""">1</span>"""
1771440447494	1782884162	Doki Doki1-3 male_voice newVersion	物理学	物[ぶつ] 理[り] 学[がく]	ぶつりがく	butsurigaku	fizyka	 物理学[ぶつりがく]を 勉強[べんきょう]します	Studiuję fizykę				物理学を勉強します	物理[ぶつり]学	[sound:hypertts-17b17cec9989d59e6707f8c2ebf9dcf44d91d8b9d6dd7d1f4664c837.mp3]	[sound:hypertts-6f23379aa7976b5c51782222a4e4494ad3bcada96155c4aff4e0a5ee.mp3]	[sound:物理学_ブツリ＼カ゚ク_3_NHK-2016.mp3]	<ruby>物理学<rt>ぶつりがく</rt></ruby>	<ruby>物理学<rt>ぶつりがく</rt></ruby>を<ruby>勉強<rt>べんきょう</rt></ruby>します	"""<span style=""""box-shadow: inset -2px -2px 0 0 #FF6633;"""">ブ</span><span style=""""box-shadow: inset -2px 2px 0 0px #FF6633;"""">ツリ</span><span style=""""box-shadow: inset 0px -2px 0 0px #FF6633;"""">カ<span style=""""color: red;"""">°</span>ク</span> <span class=""""pitch_number"""">3</span>"""
1771440447495	1791211959	Doki Doki1-3 leech male_voice newVersion	ようこそ	ようこそ	ようこそ	youkoso	witamy / witaj	 日本[にほん]へようこそ	Witamy w Japonii			zwrot powitalny. Używany przy witaniu kogoś w miejscu lub grupie.	日本へようこそ		[sound:hypertts-c145cca2da4ef2366fd452dad74a6afa75833375cd571800b09668c0.mp3]	[sound:hypertts-d5217ca39daf169df032247cd6a6e2049d9a562183db3fe2bbd1d08a.mp3]	[sound:ようこそ_ヨ＼ーコソ_1_NHK-2016.mp3]	ようこそ	<ruby>日本<rt>にほん</rt></ruby>へようこそ	"""<span style=""""box-shadow: inset -2px 2px 0 0px #FF6633;"""">ヨ</span><span style=""""box-shadow: inset 0px -2px 0 0px #FF6633;"""">ーコソ</span> <span class=""""pitch_number"""">1</span>"""
1771440447496	1775147485	Doki Doki1-3 male_voice newVersion	ガイド	ガイド	ガイド	gaido	przewodnik (osoba lub książka)	ガイドさんが 来[き]ました	Przyszedł przewodnik				ガイドさんが来ました		[sound:hypertts-5a51b491dc26a529a14b0329ee7779edc5f9b96a79c27025b9c6947d.mp3]	[sound:hypertts-5c57d7b615bf7da37fe01ed98bd47050f015b800c85f6b8f79b79eb6.mp3]	[sound:ガイド_ガ＼イド_1_NHK-2016.mp3]	ガイド	ガイドさんが<ruby>来<rt>き</rt></ruby>ました	"""<span style=""""box-shadow: inset -2px 2px 0 0px #FF6633;"""">ガ</span><span style=""""box-shadow: inset 0px -2px 0 0px #FF6633;"""">イド</span> <span class=""""pitch_number"""">1</span>"""
1771440447497	1783578784	Doki Doki1-3 leech male_voice newVersion	観光	観[かん] 光[こう]	かんこう	kankou	zwiedzanie (turystyka, wyjazd)	 京都[きょうと]を 観光[かんこう]します	Zwiedzam Kioto				京都を観光します		[sound:hypertts-47669c7fe78c56eab48b07ecbacb1134e92f23961446019db21bd1f9.mp3]	[sound:hypertts-06d0f9cadfc349c79ccca4daf1c590c015faec252810d7bb44ef7b1f.mp3]	[sound:観光_カンコー━_0_NHK-2016.mp3]	<ruby>観光<rt>かんこう</rt></ruby>	<ruby>京都<rt>きょうと</rt></ruby>を<ruby>観光<rt>かんこう</rt></ruby>します	"""<span style=""""box-shadow: inset -2px -2px 0 0 #FF6633;"""">カ</span><span style=""""box-shadow: inset 0px 2px 0 0px #FF6633;"""">ンコー</span> <span class=""""pitch_number"""">0</span>"""
1771440447498	1775147485	Doki Doki1-3 male_voice newVersion	スケジュール	スケジュール	スケジュール	sukejuuru	harmonogram / plan dnia	 今日[きょう]のスケジュールは 何[なん]ですか	Jaki jest dzisiejszy harmonogram?			"""poprawka z """"sukujuru"""""""	今日のスケジュールは何ですか		[sound:hypertts-7676f88c8842dd093ea3ad96589f612eb308415caafe68d409eb6990.mp3]	[sound:hypertts-05fc9e663921171663109e1883c3a27bb8938e50ca72b3ed40ad4973.mp3]	[sound:スケジュール_スケ＼ジュール_2_NHK-2016.mp3] [sound:スケジュール_スケジュ＼ール_3_NHK-2016.mp3]	スケジュール	<ruby>今日<rt>きょう</rt></ruby>のスケジュールは<ruby>何<rt>なん</rt></ruby>ですか	"""<span style=""""box-shadow: inset -2px -2px 0 0 #FF6633;""""><span style=""""color: royalblue;"""">ス</span></span><span style=""""box-shadow: inset -2px 2px 0 0px #FF6633;"""">ケ</span><span style=""""box-shadow: inset 0px -2px 0 0px #FF6633;"""">ジュール</span> <span class=""""pitch_number"""">2</span>, <span style=""""box-shadow: inset -2px -2px 0 0 #FF6633;""""><span style=""""color: royalblue;"""">ス</span></span><span style=""""box-shadow: inset -2px 2px 0 0px #FF6633;"""">ケジュ</span><span style=""""box-shadow: inset 0px -2px 0 0px #FF6633;"""">ール</span> <span class=""""pitch_number"""">3</span>"""
1771440447499	1782884078	Doki Doki1-3 male_voice newVersion	和食	和[わ] 食[しょく]	わしょく	washoku	kuchnia japońska / jedzenie japońskie	 和食[わしょく]が 好[す]きです	Lubię kuchnię japońską				和食が好きです	和[わ]食	[sound:hypertts-ac0d8bd0d6088d42cb9d942a04e24ec363ed3ce14ab4380b4cae734e.mp3]	[sound:hypertts-3b9f29aea7dcf621d7a9e521437e1cc04030d80c71043e1a205cccfa.mp3]	[sound:和食_ワショク━_0_NHK-2016.mp3]	<ruby>和食<rt>わしょく</rt></ruby>	<ruby>和食<rt>わしょく</rt></ruby>が<ruby>好<rt>す</rt></ruby>きです	"""<span style=""""box-shadow: inset -2px -2px 0 0 #FF6633;"""">ワ</span><span style=""""box-shadow: inset 0px 2px 0 0px #FF6633;"""">ショク</span> <span class=""""pitch_number"""">0</span>"""
1771440447500	1782884078	Doki Doki1-3 male_voice newVersion	明治神宮	明[めい] 治[じ] 神[じん] 宮[ぐう]	めいじじんぐう	meiji jinguu	Chram Meiji (w Tokio)	 明治神宮[めいじじんぐう]に 行[い]きます	Idę do chramu Meiji			nazwa własna	明治神宮に行きます		[sound:hypertts-bb908668162c3ff96c2bff7e5195ae6a1f457f6d8f9ad153593b71af.mp3]	[sound:hypertts-558d5df7db418f3e609f7974440e1626309112c40e1b6c37ed5aa687.mp3]	[sound:明治神宮_メージジ＼ンク゚ー_4_NHK-2016.mp3]	<ruby>明治神宮<rt>めいじじんぐう</rt></ruby>	<ruby>明治神宮<rt>めいじじんぐう</rt></ruby>に<ruby>行<rt>い</rt></ruby>きます	"""<span style=""""box-shadow: inset -2px -2px 0 0 #FF6633;"""">メ</span><span style=""""box-shadow: inset -2px 2px 0 0px #FF6633;"""">イジジ</span><span style=""""box-shadow: inset 0px -2px 0 0px #FF6633;"""">ングウ</span> <span class=""""pitch_number"""">4</span>"""
1771440447501	1782884350	Doki Doki1-3 male_voice newVersion	三味線	三味線[しゃみせん]	しゃみせん	shamisen	shamisen (trzystrunowy instrument japoński)	 三味線[しゃみせん]を 弾[ひ]きます	Gram na shamisenie				三味線を弾きます		[sound:hypertts-b4b634d7d23660d55800de04a2fe2d6ac67fc8b25acb34c6aa583c50.mp3]	[sound:hypertts-b2a8600b37cc2ed00c4f96d88a5c0ac71a53e9dc7809ceee5228bae7.mp3]	[sound:三味線_シャミセン━_0_NHK-2016.mp3]	<ruby>三味線<rt>しゃみせん</rt></ruby>	<ruby>三味線<rt>しゃみせん</rt></ruby>を<ruby>弾<rt>ひ</rt></ruby>きます	"""<span style=""""box-shadow: inset -2px -2px 0 0 #FF6633;"""">シャ</span><span style=""""box-shadow: inset 0px 2px 0 0px #FF6633;"""">ミセン</span> <span class=""""pitch_number"""">0</span>"""
1771440447502	1775147485	Doki Doki1-3 female_voice newVersion	スカイツリー	スカイツリー	スカイツリー	sukaitsurii	Tokyo Skytree	スカイツリーは 高[たか]いです	Skytree jest wysokie			nazwa własna	スカイツリーは高いです		[sound:hypertts-72adade1d219e9a27efd203213b25d5e9e6d90dedfface6c6d32b9df.mp3]	[sound:hypertts-29556266d06034e6ac3abff82f4be74160fca3532fee9cef36be02a8.mp3]		スカイツリー	スカイツリーは<ruby>高<rt>たか</rt></ruby>いです	"""<span style=""""box-shadow: inset -2px -2px 0 0 #FF6633;"""">ス</span><span style=""""box-shadow: inset -2px 2px 0 0px #FF6633;"""">カイツ</span><span style=""""box-shadow: inset 0px -2px 0 0px #FF6633;"""">リー</span> <span class=""""pitch_number"""">4</span>"""
1771440447503	1775147485	Doki Doki1-3 female_voice newVersion	トトロ	トトロ	トトロ	totoro	Totoro	トトロのアニメを 見[み]ました	Oglądałem anime o Totoro			nazwa własna	トトロのアニメを見ました		[sound:hypertts-8fe218eb2caa9fec55300a049e93b5b94d8fffb1fb0bc40a3d01bae4.mp3]	[sound:hypertts-328f4293a0d1c04e384ec53c944f90b763ca7d56b72e6d58006af076.mp3]		トトロ	トトロのアニメを<ruby>見<rt>み</rt></ruby>ました	"""<span style=""""box-shadow: inset -2px 2px 0 0px #FF6633;"""">ト</span><span style=""""box-shadow: inset 0px -2px 0 0px #FF6633;"""">トロ</span> <span class=""""pitch_number"""">1</span>"""
1771440447504	1775147485	Doki Doki1-3 female_voice newVersion	ハチ公	ハチ 公[こう]	ハチこう	hachikou	Hachiko (pies)	 渋谷[しぶや]にハチ 公[こう]の 像[ぞう]があります	W Shibuya jest pomnik Hachiko			nazwa własna	渋谷にハチ公の像があります		[sound:hypertts-afafdcc4f13db66d19e4720d9ab7dd946801c79bf50eec5bcb70ec47.mp3]	[sound:hypertts-603483c53d76329358b271513e3489bd63812e498ca7b8d85bb3fb39.mp3]	[sound:ハチ公_ハチコウ_JapanesePod101.mp3] [sound:ハチ公_ハチコウ_JapanesePod101(1).mp3]	ハチ<ruby>公<rt>こう</rt></ruby>	<ruby>渋谷<rt>しぶや</rt></ruby>にハチ<ruby>公<rt>こう</rt></ruby>の<ruby>像<rt>ぞう</rt></ruby>があります	"""<span style=""""box-shadow: inset -2px -2px 0 0 #FF6633;"""">ハ</span><span style=""""box-shadow: inset -2px 2px 0 0px #FF6633;"""">チ</span><span style=""""box-shadow: inset 0px -2px 0 0px #FF6633;"""">コウ</span> <span class=""""pitch_number"""">2</span>, <span style=""""box-shadow: inset -2px -2px 0 0 #FF6633;"""">ハ</span><span style=""""box-shadow: inset -2px 2px 0 0px #FF6633;"""">チコ</span><span style=""""box-shadow: inset 0px -2px 0 0px #FF6633;"""">ウ</span> <span class=""""pitch_number"""">3</span>"""
1771440447505	1775147485	Doki Doki1-3 female_voice newVersion	カラオケ	カラオケ	カラオケ	karaoke	karaoke	カラオケで 歌[うた]います	Śpiewam na karaoke				カラオケで歌います		[sound:hypertts-13be5d1f18537951c08cd4eafa846634d9c7f87df9360e56bd3a7723.mp3]	[sound:hypertts-3065465c77464bc684d4c0cdccf2beaee535b65a59fde41c821628d3.mp3]	[sound:カラオケ_カラオケ━_0_NHK-2016.mp3]	カラオケ	カラオケで<ruby>歌<rt>うた</rt></ruby>います	"""<span style=""""box-shadow: inset -2px -2px 0 0 #FF6633;"""">カ</span><span style=""""box-shadow: inset 0px 2px 0 0px #FF6633;"""">ラオケ</span> <span class=""""pitch_number"""">0</span>"""
1771440447506	1775147485	Doki Doki1-3 female_voice newVersion	歌う	 歌[うた]う	うたう	utau	śpiewać	 歌[うた]を 歌[うた]います	Śpiewam piosenkę	うたいます	うたいません	czasownik (grupa 1)	歌を歌います		[sound:hypertts-3d5e12e3a0b642610828958a3678ffd1f7d832d6f8543d241d657225.mp3]	[sound:hypertts-a9aa93b90bdc5fb873c88fb866809d8af9b5373d48019e54b0f10162.mp3]	[sound:歌う_ウタウ━_0_NHK-2016.mp3]	<ruby>歌<rt>うた</rt></ruby>う	<ruby>歌<rt>うた</rt></ruby>を<ruby>歌<rt>うた</rt></ruby>います	"""<span style=""""box-shadow: inset -2px -2px 0 0 #FF6633;"""">ウ</span><span style=""""box-shadow: inset 0px 2px 0 0px #FF6633;"""">タウ</span> <span class=""""pitch_number"""">0</span>"""
1771440447507	1775147485	Doki Doki1-3 female_voice newVersion	ヨガ	ヨガ	ヨガ	yoga	joga	ヨガをします	Uprawiam jogę				ヨガをします		[sound:hypertts-2de89517bc7137adc4e21d798cf4d38607710a35e1c64d65f9275aa1.mp3]	[sound:hypertts-d24b8cdeea01cd06be04994594665d0f83fd30f22f8797f9ea10dba6.mp3]	[sound:ヨガ_ヨ＼ガ_1_NHK-2016.mp3]	ヨガ	ヨガをします	"""<span style=""""box-shadow: inset -2px 2px 0 0px #FF6633;"""">ヨ</span><span style=""""box-shadow: inset 0px -2px 0 0px #FF6633;"""">ガ</span> <span class=""""pitch_number"""">1</span>"""
1771440447508	1775147485	Doki Doki1-3 female_voice newVersion	タイトル	タイトル	タイトル	taitoru	tytuł	 映画[えいが]のタイトルは 何[なん]ですか	Jaki jest tytuł filmu?				映画のタイトルは何ですか		[sound:hypertts-06eea6bc88506f8cbd3404abefc0f50fedf38db7f61bcde6ceb129fb.mp3]	[sound:hypertts-616bb0deaa6ab70cdc43290bffc54ff9b84a89051fc59084940705cc.mp3]	[sound:タイトル_タイトル━_0_NHK-2016.mp3] [sound:タイトル_タ＼イトル_1_NHK-2016.mp3]	タイトル	<ruby>映画<rt>えいが</rt></ruby>のタイトルは<ruby>何<rt>なん</rt></ruby>ですか	"""<span style=""""box-shadow: inset -2px -2px 0 0 #FF6633;"""">タ</span><span style=""""box-shadow: inset 0px 2px 0 0px #FF6633;"""">イトル</span> <span class=""""pitch_number"""">0</span>, <span style=""""box-shadow: inset -2px 2px 0 0px #FF6633;"""">タ</span><span style=""""box-shadow: inset 0px -2px 0 0px #FF6633;"""">イトル</span> <span class=""""pitch_number"""">1</span>"""
1771442732175	1782884078	Doki Doki1-3 female_voice newVersion	ジブリ博物館	ジブリ 博[はく] 物[ぶつ] 館[かん]	ジブリはくぶつかん	jiburi hakubutsukan	Muzeum Ghibli	ジブリ 博物館[はくぶつかん]に 行[い]きたいです	Chcę iść do Muzeum Ghibli			nazwa własna	ジブリ博物館に行きたいです		[sound:hypertts-5211f31b5855a7befa0d1d8da0e92b52c4d406fbb8bc49db80f3e87b.mp3]	[sound:hypertts-515a5455bc1a9809f454e69ac95368c1247e848388ecd70b3378723a.mp3]		ジブリ<ruby>博物館<rt>はくぶつかん</rt></ruby>	ジブリ<ruby>博物館<rt>はくぶつかん</rt></ruby>に<ruby>行<rt>い</rt></ruby>きたいです	
1771442732176	1781599502	Doki Doki1-3 female_voice newVersion	雨	 雨[あめ]	あめ	ame	deszcz	 明日[あした]は 雨[あめ]です	Jutro będzie padać (dosł. jutro to deszcz)			Uwaga: ame (akcent w dół) to deszcz, ame (akcent w górę) to cukierek	明日は雨です		[sound:hypertts-c5c1e43879dc3d1a2915b6309155aa8fd36a33fa247be375620c2535.mp3]	[sound:hypertts-b486d10bc61f9404d34834e12fa41cc467d76167c88d1f50e7801543.mp3]	[sound:雨_ア＼メ_1_NHK-2016.mp3]	<ruby>雨<rt>あめ</rt></ruby>	<ruby>明日<rt>あした</rt></ruby>は<ruby>雨<rt>あめ</rt></ruby>です	"""<span style=""""box-shadow: inset -2px 2px 0 0px #FF6633;"""">ア</span><span style=""""box-shadow: inset 0px -2px 0 0px #FF6633;"""">メ</span> <span class=""""pitch_number"""">1</span>"""
1771670597687	1781614403	Doki Doki1-4 Doki1-5 female_voice newVersion	犬	犬[いぬ]	いぬ	inu	pies	家[いえ]に 犬[いぬ]が います。	W domu jest pies.			rzeczownik	家に犬がいます。		[sound:hypertts-7261c15d1e6a56f12ee70d507cd36305400b97949e1d35986fa4f811.mp3]	[sound:hypertts-66711248a1ff83df4c5361fd4a32ece2633262fa048bdbc8c7a6ddc2.mp3]	[sound:犬_イヌ＼_2_NHK-2016.mp3]	犬	家に犬がいます。	"""<span style=""""box-shadow: inset -2px -2px 0 0 #FF6633;"""">イ</span><span style=""""box-shadow: inset -2px 2px 0 0px #FF6633;"""">ヌ</span> <span class=""""pitch_number"""">2</span>"""
1771670597688	1791359371	Doki Doki1-4 Doki1-5 female_voice leech newVersion	兄弟	兄[きょう] 弟[だい]	きょうだい	kyoudai	rodzeństwo, bracia	私[わたし]には 兄弟[きょうだい]が 三人[さんにん]います。	Mam troje rodzeństwa.			rzeczownik. Rodzeństwo. Może też odnosić się do braci zależnie od kontekstu.	私には兄弟が三人います。		[sound:hypertts-1f6a428991e3b7a9c7ed455cd56c422b685e54bf2fd0b5ad71d4c204.mp3]	[sound:hypertts-e6b2ccf4a37d68c63c55baba0b7288d278d6be2d405e2334f5c34765.mp3]	[sound:兄弟_キョ＼ーダイ_1_NHK-2016.mp3]	兄弟	私には兄弟が三人います。	"""<span style=""""box-shadow: inset -2px 2px 0 0px #FF6633;"""">キョ</span><span style=""""box-shadow: inset 0px -2px 0 0px #FF6633;"""">ーダイ</span> <span class=""""pitch_number"""">1</span>"""
1771670597690	1791356850	Doki Doki1-4 female_voice newVersion	お風呂	お 風呂[ふろ]	おふろ	ofuro	wanna	 夜[よる]にお 風呂[ふろ]に 入[はい]ります。	Wieczorem biorę kąpiel w wannie.			rzeczownik	夜にお風呂に入ります。		[sound:hypertts-ba1e95560d8c605a9b597f16b29a129bfa0430066aaeaeb56d2d84a0.mp3]	[sound:hypertts-67b9456babf20fe14fee4546f505d6d6149a4ebdee2413cc0f5f1d4c.mp3]	[sound:お風呂_オフ＼ロ_2_NHK-2016.mp3]	お<ruby>風呂<rt>ふろ</rt></ruby>	<ruby>夜<rt>よる</rt></ruby>に<ruby>お風呂<rt>おふろ</rt></ruby>に<ruby>入<rt>はい</rt></ruby>ります。	"""<span style=""""box-shadow: inset -2px -2px 0 0 #FF6633;"""">オ</span><span style=""""box-shadow: inset -2px 2px 0 0px #FF6633;"""">フ</span><span style=""""box-shadow: inset 0px -2px 0 0px #FF6633;"""">ロ</span> <span class=""""pitch_number"""">2</span>"""
1771670597693	1783671211	Doki Doki1-4 female_voice newVersion	旅行	旅[りょ] 行[こう]	りょこう	ryokou	wycieczka, podróż	 夏休[なつやす]みに 旅行[りょこう]をします。	W wakacje jadę na wycieczkę.			Rzeczownik / Czasownik (z suru). Oznacza dłuższą wycieczkę, najczęściej w celach turystycznych.	夏休みに旅行をします。	旅[りょ]行	[sound:hypertts-060db3ab8472512102544a54deb8d2d3df864d49b8a304d2185ca0fc.mp3]	[sound:hypertts-2954b7424261dce1edc7ab5e098dce0380221e8bdaba3ee094eaee1c.mp3]	[sound:旅行_リョコー━_0_NHK-2016.mp3]	<ruby>旅行<rt>りょこう</rt></ruby>	<ruby>夏休み<rt>なつやすみ</rt></ruby>に<ruby>旅行<rt>りょこう</rt></ruby>をします。	"""<span style=""""box-shadow: inset -2px -2px 0 0 #FF6633;"""">リョ</span><span style=""""box-shadow: inset 0px 2px 0 0px #FF6633;"""">コー</span> <span class=""""pitch_number"""">0</span>"""
1771670597694	1782884078	Doki Doki1-4 female_voice newVersion	電気	電[でん] 気[き]	でんき	denki	światło (elektryczność)	 部屋[へや]の 電気[でんき]をつけます。	Zapalam światło w pokoju.			rzeczownik	部屋の電気をつけます。	電[でん]気	[sound:hypertts-2e0940d58ad7d287e1a1d02502f9a0b4241c31b1d8052c3abf9ac168.mp3]	[sound:hypertts-d1940695a9e5c284a924651529b76751061d0b62e6b4b06d8c807228.mp3]	[sound:電気_デ＼ンキ_1_NHK-2016.mp3]	<ruby>電気<rt>でんき</rt></ruby>	<ruby>部屋<rt>へや</rt></ruby>の<ruby>電気<rt>でんき</rt></ruby>をつけます。	"""<span style=""""box-shadow: inset -2px 2px 0 0px #FF6633;"""">デ</span><span style=""""box-shadow: inset 0px -2px 0 0px #FF6633;"""">ンキ</span> <span class=""""pitch_number"""">1</span>"""
1771670597695	1782884078	Doki Doki1-4 female_voice newVersion	予定	予[よ] 定[てい]	よてい	yotei	plan	 週末[しゅうまつ]の 予定[よてい]を 決[き]めます。	Ustalam plan na weekend.			rzeczownik	週末の予定を決めます。		[sound:hypertts-6c5e18f8bab419a4fc47a5f0d60be6b32e46f2c8a151cde9a2a21072.mp3]	[sound:hypertts-66086ed97518ed241b2f5dd426d112e581c447bc099111a787556b58.mp3]	[sound:予定_ヨテー━_0_NHK-2016.mp3]	<ruby>予定<rt>よてい</rt></ruby>	<ruby>週末<rt>しゅうまつ</rt></ruby>の<ruby>予定<rt>よてい</rt></ruby>を<ruby>決<rt>き</rt></ruby>めます。	"""<span style=""""box-shadow: inset -2px -2px 0 0 #FF6633;"""">ヨ</span><span style=""""box-shadow: inset 0px 2px 0 0px #FF6633;"""">テイ</span> <span class=""""pitch_number"""">0</span>"""
1771670597697	1776880397	Doki Doki1-4 female_voice newVersion	川	 川[かわ]	かわ	kawa	rzeka	 川[かわ]のそばで 写真[しゃしん]を 撮[と]ります。	Robię zdjęcia nad rzeką.			rzeczownik	川のそばで写真を撮ります。	川	[sound:hypertts-2b98abcc0902758491d8b3a4614724c1cfc884d004b099ec3a5329db.mp3]	[sound:hypertts-c803c2a4a2174a5722dce339489cd2f460098cd2daf75aa93351a3bf.mp3]	[sound:川_カワ＼_2_NHK-2016.mp3]	<ruby>川<rt>かわ</rt></ruby>	<ruby>川<rt>かわ</rt></ruby>のそばで<ruby>写真<rt>しゃしん</rt></ruby>を<ruby>撮<rt>と</rt></ruby>ります。	"""<span style=""""box-shadow: inset -2px -2px 0 0 #FF6633;"""">カ</span><span style=""""box-shadow: inset -2px 2px 0 0px #FF6633;"""">ワ</span> <span class=""""pitch_number"""">2</span>"""
1771670597698	1781611033	Doki Doki1-4 female_voice newVersion	メール	メール	メール	meeru	e-mail, wiadomość	 友達[ともだち]にメールを 送[おく]ります。	Wysyłam maila do kolegi.			zapożyczenie	友達にメールを送ります。		[sound:hypertts-0ae95897bf59dab75cffa4f96440b2ba13e07d7e6a0b8016c1678cc5.mp3]	[sound:hypertts-e968643603046fb68a109e37a2d3491b72a69ea345aefd96b1035c7b.mp3]	[sound:メール_メール━_0_NHK-2016.mp3]	メール	<ruby>友達<rt>ともだち</rt></ruby>にメールを<ruby>送<rt>おく</rt></ruby>ります。	"""<span style=""""box-shadow: inset -2px -2px 0 0 #FF6633;"""">メ</span><span style=""""box-shadow: inset 0px 2px 0 0px #FF6633;"""">ール</span> <span class=""""pitch_number"""">0</span>, <span style=""""box-shadow: inset -2px 2px 0 0px #FF6633;"""">メ</span><span style=""""box-shadow: inset 0px -2px 0 0px #FF6633;"""">ール</span> <span class=""""pitch_number"""">1</span>"""
1771670597700	1783677625	Doki Doki1-4 female_voice newVersion	～時間	～&nbsp;時[じ] 間[かん]	じかん	jikan	przez … godzin	 一時間[いちじかん] 日本語[にほんご]を 勉強[べんきょう]します。	Uczę się japońskiego przez godzinę.			rzeczownik czasu	一時間日本語を勉強します。	～時 間[かん]	[sound:hypertts-da69e87ae661c95a60fef0915a4f86d65a83571dca26b2203c37ceb0.mp3]	[sound:hypertts-731c5ae28bca26868cedc7113e7bb37290c0c3285cf1b9b80ef65eb4.mp3]	[sound:時間_ジカン━_0_NHK-2016.mp3]	～<ruby>時間<rt>じかん</rt></ruby>	<ruby>一時間<rt>いちじかん</rt></ruby><ruby>日本語<rt>にほんご</rt></ruby>を<ruby>勉強<rt>べんきょう</rt></ruby>します。	"""<span style=""""box-shadow: inset -2px -2px 0 0 #FF6633;"""">ジ</span><span style=""""box-shadow: inset 0px 2px 0 0px #FF6633;"""">カン</span> <span class=""""pitch_number"""">0</span>"""
1771670597701	1782883435	Doki Doki1-4 female_voice newVersion	一人で	一人[ひとり]で	ひとりで	hitoride	samemu, w pojedynkę	 一人[ひとり]で 映画[えいが]を 見[み]ます。	Oglądam film sam.			wyrażenie	一人で映画を見ます。	 一人で	[sound:hypertts-b96352f55515d2df9e1a57fee4f2e331aaed2e48f13c38707a300365.mp3]	[sound:hypertts-d13b1ebbdd19acae1b5e68faf5a251bcf042dd4a568d171ae2c0ce78.mp3]	[sound:一人で_ヒトリデ_TAAS.mp3]	<ruby>一人<rt>ひとり</rt></ruby>で	<ruby>一人<rt>ひとり</rt></ruby>で<ruby>映画<rt>えいが</rt></ruby>を<ruby>見<rt>み</rt></ruby>ます。	
1771670597702	1775147485	Doki Doki1-4 female_voice newVersion	さっき	さっき	さっき	sakki	chwilę wcześniej	さっき 先生[せんせい]に 会[あ]いました。	Przed chwilą spotkałem nauczyciela.			przysłówek	さっき先生に会いました。		[sound:hypertts-5d086299986d1015bff99342680ebd7f74f547c0564b0446753ca0f5.mp3]	[sound:hypertts-a3a15ba1a247de8a1bd2b99630e51df8eebcac285f8c85c36d35e2fa.mp3]	[sound:さっき_サッキ━_0_NHK-2016.mp3] [sound:さっき_サ＼ッキ_1_NHK-2016.mp3]	さっき	さっき<ruby>先生<rt>せんせい</rt></ruby>に<ruby>会<rt>あ</rt></ruby>いました。	"""<span style=""""box-shadow: inset -2px -2px 0 0 #FF6633;"""">サ</span><span style=""""box-shadow: inset 0px 2px 0 0px #FF6633;"""">ッキ</span> <span class=""""pitch_number"""">0</span>, <span style=""""box-shadow: inset -2px 2px 0 0px #FF6633;"""">サ</span><span style=""""box-shadow: inset 0px -2px 0 0px #FF6633;"""">ッキ</span> <span class=""""pitch_number"""">1</span>"""
1771670597704	1775147485	Doki Doki1-4 female_voice newVersion	どうやって	どうやって	どうやって	douyatte	w jaki sposób	どうやって 駅[えき]へ 行[い]きますか。	Jak dojść na dworzec?			przysłówek	どうやって駅へ行きますか。		[sound:hypertts-472e7779dd70b4692128824bc58f0fea41b0dac94c1fcfb950d25161.mp3]	[sound:hypertts-3e4ef5c96a1c3e4fdfa82f1a1d1a4ba6828c2115ada8052426195f2c.mp3]	[sound:どうやって_ドウヤッテ_JapanesePod101.mp3]	どうやって	<ruby>どうやって</ruby><ruby>駅<rt>えき</rt></ruby>へ<ruby>行<rt>い</rt></ruby>きますか。	
1771670597705	1775147485	Doki Doki1-4 female_voice newVersion	もしもし	もしもし	もしもし	moshimoshi	halo?	もしもし、 田中[たなか]さんですか。	Halo, czy to pan Tanaka?			wyrażenie	もしもし、田中さんですか。		[sound:hypertts-339b3b5314f7cd52e83ec15621e71add822c636ff0d1c8b8c0ea5750.mp3]	[sound:hypertts-f2e3f2b0a68b50c4d4433c591fbb09946203d88807a493981d6834ce.mp3]	[sound:もしもし_モ＼シモシ_1_NHK-2016.mp3]	もしもし	もしもし、<ruby>田中<rt>たなか</rt></ruby>さんですか。	"""<span style=""""box-shadow: inset -2px 2px 0 0px #FF6633;"""">モ</span><span style=""""box-shadow: inset 0px -2px 0 0px #FF6633;"""">シモシ</span> <span class=""""pitch_number"""">1</span>"""
1771670597706	1775147485	Doki Doki1-4 female_voice newVersion	街	 街[まち]	まち	machi	miasto	 街[まち]は 夜[よる]も 賑[にぎ]やかです。	Miasto jest gwarne także w nocy.			rzeczownik	街は夜も賑やかです。		[sound:hypertts-61378d8253a93a3a01136c5ccd41cbb5e4c53108a7649c8b67ac6f6a.mp3]	[sound:hypertts-a4744b7ced6e15b9aef242901f797a86ae62e4fa2911a1165e40c5de.mp3]	[sound:街_マチ＼_2_NHK-2016.mp3]	<ruby>街<rt>まち</rt></ruby>	<ruby>街<rt>まち</rt></ruby>は<ruby>夜<rt>よる</rt></ruby>も<ruby>賑<rt>にぎ</rt></ruby>やかです。	"""<span style=""""box-shadow: inset -2px -2px 0 0 #FF6633;"""">マ</span><span style=""""box-shadow: inset -2px 2px 0 0px #FF6633;"""">チ</span> <span class=""""pitch_number"""">2</span>"""
1771670597707	1775147485	Doki Doki1-4 female_voice newVersion	だから	だから	だから	dakara	więc, dlatego	 雨[あめ]です。だから 出[で]かけません。	Pada, więc nie wychodzę.			spójnik	雨です。だから出かけません。		[sound:hypertts-fb5041d9f8adde1ce5abadd54273e1073fc4143e4d50ad22d79de56d.mp3]	[sound:hypertts-c6f75419ad869398f2fb624668c8263b353baf8ccf629715f25f4731.mp3]	[sound:だから_ダ＼カラ_1_NHK-2016.mp3]	だから	<ruby>雨<rt>あめ</rt></ruby>です。だから<ruby>出<rt>で</rt></ruby>かけません。	"""<span style=""""box-shadow: inset -2px 2px 0 0px #FF6633;"""">ダ</span><span style=""""box-shadow: inset 0px -2px 0 0px #FF6633;"""">カラ</span> <span class=""""pitch_number"""">1</span>"""
1771670597709	1781614403	Doki Doki1-4 female_voice newVersion	プール	プール	プール	puuru	basen	 日曜日[にちようび]にプールで 泳[およ]ぎます。	W niedzielę pływam na basenie.			zapożyczenie	日曜日にプールで泳ぎます。		[sound:hypertts-c26b5cbcf54ccf42b2540320936baf69c679c0ccbe459c7ef42adb0f.mp3]	[sound:hypertts-39151c6347c4751bcc3219f363f802c0ff2cc2b17e12b927b254f736.mp3]	[sound:プール_プ＼ール_1_NHK-2016.mp3]	プール	<ruby>日曜日<rt>にちようび</rt></ruby>にプールで<ruby>泳<rt>およ</rt></ruby>ぎます。	"""<span style=""""box-shadow: inset -2px 2px 0 0px #FF6633;"""">プ</span><span style=""""box-shadow: inset 0px -2px 0 0px #FF6633;"""">ール</span> <span class=""""pitch_number"""">1</span>"""
1771671396261	1781697408	Doki Doki1-4 male_voice newVersion	教える	 教[おし]える	おしえる	oshieru	uczyć (kogoś), wyjaśniać, powiedzieć (w celu wyjaśnienia), informować	 先生[せんせい]は 学生[がくせい]に 日本語[にほんご]を 教[おし]えます。	Nauczyciel uczy studentów japońskiego.	 教[おし]えます	 教[おし]えません	czasownik gr. 2. Przechodni. Oznacza uczenie kogoś (np. przedmiotu) lub poinformowanie kogoś o czymś (np. o numerze telefonu).	先生は学生に日本語を教えます。		[sound:hypertts-fae38c4be1847d30e5e1eabb79fdab1dba384588a77b99448c37a26c.mp3]	[sound:hypertts-d54bb7cbb0adb08e6b30eacc2c5052f6018c5f5286780c29922c04a2.mp3]	[sound:教える_オシエル━_0_NHK-2016.mp3]	<ruby>教<rt>おし</rt></ruby>える	<ruby>先生<rt>せんせい</rt></ruby>は<ruby>学生<rt>がくせい</rt></ruby>に<ruby>日本語<rt>にほんご</rt></ruby>を<ruby>教<rt>おし</rt></ruby>えます。	"""<span style=""""box-shadow: inset -2px -2px 0 0 #FF6633;"""">オ</span><span style=""""box-shadow: inset 0px 2px 0 0px #FF6633;"""">シエル</span> <span class=""""pitch_number"""">0</span>"""
1771671396262	1775147485	Doki Doki1-4 male_voice newVersion	忘れる	 忘[わす]れる	わすれる	wasureru	zapomnieć	バスの 時間[じかん]を 忘[わす]れました。	Zapomniałem godziny autobusu.	 忘[わす]れます	 忘[わす]れません	czasownik gr. 2	バスの時間を忘れました。		[sound:hypertts-df06d2932f999219723fe0ce887a61b05095b23470ec341da503dff4.mp3]	[sound:hypertts-500ff6bd88f34d4dc8b198c9eac0d29a42a54fe4aaaf72aad32040fd.mp3]	[sound:忘れる_ワスレル━_0_NHK-2016.mp3]	<ruby>忘<rt>わす</rt></ruby>れる	バスの<ruby>時間<rt>じかん</rt></ruby>を<ruby>忘<rt>わす</rt></ruby>れました。	"""<span style=""""box-shadow: inset -2px -2px 0 0 #FF6633;"""">ワ</span><span style=""""box-shadow: inset 0px 2px 0 0px #FF6633;"""">スレル</span> <span class=""""pitch_number"""">0</span>"""
1771671396263	1791357739	Doki Doki1-4 leech male_voice newVersion	開ける	 開[あ]ける	あける	akeru	otwierać coś	 窓[まど]を 開[あ]けます。	Otwieram okno.	 開[あ]けます	 開[あ]けません	czasownik gr. 2, przechodni. Para z nieprzechodnim 開く.	窓を開けます。		[sound:hypertts-969069f2491344068377d679b000e63b1a6f95969a69bcdcac4a77c3.mp3]	[sound:hypertts-0d99fde5744701178b166161fee50b2175555e21dbefdf124a1514ab.mp3]	[sound:開ける_アケル━_0_NHK-2016.mp3]	<ruby>開<rt>あ</rt></ruby>ける	<ruby>窓<rt>まど</rt></ruby>を<ruby>開<rt>あ</rt></ruby>けます。	"""<span style=""""box-shadow: inset -2px -2px 0 0 #FF6633;"""">ア</span><span style=""""box-shadow: inset 0px 2px 0 0px #FF6633;"""">ケル</span> <span class=""""pitch_number"""">0</span>"""
1771671396264	1791205492	Doki Doki1-4 male_voice newVersion	閉める	 閉[し]める	しめる	shimeru	zamykać	 夜[よる]にドアを 閉[し]めます。	Wieczorem zamykam drzwi.	 閉[し]めます	 閉[し]めません	czasownik gr. 2, przechodni. Para z nieprzechodnim 閉まる.	夜にドアを閉めます。		[sound:hypertts-ac9a8841b36ab796d7f551dba722a0912803970cc6b2f13d02a51f3b.mp3]	[sound:hypertts-214164daa39830dea57573fe96afbfd4c9c582e6f8af41b7ff1cfad8.mp3]	[sound:閉める_シメ＼ル_2_NHK-2016.mp3]	<ruby>閉<rt>し</rt></ruby>める	<ruby>夜<rt>よる</rt></ruby>にドアを<ruby>閉<rt>し</rt></ruby>めます。	"""<span style=""""box-shadow: inset -2px -2px 0 0 #FF6633;"""">シ</span><span style=""""box-shadow: inset -2px 2px 0 0px #FF6633;"""">メ</span><span style=""""box-shadow: inset 0px -2px 0 0px #FF6633;"""">ル</span> <span class=""""pitch_number"""">2</span>"""
1771671396265	1775147485	Doki Doki1-4 male_voice newVersion	降りる	（を/から） 降[お]りる	おりる	oriru	wysiadać	ここでバスを 降[お]ります。	Wysiadam tutaj z autobusu.	 降[お]ります	 降[お]りません	czasownik gr. 2	ここでバスを降ります。		[sound:hypertts-fe023ba7748e24a3b0777629c9abeaf3a6e2125b43882f5f1054f0bc.mp3]	[sound:hypertts-68c4860c5e4ebf7351045ae272232c4bbc9ead87b4b6a9db96cee615.mp3]	[sound:降りる_オリ＼ル_2_NHK-2016.mp3]	（を/から）<ruby>降<rt>お</rt></ruby>りる	ここでバスを<ruby>降<rt>お</rt></ruby>ります。	"""<span style=""""box-shadow: inset -2px -2px 0 0 #FF6633;"""">オ</span><span style=""""box-shadow: inset -2px 2px 0 0px #FF6633;"""">リ</span><span style=""""box-shadow: inset 0px -2px 0 0px #FF6633;"""">ル</span> <span class=""""pitch_number"""">2</span>"""
1771671396266	1775147485	Doki Doki1-4 male_voice newVersion	乗る	（に） 乗[の]る	のる	noru	wsiadać, jechać czymś	バスに 乗[の]ります。	Wsiadam do autobusu.	 乗[の]ります	 乗[の]りません	czasownik gr. 1	バスに乗ります。		[sound:hypertts-ffbbf6ce743df24542d096080819ef23d54c6270b11a26e200cf3b25.mp3]	[sound:hypertts-e0d03216140b69c538bdf9727b6389ed27db8b3efe4a37568692fbf3.mp3]	[sound:乗る_ノル━_0_NHK-2016.mp3]	（に）<ruby>乗<rt>の</rt></ruby>る	バスに<ruby>乗<rt>の</rt></ruby>ります。	"""<span style=""""box-shadow: inset -2px -2px 0 0 #FF6633;"""">ノ</span><span style=""""box-shadow: inset 0px 2px 0 0px #FF6633;"""">ル</span> <span class=""""pitch_number"""">0</span>"""
1771671396267	1791205492	Doki Doki1-4 leech male_voice newVersion	つける	つける	つける	tsukeru	włączyć, zapalić	テレビをつけます。	Włączam telewizor.	つけます	つけません	czasownik gr. 2, przechodni. W tym rozdziale: włączyć światło lub urządzenie. Możliwy zapis 点ける, ale często używa się kana.	テレビをつけます。		[sound:hypertts-812ddbeb9c1fad10ff33c4d1c8bf8df3daa22539b61c76f7351ae1ff.mp3]	[sound:hypertts-ca54b66a5229f0f18082d4818550c03a31c14cdd4e31a9e4d256c421.mp3]	[sound:つける_ツケル━_0_NHK-2016.mp3] [sound:つける_ツケ＼ル_2_NHK-2016.mp3]	つける	テレビをつけます。	"""<span style=""""box-shadow: inset -2px -2px 0 0 #FF6633;"""">ツ</span><span style=""""box-shadow: inset 0px 2px 0 0px #FF6633;"""">ケル</span> <span class=""""pitch_number"""">0</span>, <span style=""""box-shadow: inset -2px -2px 0 0 #FF6633;""""><span style=""""color: royalblue;"""">ツ</span></span><span style=""""box-shadow: inset 0px 2px 0 0px #FF6633;"""">ケル</span> <span class=""""pitch_number"""">0</span>, <span style=""""box-shadow: inset -2px -2px 0 0 #FF6633;""""><span style=""""color: royalblue;"""">ツ</span></span><span style=""""box-shadow: inset -2px 2px 0 0px #FF6633;"""">ケ</span><span style=""""box-shadow: inset 0px -2px 0 0px #FF6633;"""">ル</span> <span class=""""pitch_number"""">2</span>"""
1771671396268	1791205492	Doki Doki1-4 male_voice newVersion	消す	 消[け]す	けす	kesu	gasić, wyłączać, wytrzeć	 電気[でんき]を 消[け]します。	Gaszę światło.	 消[け]します	 消[け]しません	czasownik gr. 1, przechodni. Używany o świetle, ogniu i urządzeniach. Para z 消える.	電気を消します。		[sound:hypertts-3d1751fd2f3358b4a84f3768d254742097c9de92f668fb52fd4905e5.mp3]	[sound:hypertts-66fedf034c8a42f336f98ce6eaa72bc56d89fdd600d6e724307c82ac.mp3]	[sound:消す_ケス━_0_NHK-2016.mp3]	<ruby>消<rt>け</rt></ruby>す	<ruby>電気<rt>でんき</rt></ruby>を<ruby>消<rt>け</rt></ruby>します。	"""<span style=""""box-shadow: inset -2px -2px 0 0 #FF6633;"""">ケ</span><span style=""""box-shadow: inset 0px 2px 0 0px #FF6633;"""">ス</span> <span class=""""pitch_number"""">0</span>"""
1771671396269	1775147485	Doki Doki1-4 leech male_voice newVersion	返す	 返[かえ]す	かえす	kaesu	oddawać	 本[ほん]を 友達[ともだち]に 返[かえ]します。	Oddaję koledze książkę.	 返[かえ]します	 返[かえ]しません	czasownik gr. 1	本を友達に返します。		[sound:hypertts-23bbbd71d5a23300425e9449a867c4feec0924aedfe5dcbdd0a17c1d.mp3]	[sound:hypertts-d2da627951de7eb9b4080ea78dfc323fc3794454903e220a95ab2cff.mp3]	[sound:返す_カ＼エス_1_NHK-2016.mp3]	<ruby>返<rt>かえ</rt></ruby>す	<ruby>本<rt>ほん</rt></ruby>を<ruby>友達<rt>ともだち</rt></ruby>に<ruby>返<rt>かえ</rt></ruby>します。	"""<span style=""""box-shadow: inset -2px 2px 0 0px #FF6633;"""">カ</span><span style=""""box-shadow: inset 0px -2px 0 0px #FF6633;"""">エス</span> <span class=""""pitch_number"""">1</span>"""
1771671396270	1791357739	Doki Doki1-4 leech male_voice newVersion	借りる	 借[か]りる	かりる	kariru	pożyczać od kogoś, wynajmować	 友達[ともだち]からお 金[かね]を 借[か]ります。	Pożyczam pieniądze od kolegi.	 借[か]ります	 借[か]りません	czasownik gr. 2	友達からお金を借ります。		[sound:hypertts-cbb0dfc43734553ac6c01d508392a576b96cc7dd351212ed85f5174f.mp3]	[sound:hypertts-49a1ba6f09a7348da566cf7dfc3b09adc6b15115590130a7b544808c.mp3]	[sound:借りる_カリル━_0_NHK-2016.mp3]	<ruby>借<rt>か</rt></ruby>りる	<ruby>友達<rt>ともだち</rt></ruby>から<ruby>お金<rt>おかね</rt></ruby>を<ruby>借<rt>か</rt></ruby>ります。	"""<span style=""""box-shadow: inset -2px -2px 0 0 #FF6633;"""">カ</span><span style=""""box-shadow: inset 0px 2px 0 0px #FF6633;"""">リル</span> <span class=""""pitch_number"""">0</span>"""
1771671396271	1791357739	Doki Doki1-4 male_voice newVersion	貸す	 貸[か]す	かす	kasu	pożyczać komuś, wynajmować komuś	 友達[ともだち]にペンを 貸[か]します。	Pożyczam koledze długopis.	 貸[か]します	 貸[か]しません	czasownik gr. 1	友達にペンを貸します。		[sound:hypertts-0e316c5413ac84f0e14f27896284674ca8d53f61d455c7fd2a6078c3.mp3]	[sound:hypertts-c7cfde94f8a6fdde5f3b77b707276e4220703e6737b7e0c645479964.mp3]	[sound:貸す_カス━_0_NHK-2016.mp3]	<ruby>貸<rt>か</rt></ruby>す	<ruby>友達<rt>ともだち</rt></ruby>にペンを<ruby>貸<rt>か</rt></ruby>します。	"""<span style=""""box-shadow: inset -2px -2px 0 0 #FF6633;"""">カ</span><span style=""""box-shadow: inset 0px 2px 0 0px #FF6633;"""">ス</span> <span class=""""pitch_number"""">0</span>"""
1771671396272	1775147485	Doki Doki1-4 male_voice newVersion	歩く	 歩[ある]く	あるく	aruku	chodzić, iść pieszo	 駅[えき]まで 歩[ある]きます。	Idę pieszo do stacji.	 歩[ある]きます	 歩[ある]きません	czasownik gr. 1	駅まで歩きます。		[sound:hypertts-3686823680ee133a214e8e3195650054cd69c56a14ea5309b4f88d52.mp3]	[sound:hypertts-687c3c8a3889b0417330c030b77d0af1398182efbf758dd79111032d.mp3]	[sound:歩く_アル＼ク_2_NHK-2016.mp3]	<ruby>歩<rt>ある</rt></ruby>く	<ruby>駅<rt>えき</rt></ruby>まで<ruby>歩<rt>ある</rt></ruby>きます。	"""<span style=""""box-shadow: inset -2px -2px 0 0 #FF6633;"""">ア</span><span style=""""box-shadow: inset -2px 2px 0 0px #FF6633;"""">ル</span><span style=""""box-shadow: inset 0px -2px 0 0px #FF6633;"""">ク</span> <span class=""""pitch_number"""">2</span>"""
1771671396273	1785164926	Doki Doki1-4 male_voice newVersion	（煙草を）吸う	（ 煙草[たばこ]を） 吸[す]う	たばこをすう	suu	palić papierosy	かれはたばこを 吸[す]いません。	On nie pali papierosów.	 吸[す]います	<ruby>吸<rt>す<rt></ruby>いません	czasownik gr. 1	かれはたばこを吸いません。		[sound:hypertts-3ff031e22bb3270e87aa5a0553dd3601b13a5cbeeac3af91cebb7dff.mp3]	[sound:hypertts-c1411dcc3a48130459ff9e942dec1cdad9c71904835c0390b6e83c3b.mp3]	[sound:吸う_スウ━_0_NHK-2016.mp3]	（<ruby>煙草<rt>たばこ</rt></ruby>を）<ruby>吸<rt>す</rt></ruby>う	かれはたばこを<ruby>吸<rt>す</rt></ruby>いません。	"""<span style=""""box-shadow: inset -2px -2px 0 0 #FF6633;"""">ス</span><span style=""""box-shadow: inset 0px 2px 0 0px #FF6633;"""">ウ</span> <span class=""""pitch_number"""">0</span>"""
1771671396274	1775147485	Doki Doki1-4 male_voice newVersion	掛かる	 掛[か]かる	かかる	kakaru	zabierać X czasu/kosztować	ここから 駅[えき]まで 十分[じっぷん] 掛[か]かります。	Stąd do stacji zajmuje dziesięć minut.	 掛[か]かります	 掛[か]かりません	czasownik gr. 1	ここから駅まで十分かかります。		[sound:hypertts-0022fd2af8b7842e82f7b0f72f3c2c182bf3428ea4e8f25bc32edb81.mp3]	[sound:hypertts-42b9ff762cdd55dce88f210ee3c981f67f36c346b2d5a1f77911d365.mp3]	[sound:掛かる_カカ＼ル_2_NHK-2016.mp3]	<ruby>掛<rt>か</rt></ruby>かる	ここから<ruby>駅<rt>えき</rt></ruby>まで<ruby>十分<rt>じっぷん</rt></ruby><ruby>掛<rt>か</rt></ruby>かります。	"""<span style=""""box-shadow: inset -2px -2px 0 0 #FF6633;"""">カ</span><span style=""""box-shadow: inset -2px 2px 0 0px #FF6633;"""">カ</span><span style=""""box-shadow: inset 0px -2px 0 0px #FF6633;"""">ル</span> <span class=""""pitch_number"""">2</span>"""
1771673977829	1791358881	Doki Doki1-4 female_voice newVersion	始める	 始[はじ]める	はじめる	hajimeru	zaczynać coś, rozpoczynać	 今日[きょう] 勉強[べんきょう]を 始[はじ]めます。	Dzisiaj zaczynam naukę.	 始[はじ]めます	 始[はじ]めません	czasownik gr. 2	今日勉強を始めます。		[sound:hypertts-31e0e6df38149ef9f0027abe62fefb5779654572ded938160a1a9608.mp3]	[sound:hypertts-b9eeb47fe57793d59f8b774e282037a8c2665f3743380b992b767d37.mp3]	[sound:始める_ハジメル━_0_NHK-2016.mp3]	<ruby>始<rt>はじ</rt></ruby>める	<ruby>今日<rt>きょう</rt></ruby><ruby>勉強<rt>べんきょう</rt></ruby>を<ruby>始<rt>はじ</rt></ruby>めます。	"""<span style=""""box-shadow: inset -2px -2px 0 0 #FF6633;"""">ハ</span><span style=""""box-shadow: inset 0px 2px 0 0px #FF6633;"""">ジメル</span> <span class=""""pitch_number"""">0</span>"""
1771673977830	1775147485	Doki Doki1-4 female_voice newVersion	遊ぶ	 遊[あそ]ぶ	あそぶ	asobu	bawić się	 子供[こども]が 公園[こうえん]で 遊[あそ]びます。	Dzieci bawią się w parku.	 遊[あそ]びます	 遊[あそ]びません	czasownik gr. 1	子供が公園で遊びます。		[sound:hypertts-92b94eeda5a84702603fe33eb3fd8327c0ec75c41da0a829a98bd636.mp3]	[sound:hypertts-24208e7d79ed046b5c35072a32a7aee9c14aefd3ac9c99560eb70942.mp3]	[sound:遊ぶ_アソブ━_0_NHK-2016.mp3]	<ruby>遊<rt>あそ</rt></ruby>ぶ	<ruby>子供<rt>こども</rt></ruby>が<ruby>公園<rt>こうえん</rt></ruby>で<ruby>遊<rt>あそ</rt></ruby>びます。	"""<span style=""""box-shadow: inset -2px -2px 0 0 #FF6633;"""">ア</span><span style=""""box-shadow: inset 0px 2px 0 0px #FF6633;"""">ソブ</span> <span class=""""pitch_number"""">0</span>"""
1771673977831	1783160598	Doki Doki1-4 female_voice newVersion	手伝う	(を) 手[て] 伝[つだ]う	てつだう	tetsudau	pomagać	 母[はは]の 料理[りょうり]を 手伝[てつだ]います。	Pomagam mamie w gotowaniu.	 手伝[てつだ]います	 手伝[てつだ]いません	czasownik gr. 1	母の料理を手伝います。		[sound:hypertts-0a5b5d526222224bed808b6408dab589b8f29ea8c60a573d74b20507.mp3]	[sound:hypertts-c3a59f0a493a6d6ecf6042f61e7739d1d0dc5aa2b931abe4e88a0b09.mp3]	[sound:手伝う_テツダ＼ウ_3_NHK-2016.mp3]	（を）<ruby>手伝<rt>てつだ</rt></ruby>う	<ruby>母<rt>はは</rt></ruby>の<ruby>料理<rt>りょうり</rt></ruby>を<ruby>手伝<rt>てつだ</rt></ruby>います。	"""<span style=""""box-shadow: inset -2px -2px 0 0 #FF6633;"""">テ</span><span style=""""box-shadow: inset -2px 2px 0 0px #FF6633;"""">ツダ</span><span style=""""box-shadow: inset 0px -2px 0 0px #FF6633;"""">ウ</span> <span class=""""pitch_number"""">3</span>"""
1771673977832	1783680164	Doki Doki1-4 female_voice newVersion	（写真を）撮る	（ 写真[しゃしん]を） 撮[と]る	しゃしんをとる	toru	robić (zdjęcia)	 友達[ともだち]の 写真[しゃしん]を 撮[と]ります。	Robię zdjęcia kolegi.	 撮[と]ります	 撮[と]りません	czasownik gr. 1	友達の写真を撮ります。		[sound:hypertts-de62ab8869db56fc00defa7947cb6c3f891affd7be23358b044c6f7f.mp3]	[sound:hypertts-9103b01d2db47bcaa61d4615f9e199c8ed2bbe5e4058e9092b0392e5.mp3]	[sound:撮る_ト＼ル_1_NHK-2016.mp3]	（<ruby>写真<rt>しゃしん</rt></ruby>を）<ruby>撮<rt>と</rt></ruby>る	<ruby>友達<rt>ともだち</rt></ruby>の<ruby>写真<rt>しゃしん</rt></ruby>を<ruby>撮<rt>と</rt></ruby>ります。	"""<span style=""""box-shadow: inset -2px 2px 0 0px #FF6633;"""">ト</span><span style=""""box-shadow: inset 0px -2px 0 0px #FF6633;"""">ル</span> <span class=""""pitch_number"""">1</span>"""
1771673977833	1781599502	Doki Doki1-4 female_voice newVersion	待つ	（を） 待[ま]つ	まつ	matsu	czekać	バスを 待[ま]ちます。	Czekam na autobus.	 待[ま]ちます	 待[ま]ちません	czasownik gr. 1	バスを待ちます。		[sound:hypertts-5eb0e6ec60bfbab30db19910a2c5cb5056d0099e6825cbb241cc4dcf.mp3]	[sound:hypertts-6ff27b82ad945e25eba5e336e1aab898d7c39cdf9617ec3189bd588e.mp3]	[sound:待つ_マ＼ツ_1_NHK-2016.mp3]	（を）<ruby>待<rt>ま</rt></ruby>つ	バスを<ruby>待<rt>ま</rt></ruby>ちます。	"""<span style=""""box-shadow: inset -2px 2px 0 0px #FF6633;"""">マ</span><span style=""""box-shadow: inset 0px -2px 0 0px #FF6633;"""">ツ</span> <span class=""""pitch_number"""">1</span>"""
1771673977834	1785656231	Doki Doki1-4 female_voice leech newVersion	急ぐ	 急[いそ]ぐ	いそぐ	isogu	śpieszyć się	 授業[じゅぎょう]に 遅[おく]れないように 急[いそ]ぎます。	Śpieszę się, żeby nie spóźnić się na zajęcia.	 急[いそ]ぎます	 急[いそ]ぎません	czasownik gr. 1	授業に遅れないように急ぎます。		[sound:hypertts-ecba3feb8c348eee8927262a5ad8ffe0402b8b08a9441e768a51384f.mp3]	[sound:hypertts-ba27e0435ead664e7270128827dc14ab1215eff29f67d27ca4b69c1f.mp3]	[sound:急ぐ_イソ＼ク゚_2_NHK-2016.mp3]	<ruby>急<rt>いそ</rt></ruby>ぐ	<ruby>授業<rt>じゅぎょう</rt></ruby>に<ruby>遅<rt>おく</rt></ruby>れないように<ruby>急<rt>いそ</rt></ruby>ぎます。	"""<span style=""""box-shadow: inset -2px -2px 0 0 #FF6633;"""">イ</span><span style=""""box-shadow: inset -2px 2px 0 0px #FF6633;"""">ソ</span><span style=""""box-shadow: inset 0px -2px 0 0px #FF6633;"""">ク<span style=""""color: red;"""">°</span></span> <span class=""""pitch_number"""">2</span>"""
1771673977835	1781033404	Doki Doki1-4 Doki1-6 female_voice newVersion	入る	入[はい]る(に)	はいる	hairu	wchodzić	喫茶店[きっさてん]に入[はい]ります。	Wchodzę do kawiarni.	入[はい]ります	入[はい]りません	czasownik gr. 1	喫茶店に入ります。	入る(に)	[sound:hypertts-faf6480fec19b97b65d90ef040f2c2fac0619149af2497b439e535e2.mp3]	[sound:hypertts-60aa68e0c6ee3c80bf54f09713074c4493ce9fde4b7a101a713a8ef8.mp3]	[sound:入る_ハ＼イル_1_NHK-2016.mp3]	入る	喫茶店に入ります。	"""<span style=""""box-shadow: inset -2px -2px 0 0 #FF6633;"""">イ</span><span style=""""box-shadow: inset 0px 2px 0 0px #FF6633;"""">ル</span> <span class=""""pitch_number"""">0</span>, <span style=""""box-shadow: inset -2px 2px 0 0px #FF6633;"""">ハ</span><span style=""""box-shadow: inset 0px -2px 0 0px #FF6633;"""">イル</span> <span class=""""pitch_number"""">1</span>"""
1771673977836	1778767792	Doki Doki1-4 female_voice newVersion	持つ	 持[も]つ	もつ	motsu	trzymać, chwycić, nieść&nbsp;	かばんを 持[も]ちます。	Trzymam torbę.	 持[も]ちます	 持[も]ちません	czasownik gr. 1	かばんを持ちます。		[sound:hypertts-cf713207483489450b07e5fce4a933b8c2b5f8559f2c939f089e0d04.mp3]	[sound:hypertts-a5882101efbfa5f56766c2d5122030cd9c1912a30e71d2128e58f6b6.mp3]	[sound:持つ_モ＼ツ_1_NHK-2016.mp3]	<ruby>持<rt>も</rt></ruby>つ	かばんを<ruby>持<rt>も</rt></ruby>ちます。	"""<span style=""""box-shadow: inset -2px 2px 0 0px #FF6633;"""">モ</span><span style=""""box-shadow: inset 0px -2px 0 0px #FF6633;"""">ツ</span> <span class=""""pitch_number"""">1</span>"""
1771673977837	1775147485	Doki Doki1-4 female_voice newVersion	泳ぐ	 泳[およ]ぐ	およぐ	oyogu	pływać	プールで 泳[およ]ぎます。	Pływam na basenie.	 泳[およ]ぎます	 泳[およ]ぎません	czasownik gr. 1	プールで泳ぎます。		[sound:hypertts-b42a421909600f4bd39af3ae40f228fcff6bd891bbc7a03f6b2acce0.mp3]	[sound:hypertts-de5078eb1077fd150436d86c2eac0f009dab470cc028c225d476df22.mp3]	[sound:泳ぐ_オヨ＼ク゚_2_NHK-2016.mp3]	<ruby>泳<rt>およ</rt></ruby>ぐ	プールで<ruby>泳<rt>およ</rt></ruby>ぎます。	"""<span style=""""box-shadow: inset -2px -2px 0 0 #FF6633;"""">オ</span><span style=""""box-shadow: inset -2px 2px 0 0px #FF6633;"""">ヨ</span><span style=""""box-shadow: inset 0px -2px 0 0px #FF6633;"""">ク<span style=""""color: red;"""">°</span></span> <span class=""""pitch_number"""">2</span>"""
1771673977838	1775467846	Doki Doki1-4 female_voice leech newVersion	連れてくる	 連[つ]れてくる	つれてくる	tsuretekuru	przyprowadzić (kogoś)	 友達[ともだち]を 家[いえ]に 連[つ]れてきます。	Przyprowadzę przyjaciela do domu.	 連[つ]れてきます	 連[つ]れてきません	czasownik niereg.	友達を家に連れてきます。		[sound:hypertts-f08ce802a66fecfb0899f7974a1d2956c3c24bec99894a21bb6e3059.mp3]	[sound:hypertts-d5869608bd25f4fcdc883b1a5eba8c482e1ffef721f62d000c32381a.mp3]	[sound:連れてくる_ツレテクル_TAAS.mp3]	<ruby>連<rt>つ</rt></ruby>れてくる	<ruby>友達<rt>ともだち</rt></ruby>を<ruby>家<rt>いえ</rt></ruby>に<ruby>連<rt>つ</rt></ruby>れてきます。	
1771673977839	1775147485	Doki Doki1-4 female_voice newVersion	使う	 使[つか]う	つかう	tsukau	używać	 辞書[じしょ]を 使[つか]います。	Używam słownika.	 使[つか]います	 使[つか]いません	czasownik gr. 1	辞書を使います。		[sound:hypertts-9396a44ea81133c45e6510ace7f3e3ef26bc99221ec9e1f421897ff6.mp3]	[sound:hypertts-75357f9dc9e2d6dbf021c60a1f50cc72d134423348721afdbbc5b545.mp3]	[sound:使う_ツカウ━_0_NHK-2016.mp3]	<ruby>使<rt>つか</rt></ruby>う	<ruby>辞書<rt>じしょ</rt></ruby>を<ruby>使<rt>つか</rt></ruby>います。	"""<span style=""""box-shadow: inset -2px -2px 0 0 #FF6633;""""><span style=""""color: royalblue;"""">ツ</span></span><span style=""""box-shadow: inset 0px 2px 0 0px #FF6633;"""">カウ</span> <span class=""""pitch_number"""">0</span>"""
1771673977840	1791359371	Doki Doki1-4 female_voice newVersion	死ぬ	 死[し]ぬ	しぬ	shinu	umierać	 古[ふる]い 木[き]が 死[し]にます。	Stare drzewo umiera.	 死[し]にます	 死[し]にません	czasownik gr. 1	古い木が死にます。		[sound:hypertts-3c2a1d1cf8bcc8061f7613a1ce7430401ef51ddd22a3dc1d1ea933a9.mp3]	[sound:hypertts-a1d566359c34e4e3e8165c8582adf15c982c205a9393df52ec1949de.mp3]	[sound:死ぬ_シヌ━_0_NHK-2016.mp3]	<ruby>死<rt>し</rt></ruby>ぬ	<ruby>古<rt>ふる</rt></ruby>い<ruby>木<rt>き</rt></ruby>が<ruby>死<rt>し</rt></ruby>にます。	"""<span style=""""box-shadow: inset -2px -2px 0 0 #FF6633;"""">シ</span><span style=""""box-shadow: inset 0px 2px 0 0px #FF6633;"""">ヌ</span> <span class=""""pitch_number"""">0</span>"""
1771673977841	1775147485	Doki Doki1-4 female_voice newVersion	持ってくる	 持[も]ってくる	もってくる	mottekuru	przynieść	あした 本[ほん]を 持[も]ってきます。	Jutro przyniosę książkę.	 持[も]ってきます	 持[も]ってきません	czasownik złożony	あした本を持ってきます。		[sound:hypertts-2fb17e65bf255b75b8be251b8eb49e0ea6c99f95c39cbf7d9df23b46.mp3]	[sound:hypertts-9e02b86188d6b3058a2a1a35b3f1039b8f7f1f31b734041ae77cb717.mp3]	[sound:持ってくる_モッテク＼ル_4_NHK-2016.mp3]	<ruby>持<rt>も</rt></ruby>ってくる	あした<ruby>本<rt>ほん</rt></ruby>を<ruby>持<rt>も</rt></ruby>ってきます。	"""<span style=""""box-shadow: inset -2px -2px 0 0 #FF6633;"""">モ</span><span style=""""box-shadow: inset -2px 2px 0 0px #FF6633;"""">ッテク</span><span style=""""box-shadow: inset 0px -2px 0 0px #FF6633;"""">ル</span> <span class=""""pitch_number"""">4</span>"""
1771673977842	1781031558	Doki Doki1-4 female_voice newVersion	出かける	 出[で]かける	でかける	dekakeru	wychodzić (w jakimś celu)	 友達[ともだち]と 映画[えいが]を 見[み]に 出[で]かけます。	Wychodzę z przyjacielem obejrzeć film.&nbsp;	 出[で]かけます	 出[で]かけません	czasownik gr. 2	友達と映画を見に出かけます。	出かける	[sound:hypertts-5452687865a6aad132b78aa0a20f3608139c7ab6a6288bc658631910.mp3]	[sound:hypertts-5bfed561b8e04fa388e250120a8deca630e3c49ffe142d0fe26e15d4.mp3]	[sound:出かける_デカケル━_0_NHK-2016.mp3]	<ruby>出<rt>で</rt></ruby>かける	<ruby>友達<rt>ともだち</rt></ruby>と<ruby>映画<rt>えいが</rt></ruby>を<ruby>見<rt>み</rt></ruby>に<ruby>出<rt>で</rt></ruby>かけます。	"""<span style=""""box-shadow: inset -2px -2px 0 0 #FF6633;"""">デ</span><span style=""""box-shadow: inset 0px 2px 0 0px #FF6633;"""">カケル</span> <span class=""""pitch_number"""">0</span>"""
1771673977844	1782883473	Doki Doki1-4 female_voice newVersion	お土産	お 土産[みやげ]	おみやげ	omiyage	pamiątka z podróży	 友達[ともだち]にお 土産[みやげ]を 買[か]います。	Kupuję pamiątkę dla przyjaciela.			rzeczownik	友達にお土産を買います。		[sound:hypertts-4dd9e60b1dace7d0007cbfc244a66804de352afa9966a0c3ac3a68b9.mp3]	[sound:hypertts-b23f2e77fedefea745dc9aefad9237915df817f01182287f934ed9cb.mp3]	[sound:お土産_オミヤケ゚━_0_NHK-2016.mp3]	お<ruby>土産<rt>みやげ</rt></ruby>	<ruby>友達<rt>ともだち</rt></ruby>にお<ruby>土産<rt>みやげ</rt></ruby>を<ruby>買<rt>か</rt></ruby>います。	"""<span style=""""box-shadow: inset -2px -2px 0 0 #FF6633;"""">オ</span><span style=""""box-shadow: inset 0px 2px 0 0px #FF6633;"""">ミヤケ<span style=""""color: red;"""">°</span></span> <span class=""""pitch_number"""">0</span>"""
1771673977845	1775147485	Doki Doki1-4 female_voice newVersion	カメラ	カメラ	カメラ	kamera	aparat	カメラで 写真[しゃしん]を 撮[と]ります。	Robię zdjęcia aparatem.			zapożyczenie	カメラで写真を撮ります。		[sound:hypertts-73d4dda05a6ed16563d44e492d17d04e29440370aab9de0432f1545b.mp3]	[sound:hypertts-11738b6bd4bf57db558cee32cf88711ebd759bca303a60687f64775b.mp3]	[sound:カメラ_カ＼メラ_1_NHK-2016.mp3]	カメラ	カメラで<ruby>写真<rt>しゃしん</rt></ruby>を<ruby>撮<rt>と</rt></ruby>ります。	"""<span style=""""box-shadow: inset -2px 2px 0 0px #FF6633;"""">カ</span><span style=""""box-shadow: inset 0px -2px 0 0px #FF6633;"""">メラ</span> <span class=""""pitch_number"""">1</span>"""
1771673977846	1782884078	Doki Doki1-4 female_voice newVersion	荷物	荷[に] 物[もつ]	にもつ	nimotsu	bagaż	 荷物[にもつ]が 重[おも]いです。	Bagaż jest ciężki.			rzeczownik	荷物が重いです。		[sound:hypertts-3e68abb6980d90f7d0c2ad32406e398126180659d6ed64ad56596632.mp3]	[sound:hypertts-46ea6980b48a771186c9563ecb4a25e8dd6763635f38c615836bb199.mp3]	[sound:荷物_ニ＼モツ_1_NHK-2016.mp3]	<ruby>荷物<rt>にもつ</rt></ruby>	<ruby>荷物<rt>にもつ</rt></ruby>が<ruby>重<rt>おも</rt></ruby>いです。	"""<span style=""""box-shadow: inset -2px 2px 0 0px #FF6633;"""">ニ</span><span style=""""box-shadow: inset 0px -2px 0 0px #FF6633;"""">モツ</span> <span class=""""pitch_number"""">1</span>"""
1771673977847	1782884078	Doki Doki1-4 female_voice newVersion	切符	切[きっ] 符[ぷ]	きっぷ	kippu	bilet	 駅[えき]で 切符[きっぷ]を 買[か]います。	Kupuję bilet na stacji.			rzeczownik	駅で切符を買います。		[sound:hypertts-f3a19ddffc5cd2eba3191138c5519686742a6572c33bc4685803ee0f.mp3]	[sound:hypertts-c40590c99ff589bdb79b7249a021704f0b4192e3fd5fd43b0d49e969.mp3]	[sound:切符_キップ━_0_NHK-2016.mp3]	<ruby>切符<rt>きっぷ</rt></ruby>	<ruby>駅<rt>えき</rt></ruby>で<ruby>切符<rt>きっぷ</rt></ruby>を<ruby>買<rt>か</rt></ruby>います。	"""<span style=""""box-shadow: inset -2px -2px 0 0 #FF6633;""""><span style=""""color: royalblue;"""">キ</span></span><span style=""""box-shadow: inset 0px 2px 0 0px #FF6633;"""">ップ</span> <span class=""""pitch_number"""">0</span>"""
1771673977848	1791205492	Doki Doki1-4 female_voice newVersion	箸	 箸[はし]	はし	hashi	pałeczki	レストランで 箸[はし]を 使[つか]います。	W restauracji używam pałeczek.			rzeczownik. Często z grzecznościowym お jako お箸.	レストランで箸を使います。		[sound:hypertts-5c1aa5f5ffd84ab5212892243191cb5428d90031c89bcb0e0feff2ff.mp3]	[sound:hypertts-fc86bb78ee65fa42fd8e09baf13dc3b9c0fd5091e22e7b40a6b7089e.mp3]	[sound:箸_ハ＼シ_1_NHK-2016.mp3]	<ruby>箸<rt>はし</rt></ruby>	レストランで<ruby>箸<rt>はし</rt></ruby>を<ruby>使<rt>つか</rt></ruby>います。	"""<span style=""""box-shadow: inset -2px 2px 0 0px #FF6633;"""">ハ</span><span style=""""box-shadow: inset 0px -2px 0 0px #FF6633;"""">シ</span> <span class=""""pitch_number"""">1</span>"""
1771674800648	1782883435	Doki Doki1-4 male_voice newVersion	一人	一人[ひとり]	ひとり	hitori	jedna osoba	きょうは 一人[ひとり]で 映画[えいが]を 見[み]ます。	Dziś oglądam film sam (jedna osoba).			liczebnik	今日は一人で映画を見ます。	 一人	[sound:hypertts-8f8b4224aa0bb9d3870a2bc6fd09648fdc156784d475720167caf0de.mp3]	[sound:hypertts-ae0f316d4b8399a0a877bf36707ee89646c44be76f18b8d5e2b94201.mp3]	[sound:一人_ヒト＼リ_2_NHK-2016.mp3] [sound:一人_ヒト＼リ_2_NHK-2016(1).mp3]	<ruby>一人<rt>ひとり</rt></ruby>	きょうは<ruby>一人<rt>ひとり</rt></ruby>で<ruby>映画<rt>えいが</rt></ruby>を<ruby>見<rt>み</rt></ruby>ます。	"""<span style=""""box-shadow: inset -2px -2px 0 0 #FF6633;""""><span style=""""color: royalblue;"""">ヒ</span></span><span style=""""box-shadow: inset -2px 2px 0 0px #FF6633;"""">ト</span><span style=""""box-shadow: inset 0px -2px 0 0px #FF6633;"""">リ</span> <span class=""""pitch_number"""">2</span>"""
1771674800649	1782883435	Doki Doki1-4 male_voice newVersion	二人	二人[ふたり]	ふたり	futari	dwie osoby	レストランに 二人[ふたり]で 行[い]きます。	Idziemy do restauracji we dwoje.			liczebnik	レストランに二人で行きます。	 二人	[sound:hypertts-c7b34cdd5154aad8eb1ef5a52cc2700583a91e3586f1e22f5b1851cd.mp3]	[sound:hypertts-a74d79cda7103d422e10fbd9e9f14351584c3ff9d11a1eecdb959e5f.mp3]	[sound:二人_フタリ━_0_NHK-2016.mp3] [sound:二人_フタリ＼_3_NHK-2016.mp3] [sound:二人_フタリ＼_3_NHK-2016(1).mp3]	<ruby>二人<rt>ふたり</rt></ruby>	レストランに<ruby>二人<rt>ふたり</rt></ruby>で<ruby>行<rt>い</rt></ruby>きます。	"""<span style=""""box-shadow: inset -2px -2px 0 0 #FF6633;""""><span style=""""color: royalblue;"""">フ</span></span><span style=""""box-shadow: inset 0px 2px 0 0px #FF6633;"""">タリ</span> <span class=""""pitch_number"""">0</span>, <span style=""""box-shadow: inset -2px -2px 0 0 #FF6633;""""><span style=""""color: royalblue;"""">フ</span></span><span style=""""box-shadow: inset -2px 2px 0 0px #FF6633;"""">タリ</span> <span class=""""pitch_number"""">3</span>"""
1771674800650	1782884078	Doki Doki1-4 male_voice newVersion	三人	三[さん] 人[にん]	さんにん	sannin	trzy osoby	 家族[かぞく]は 三人[さんにん]です。	Moja rodzina ma trzy osoby.			liczebnik	家族は三人です。	 三人	[sound:hypertts-8c35e07623f5ae411aebd52c4af7dae916c0d841eb23c8f89cfa9ede.mp3]	[sound:hypertts-c3c2286ffdb06fd9ef624a9044dc72e945e31ea976f413bb5873313d.mp3]	[sound:三人_サンニ＼ン_3_NHK-2016.mp3]	<ruby>三人<rt>さんにん</rt></ruby>	<ruby>家族<rt>かぞく</rt></ruby>は<ruby>三人<rt>さんにん</rt></ruby>です。	"""<span style=""""box-shadow: inset -2px -2px 0 0 #FF6633;"""">サ</span><span style=""""box-shadow: inset -2px 2px 0 0px #FF6633;"""">ンニ</span><span style=""""box-shadow: inset 0px -2px 0 0px #FF6633;"""">ン</span> <span class=""""pitch_number"""">3</span>"""
1771674800651	1782884078	Doki Doki1-4 male_voice newVersion	四人	四[よ] 人[にん]	よにん	yonin	cztery osoby	テーブルに 四人[よにん]が 座[すわ]ります。	Przy stole siedzą cztery osoby.			liczebnik	テーブルに四人が座ります。	 四人	[sound:hypertts-2bfd223c5be87832d095d20dfc5f6a478cebcbc75348b29dcf28feeb.mp3]	[sound:hypertts-200fa7e5cd7609969420145c89ba49b65dfca44706b4362cee37839c.mp3]	[sound:四人_ヨニ＼ン_2_NHK-2016.mp3]	<ruby>四人<rt>よにん</rt></ruby>	テーブルに<ruby>四人<rt>よにん</rt></ruby>が<ruby>座<rt>すわ</rt></ruby>ります。	
1771674800652	1782884078	Doki Doki1-4 male_voice newVersion	五人	五[ご] 人[にん]	ごにん	gonin	pięć osób	クラスに 五人[ごにん]の 学生[がくせい]がいます。	W klasie jest pięcioro uczniów.			liczebnik	クラスに五人の学生がいます。	 五人	[sound:hypertts-828b654c6952cf8917751b252816e029dd43ce076d56ca7ed0ae93b3.mp3]	[sound:hypertts-aeed35d9e3ffe852b5584c81d0c34bab9109514d220890d57fab7f1c.mp3]	[sound:五人_ゴニ＼ン_2_NHK-2016.mp3]	<ruby>五人<rt>ごにん</rt></ruby>	クラスに<ruby>五人<rt>ごにん</rt></ruby>の<ruby>学生<rt>がくせい</rt></ruby>がいます。	
1771674800653	1782884078	Doki Doki1-4 male_voice newVersion	六人	六[ろく] 人[にん]	ろくにん	rokunin	sześć osób	パーティーに 六人[ろくにん]が 来[き]ます。	Na przyjęcie przychodzi sześć osób.			liczebnik	パーティーに六人が来ます。	 六人	[sound:hypertts-7b0dacd0f33c2a3df8f60d42ab6f6302253e58df5895d4585670ffa5.mp3]	[sound:hypertts-655539d1e644bca10ff10d141b66b21216a0deede7b659aa4509f25d.mp3]	[sound:六人_ロク＼ニン_2_NHK-2016.mp3]	<ruby>六人<rt>ろくにん</rt></ruby>	パーティーに<ruby>六人<rt>ろくにん</rt></ruby>が<ruby>来<rt>き</rt></ruby>ます。	
1771674800654	1782884078	Doki Doki1-4 male_voice newVersion	七人	七[なな] 人[にん]	ななにん	nananin	siedem osób	バスに 七人[ななにん]だけいます。	W autobusie jest tylko siedem osób.			liczebnik	バスに七人だけいます。	 七人	[sound:hypertts-b6c32fe9cb04a3027880481d74c6cd0e44ab8f7686386bd8955b8a0a.mp3]	[sound:hypertts-401b6bb28f712a6362e4dde54b7cee35c4eb6543bed2249a5e606c7f.mp3]	[sound:七人_ナナ＼ニン_2_NHK-2016.mp3]	<ruby>七人<rt>ななにん</rt></ruby>	バスに<ruby>七人<rt>ななにん</rt></ruby>だけいます。	
1771674800655	1782884078	Doki Doki1-4 male_voice newVersion	八人	八[はち] 人[にん]	はちにん	hachinin	osiem osób	 部屋[へや]に 八人[はちにん]が 入[はい]れます。	Do pokoju może wejść osiem osób.			liczebnik	部屋に八人が入れます。	 八人	[sound:hypertts-5460f65c10ebfc9d920755ce55ff4e3b2fb9effe0929e429099bb807.mp3]	[sound:hypertts-527597ed4d35bc627501f2e6ff54331c2acc942c30d737b4615d81cf.mp3]	[sound:八人_ハチ＼ニン_2_NHK-2016.mp3]	<ruby>八人<rt>はちにん</rt></ruby>	<ruby>部屋<rt>へや</rt></ruby>に<ruby>八人<rt>はちにん</rt></ruby>が<ruby>入<rt>はい</rt></ruby>れます。	"""<span style=""""box-shadow: inset -2px -2px 0 0 #FF6633;"""">ハ</span><span style=""""box-shadow: inset -2px 2px 0 0px #FF6633;"""">チ</span><span style=""""box-shadow: inset 0px -2px 0 0px #FF6633;"""">ニン</span> <span class=""""pitch_number"""">2</span>"""
1771674800656	1782884078	Doki Doki1-4 male_voice newVersion	九人	九[きゅう] 人[にん]	きゅうにん	kyuunin	dziewięć osób	きょうの 授業[じゅぎょう]は 九人[きゅうにん]です。	Na dzisiejszych zajęciach jest dziewięć osób.			liczebnik	今日の授業は九人です。	 九人	[sound:hypertts-711a2bd28fe89c79b41a4df1998abc26fde4a972d655b7faed06eb0c.mp3]	[sound:hypertts-dd0c65da1825182ed53cda197773d24db434411b60389afa9752ecbf.mp3]	[sound:九人_キュ＼ーニン_1_NHK-2016.mp3]	<ruby>九人<rt>きゅうにん</rt></ruby>	きょうの<ruby>授業<rt>じゅぎょう</rt></ruby>は<ruby>九人<rt>きゅうにん</rt></ruby>です。	
1771674800657	1782884078	Doki Doki1-4 male_voice newVersion	十人	十[じゅう] 人[にん]	じゅうにん	juunin	dziesięć osób	グループは 十人[じゅうにん]です。	Grupa liczy dziesięć osób.			liczebnik	グループは十人です。	 十人	[sound:hypertts-e175c1be0b8c05a625e9c115efe25b8953e27ab61146fa703850cc74.mp3]	[sound:hypertts-096ef751ea42be721b4b12b6feb91c73379c16eea0843da37c622442.mp3]	[sound:十人_ジュ＼ーニン_1_NHK-2016.mp3]	<ruby>十人<rt>じゅうにん</rt></ruby>	グループは<ruby>十人<rt>じゅうにん</rt></ruby>です。	"""<span style=""""box-shadow: inset -2px 2px 0 0px #FF6633;"""">ジュ</span><span style=""""box-shadow: inset 0px -2px 0 0px #FF6633;"""">ウニン</span> <span class=""""pitch_number"""">1</span>"""
1771674800658	1783671790	Doki Doki1-4 male_voice newVersion	何[なん] 人[にん]	何[なん] 人[にん]*	なんにん	nannin	ile osób?	クラスには 何人[なんにん]いますか。	Ile osób jest w klasie?			wyrażenie	クラスには何人いますか。	何[なん]人	[sound:hypertts-7ac23354f0e9624623d6f1c7f7cff2f4cf7ced16de9e3c77bff5f9d3.mp3]	[sound:hypertts-0cd903ec85d41634fde62eb1a03ac1cae27e7cd49f1914487fe485cf.mp3]	[sound:何人_ナ＼ンニン_1_NHK-2016.mp3] [sound:何人_ナ＼ンニン_1_NHK-2016(1).mp3]	<ruby>何人<rt>なんにん</rt></ruby>	クラスには<ruby>何人<rt>なんにん</rt></ruby>いますか。	"""<span style=""""box-shadow: inset -2px 2px 0 0px #FF6633;"""">ナ</span><span style=""""box-shadow: inset 0px -2px 0 0px #FF6633;"""">ンニン</span> <span class=""""pitch_number"""">1</span>"""
1771675201467	1775147485	Doki Doki1-4 male_voice newVersion	乗り物	 乗[の]り 物[もの]	のりもの	norimono	środki transportu	 私[わたし]は 電車[でんしゃ]などの 乗[の]り 物[もの]が 好[す]きです。	Lubię środki transportu, takie jak pociągi.			rzeczownik	私は電車などの乗り物が好きです。		[sound:hypertts-bfb6be07b7b2952c4004085d23d9bc10d4a0442b6d0fb22735af59f0.mp3]	[sound:hypertts-d4c1f27e813ae50d30eb30ae14136faa3d598e0e7c0bc4e976dea1ed.mp3]	[sound:乗り物_ノリモノ━_0_NHK-2016.mp3]	<ruby>乗<rt>の</rt></ruby>り<ruby>物<rt>もの</rt></ruby>	<ruby>私<rt>わたし</rt></ruby>は<ruby>電車<rt>でんしゃ</rt></ruby>などの<ruby>乗<rt>の</rt></ruby>り<ruby>物<rt>もの</rt></ruby>が<ruby>好<rt>す</rt></ruby>きです。	"""<span style=""""box-shadow: inset -2px -2px 0 0 #FF6633;"""">ノ</span><span style=""""box-shadow: inset 0px 2px 0 0px #FF6633;"""">リモノ</span> <span class=""""pitch_number"""">0</span>"""
1771675201470	1782884078	Doki Doki1-4 male_voice newVersion	新幹線	新[しん] 幹[かん] 線[せん]	しんかんせん	shinkansen	shinkansen	 新幹線[しんかんせん]で 大阪[おおさか]へ 行[い]きます。	Jadę do Osaki shinkansenem.			rzeczownik	新幹線で大阪へ行きます。		[sound:hypertts-b482896626798bc7b15432c9759549b0d507d29b438ec043936284c6.mp3]	[sound:hypertts-d8c794f856062dd479d5ea1ab80eca8fd8d190cb5f7b97fb2ee8fa2e.mp3]	[sound:新幹線_シンカ＼ンセン_3_NHK-2016.mp3]	<ruby>新幹線<rt>しんかんせん</rt></ruby>	<ruby>新幹線<rt>しんかんせん</rt></ruby>で<ruby>大阪<rt>おおさか</rt></ruby>へ<ruby>行<rt>い</rt></ruby>きます。	"""<span style=""""box-shadow: inset -2px -2px 0 0 #FF6633;"""">シ</span><span style=""""box-shadow: inset -2px 2px 0 0px #FF6633;"""">ンカ</span><span style=""""box-shadow: inset 0px -2px 0 0px #FF6633;"""">ンセン</span> <span class=""""pitch_number"""">3</span>"""
1771675201471	1775147485	Doki Doki1-4 male_voice newVersion	バス	バス	バス	basu	autobus	バスに 乗[の]ります。	Wsiadam do autobusu.			zapożyczenie	バスに乗ります。		[sound:hypertts-d8a12847ee9ec79177f88aa65b43536bf2f9846fce966f5ba3a0d5f0.mp3]	[sound:hypertts-e0d03216140b69c538bdf9727b6389ed27db8b3efe4a37568692fbf3.mp3]	[sound:バス_バ＼ス_1_NHK-2016.mp3]	バス	バスに<ruby>乗<rt>の</rt></ruby>ります。	"""<span style=""""box-shadow: inset -2px 2px 0 0px #FF6633;"""">バ</span><span style=""""box-shadow: inset 0px -2px 0 0px #FF6633;"""">ス</span> <span class=""""pitch_number"""">1</span>"""
1771675201472	1782884078	Doki Doki1-4 male_voice newVersion	地下鉄	地[ち] 下[か] 鉄[てつ]	ちかてつ	chikatetsu	metro	 地下鉄[ちかてつ]で 渋谷[しぶや]へ 行[い]きます。	Jadę metrem do Shibuyi.			rzeczownik	地下鉄で渋谷へ行きます。	地[ち]下 鉄[てつ]	[sound:hypertts-08a1141e271757650a9fccdd6c071840b71fd7e17aa7539d980649f3.mp3]	[sound:hypertts-7c8907ecd8a199e94bebcd6b6f53e4005b0104786dba13f668107a83.mp3]	[sound:地下鉄_チカテツ━_0_NHK-2016.mp3]	<ruby>地下鉄<rt>ちかてつ</rt></ruby>	<ruby>地下鉄<rt>ちかてつ</rt></ruby>で<ruby>渋谷<rt>しぶや</rt></ruby>へ<ruby>行<rt>い</rt></ruby>きます。	"""<span style=""""box-shadow: inset -2px -2px 0 0 #FF6633;""""><span style=""""color: royalblue;"""">チ</span></span><span style=""""box-shadow: inset 0px 2px 0 0px #FF6633;"""">カテツ</span> <span class=""""pitch_number"""">0</span>"""
1771675201474	1775147485	Doki Doki1-4 male_voice newVersion	船	 船[ふね]	ふね	fune	statek	 船[ふね]で 島[しま]へ 行[い]きます。	Płynę statkiem na wyspę.			rzeczownik	船で島へ行きます。		[sound:hypertts-35bfaac8906a6e701375ec403f454e6a09ba4876b1c68d4b3b412a4c.mp3]	[sound:hypertts-0838654c71fa6bca4d3a4811507310d39075d76b22d3e61ee9f3a9c4.mp3]	[sound:船_フ＼ネ_1_NHK-2016.mp3]	<ruby>船<rt>ふね</rt></ruby>	<ruby>船<rt>ふね</rt></ruby>で<ruby>島<rt>しま</rt></ruby>へ<ruby>行<rt>い</rt></ruby>きます。	"""<span style=""""box-shadow: inset -2px 2px 0 0px #FF6633;"""">フ</span><span style=""""box-shadow: inset 0px -2px 0 0px #FF6633;"""">ネ</span> <span class=""""pitch_number"""">1</span>"""
1771675201475	1782884078	Doki Doki1-4 male_voice newVersion	路面電車	路[ろ] 面[めん] 電[でん] 車[しゃ]	ろめんでんしゃ	romendensha	tramwaj	 路面電車[ろめんでんしゃ]で 駅[えき]へ 行[い]きます。	Jadę tramwajem na stację.			rzeczownik	路面電車で駅へ行きます。		[sound:hypertts-699b76c592b710ee9d299efd644fd87997925c13a8dc591861d169a5.mp3]	[sound:hypertts-91b369e51db5225b64cd5013ffe699ef1177bd7d88f444b399de9c0f.mp3]	[sound:路面電車_ロメンデンシャ_JapanesePod101.mp3]	<ruby>路面電車<rt>ろめんでんしゃ</rt></ruby>	<ruby>路面電車<rt>ろめんでんしゃ</rt></ruby>で<ruby>駅<rt>えき</rt></ruby>へ<ruby>行<rt>い</rt></ruby>きます。	"""<span style=""""box-shadow: inset -2px -2px 0 0 #FF6633;"""">ロ</span><span style=""""box-shadow: inset -2px 2px 0 0px #FF6633;"""">メンデ</span><span style=""""box-shadow: inset 0px -2px 0 0px #FF6633;"""">ンシャ</span> <span class=""""pitch_number"""">4</span>"""
1771675201476	1775147485	Doki Doki1-4 male_voice newVersion	歩いて	 歩[ある]いて	あるいて	aruite	pieszo	 歩[ある]いて 学校[がっこう]へ 行[い]きます。	Idę do szkoły pieszo.			wyrażenie	歩いて学校へ行きます。		[sound:hypertts-6833558701bdb17c46cc46859d31848d5d03abca3fee60d219d7af1a.mp3]	[sound:hypertts-d804d87143a3d5884a006b49f28605f8e4bc11339fbbdc9a06a03260.mp3]		<ruby>歩<rt>ある</rt></ruby>いて	<ruby>歩<rt>ある</rt></ruby>いて<ruby>学校<rt>がっこう</rt></ruby>へ<ruby>行<rt>い</rt></ruby>きます。	
1771675698859	1782884078	Doki Doki1-4 female_voice newVersion	冬休み	冬[ふゆ] 休[やす]み	ふゆやすみ	fuyuyasumi	ferie zimowe	 冬休[ふゆやす]みに 日本[にほん]へ 行[い]きます。	W ferie zimowe jadę do Japonii.			rzeczownik	冬休みに日本へ行きます。		[sound:hypertts-28f4b680284a56f96a06a87b1a94d54384ef07ec6008a9b8eb7e882c.mp3]	[sound:hypertts-47cbace076a4c269bc2fbcaef8e9282d4a94964deba823d7c7857b00.mp3]	[sound:冬休み_フユヤ＼スミ_3_NHK-2016.mp3]	<ruby>冬休<rt>ふゆやす</rt></ruby>み	<ruby>冬休<rt>ふゆやす</rt></ruby>みに<ruby>日本<rt>にほん</rt></ruby>へ<ruby>行<rt>い</rt></ruby>きます。	"""<span style=""""box-shadow: inset -2px -2px 0 0 #FF6633;"""">フ</span><span style=""""box-shadow: inset -2px 2px 0 0px #FF6633;"""">ユヤ</span><span style=""""box-shadow: inset 0px -2px 0 0px #FF6633;"""">スミ</span> <span class=""""pitch_number"""">3</span>"""
1771675698860	1775147485	Doki Doki1-4 female_voice newVersion	メッセージ	メッセージ	メッセージ	messeeji	wiadomość	メッセージを 読[よ]みます。	Czytam wiadomość.			zapożyczenie	メッセージを読みます。		[sound:hypertts-a6172c7a204292105b377033c1ae6345a5e76e0c1157f44a62d62458.mp3]	[sound:hypertts-6f61507ee43eff205a07b1b9d18f933666398973406af348239f8363.mp3]	[sound:メッセージ_メ＼ッセージ_1_NHK-2016.mp3]	メッセージ	メッセージを<ruby>読<rt>よ</rt></ruby>みます。	"""<span style=""""box-shadow: inset -2px 2px 0 0px #FF6633;"""">メ</span><span style=""""box-shadow: inset 0px -2px 0 0px #FF6633;"""">ッセージ</span> <span class=""""pitch_number"""">1</span>"""
1771676654438	1787747930	Doki Doki1-3 leech male_voice newVersion	いいですね	いいですね	いいですね	ii desu ne	Brzmi dobrze! / Świetnie!	 一緒[いっしょ]に 映画[えいが]を 見[み]ませんか。いいですね！	Może pójdziemy razem do kina? - Świetnie!			wyrażenie grzecznościowe	一緒に映画を見ませんか。いいですね！		[sound:hypertts-54a217123780fe1735285c242d3c8885bd091570f3cb09958aef399f.mp3]	[sound:hypertts-ac0e6908a617addc4d8b3f3df67dc7687076a7f01bde7b82533f2d86.mp3]		いいですね	<ruby>一緒<rt>いっしょ</rt></ruby>に<ruby>映画<rt>えいが</rt></ruby>を<ruby>見<rt>み</rt></ruby>ませんか。いいですね！	
1771676654439	1775147485	Doki Doki1-3 male_voice newVersion	キラーン	キラーン	キラーン	kiraan	błysk, lśnienie (efekt wizualny)	キラーン！ 目[め]がひかります。	Błysk! Oczy się iskrzą.			onomatopeja (manga/anime)	キラーン！目がひかります。		[sound:hypertts-30f84f181ab7f1d6f617d66021250470dc58b0d594c4b2163fa67d97.mp3]	[sound:hypertts-6281a2b833caf95ec39cef48fab9d4d6bf5607742d425f20a344d859.mp3]		キラーン	キラーン！<ruby>目<rt>め</rt></ruby>がひかります。	
1771680240745	1775147485	Doki Doki1-4 female_voice newVersion	好き	 好[す]き	すき	suki	lubić / być lubianym	 私[わたし]はすしが 好[す]きです。	Lubię sushi.			"""na-przymiotnik (w j. japońskim """"lubić"""" wyraża się przymiotnikiem)"""	私は すしが 好き です。		[sound:hypertts-f8a7cd3aade30acd182173c2d23fdcb1527e19d637972f02eaa5f75a.mp3]	[sound:hypertts-fb56900c35c60aa525ed8204604fe3a71acc5866e498434a25852385.mp3]	[sound:好き_スキ＼_2_NHK-2016.mp3]	<ruby>好<rt>す</rt></ruby>き	<ruby>私<rt>わたし</rt></ruby>はすしが<ruby>好<rt>す</rt></ruby>きです。	"""<span style=""""box-shadow: inset -2px -2px 0 0 #FF6633;""""><span style=""""color: royalblue;"""">ス</span></span><span style=""""box-shadow: inset -2px 2px 0 0px #FF6633;"""">キ</span> <span class=""""pitch_number"""">2</span>"""
1771871839082	1782884078	Doki Doki1-5 female_voice newVersion	天気	天[てん] 気[き]	てんき	tenki	pogoda	いい 天気[てんき]ですね。	Ładna pogoda, prawda?			rzeczownik	いい天気ですね。	天気	[sound:hypertts-e33c1b977454c70f9a47e67b22d4804c876b12e5f2c7baccf3700482.mp3]	[sound:hypertts-2fdb0ef6f4c3826fa67dc051609b944a32907b7ffedd551eadfa85bd.mp3]	[sound:天気_テ＼ンキ_1_NHK-2016.mp3]	<ruby>天<rt>てん</rt></ruby><ruby>気<rt>き</rt></ruby>	いい<ruby>天<rt>てん</rt></ruby><ruby>気<rt>き</rt></ruby>ですね。	"""<span style=""""box-shadow: inset -2px 2px 0 0px #FF6633;"""">テ</span><span style=""""box-shadow: inset 0px -2px 0 0px #FF6633;"""">ンキ</span> <span class=""""pitch_number"""">1</span>"""
1771871839083	1782884350	Doki Doki1-5 female_voice leech newVersion	葉書	葉書[はがき]	はがき	hagaki	pocztówka	きれいな 葉書[はがき]ですね。	To piękna pocztówka.			rzeczownik	きれいな葉書ですね。		[sound:hypertts-a61dfee9294718d21ce6fd949e691d19d66a3d515934d346772c8b8b.mp3]	[sound:hypertts-b15a2022f72a5f98afc04804de65fef13aa78ea4543203ad65895aac.mp3]	[sound:葉書_ハガキ━_0_Shinmeikai-8.mp3]	<ruby>葉<rt>は</rt></ruby><ruby>書<rt>がき</rt></ruby>	きれいな<ruby>葉<rt>は</rt></ruby><ruby>書<rt>がき</rt></ruby>ですね。	"""<span style=""""box-shadow: inset -2px -2px 0 0 #FF6633;"""">ハ</span><span style=""""box-shadow: inset 0px 2px 0 0px #FF6633;"""">ガキ</span> <span class=""""pitch_number"""">0</span>, <span style=""""box-shadow: inset -2px -2px 0 0 #FF6633;"""">ハ</span><span style=""""box-shadow: inset -2px 2px 0 0px #FF6633;"""">ガ</span><span style=""""box-shadow: inset 0px -2px 0 0px #FF6633;"""">キ</span> <span class=""""pitch_number"""">2</span>"""
1771871839086	1788525709	Doki Doki1-5 female_voice newVersion	是非	是[ぜ] 非[ひ]	ぜひ	zehi	koniecznie (bo bardzo tego chcę / bo gorąco polecam)	 是非[ぜひ] 来[き]てください。	Proszę koniecznie przyjść.			przysłówek, często jako samo to zgoda i często powtarzane<div>Używasz tego słowa, gdy mówisz o swoich chęciach lub kogoś do czegoś entuzjastycznie zachęcasz. Słowo to ma pozytywny, gościnny lub pełen nadziei wydźwięk.</div><div>&nbsp;Na poziomie N5 najczęściej łączy się z formą ～たい (chcieć coś zrobić) lub ～てください (proszę to zrobić).</div><div>&nbsp;ぜひ日本に行きたいです。 (Zehi Nihon ni ikitai desu.) – Koniecznie chcę pojechać do Japonii.</div><div>&nbsp;ぜひ来てください。 (Zehi kite kudasai.) – Koniecznie przyjdź.</div>	是非来てください。		[sound:hypertts-144a90f053b2f8bcb9ff0a936d5521d868584999d40cbcc6a8966d2d.mp3]	[sound:hypertts-2a348ed635e7eec7b607387c929224b7e017b0831adc03c1f2726d1d.mp3]	[sound:是非_ゼ＼ヒ_1_NHK-2016.mp3]	<ruby>是<rt>ぜ</rt></ruby><ruby>非<rt>ひ</rt></ruby>	<ruby>是<rt>ぜ</rt></ruby><ruby>非<rt>ひ</rt></ruby><ruby>来<rt>き</rt></ruby>てください。	"""<span style=""""box-shadow: inset -2px 2px 0 0px #FF6633;"""">ゼ</span><span style=""""box-shadow: inset 0px -2px 0 0px #FF6633;"""">ヒ</span> <span class=""""pitch_number"""">1</span>"""
1771871839087	1782884078	Doki Doki1-5 female_voice newVersion	切手	切[きっ] 手[て]	きって	kitte	znaczek pocztowy	 切手[きって]を 買[か]います。	Kupuję znaczek pocztowy.			rzeczownik	切手を買います。		[sound:hypertts-f3d91d9a081eacb0cc18c62f59c6f027c562663e2eef00e8a3e0fb10.mp3]	[sound:hypertts-f526e835c0068527053518237893bd2260f2b6bdad2a4d3326a7ce90.mp3]	[sound:切手_キッテ━_0_NHK-2016.mp3]	<ruby>切<rt>きっ</rt></ruby><ruby>手<rt>て</rt></ruby>	<ruby>切<rt>きっ</rt></ruby><ruby>手<rt>て</rt></ruby>を<ruby>買<rt>か</rt></ruby>います。	"""<span style=""""box-shadow: inset -2px -2px 0 0 #FF6633;""""><span style=""""color: royalblue;"""">キ</span></span><span style=""""box-shadow: inset 0px 2px 0 0px #FF6633;"""">ッテ</span> <span class=""""pitch_number"""">0</span>, <span style=""""box-shadow: inset -2px -2px 0 0 #FF6633;""""><span style=""""color: royalblue;"""">キ</span></span><span style=""""box-shadow: inset -2px 2px 0 0px #FF6633;"""">ッテ</span> <span class=""""pitch_number"""">3</span>"""
1771871839088	1775147485	Doki Doki1-5 female_voice newVersion	釣り	 釣[つ]り	つり	tsuri	wędkarstwo	 週末[しゅうまつ]に 釣[つ]りをします。	W weekend łowię ryby.			rzeczownik	週末に釣りをします。		[sound:hypertts-438b326628678aec65b0e33cb072facf353a2c598fbd3751a347a051.mp3]	[sound:hypertts-177ed84e621d7f5070d4b889d52ccd1e4ab7de43387b1c9376d90225.mp3]	[sound:釣り_ツリ━_0_NHK-2016.mp3]	<ruby>釣<rt>つ</rt></ruby>り	<ruby>週<rt>しゅう</rt></ruby><ruby>末<rt>まつ</rt></ruby>に<ruby>釣<rt>つ</rt></ruby>りをします。	"""<span style=""""box-shadow: inset -2px -2px 0 0 #FF6633;"""">ツ</span><span style=""""box-shadow: inset 0px 2px 0 0px #FF6633;"""">リ</span> <span class=""""pitch_number"""">0</span>"""
1771871839091	1782884078	Doki Doki1-5 female_voice newVersion	大丈夫	大[だい] 丈[じょう] 夫[ぶ]	だいじょうぶ	daijōbu	w porządku	 大丈夫[だいじょうぶ]ですか。	Wszystko w porządku?			na-adj	大丈夫ですか。	大 丈夫[じょうぶ]	[sound:hypertts-111a61ced87846b8e986c2a2fe3608819fb28a1e905e9287901f8338.mp3]	[sound:hypertts-e5a3a1260c95b58f13a58b8afa8dd27b34c27c44ecffc5807e53ef83.mp3]	[sound:大丈夫_ダイジョ＼ーブ_3_NHK-2016.mp3]	<ruby>大<rt>だい</rt></ruby><ruby>丈<rt>じょう</rt></ruby><ruby>夫<rt>ぶ</rt></ruby>	<ruby>大<rt>だい</rt></ruby><ruby>丈<rt>じょう</rt></ruby><ruby>夫<rt>ぶ</rt></ruby>ですか。	"""<span style=""""box-shadow: inset -2px -2px 0 0 #FF6633;"""">ダ</span><span style=""""box-shadow: inset -2px 2px 0 0px #FF6633;"""">イジョ</span><span style=""""box-shadow: inset 0px -2px 0 0px #FF6633;"""">ーブ</span> <span class=""""pitch_number"""">3</span>"""
1771871839092	1781598453	Doki Doki1-5 female_voice newVersion	できるだけ	できるだけ	できるだけ	dekirudake	w miarę możliwości, na tyle ile się da, tyle ile się da	 出来[でき]るだけ 早[はや]く 来[き]てください。	Proszę przyjść tak szybko, jak to możliwe.			przysłówek, można zapisać z kanji 出来るだけ	出来るだけ早く来てください。		[sound:hypertts-0f25c5d62af70e74fe29609c3c55b6331907de1a82ec1d19ca32e8c1.mp3]	[sound:hypertts-0a5301125ce1ecce7c54b1179a276b2f60d856a67f779f0877f1e115.mp3]	[sound:出来るだけ_デキルダケ━_0_Shinmeikai-8.mp3]	<ruby>出<rt>で</rt></ruby><ruby>来<rt>き</rt></ruby>るだけ	<ruby>出<rt>で</rt></ruby><ruby>来<rt>き</rt></ruby>るだけ<ruby>早<rt>はや</rt></ruby>く<ruby>来<rt>き</rt></ruby>てください。	"""<span style=""""box-shadow: inset -2px -2px 0 0 #FF6633;"""">デ</span><span style=""""box-shadow: inset 0px 2px 0 0px #FF6633;"""">キルダケ</span> <span class=""""pitch_number"""">0</span>"""
1771871839093	1775147485	Doki Doki1-5 female_voice newVersion	どんな	どんな	どんな	donna	jaki? jaka? jakie?	どんな 映画[えいが]が 好[す]きですか。	Jakie filmy lubisz?			określnik	どんな映画が好きですか。		[sound:hypertts-6b386a5670959f9a44fe3a85ba77ef6fcbd2523ddb07d4a25d70e8a5.mp3]	[sound:hypertts-dd5d24bfa2947c8c668ff3e8d89275ad100bb714c36d640937da8d6c.mp3]	[sound:どんな_ド＼ンナ_1_NHK-2016.mp3]	どんな	どんな<ruby>映<rt>えい</rt></ruby><ruby>画<rt>が</rt></ruby>が<ruby>好<rt>す</rt></ruby>きですか。	"""<span style=""""box-shadow: inset -2px 2px 0 0px #FF6633;"""">ド</span><span style=""""box-shadow: inset 0px -2px 0 0px #FF6633;"""">ンナ</span> <span class=""""pitch_number"""">1</span>"""
1771871839094	1775147485	Doki Doki1-5 female_voice newVersion	初めて	 初[はじ]めて	はじめて	hajimete	po raz pierwszy	 日本[にほん]は 初[はじ]めてです。	W Japonii jestem po raz pierwszy.			przysłówek	日本は初めてです。		[sound:hypertts-21c2d8bb7718c077b5df3b8a4b6d49e6fd7f30623b99856ed84b83ff.mp3]	[sound:hypertts-45fdd8a7d13b3535f48d7e2f0ba2bc5a86c4d6b62f117f9b919c116e.mp3]	[sound:初めて_ハジ＼メテ_2_NHK-2016.mp3]	<ruby>初<rt>はじ</rt></ruby>めて	<ruby>日<rt>に</rt></ruby><ruby>本<rt>ほん</rt></ruby>は<ruby>初<rt>はじ</rt></ruby>めてです。	"""<span style=""""box-shadow: inset -2px -2px 0 0 #FF6633;"""">ハ</span><span style=""""box-shadow: inset -2px 2px 0 0px #FF6633;"""">ジ</span><span style=""""box-shadow: inset 0px -2px 0 0px #FF6633;"""">メテ</span> <span class=""""pitch_number"""">2</span>"""
1771871839095	1782884078	Doki Doki1-5 female_voice newVersion	人気がある	人[にん] 気[き]がある	にんきがある	ninki ga aru	być popularnym	この 本[ほん]は 人気[にんき]があります。	Ta książka jest popularna.			wyrażenie	この本は人気があります。	人気がある	[sound:hypertts-8247988833043dcd9f6cac2971c74d7bd7399cb3ad62069e7424de84.mp3]	[sound:hypertts-91b34b4aeb3821da29c67911adadbeaeae34ca23f06a4af1d9023bc9.mp3]		<ruby>人<rt>にん</rt></ruby><ruby>気<rt>き</rt></ruby>がある	この<ruby>本<rt>ほん</rt></ruby>は<ruby>人<rt>にん</rt></ruby><ruby>気<rt>き</rt></ruby>があります。	
1771871839096	1775147485	Doki Doki1-4 Doki1-5 female_voice newVersion	テニス	テニス	テニス	tenisu	tenis	 週末[しゅうまつ]にテニスをします。	W weekend gram w tenisa.			gairaigo	週末にテニスをします。		[sound:hypertts-5dfaea14727f36dcf15d6009c460e084c45a4a0820c56917a2d8acfa.mp3]	[sound:hypertts-6169708cf80a21a4ed74a638ca645bfe9d23e879f1a4e2b77c3b7da3.mp3]	[sound:テニス_テ＼ニス_1_NHK-2016.mp3]	テニス	<ruby>週<rt>しゅう</rt></ruby><ruby>末<rt>まつ</rt></ruby>にテニスをします。	"""<span style=""""box-shadow: inset -2px 2px 0 0px #FF6633;"""">テ</span><span style=""""box-shadow: inset 0px -2px 0 0px #FF6633;"""">ニス</span> <span class=""""pitch_number"""">1</span>"""
1771871839097	1775147485	Doki Doki1-5 female_voice newVersion	バスケットボール	バスケットボール	バスケットボール	basukettobōru	koszykówka	バスケットボールが 好[す]きです。	Lubię koszykówkę.			gairaigo	バスケットボールが好きです。		[sound:hypertts-29657eec50a040a6bf3195fe9d8d49e6da4640075a01d15bdae692a6.mp3]	[sound:hypertts-d94c8d2702ebc975f18fa8fe7f6aaaad0562fbf46fa1f25782c74266.mp3]	[sound:バスケットボール_バスケットボ＼ール_6_NHK-2016.mp3]	バスケットボール	バスケットボールが<ruby>好<rt>す</rt></ruby>きです。	"""<span style=""""box-shadow: inset -2px -2px 0 0 #FF6633;"""">バ</span><span style=""""box-shadow: inset -2px 2px 0 0px #FF6633;""""><span style=""""color: royalblue;"""">ス</span>ケットボ</span><span style=""""box-shadow: inset 0px -2px 0 0px #FF6633;"""">ール</span> <span class=""""pitch_number"""">6</span>"""
1771871839098	1775147485	Doki Doki1-5 female_voice newVersion	バレーボール	バレーボール	バレーボール	barēbōru	siatkówka	バレーボールの 試合[しあい]を 見[み]ます。	Oglądam mecz siatkówki.			gairaigo	バレーボールの試合を見ます。		[sound:hypertts-b5d9bc7cdfa7e9f69bd75cde4b18bb0662c0d595a5729e7433aabc2a.mp3]	[sound:hypertts-1a67f25ebe48965d07cc96561673c21c52f19d04743c44e626ef56f5.mp3]	[sound:バレーボール_バレーボ＼ール_4_NHK-2016.mp3]	バレーボール	バレーボールの<ruby>試<rt>し</rt></ruby><ruby>合<rt>あい</rt></ruby>を<ruby>見<rt>み</rt></ruby>ます。	"""<span style=""""box-shadow: inset -2px -2px 0 0 #FF6633;"""">バ</span><span style=""""box-shadow: inset -2px 2px 0 0px #FF6633;"""">レーボ</span><span style=""""box-shadow: inset 0px -2px 0 0px #FF6633;"""">ール</span> <span class=""""pitch_number"""">4</span>"""
1771871839099	1775147485	Doki Doki1-5 female_voice newVersion	サーフィン	サーフィン	サーフィン	sāfin	serfing	 海[うみ]でサーフィンをします。	Uprawiam surfing w morzu.			gairaigo	海でサーフィンをします。		[sound:hypertts-71d95a73f8407fcb476a23080e812c2cc79005a4f2797d894e0fcf53.mp3]	[sound:hypertts-914f2d474c049a58e2190366504ae5f0516345a3dc2011a06f4a4344.mp3]	[sound:サーフィン_サ＼ーフィン_1_NHK-2016.mp3]	サーフィン	<ruby>海<rt>うみ</rt></ruby>でサーフィンをします。	"""<span style=""""box-shadow: inset -2px 2px 0 0px #FF6633;"""">サ</span><span style=""""box-shadow: inset 0px -2px 0 0px #FF6633;"""">ーフィン</span> <span class=""""pitch_number"""">1</span>"""
1771871839100	1775147485	Doki Doki1-5 female_voice newVersion	スキー	スキー	スキー	sukī	narty	 冬[ふゆ]にスキーをします。	Zimą jeżdżę na nartach.			gairaigo	冬にスキーをします。		[sound:hypertts-7007efb42d0e047185880f9fbec4451c191bd43593cb419553940e2a.mp3]	[sound:hypertts-01add5ab20b9a5aa8ae089a698246224708706265549803e3441a276.mp3]	[sound:スキー_スキ＼ー_2_NHK-2016.mp3]	スキー	<ruby>冬<rt>ふゆ</rt></ruby>にスキーをします。	"""<span style=""""box-shadow: inset -2px -2px 0 0 #FF6633;""""><span style=""""color: royalblue;"""">ス</span></span><span style=""""box-shadow: inset -2px 2px 0 0px #FF6633;"""">キ</span><span style=""""box-shadow: inset 0px -2px 0 0px #FF6633;"""">ー</span> <span class=""""pitch_number"""">2</span>"""
1771871839101	1787320213	Doki Doki1-5 female_voice leech newVersion	水泳	水[すい] 泳[えい]	すいえい	suiei	pływanie	 水泳[すいえい]は 楽[たの]しいです。	Pływanie jest wesołe.			rzeczownik	水泳は楽しいです。	水 泳[えい]	[sound:hypertts-89c369424a62e67f64b9035f4a76ca74057ddb37a0cd5ed4f698b323.mp3]	[sound:hypertts-107e01f72adafd08ea290d06fb5206facac746847c27acfcfcf4b2f8.mp3]	[sound:水泳_スイエー━_0_NHK-2016.mp3]	<ruby>水<rt>すい</rt></ruby><ruby>泳<rt>えい</rt></ruby>	<ruby>水<rt>すい</rt></ruby><ruby>泳<rt>えい</rt></ruby>は<ruby>楽<rt>たの</rt></ruby>しいです。	"""<span style=""""box-shadow: inset -2px -2px 0 0 #FF6633;"""">ス</span><span style=""""box-shadow: inset 0px 2px 0 0px #FF6633;"""">イエイ</span> <span class=""""pitch_number"""">0</span>"""
1771871839102	1775147485	Doki Doki1-5 female_voice newVersion	ジョギング	ジョギング	ジョギング	jogingu	jogging	 毎朝[まいあさ]ジョギングをします。	Codziennie rano uprawiam jogging.			gairaigo	毎朝ジョギングをします。		[sound:hypertts-86bc37bc5bd4b7a6bd6b2fd2990144994df4c5486183eba68007519d.mp3]	[sound:hypertts-ec30691ef18e324dac4a2204a9b6aaf12d64349244db69b88e0874aa.mp3]	[sound:ジョギング_ジョギンク゚━_0_NHK-2016.mp3]	ジョギング	<ruby>毎<rt>まい</rt></ruby><ruby>朝<rt>あさ</rt></ruby>ジョギングをします。	"""<span style=""""box-shadow: inset -2px -2px 0 0 #FF6633;"""">ジョ</span><span style=""""box-shadow: inset 0px 2px 0 0px #FF6633;"""">ギンク<span style=""""color: red;"""">°</span></span> <span class=""""pitch_number"""">0</span>"""
1771871839103	1775147485	Doki Doki1-5 female_voice newVersion	サッカー	サッカー	サッカー	sakkā	piłka nożna	 公園[こうえん]でサッカーをします。	Gram w piłkę nożną w parku.			gairaigo	公園でサッカーをします。		[sound:hypertts-c1940aad3edf4e47bd32e7b7c3ec3481ca205f4e4aabd0c15c2d2acc.mp3]	[sound:hypertts-832ca57bc04fdf113cae9e08a15d3b874a3a08ba8cc309274e331a8a.mp3]	[sound:サッカー_サ＼ッカー_1_NHK-2016.mp3]	サッカー	<ruby>公<rt>こう</rt></ruby><ruby>園<rt>えん</rt></ruby>でサッカーをします。	"""<span style=""""box-shadow: inset -2px 2px 0 0px #FF6633;"""">サ</span><span style=""""box-shadow: inset 0px -2px 0 0px #FF6633;"""">ッカー</span> <span class=""""pitch_number"""">1</span>"""
1771871839104	1781520910	Doki Doki1-5 female_voice newVersion	ハイキング	ハイキング	ハイキング	haikingu	wspinaczka, hiking	 山[やま]でハイキングをします。	Idę na wędrówkę po górach.			gairaigo	山でハイキングをします。		[sound:hypertts-c93748093ec6afbb36676870c288232ac731da271f37d2fb405822d3.mp3]	[sound:hypertts-2b304dd1363eb479b93132d632ab11b1be4df1fe5c14212b9d1cf6f5.mp3]	[sound:ハイキング_ハ＼イキンク゚_1_NHK-2016.mp3]	ハイキング	<ruby>山<rt>やま</rt></ruby>でハイキングをします。	"""<span style=""""box-shadow: inset -2px 2px 0 0px #FF6633;"""">ハ</span><span style=""""box-shadow: inset 0px -2px 0 0px #FF6633;"""">イキンク<span style=""""color: red;"""">°</span></span> <span class=""""pitch_number"""">1</span>"""
1771871839105	1791358331	Doki Doki1-5 female_voice leech newVersion	野球	野[や] 球[きゅう]	やきゅう	yakyū	baseball	 野球[やきゅう]の 試合[しあい]に 行[い]きます。	Idę na mecz baseballa.			rzeczownik	野球の試合に行きます。		[sound:hypertts-769837b37cc795176ff21828693c27f95f26205b967f41ac815a30d3.mp3]	[sound:hypertts-a0ad5bed094b0068e4c3b93d5762208cd76fab911d46219130c50bcd.mp3]	[sound:野球_ヤキュー━_0_NHK-2016.mp3]	<ruby>野<rt>や</rt></ruby><ruby>球<rt>きゅう</rt></ruby>	<ruby>野<rt>や</rt></ruby><ruby>球<rt>きゅう</rt></ruby>の<ruby>試<rt>し</rt></ruby><ruby>合<rt>あい</rt></ruby>に<ruby>行<rt>い</rt></ruby>きます。	"""<span style=""""box-shadow: inset -2px -2px 0 0 #FF6633;"""">ヤ</span><span style=""""box-shadow: inset 0px 2px 0 0px #FF6633;"""">キュー</span> <span class=""""pitch_number"""">0</span>"""
1771871839106	1781031534	Doki Doki1-5 female_voice newVersion	出る	 出[で]る (を/から)	でる	deru	wychodzić, pojawić się (np. problem, pryszcz)	 部屋[へや]を 出[で]ます。	Wychodzę z pokoju.	 出[で]ます	 出[で]ません	czasownik gr. 2	部屋を出ます。	出る (を/から)	[sound:hypertts-9c55a7536428c7942fbbae5f17358ec16d1bc466c04512d22faec8ec.mp3]	[sound:hypertts-3e3b8cc8998d38bc9877244fcafea2564e80bca212d6f06334d4748e.mp3]	[sound:出る_デ＼ル_1_NHK-2016.mp3]	<ruby>出<rt>で</rt></ruby>る	<ruby>部<rt>へ</rt></ruby><ruby>屋<rt>や</rt></ruby>を<ruby>出<rt>で</rt></ruby>ます。	"""<span style=""""box-shadow: inset -2px 2px 0 0px #FF6633;"""">デ</span><span style=""""box-shadow: inset 0px -2px 0 0px #FF6633;"""">ル</span> <span class=""""pitch_number"""">1</span>; <span style=""""box-shadow: inset -2px -2px 0 0 #FF6633;"""">ヲ</span> <span class=""""pitch_number"""">0</span>"""
1771871839107	1775147485	Doki Doki1-5 female_voice newVersion	(に)&nbsp;座る	(に)&nbsp; 座[すわ]る	すわる	ni suwaru	usiąść	 椅子[いす]に 座[すわ]ります。	Siadam na krześle.	に 座[すわ]ります	に 座[すわ]りません	czasownik gr. 1	椅子に座ります。		[sound:hypertts-2509305b1e523e22e4a684a5b1258b90a4b1e25e457c4741a4535112.mp3]	[sound:hypertts-3fdcbdc5c6d63eada515d336990e200ea1fdda88d0150dc72838bbbc.mp3]	[sound:座る_スワル━_0_NHK-2016.mp3]	(に)&nbsp;<ruby>座<rt>すわ</rt></ruby>る	<ruby>椅<rt>い</rt></ruby><ruby>子<rt>す</rt></ruby>に<ruby>座<rt>すわ</rt></ruby>ります。	"""<span style=""""box-shadow: inset -2px -2px 0 0 #FF6633;"""">ス</span><span style=""""box-shadow: inset 0px 2px 0 0px #FF6633;"""">ワル</span> <span class=""""pitch_number"""">0</span>"""
1771871839108	1775147485	Doki Doki1-5 female_voice newVersion	立つ	 立[た]つ	たつ	tatsu	wstać	 立[た]ってください。	Proszę wstać.	 立[た]ちます	 立[た]ちません	czasownik gr. 1	立ってください。		[sound:hypertts-e28ef40c42afeac969ee1411e46c94489d4e03a1256eeebf20124cb8.mp3]	[sound:hypertts-4722d3c17ac22d52b265fefd9fd9b658006dd5b43a4c39032265659c.mp3]	[sound:立つ_タ＼ツ_1_NHK-2016.mp3]	<ruby>立<rt>た</rt></ruby>つ	<ruby>立<rt>た</rt></ruby>ってください。	"""<span style=""""box-shadow: inset -2px 2px 0 0px #FF6633;"""">タ</span><span style=""""box-shadow: inset 0px -2px 0 0px #FF6633;"""">ツ</span> <span class=""""pitch_number"""">1</span>"""
1771871839109	1780836801	Doki Doki1-5 female_voice leech newVersion	洗う	 洗[あら]う	あらう	arau	myć	 手[て]を 洗[あら]います。	Myję ręce.	 洗[あら]います	 洗[あら]いません	czasownik gr. 1	手を洗います。		[sound:hypertts-2572c265e6a942e5c7ccff3306961866b6066f041ed9222858cd49b0.mp3]	[sound:hypertts-ccee6183d7421b8e3cba60129495b8ae202a277f97f51ca56b6a50cd.mp3]	[sound:洗う_アラウ━_0_NHK-2016.mp3]	<ruby>洗<rt>あら</rt></ruby>う	<ruby>手<rt>て</rt></ruby>を<ruby>洗<rt>あら</rt></ruby>います。	"""<span style=""""box-shadow: inset -2px -2px 0 0 #FF6633;"""">ア</span><span style=""""box-shadow: inset 0px 2px 0 0px #FF6633;"""">ラウ</span> <span class=""""pitch_number"""">0</span>"""
1771871839110	1775147485	Doki Doki1-5 female_voice newVersion	走る	 走[はし]る	はしる	hashiru	biegać	 公園[こうえん]を 走[はし]ります。	Biegam po parku.	 走[はし]ります	 走[はし]りません	czasownik gr. 1	公園を走ります。		[sound:hypertts-74ca5a20dfc554783e68b462ef3f09c5bfaa908f8a04b36185ad1346.mp3]	[sound:hypertts-2c87e06a16d70aa76229febe97e2aaf249e5d0428a17aa02133fedef.mp3]	[sound:走る_ハシ＼ル_2_NHK-2016.mp3]	<ruby>走<rt>はし</rt></ruby>る	<ruby>公<rt>こう</rt></ruby><ruby>園<rt>えん</rt></ruby>を<ruby>走<rt>はし</rt></ruby>ります。	"""<span style=""""box-shadow: inset -2px -2px 0 0 #FF6633;"""">ハ</span><span style=""""box-shadow: inset -2px 2px 0 0px #FF6633;"""">シ</span><span style=""""box-shadow: inset 0px -2px 0 0px #FF6633;"""">ル</span> <span class=""""pitch_number"""">2</span>"""
1771871839111	1775147485	Doki Doki1-5 female_voice newVersion	疲れる	 疲[つか]れる	つかれる	tsukareru	być zmęczonym	 今日[きょう]はとても 疲[つか]れました。	Dzisiaj bardzo się zmęczyłem.	 疲[つか]れます	 疲[つか]れません	czasownik gr. 2	今日はとても疲れました。		[sound:hypertts-669b1ec1ccd8a7a358929aac83fe041d53ccf223a83274cbb963d545.mp3]	[sound:hypertts-3eaf333436075d2afdbafa5e0d0d063eba1fda237848c59bb855f0ee.mp3]	[sound:疲れる_ツカレ＼ル_3_NHK-2016.mp3]	<ruby>疲<rt>つか</rt></ruby>れる	<ruby>今<rt>きょう</rt></ruby>はとても<ruby>疲<rt>つか</rt></ruby>れました。	"""<span style=""""box-shadow: inset -2px -2px 0 0 #FF6633;""""><span style=""""color: royalblue;"""">ツ</span></span><span style=""""box-shadow: inset -2px 2px 0 0px #FF6633;"""">カレ</span><span style=""""box-shadow: inset 0px -2px 0 0px #FF6633;"""">ル</span> <span class=""""pitch_number"""">3</span>"""
1771871839112	1782884078	Doki Doki1-5 female_voice newVersion	料理する	料[りょう] 理[り]する	りょうりする	ryōri suru	gotować	 晩[ばん]ご 飯[はん]を 料理[りょうり]します。	Gotuję kolację.	 料[りょう] 理[り]します	 料[りょう] 理[り]しません	czasownik gr. 3	晩ご飯を料理します。		[sound:hypertts-b5e619dbee84296b9295d3bf0bdc793761e456d1cba5005583473a4f.mp3]	[sound:hypertts-455c75320e379bafeab259dcdb3caca5fe814fd16462e3caf4007f06.mp3]		<ruby>料<rt>りょう</rt></ruby><ruby>理<rt>り</rt></ruby>する	<ruby>晩<rt>ばん</rt></ruby>ご<ruby>飯<rt>はん</rt></ruby>を<ruby>料<rt>りょう</rt></ruby><ruby>理<rt>り</rt></ruby>します。	"""<span style=""""box-shadow: inset -2px 2px 0 0px #FF6633;"""">リョ</span><span style=""""box-shadow: inset 0px -2px 0 0px #FF6633;"""">ウリスル</span> <span class=""""pitch_number"""">1</span>"""
1771871839113	1782884078	Doki Doki1-5 male_voice newVersion	運転する	運[うん] 転[てん]する	うんてんする	unten suru	prowadzić pojazd	 車[くるま]を 運転[うんてん]します。	Prowadzę samochód.	 運[うん] 転[てん]します	 運[うん] 転[てん]しません	czasownik gr. 3	車を運転します。		[sound:hypertts-546ead1162b37909fee6f6f4686ffe4f3b0d54cd7844bdaaa81253bd.mp3]	[sound:hypertts-62931a2840df3b72e082aefcdad38c8ef25b5edf9e0aa26152637ed3.mp3]	[sound:運転する_ウンテンスル_TAAS.mp3]	<ruby>運<rt>うん</rt></ruby><ruby>転<rt>てん</rt></ruby>する	<ruby>車<rt>くるま</rt></ruby>を<ruby>運<rt>うん</rt></ruby><ruby>転<rt>てん</rt></ruby>します。	"""<span style=""""box-shadow: inset -2px -2px 0 0 #FF6633;"""">ウ</span><span style=""""box-shadow: inset 0px 2px 0 0px #FF6633;"""">ンテンスル</span> <span class=""""pitch_number"""">0</span>"""
1771871839115	1791200480	Doki Doki1-5 male_voice newVersion	案内する	案[あん] 内[ない]する	あんないする	annai suru	oprowadzać, wskazywać drogę	 町[まち]を 案内[あんない]します。	Oprowadzam po mieście.	 案[あん] 内[ない]します	 案[あん] 内[ない]しません	czasownik gr. 3. Oznacza oprowadzać, prowadzić kogoś do miejsca lub udzielać wskazówek.	町を案内します。		[sound:hypertts-acd9f4fcbd3069c145085d5d4dc990ce18d6b03c926b6471ce716adf.mp3]	[sound:hypertts-b7f52753d0caae92d67e6158e8586d10c71c9cd348e3f01c37688771.mp3]		<ruby>案<rt>あん</rt></ruby><ruby>内<rt>ない</rt></ruby>する	<ruby>町<rt>まち</rt></ruby>を<ruby>案<rt>あん</rt></ruby><ruby>内<rt>ない</rt></ruby>します。	"""<span style=""""box-shadow: inset -2px -2px 0 0 #FF6633;"""">ア</span><span style=""""box-shadow: inset -2px 2px 0 0px #FF6633;"""">ンナ</span><span style=""""box-shadow: inset 0px -2px 0 0px #FF6633;"""">イスル</span> <span class=""""pitch_number"""">3</span>"""
1771871839116	1782884078	Doki Doki1-5 leech male_voice newVersion	洗濯する	洗[せん] 濯[たく]する	せんたくする	sentaku suru	prać	 服[ふく]を 洗濯[せんたく]します。	Piorę ubrania.	 洗[せん] 濯[たく]します	 洗[せん] 濯[たく]しません	czasownik gr. 3	服を洗濯します。		[sound:hypertts-030b47f1f44868dd97a6f809a2c71f2843ae478ae0e4da1906494aea.mp3]	[sound:hypertts-d82ef8d239ae08afe08eaeaf1449688c0f39897357c8ed1a0c40c011.mp3]	[sound:洗濯する_センタクスル_TAAS.mp3]	<ruby>洗<rt>せん</rt></ruby><ruby>濯<rt>たく</rt></ruby>する	<ruby>服<rt>ふく</rt></ruby>を<ruby>洗<rt>せん</rt></ruby><ruby>濯<rt>たく</rt></ruby>します。	"""<span style=""""box-shadow: inset -2px -2px 0 0 #FF6633;"""">セ</span><span style=""""box-shadow: inset 0px 2px 0 0px #FF6633;"""">ンタクスル</span> <span class=""""pitch_number"""">0</span>"""
1771871839117	1775147485	Doki Doki1-5 male_voice newVersion	新しい	 新[あたら]しい	あたらしい	atarashii	nowy	 新[あたら]しい 車[くるま]を 買[か]います。	Kupuję nowy samochód.			i-adj	新しい車を買います。		[sound:hypertts-d62c6f604b7b165e582a1f4611a135bb96fd11161c0e62eb567d0cc5.mp3]	[sound:hypertts-0110d4bfa8effbb23673dbcf97791c7fc3a6b2e323e88d8d5ec3f360.mp3]	[sound:新しい_アタラシ＼イ_4_NHK-2016.mp3]	<ruby>新<rt>あたら</rt></ruby>しい	<ruby>新<rt>あたら</rt></ruby>しい<ruby>車<rt>くるま</rt></ruby>を<ruby>買<rt>か</rt></ruby>います。	"""<span style=""""box-shadow: inset -2px -2px 0 0 #FF6633;"""">ア</span><span style=""""box-shadow: inset -2px 2px 0 0px #FF6633;"""">タラシ</span><span style=""""box-shadow: inset 0px -2px 0 0px #FF6633;"""">イ</span> <span class=""""pitch_number"""">4</span>"""
1771871839119	1775147485	Doki Doki1-5 male_voice newVersion	暑い	 暑[あつ]い	あつい	atsui	gorący (powietrze)	 今日[きょう]はとても 暑[あつ]いです。	Dzisiaj jest bardzo gorąco.			i-adj	今日はとても暑いです。		[sound:hypertts-9ff8359a27d2e1b07bcd081a4008de92cdbcf3f9a197b952951aded4.mp3]	[sound:hypertts-e06766ad5fc3d52453767464bedd79fa0d30bdfd86c320c32b894d4e.mp3]	[sound:暑い_アツ＼イ_2_NHK-2016.mp3]	<ruby>暑<rt>あつ</rt></ruby>い	<ruby>今<rt>きょう</rt></ruby>はとても<ruby>暑<rt>あつ</rt></ruby>いです。	"""<span style=""""box-shadow: inset -2px -2px 0 0 #FF6633;"""">ア</span><span style=""""box-shadow: inset -2px 2px 0 0px #FF6633;"""">ツ</span><span style=""""box-shadow: inset 0px -2px 0 0px #FF6633;"""">イ</span> <span class=""""pitch_number"""">2</span>"""
1771871839120	1775147485	Doki Doki1-5 male_voice newVersion	寒い	 寒[さむ]い	さむい	samui	zimny (powietrze)	 冬[ふゆ]は 寒[さむ]いです。	Zima jest zimna.			i-adj	冬は寒いです。		[sound:hypertts-f525f1c8431f7bb344dcb2ebe0cf6839b27bf2142e9654196ccae66d.mp3]	[sound:hypertts-4590c2b86fba035f6653f117238cd804ddc1ac3ac14ef7a18909f59a.mp3]	[sound:寒い_サム＼イ_2_NHK-2016.mp3]	<ruby>寒<rt>さむ</rt></ruby>い	<ruby>冬<rt>ふゆ</rt></ruby>は<ruby>寒<rt>さむ</rt></ruby>いです。	"""<span style=""""box-shadow: inset -2px -2px 0 0 #FF6633;"""">サ</span><span style=""""box-shadow: inset -2px 2px 0 0px #FF6633;"""">ム</span><span style=""""box-shadow: inset 0px -2px 0 0px #FF6633;"""">イ</span> <span class=""""pitch_number"""">2</span>"""
1771871839121	1779531676	Doki Doki1-5 leech male_voice newVersion	冷たい	 冷[つめ]たい	つめたい	tsumetai	zimny (w dotyku)	 冷[つめ]たい 水[みず]を 飲[の]みます。	Piję zimną wodę.			i-adj	冷たい水を飲みます。		[sound:hypertts-d77f3cd933cb1542a833eb3dbd789a12561c1f913114cfc45cb97065.mp3]	[sound:hypertts-9a7e50e1235ad0a3039510d16d4a8b3f7a14e407eacf49c246f7381f.mp3]	[sound:冷たい_ツメタイ━_0_NHK-2016.mp3]	<ruby>冷<rt>つめ</rt></ruby>たい	<ruby>冷<rt>つめ</rt></ruby>たい<ruby>水<rt>みず</rt></ruby>を<ruby>飲<rt>の</rt></ruby>みます。	"""<span style=""""box-shadow: inset -2px -2px 0 0 #FF6633;"""">ツ</span><span style=""""box-shadow: inset 0px 2px 0 0px #FF6633;"""">メタイ</span> <span class=""""pitch_number"""">0</span>"""
1771871839122	1775147485	Doki Doki1-5 male_voice newVersion	忙しい	 忙[いそが]しい	いそがしい	isogashii	zajęty	 仕事[しごと]で 忙[いそが]しいです。	Jestem zajęty pracą.			i-adj	仕事で忙しいです。		[sound:hypertts-77b6f00846326f0f84c431a945fa87220ad149ea6f6d8960e03ee83a.mp3]	[sound:hypertts-9e8b37832d38b7e52d119747e5f358103ee519ee6c9b0ba96f476408.mp3]	[sound:忙しい_イソカ゚シ＼イ_4_NHK-2016.mp3]	<ruby>忙<rt>いそが</rt></ruby>しい	<ruby>仕<rt>し</rt></ruby><ruby>事<rt>ごと</rt></ruby>で<ruby>忙<rt>いそが</rt></ruby>しいです。	"""<span style=""""box-shadow: inset -2px -2px 0 0 #FF6633;"""">イ</span><span style=""""box-shadow: inset -2px 2px 0 0px #FF6633;"""">ソカ<span style=""""color: red;"""">°</span>シ</span><span style=""""box-shadow: inset 0px -2px 0 0px #FF6633;"""">イ</span> <span class=""""pitch_number"""">4</span>"""
1771871839123	1775147485	Doki Doki1-5 male_voice newVersion	暇	 暇[ひま]	ひま	hima	wolny (czas)	 明日[あした]は 暇[ひま]ですか。	Masz jutro wolne?			na-adj	明日は暇ですか。		[sound:hypertts-02c7262b18ae97daa1ffeddf58a085ccabc73697ae9edd4c95dfcd57.mp3]	[sound:hypertts-67b940d4b7b895cd65ba9da4fae554a641975bccb586f97ea9df9e68.mp3]	[sound:暇_ヒマ━_0_NHK-2016.mp3]	<ruby>暇<rt>ひま</rt></ruby>	<ruby>明<rt>あ</rt></ruby><ruby>日<rt>した</rt></ruby>は<ruby>暇<rt>ひま</rt></ruby>ですか。	"""<span style=""""box-shadow: inset -2px -2px 0 0 #FF6633;"""">ヒ</span><span style=""""box-shadow: inset 0px 2px 0 0px #FF6633;"""">マ</span> <span class=""""pitch_number"""">0</span>"""
1771871839124	1782884078	Doki Doki1-5 male_voice newVersion	面白い	面[おも] 白[しろ]い	おもしろい	omoshiroi	interesujący, ciekawy	この 映画[えいが]は 面白[おもしろ]いです。	Ten film jest interesujący.			i-adj	この映画は面白いです。		[sound:hypertts-c4552eaeeff484174d05adeaa560d10dc9cc6cf5fee40a865fff3c4a.mp3]	[sound:hypertts-fdbf69799c48f1d26bde042f97cb77118f430e267b9ae11c68381209.mp3]	[sound:面白い_オモシロ＼イ_4_NHK-1998.mp3]	<ruby>面<rt>おも</rt></ruby><ruby>白<rt>しろ</rt></ruby>い	この<ruby>映<rt>えい</rt></ruby><ruby>画<rt>が</rt></ruby>は<ruby>面<rt>おも</rt></ruby><ruby>白<rt>しろ</rt></ruby>いです。	"""<span style=""""box-shadow: inset -2px -2px 0 0 #FF6633;"""">オ</span><span style=""""box-shadow: inset -2px 2px 0 0px #FF6633;"""">モシロ</span><span style=""""box-shadow: inset 0px -2px 0 0px #FF6633;"""">イ</span> <span class=""""pitch_number"""">4</span>"""
1771871839125	1775147485	Doki Doki1-5 male_voice newVersion	楽しい	 楽[たの]しい	たのしい	tanoshii	wesoły	 旅行[りょこう]はとても 楽[たの]しいです。	Podróż jest bardzo wesoła.			i-adj	旅行はとても楽しいです。		[sound:hypertts-01760457558badf3048afa5197d61291f95fd743b2405e8cc7d55a88.mp3]	[sound:hypertts-0a532411e62649a4e564ba92394ecb01b39b86d297d52ad5c3641973.mp3]	[sound:楽しい_タノシ＼イ_3_NHK-2016.mp3]	<ruby>楽<rt>たの</rt></ruby>しい	<ruby>旅<rt>りょ</rt></ruby><ruby>行<rt>こう</rt></ruby>はとても<ruby>楽<rt>たの</rt></ruby>しいです。	"""<span style=""""box-shadow: inset -2px -2px 0 0 #FF6633;"""">タ</span><span style=""""box-shadow: inset -2px 2px 0 0px #FF6633;"""">ノシ</span><span style=""""box-shadow: inset 0px -2px 0 0px #FF6633;"""">イ</span> <span class=""""pitch_number"""">3</span>"""
1771871839126	1775147485	Doki Doki1-5 male_voice newVersion	つまらない	つまらない	つまらない	tsumaranai	nudny	この 本[ほん]はつまらないです。	Ta książka jest nudna.			i-adj	この本はつまらないです。		[sound:hypertts-20ae1ab88ffada2013004912ed48eb875e4818a0d1e17013a3ca5437.mp3]	[sound:hypertts-f753d2dc94ebe83c1a642f18cac375aa792cc8a05eb2e6f45b0ac2a0.mp3]	[sound:つまらない_ツマラ＼ナイ_3_NHK-2016.mp3]	つまらない	この<ruby>本<rt>ほん</rt></ruby>はつまらないです。	"""<span style=""""box-shadow: inset -2px -2px 0 0 #FF6633;"""">ツ</span><span style=""""box-shadow: inset -2px 2px 0 0px #FF6633;"""">マラ</span><span style=""""box-shadow: inset 0px -2px 0 0px #FF6633;"""">ナイ</span> <span class=""""pitch_number"""">3</span>"""
1771871839127	1782883435	Doki Doki1-5 male_voice newVersion	可愛い	可愛[かわい]い	かわいい	kawaii	uroczy	とても 可愛[かわい]い 猫[ねこ]ですね。	To bardzo uroczy kot.			i-adj	とても可愛い猫ですね。		[sound:hypertts-959332943c6a3c77c4e74c43ce060bfbd7d3614bd7588212c7f73858.mp3]	[sound:hypertts-ac23d15406290760c98a203b04086cbf8256ab5715809bc79c058c7d.mp3]	[sound:可愛い_カワイ＼ー_3_NHK-1998.mp3]	<ruby>可<rt>か</rt></ruby><ruby>愛<rt>わい</rt></ruby>い	とても<ruby>可<rt>か</rt></ruby><ruby>愛<rt>わい</rt></ruby>い<ruby>猫<rt>ねこ</rt></ruby>ですね。	"""<span style=""""box-shadow: inset -2px -2px 0 0 #FF6633;"""">カ</span><span style=""""box-shadow: inset -2px 2px 0 0px #FF6633;"""">ワイ</span><span style=""""box-shadow: inset 0px -2px 0 0px #FF6633;"""">イ</span> <span class=""""pitch_number"""">3</span>"""
1771871839128	1775147485	Doki Doki1-5 male_voice newVersion	汚い	 汚[きたな]い	きたない	kitanai	brudny	この 部屋[へや]は 汚[きたな]いです。	Ten pokój jest brudny.			i-adj	この部屋は汚いです。		[sound:hypertts-fef6dd80b4eab6146c2ba9fcbb406fdd3ca27fc97532dbf07d808035.mp3]	[sound:hypertts-4b9948dfce18df70af988a9713b5b7b78a5bff8c5a4499dff26455b4.mp3]	[sound:汚い_キタナ＼イ_3_NHK-2016.mp3]	<ruby>汚<rt>きたな</rt></ruby>い	この<ruby>部<rt>へ</rt></ruby><ruby>屋<rt>や</rt></ruby>は<ruby>汚<rt>きたな</rt></ruby>いです。	"""<span style=""""box-shadow: inset -2px -2px 0 0 #FF6633;""""><span style=""""color: royalblue;"""">キ</span></span><span style=""""box-shadow: inset -2px 2px 0 0px #FF6633;"""">タナ</span><span style=""""box-shadow: inset 0px -2px 0 0px #FF6633;"""">イ</span> <span class=""""pitch_number"""">3</span>"""
1771871839129	1782884078	Doki Doki1-5 male_voice newVersion	綺麗	綺[き] 麗[れい]	きれい	kirei	piękny, czysty	 彼女[かのじょ]はとても 綺麗[きれい]です。	Ona jest bardzo piękna.			na-adj	彼女はとても綺麗です。		[sound:hypertts-1c80e065ca5e1733199afb27547a74a9140a5af0034f90ddc6c0780e.mp3]	[sound:hypertts-3fdae0d06a6f1d4e511abeb71c154bf0b6c0b1ca6fd3906175998536.mp3]	[sound:綺麗_キ＼レー_1_NHK-2016.mp3]	<ruby>綺<rt>き</rt></ruby><ruby>麗<rt>れい</rt></ruby>	<ruby>彼<rt>かの</rt></ruby><ruby>女<rt>じょ</rt></ruby>はとても<ruby>綺<rt>き</rt></ruby><ruby>麗<rt>れい</rt></ruby>です。	"""<span style=""""box-shadow: inset -2px 2px 0 0px #FF6633;"""">キ</span><span style=""""box-shadow: inset 0px -2px 0 0px #FF6633;"""">レイ</span> <span class=""""pitch_number"""">1</span>"""
1771871839130	1782884078	Doki Doki1-5 male_voice newVersion	大好き	大[だい] 好[す]き	だいすき	daisuki	bardzo lubiany (bardzo lubić)	 日本[にほん]が 大好[だいす]きです。	Bardzo lubię Japonię.			na-adj	日本が大好きです。	大 好[す]き	[sound:hypertts-e627650bd30817221f39620a88ca63e484d4b326779a227a71cfe04c.mp3]	[sound:hypertts-21a2f821a2f0db4185f2a88960f438bfb1555f65d0fc8b16b43db0f3.mp3]	[sound:大好き_ダ＼イスキ_1_NHK-2016.mp3]	<ruby>大<rt>だい</rt></ruby><ruby>好<rt>す</rt></ruby>き	<ruby>日<rt>に</rt></ruby><ruby>本<rt>ほん</rt></ruby>が<ruby>大<rt>だい</rt></ruby><ruby>好<rt>す</rt></ruby>きです。	"""<span style=""""box-shadow: inset -2px 2px 0 0px #FF6633;"""">ダ</span><span style=""""box-shadow: inset 0px -2px 0 0px #FF6633;"""">イ<span style=""""color: royalblue;"""">ス</span>キ</span> <span class=""""pitch_number"""">1</span>"""
1771871839132	1782558010	Doki Doki1-5 leech male_voice newVersion	賑やか	 賑[にぎ]やか	にぎやか	nigiyaka	gwarny	この 町[まち]はとても 賑[にぎ]やかです。	To miasto jest bardzo gwarne.			na-adj	この町はとても賑やかです。		[sound:hypertts-528c83b7ba8aba579c4cb238d42f3fc57e1dbc33b61b5496a80e0e84.mp3]	[sound:hypertts-a0c8e7bf084df09278eb36a8f50796fbab40e3b36e82df34a3cc7109.mp3]	[sound:賑やか_ニギ＼ヤカ_2_NHK-1998.mp3]	<ruby>賑<rt>にぎ</rt></ruby>やか	この<ruby>町<rt>まち</rt></ruby>はとても<ruby>賑<rt>にぎ</rt></ruby>やかです。	"""<span style=""""box-shadow: inset -2px -2px 0 0 #FF6633;"""">ニ</span><span style=""""box-shadow: inset -2px 2px 0 0px #FF6633;"""">キ<span style=""""color: red;"""">°</span></span><span style=""""box-shadow: inset 0px -2px 0 0px #FF6633;"""">ヤカ</span> <span class=""""pitch_number"""">2</span>"""
1771871839133	1775147485	Doki Doki1-5 male_voice newVersion	静か	 静[しず]か	しずか	shizuka	cichy, spokojny	 図書館[としょかん]は 静[しず]かです。	Biblioteka jest cicha.			na-adj	図書館は静かです。		[sound:hypertts-4e20ccb0489e100c6dc6b90d9682c29ca91c5a916a30b2b86c5173f5.mp3]	[sound:hypertts-ee668049d4e31e347fc1a8719e946160037ed04619af17c9daea6deb.mp3]	[sound:静か_シ＼ズカ_1_NHK-2016.mp3]	<ruby>静<rt>しず</rt></ruby>か	<ruby>図<rt>と</rt></ruby><ruby>書<rt>しょ</rt></ruby><ruby>館<rt>かん</rt></ruby>は<ruby>静<rt>しず</rt></ruby>かです。	"""<span style=""""box-shadow: inset -2px 2px 0 0px #FF6633;"""">シ</span><span style=""""box-shadow: inset 0px -2px 0 0px #FF6633;"""">ズカ</span> <span class=""""pitch_number"""">1</span>"""
1771871839135	1775147485	Doki Doki1-5 male_voice newVersion	難しい	 難[むずか]しい	むずかしい	muzukashii	trudny (intelektualnie, technicznie)	 日本語[にほんご]は 難[むずか]しいです。	Język japoński jest trudny.			i-adj, Często używane jako grzeczny sposób na powiedzenie „nie” lub „to niemożliwe” (np. w negocjacjach biznesowych: Sore wa chotto muzukashii desu...).	日本語は難しいです。		[sound:hypertts-c10e16a558582f0c8a09cf199777244782d09a4adbd1e5a2120ce45b.mp3]	[sound:hypertts-28f9d08e8e007b8bc6e5cc01f1d72cfbbfac0bcd8591d3d7541e0e2d.mp3]	[sound:難しい_ムズカシイ━_0_NHK-2016.mp3] [sound:難しい_ムズカシ＼イ_4_NHK-2016.mp3]	<ruby>難<rt>むずか</rt></ruby>しい	<ruby>日<rt>に</rt></ruby><ruby>本<rt>ほん</rt></ruby><ruby>語<rt>ご</rt></ruby>は<ruby>難<rt>むずか</rt></ruby>しいです。	"""<span style=""""box-shadow: inset -2px -2px 0 0 #FF6633;"""">ム</span><span style=""""box-shadow: inset 0px 2px 0 0px #FF6633;"""">ズカシイ</span> <span class=""""pitch_number"""">0</span>, <span style=""""box-shadow: inset -2px -2px 0 0 #FF6633;"""">ム</span><span style=""""box-shadow: inset -2px 2px 0 0px #FF6633;"""">ズカシ</span><span style=""""box-shadow: inset 0px -2px 0 0px #FF6633;"""">イ</span> <span class=""""pitch_number"""">4</span>"""
1771871839136	1782884078	Doki Doki1-5 male_voice newVersion	簡単	簡[かん] 単[たん]	かんたん	kantan	prosty, łatwy (Łatwy, bo prosty)	この 問題[もんだい]は 簡単[かんたん]です。	To zadanie jest proste.			na-adj	この問題は簡単です。		[sound:hypertts-4cc574886bc506e03aff182690c2dada8c24479c5da1987d352544b8.mp3]	[sound:hypertts-979e4db656803427e59ac447051d3b2b9e1aa6f8646b8775e16c6f01.mp3]	[sound:簡単_カンタン━_0_NHK-2016.mp3]	<ruby>簡<rt>かん</rt></ruby><ruby>単<rt>たん</rt></ruby>	この<ruby>問<rt>もん</rt></ruby><ruby>題<rt>だい</rt></ruby>は<ruby>簡<rt>かん</rt></ruby><ruby>単<rt>たん</rt></ruby>です。	"""<span style=""""box-shadow: inset -2px -2px 0 0 #FF6633;"""">カ</span><span style=""""box-shadow: inset 0px 2px 0 0px #FF6633;"""">ンタン</span> <span class=""""pitch_number"""">0</span>"""
1771871839137	1791206769	Doki Doki1-5 male_voice newVersion	遠い	 遠[とお]い	とおい	tōi	daleki	 駅[えき]はとても 遠[とお]いです。	Stacja jest bardzo daleko.			i-adj	駅はとても遠いです。		[sound:hypertts-7126fa78bcbd44d432743ef4663b451dfe3d127fd4abeec036f4613a.mp3]	[sound:hypertts-8d38821679b8831ba472987225c39dd6b5f25d34aaeb22a23c26a6b7.mp3]	[sound:遠い_トーイ━_0_NHK-2016.mp3]	<ruby>遠<rt>とお</rt></ruby>い	<ruby>駅<rt>えき</rt></ruby>はとても<ruby>遠<rt>とお</rt></ruby>いです。	"""<span style=""""box-shadow: inset -2px -2px 0 0 #FF6633;"""">ト</span><span style=""""box-shadow: inset 0px 2px 0 0px #FF6633;"""">ーイ</span> <span class=""""pitch_number"""">0</span>"""
1771871839138	1791206769	Doki Doki1-5 male_voice newVersion	近い	 近[ちか]い	ちかい	chikai	bliski, niedaleki	 私[わたし]の 家[いえ]は 近[ちか]いです。	Mój dom jest blisko.			i-adj. Typowa konstrukcja miejsca to ～に近い.	私の家は近いです。		[sound:hypertts-fbdee76b7508fc2f391e0c9a4f64e466fc15fb6560ea81ccdc374b26.mp3]	[sound:hypertts-a18f752fa97eb79afbd80f93d61d01d231b0d45d9a617e73df1c7f3d.mp3]	[sound:近い_チカ＼イ_2_NHK-2016.mp3]	<ruby>近<rt>ちか</rt></ruby>い	<ruby>私<rt>わたし</rt></ruby>の<ruby>家<rt>いえ</rt></ruby>は<ruby>近<rt>ちか</rt></ruby>いです。	"""<span style=""""box-shadow: inset -2px -2px 0 0 #FF6633;""""><span style=""""color: royalblue;"""">チ</span></span><span style=""""box-shadow: inset -2px 2px 0 0px #FF6633;"""">カ</span><span style=""""box-shadow: inset 0px -2px 0 0px #FF6633;"""">イ</span> <span class=""""pitch_number"""">2</span>"""
1771871839139	1782884078	Doki Doki1-5 male_voice newVersion	大変	大[たい] 変[へん]	たいへん	taihen	trudny, ciężki (również psychicznie)	 仕事[しごと]はとても 大変[たいへん]です。	Praca jest bardzo ciężka.			na-adj, Wyraża współczucie. Gdy ktoś mówi, że ma dużo pracy, odpowiadasz: Taihen desu ne! („To musi być ciężkie/wyczerpujące!”).	仕事はとても大変です。	大 変[へん]	[sound:hypertts-a682121ca1ce1f616f2f9dffd9f93f52b1031e62bc7387b33700012a.mp3]	[sound:hypertts-7f6d94a8a43d96ed141464b92e7b5ef54d8e467e1f13cef124379354.mp3]	[sound:大変_タイヘン━_0_NHK-2016.mp3]	<ruby>大<rt>たい</rt></ruby><ruby>変<rt>へん</rt></ruby>	<ruby>仕<rt>し</rt></ruby><ruby>事<rt>ごと</rt></ruby>はとても<ruby>大<rt>たい</rt></ruby><ruby>変<rt>へん</rt></ruby>です。	"""<span style=""""box-shadow: inset -2px -2px 0 0 #FF6633;"""">タ</span><span style=""""box-shadow: inset 0px 2px 0 0px #FF6633;"""">イヘン</span> <span class=""""pitch_number"""">0</span>"""
1771871839140	1782884078	Doki Doki1-5 male_voice newVersion	親切	親[しん] 切[せつ]	しんせつ	shinsetsu	uprzejmy, miły	 田中[たなか]さんは 親切[しんせつ]です。	Pan Tanaka jest uprzejmy.			na-adj	田中さんは親切です。		[sound:hypertts-bb1bbd73c9549bbe4b29e41814ff3776d57d4cd4d108d96bc9dedc5d.mp3]	[sound:hypertts-b310b096bfd5b556dc8097267d11af9634ec689ccd8a853752d1e9a2.mp3]	[sound:親切_シ＼ンセツ_1_NHK-2016.mp3]	<ruby>親<rt>しん</rt></ruby><ruby>切<rt>せつ</rt></ruby>	<ruby>田<rt>た</rt></ruby><ruby>中<rt>なか</rt></ruby>さんは<ruby>親<rt>しん</rt></ruby><ruby>切<rt>せつ</rt></ruby>です。	"""<span style=""""box-shadow: inset -2px 2px 0 0px #FF6633;"""">シ</span><span style=""""box-shadow: inset 0px -2px 0 0px #FF6633;"""">ンセツ</span> <span class=""""pitch_number"""">1</span>"""
1771871839141	1775147485	Doki Doki1-5 male_voice newVersion	優しい	 優[やさ]しい	やさしい	yasashii	prosty, miły	 彼[かれ]はとても 優[やさ]しいです。	On jest bardzo miły.			i-adj	彼はとても優しいです。		[sound:hypertts-0279cedf8d51f516e0db4076760245900ec72d02b4e4830cf237bfa7.mp3]	[sound:hypertts-8fa18da1ca951b9fd3a1978b6bd6ffe1abfe090da46a3f003a3dfbe0.mp3]	[sound:優しい_ヤサシイ━_0_NHK-2016.mp3]	<ruby>優<rt>やさ</rt></ruby>しい	<ruby>彼<rt>かれ</rt></ruby>はとても<ruby>優<rt>やさ</rt></ruby>しいです。	"""<span style=""""box-shadow: inset -2px -2px 0 0 #FF6633;"""">ヤ</span><span style=""""box-shadow: inset 0px 2px 0 0px #FF6633;"""">サシイ</span> <span class=""""pitch_number"""">0</span>"""
1771871839142	1775147485	Doki Doki1-5 male_voice newVersion	怖い	 怖[こわ]い	こわい	kowai	straszny	 犬[いぬ]がとても 怖[こわ]いです。	Bardzo boję się psów.			i-adj	犬がとても怖いです。		[sound:hypertts-90d0c15da7ea439a0619130a59dc962ecc3e679ec0a4cd46e74c98ea.mp3]	[sound:hypertts-277bc66deb6d86f17314c7afa1f188e91b8b85b9f216c372e15ef4d7.mp3]	[sound:怖い_コワ＼イ_2_NHK-2016.mp3]	<ruby>怖<rt>こわ</rt></ruby>い	<ruby>犬<rt>いぬ</rt></ruby>がとても<ruby>怖<rt>こわ</rt></ruby>いです。	"""<span style=""""box-shadow: inset -2px -2px 0 0 #FF6633;"""">コ</span><span style=""""box-shadow: inset -2px 2px 0 0px #FF6633;"""">ワ</span><span style=""""box-shadow: inset 0px -2px 0 0px #FF6633;"""">イ</span> <span class=""""pitch_number"""">2</span>"""
1771871839143	1791198980	Doki Doki1-4 Doki1-5 male_voice newVersion	上手	上手[じょうず]	じょうず	jōzu	dobry w czymś	 歌[うた]がとても 上手[じょうず]ですね。	Bardzo dobrze śpiewasz.			na-adj, często w konstrukcji ～が上手です	歌がとても上手ですね。	上手	[sound:hypertts-b546ffd14099c45e2ff529a25a4b30d868d0810da9b04131b25f0f34.mp3]	[sound:hypertts-1c5003634766ac3ec7cc1ebc5991b272f3a082f86e390467fb459867.mp3]		<ruby>上<rt>じょう</rt></ruby><ruby>手<rt>ず</rt></ruby>	<ruby>歌<rt>うた</rt></ruby>がとても<ruby>上<rt>じょう</rt></ruby><ruby>手<rt>ず</rt></ruby>ですね。	
1771871839144	1791198980	Doki Doki1-1 Doki1-4 Doki1-5 male_voice newVersion	下手	下手[へた]	へた	heta	słaby w czymś	 私[わたし]はテニスが 下手[へた]です。	Słabo gram w tenisa.			na-adj, często w konstrukcji ～が下手です	私はテニスが下手です。	下手	[sound:hypertts-cf9611febb166c0c331588147824f448d0992cc6e87de907ec959ed5.mp3]	[sound:hypertts-026675e1ad7a261f8dd04300e2d6924439d6be6ca93e96dcc80d3c7e.mp3]		<ruby>下<rt>へ</rt></ruby><ruby>手<rt>た</rt></ruby>	<ruby>私<rt>わたし</rt></ruby>はテニスが<ruby>下<rt>へ</rt></ruby><ruby>手<rt>た</rt></ruby>です。	
1771871839145	1775147485	Doki Doki1-5 male_voice newVersion	嫌い	 嫌[きら]い	きらい	kirai	nie znosić, nielubiany	 虫[むし]が 嫌[きら]いです。	Nie cierpię robaków.			na-adj	虫が嫌いです。		[sound:hypertts-633aa589bf2d6b989ca2cbcfa7dca9d66d3ff9e606edb13edb659739.mp3]	[sound:hypertts-f168a5439618e95f48e2be72a821f737300f575ec335a9bc0aa8fef4.mp3]	[sound:嫌い_キライ━_0_NHK-2016.mp3]	<ruby>嫌<rt>きら</rt></ruby>い	<ruby>虫<rt>むし</rt></ruby>が<ruby>嫌<rt>きら</rt></ruby>いです。	"""<span style=""""box-shadow: inset -2px -2px 0 0 #FF6633;"""">キ</span><span style=""""box-shadow: inset 0px 2px 0 0px #FF6633;"""">ライ</span> <span class=""""pitch_number"""">0</span>"""
1771871839146	1782884078	Doki Doki1-5 male_voice newVersion	大嫌い	大[だい] 嫌[きら]い	だいきらい	daikirai	bardzo znienawidzony (nienawidzić)	 彼[かれ]が 大嫌[だいきら]いです。	Bardzo go nienawidzę.			na-adj	彼が大嫌いです。	大 嫌[きら]い	[sound:hypertts-a8d94c2c09a18dd2cd30b120e07d0c1aa97a32a124bf35237745d83f.mp3]	[sound:hypertts-889d55b6079be63494c0005f0893a5ac18e5da893df0b61f203488f7.mp3]	[sound:大嫌い_ダ＼イキライ_1_NHK-2016.mp3]	<ruby>大<rt>だい</rt></ruby><ruby>嫌<rt>きら</rt></ruby>い	<ruby>彼<rt>かれ</rt></ruby>が<ruby>大<rt>だい</rt></ruby><ruby>嫌<rt>きら</rt></ruby>いです。	"""<span style=""""box-shadow: inset -2px 2px 0 0px #FF6633;"""">ダ</span><span style=""""box-shadow: inset 0px -2px 0 0px #FF6633;"""">イキライ</span> <span class=""""pitch_number"""">1</span>"""
1771871839147	1775147485	Doki Doki1-5 male_voice newVersion	長い	 長[なが]い	ながい	nagai	długi	 彼女[かのじょ]の 髪[かみ]は 長[なが]いです。	Jej włosy są długie.			i-adj	彼女の髪は長いです。		[sound:hypertts-dc89cb827be0d9717b8829c1fbf1e364559a0f0dc1c25bdb86742b68.mp3]	[sound:hypertts-d6328b719a831899eb91ef2eef10bd44886290eda5fe94cbf142e7f3.mp3]	[sound:長い_ナカ゚＼イ_2_NHK-2016.mp3]	<ruby>長<rt>なが</rt></ruby>い	<ruby>彼<rt>かの</rt></ruby><ruby>女<rt>じょ</rt></ruby>の<ruby>髪<rt>かみ</rt></ruby>は<ruby>長<rt>なが</rt></ruby>いです。	"""<span style=""""box-shadow: inset -2px -2px 0 0 #FF6633;"""">ナ</span><span style=""""box-shadow: inset -2px 2px 0 0px #FF6633;"""">カ<span style=""""color: red;"""">°</span></span><span style=""""box-shadow: inset 0px -2px 0 0px #FF6633;"""">イ</span> <span class=""""pitch_number"""">2</span>"""
1771871839148	1783767199	Doki Doki1-5 leech male_voice newVersion	短い	 短[みじか]い	みじかい	mijikai	krótki	 冬[ふゆ]の 日[ひ]は 短[みじか]いです。	Zimowe dni są krótkie.			i-adj	冬の日は短いです。		[sound:hypertts-059d70336fdef9f51fd719ef4d6bdc0259142ad7dc53b1c49876ccd1.mp3]	[sound:hypertts-89a7cba90fa54bc1bee6b3714427a34f0d5b4f0a63e0c792af839aa0.mp3]	[sound:短い_ミジカ＼イ_3_NHK-2016.mp3]	<ruby>短<rt>みじか</rt></ruby>い	<ruby>冬<rt>ふゆ</rt></ruby>の<ruby>日<rt>ひ</rt></ruby>は<ruby>短<rt>みじか</rt></ruby>いです。	"""<span style=""""box-shadow: inset -2px -2px 0 0 #FF6633;"""">ミ</span><span style=""""box-shadow: inset -2px 2px 0 0px #FF6633;"""">ジカ</span><span style=""""box-shadow: inset 0px -2px 0 0px #FF6633;"""">イ</span> <span class=""""pitch_number"""">3</span>"""
1771871839150	1782884212	Doki Doki1-5 male_voice newVersion	苦手	苦[にが] 手[て]	にがて	nigate	słaby w czymś (nie lubić, nie czuć się pewnie)	 英語[えいご]は 苦手[にがて]です。	Jestem słaby z angielskiego.			na-adj	英語は苦手です。		[sound:hypertts-2e6804a11f325dbc4837c111ac2e89102acc9d01c2b9ecb3a50ad42b.mp3]	[sound:hypertts-222f7636c7afa84feb0774f769b8a9e575401096883d0f2c478dffd9.mp3]	[sound:苦手_ニカ゚テ━_0_NHK-2016.mp3] [sound:苦手_ニカ゚テ＼_3_NHK-2016.mp3]	<ruby>苦<rt>にが</rt></ruby><ruby>手<rt>て</rt></ruby>	<ruby>英<rt>えい</rt></ruby><ruby>語<rt>ご</rt></ruby>は<ruby>苦<rt>にが</rt></ruby><ruby>手<rt>て</rt></ruby>です。	"""<span style=""""box-shadow: inset -2px -2px 0 0 #FF6633;"""">ニ</span><span style=""""box-shadow: inset 0px 2px 0 0px #FF6633;"""">カ<span style=""""color: red;"""">°</span>テ</span> <span class=""""pitch_number"""">0</span>, <span style=""""box-shadow: inset -2px -2px 0 0 #FF6633;"""">ニ</span><span style=""""box-shadow: inset -2px 2px 0 0px #FF6633;"""">カ<span style=""""color: red;"""">°</span>テ</span> <span class=""""pitch_number"""">3</span>"""
1771871839151	1775147485	Doki Doki1-5 male_voice newVersion	楽	 楽[らく]	らく	raku	łatwy, prosty (Łatwy, bo nie wymaga wysiłku)	この 仕事[しごと]は 楽[らく]です。	Ta praca jest łatwa.			na-adj	この仕事は楽です。		[sound:hypertts-3a74aec2eed2dcc5443957c67c6558b4d7512858afe55c944578eafd.mp3]	[sound:hypertts-2ece96bcdd45da9bf3d0fe188d217d619adf925f0188298f5a497fdb.mp3]	[sound:楽_ラ＼ク_1_NHK-2016.mp3] [sound:楽_ラク＼_2_NHK-2016.mp3]	<ruby>楽<rt>らく</rt></ruby>	この<ruby>仕<rt>し</rt></ruby><ruby>事<rt>ごと</rt></ruby>は<ruby>楽<rt>らく</rt></ruby>です。	"""<span style=""""box-shadow: inset -2px 2px 0 0px #FF6633;"""">ラ</span><span style=""""box-shadow: inset 0px -2px 0 0px #FF6633;"""">ク</span> <span class=""""pitch_number"""">1</span>, <span style=""""box-shadow: inset -2px -2px 0 0 #FF6633;"""">ラ</span><span style=""""box-shadow: inset -2px 2px 0 0px #FF6633;"""">ク</span> <span class=""""pitch_number"""">2</span>"""
1771871839152	1782884078	Doki Doki1-5 male_voice newVersion	動物	動[どう] 物[ぶつ]	どうぶつ	dōbutsu	zwierzę	 動物[どうぶつ]が 大好[だいす]きです。	Bardzo lubię zwierzęta.			rzeczownik	動物が大好きです。		[sound:hypertts-5c63508a8e5ae8b63a494c5cd6acea09f00b71a54265d31530af5a83.mp3]	[sound:hypertts-ab5f2831acd747f6de898fdb313002a8a2b9bc40fb84b950214ccadd.mp3]	[sound:動物_ドーブツ━_0_NHK-2016.mp3]	<ruby>動<rt>どう</rt></ruby><ruby>物<rt>ぶつ</rt></ruby>	<ruby>動<rt>どう</rt></ruby><ruby>物<rt>ぶつ</rt></ruby>が<ruby>大<rt>だい</rt></ruby><ruby>好<rt>す</rt></ruby>きです。	"""<span style=""""box-shadow: inset -2px -2px 0 0 #FF6633;"""">ド</span><span style=""""box-shadow: inset 0px 2px 0 0px #FF6633;"""">ーブツ</span> <span class=""""pitch_number"""">0</span>"""
1771871839164	1791359371	Doki Doki1-5 male_voice newVersion	夏	 夏[なつ]	なつ	natsu	lato	 夏[なつ]はとても 暑[あつ]いです。	Lato jest bardzo gorące.			rzeczownik	夏はとても暑いです。		[sound:hypertts-021b061184cb2f0298d0eaceedb713758e0b86cba40da975edf9bbe4.mp3]	[sound:hypertts-7a100b579e038dbae407e0679ce1c7690d758f537dffafffbded78e1.mp3]	[sound:夏_ナツ＼_2_NHK-2016.mp3]	<ruby>夏<rt>なつ</rt></ruby>	<ruby>夏<rt>なつ</rt></ruby>はとても<ruby>暑<rt>あつ</rt></ruby>いです。	"""<span style=""""box-shadow: inset -2px -2px 0 0 #FF6633;"""">ナ</span><span style=""""box-shadow: inset -2px 2px 0 0px #FF6633;"""">ツ</span> <span class=""""pitch_number"""">2</span>"""
1771871839165	1791359371	Doki Doki1-5 male_voice newVersion	春	 春[はる]	はる	haru	wiosna	 春[はる]に 花[はな]が 咲[さ]きます。	Wiosną kwitną kwiaty.			rzeczownik	春に花が咲きます。		[sound:hypertts-6488259a82c5f1ccd3d70cd76016a3e88a8922189c8dc49087a9cde8.mp3]	[sound:hypertts-da8ab5ac6c33d153b6361dedc3bf8b15253d4d883171b0d56c604195.mp3]	[sound:春_ハ＼ル_1_NHK-2016.mp3]	<ruby>春<rt>はる</rt></ruby>	<ruby>春<rt>はる</rt></ruby>に<ruby>花<rt>はな</rt></ruby>が<ruby>咲<rt>さ</rt></ruby>きます。	"""<span style=""""box-shadow: inset -2px 2px 0 0px #FF6633;"""">ハ</span><span style=""""box-shadow: inset 0px -2px 0 0px #FF6633;"""">ル</span> <span class=""""pitch_number"""">1</span>"""
1771871839166	1791359371	Doki Doki1-5 male_voice newVersion	秋	 秋[あき]	あき	aki	jesień	 秋[あき]は 涼[すず]しいです。	Jesienią jest chłodno.			rzeczownik	秋は涼しいです。		[sound:hypertts-8becd40e86031445abe1787b26ee963d7ff786427b7aff367b0575ba.mp3]	[sound:hypertts-4f931e1b126f72e243d9ff1a4128b0f8ecb123f4f05654e0129fd15a.mp3]	[sound:秋_ア＼キ_1_NHK-2016.mp3]	<ruby>秋<rt>あき</rt></ruby>	<ruby>秋<rt>あき</rt></ruby>は<ruby>涼<rt>すず</rt></ruby>しいです。	"""<span style=""""box-shadow: inset -2px 2px 0 0px #FF6633;"""">ア</span><span style=""""box-shadow: inset 0px -2px 0 0px #FF6633;"""">キ</span> <span class=""""pitch_number"""">1</span>"""
1771871839167	1791359371	Doki Doki1-5 male_voice newVersion	冬	 冬[ふゆ]	ふゆ	fuyu	zima	 冬[ふゆ]は 雪[ゆき]が 降[ふ]ります。	Zimą pada śnieg.			rzeczownik	冬は雪が降ります。		[sound:hypertts-e2310c6293851a2d1fa306937d74d1df9ea4f149b6c37e9b3c5929bd.mp3]	[sound:hypertts-39ec457d0da4e06fb7ff6f0bca0a8685079400e2df20f11a790c2345.mp3]	[sound:冬_フユ＼_2_NHK-2016.mp3]	<ruby>冬<rt>ふゆ</rt></ruby>	<ruby>冬<rt>ふゆ</rt></ruby>は<ruby>雪<rt>ゆき</rt></ruby>が<ruby>降<rt>ふ</rt></ruby>ります。	"""<span style=""""box-shadow: inset -2px -2px 0 0 #FF6633;"""">フ</span><span style=""""box-shadow: inset -2px 2px 0 0px #FF6633;"""">ユ</span> <span class=""""pitch_number"""">2</span>"""
1771873005488	1784105272	Doki Doki1-6 female_voice leech newVersion	お菓子	お 菓子[かし]	おかし	okashi	słodycze	お 菓子[かし]を 食[た]べます。	Jem słodycze.				お菓子を食べます。		[sound:hypertts-f81e0c47c7fd68e7a72af3d3d0258fcc4b3dfbe60795f5eb23e4424c.mp3]	[sound:hypertts-db71321728986e5130a5fef5c864d9ea6eebe2615e02ec320f9090e0.mp3]	[sound:お菓子_オカ＼シ_2_NHK-2016.mp3]	お<ruby>菓子<rt>かし</rt></ruby>	お<ruby>菓子<rt>かし</rt></ruby>を<ruby>食<rt>た</rt></ruby>べます。	"""<span style=""""box-shadow: inset -2px -2px 0 0 #FF6633;"""">オ</span><span style=""""box-shadow: inset -2px 2px 0 0px #FF6633;"""">カ</span><span style=""""box-shadow: inset 0px -2px 0 0px #FF6633;"""">シ</span> <span class=""""pitch_number"""">2</span>"""
1771873005490	1776880649	Doki Doki1-5 Doki1-6 female_voice newVersion	男の子	男[おとこ]の 子[こ]	おとこのこ	otokonoko	chłopiec	男[おとこ]の 子[こ]と 女[おんな]の 子[こ]が います。	Są chłopcy i dziewczynki.			rzeczownik	男の子と女の子がいます。	男の 子[こ]	[sound:hypertts-665ca4d8381db97d73edde3f7113e29c9af7c5b0576f7b080ec9c7b6.mp3]	[sound:hypertts-c3de99946b00f86858e31df06a4ec66fc254a6504b91d0c4aae7f0b7.mp3]	[sound:男の子_オトコ＼ノコ_3_NHK-2016.mp3]	男の子	男の子と女の子がいます。	"""<span style=""""box-shadow: inset -2px -2px 0 0 #FF6633;"""">オ</span><span style=""""box-shadow: inset -2px 2px 0 0px #FF6633;"""">トコ</span><span style=""""box-shadow: inset 0px -2px 0 0px #FF6633;"""">ノコ</span> <span class=""""pitch_number"""">3</span>"""
1771873005491	1776880612	Doki Doki1-5 Doki1-6 female_voice newVersion	女の子	女[おんな]の 子[こ]	おんなのこ	onnanoko	dziewczynka	あの 女[おんな]の 子[こ]は 誰[だれ]ですか。	Kim jest tamta dziewczynka?			rzeczownik	あの女の子は誰ですか。	女の 子[こ]	[sound:hypertts-1a8a647903adbcb2ee9967b60a1ebd16c369f320ee15668e4de11f22.mp3]	[sound:hypertts-d041c3ea7c08e5ed6f728379efae5972e4853b7a91f117e7c5f0b7fa.mp3]	[sound:女の子_オンナ＼ノコ_3_NHK-2016.mp3]	女の子	あの女の子は誰ですか。	"""<span style=""""box-shadow: inset -2px -2px 0 0 #FF6633;"""">オ</span><span style=""""box-shadow: inset -2px 2px 0 0px #FF6633;"""">ンナ</span><span style=""""box-shadow: inset 0px -2px 0 0px #FF6633;"""">ノコ</span> <span class=""""pitch_number"""">3</span>"""
1771873005492	1778591473	Doki Doki1-6 female_voice leech newVersion	後で	 後[あと]で	あとで	atode	później	 後[あと]で 電話[でんわ]します。	Zadzwonię później.				後で電話します。		[sound:hypertts-f6b790ffc66d2afef1d2986c91d38fd3a6dad65d6508abe42ad87fc5.mp3]	[sound:hypertts-4d9aa3ccbfc8f632fb06a84edccd003437f64419d8856cb9b6d311a1.mp3]	[sound:後で_アトデ_TAAS.mp3]	<ruby>後<rt>あと</rt></ruby>で	<ruby>後<rt>あと</rt></ruby>で<ruby>電話<rt>でんわ</rt></ruby>します。	
1771873005493	1777719563	Doki Doki1-6 female_voice newVersion	目	 目[め]	め	me	oko	 彼女[かのじょ]は 目[め]が 大[おお]きいです。	Ona ma duże oczy.				彼女は目が大きいです。		[sound:hypertts-60a664581da95e4d6b0da615888fbb95bb5834ff1cdfaa54dc76d5b8.mp3]	[sound:hypertts-7af1cb415132e9b6ffb019be235e2876624f35f1d814de434053240f.mp3]	[sound:目_メ＼_1_NHK-2016.mp3]	<ruby>目<rt>め</rt></ruby>	<ruby>彼女<rt>かのじょ</rt></ruby>は<ruby>目<rt>め</rt></ruby>が<ruby>大<rt>おお</rt></ruby>きいです。	"""<span style=""""box-shadow: inset -2px 2px 0 0px #FF6633;"""">メ</span> <span class=""""pitch_number"""">1</span>"""
1771873005494	1781609346	Doki Doki1-6 female_voice newVersion	足	 足[あし]	あし	ashi	noga, stopa	 足[あし]が 痛[いた]いです。	Boli mnie noga.				足が痛いです。		[sound:hypertts-6e5d323daeb750bd54c690d5ac8d8dedae931d1c31c36e897504a6f5.mp3]	[sound:hypertts-3c822b6b9f256d9693b4468411cef6eb90f38e3b64f65948906f3530.mp3]	[sound:足_アシ＼_2_NHK-2016.mp3]	<ruby>足<rt>あし</rt></ruby>	<ruby>足<rt>あし</rt></ruby>が<ruby>痛<rt>いた</rt></ruby>いです。	"""<span style=""""box-shadow: inset -2px -2px 0 0 #FF6633;"""">ア</span><span style=""""box-shadow: inset -2px 2px 0 0px #FF6633;"""">シ</span> <span class=""""pitch_number"""">2</span>"""
1771873005495	1781609346	Doki Doki1-6 female_voice newVersion	鼻	 鼻[はな]	はな	hana	nos	 犬[いぬ]の 鼻[はな]は 黒[くろ]いです。	Nos psa jest czarny.				犬の鼻は黒いです。		[sound:hypertts-ee0f67bd3658810efe39494db78a49e0a6b08010c10723fab7afe3de.mp3]	[sound:hypertts-7e54db795c396630234596af971038f9e76e24954e32ee75b5f87284.mp3]	[sound:鼻_ハナ━_0_NHK-2016.mp3]	<ruby>鼻<rt>はな</rt></ruby>	<ruby>犬<rt>いぬ</rt></ruby>の<ruby>鼻<rt>はな</rt></ruby>は<ruby>黒<rt>くろ</rt></ruby>いです。	"""<span style=""""box-shadow: inset -2px -2px 0 0 #FF6633;"""">ハ</span><span style=""""box-shadow: inset 0px 2px 0 0px #FF6633;"""">ナ</span> <span class=""""pitch_number"""">0</span>"""
1771873005496	1781609346	Doki Doki1-6 female_voice newVersion	口	 口[くち]	くち	kuchi	usta	 口[くち]を 開[あ]けてください。	Proszę otworzyć usta.				口を開けてください。	口	[sound:hypertts-8dad7618c95c65d9d69743a8426075d850012f4b56c24e9c2907100b.mp3]	[sound:hypertts-148fb71e1207825592ed7e40e03681822a0153e8cc23d41d013ee6ff.mp3]	[sound:口_クチ━_0_NHK-2016.mp3]	<ruby>口<rt>くち</rt></ruby>	<ruby>口<rt>くち</rt></ruby>を<ruby>開<rt>あ</rt></ruby>けてください。	"""<span style=""""box-shadow: inset -2px -2px 0 0 #FF6633;""""><span style=""""color: royalblue;"""">ク</span></span><span style=""""box-shadow: inset 0px 2px 0 0px #FF6633;"""">チ</span> <span class=""""pitch_number"""">0</span>"""
1771873005497	1791198980	Doki Doki1-6 female_voice newVersion	髪	 髪[かみ]	かみ	kami	włosy	 髪[かみ]が 長[なが]いです。	Włosy są długie.			rzeczownik, oznacza włosy na głowie	髪が長いです。		[sound:hypertts-5de1484582026d9ceb55e1284ddf4ad3fb3705bf393c25f2e9eb95bd.mp3]	[sound:hypertts-39dc5e8c5eac250e0bea54dd952066191c372c755194e73538b1ecb2.mp3]	[sound:髪_カミ＼_2_NHK-2016.mp3]	<ruby>髪<rt>かみ</rt></ruby>	<ruby>髪<rt>かみ</rt></ruby>が<ruby>長<rt>なが</rt></ruby>いです。	"""<span style=""""box-shadow: inset -2px -2px 0 0 #FF6633;"""">カ</span><span style=""""box-shadow: inset -2px 2px 0 0px #FF6633;"""">ミ</span> <span class=""""pitch_number"""">2</span>"""
1771873005498	1782884078	Doki Doki1-6 female_voice newVersion	茶髪	茶[ちゃ] 髪[ぱつ]	ちゃぱつ	chapatsu	brązowe włosy	 彼[かれ]は 茶髪[ちゃぱつ]です。	On ma brązowe włosy.				彼は茶髪です。		[sound:hypertts-4bcfab0d3fc7166a52c503be61c5809a6d1bb312c71feb4af358a1a3.mp3]	[sound:hypertts-b1bcec01002ef79e25e0b0850a0365c74079893628331be11a3f7991.mp3]	[sound:茶髪_チャパツ━_0_Shinmeikai-8.mp3]	<ruby>茶髪<rt>ちゃぱつ</rt></ruby>	<ruby>彼<rt>かれ</rt></ruby>は<ruby>茶髪<rt>ちゃぱつ</rt></ruby>です。	"""<span style=""""box-shadow: inset -2px -2px 0 0 #FF6633;"""">チャ</span><span style=""""box-shadow: inset 0px 2px 0 0px #FF6633;"""">パツ</span> <span class=""""pitch_number"""">0</span>"""
1771873005499	1782884078	Doki Doki1-6 female_voice newVersion	金髪	金[きん] 髪[ぱつ]	きんぱつ	kinpatsu	blond włosy	 彼女[かのじょ]は 金髪[きんぱつ]です。	Ona ma blond włosy.				彼女は金髪です。	 金 髪[ぱつ]	[sound:hypertts-5573a6a65e161bf1c0bb47c5e3887055589d148b857dd52d5882c42c.mp3]	[sound:hypertts-4e30f38eeec44c12a1c86aaa0c9a2bdafc75ff389ddb3923a526db81.mp3]	[sound:金髪_キンパツ━_0_NHK-2016.mp3]	<ruby>金髪<rt>きんぱつ</rt></ruby>	<ruby>彼女<rt>かのじょ</rt></ruby>は<ruby>金髪<rt>きんぱつ</rt></ruby>です。	"""<span style=""""box-shadow: inset -2px -2px 0 0 #FF6633;"""">キ</span><span style=""""box-shadow: inset 0px 2px 0 0px #FF6633;"""">ンパツ</span> <span class=""""pitch_number"""">0</span>"""
1771873005500	1781609346	Doki Doki1-6 female_voice newVersion	耳	 耳[みみ]	みみ	mimi	ucho	 耳[みみ]が 小[ちい]さいです。	Uszy są małe.				耳が小さいです。		[sound:hypertts-8c5224eccc968883759b1101666e0c26a7cf6e4e1299867830a4796e.mp3]	[sound:hypertts-2aa6454bdd9718d71d2ecfcd11cf6fbe5a8c37a6deb99186f35b5da0.mp3]	[sound:耳_ミミ＼_2_NHK-2016.mp3]	<ruby>耳<rt>みみ</rt></ruby>	<ruby>耳<rt>みみ</rt></ruby>が<ruby>小<rt>ちい</rt></ruby>さいです。	"""<span style=""""box-shadow: inset -2px -2px 0 0 #FF6633;"""">ミ</span><span style=""""box-shadow: inset -2px 2px 0 0px #FF6633;"""">ミ</span> <span class=""""pitch_number"""">2</span>"""
1771873005501	1781609346	Doki Doki1-6 female_voice newVersion	頭	 頭[あたま]	あたま	atama	głowa	 頭[あたま]が 痛[いた]いです。	Boli mnie głowa.				頭が痛いです。		[sound:hypertts-ae3e633e850b7f33804e3bfcbf5924fdaeb8a77ac035fa9f4002e048.mp3]	[sound:hypertts-f3aaf9a4ff7bfed38055f12cba343b8c9b2521c2a075db653e4b176e.mp3]	[sound:頭_アタ＼マ_2_NHK-2016.mp3] [sound:頭_アタマ＼_3_NHK-2016.mp3]	<ruby>頭<rt>あたま</rt></ruby>	<ruby>頭<rt>あたま</rt></ruby>が<ruby>痛<rt>いた</rt></ruby>いです。	"""<span style=""""box-shadow: inset -2px -2px 0 0 #FF6633;"""">ア</span><span style=""""box-shadow: inset -2px 2px 0 0px #FF6633;"""">タ</span><span style=""""box-shadow: inset 0px -2px 0 0px #FF6633;"""">マ</span> <span class=""""pitch_number"""">2</span>, <span style=""""box-shadow: inset -2px -2px 0 0 #FF6633;"""">ア</span><span style=""""box-shadow: inset -2px 2px 0 0px #FF6633;"""">タマ</span> <span class=""""pitch_number"""">3</span>"""
1771873005502	1781599502	Doki Doki1-6 female_voice newVersion	顔	 顔[かお]	かお	kao	twarz	 顔[かお]を 洗[あら]います。	Myję twarz.				顔を洗います。		[sound:hypertts-09e7f9224cb48dc449fdbbd26cdbf803fea896769e9a6ca6e9228f71.mp3]	[sound:hypertts-d5e8a60e8c613f41b6f701f9edea8ae2b01b939f392117f532b1b169.mp3]	[sound:顔_カオ━_0_NHK-2016.mp3]	<ruby>顔<rt>かお</rt></ruby>	<ruby>顔<rt>かお</rt></ruby>を<ruby>洗<rt>あら</rt></ruby>います。	"""<span style=""""box-shadow: inset -2px -2px 0 0 #FF6633;"""">カ</span><span style=""""box-shadow: inset 0px 2px 0 0px #FF6633;"""">オ</span> <span class=""""pitch_number"""">0</span>"""
1771873005503	1789660307	Doki Doki1-6 female_voice leech newVersion	用事	用[よう] 事[じ]	ようじ	yōji	sprawy do załatwienia, sprawunki	 今日[きょう]は 用事[ようじ]があります。	Mam dzisiaj sprawy do załatwienia.				今日は用事があります。		[sound:hypertts-09d61a451147c4e93f21c5d4c10cad5a9350eec7d80b131e4fec96bf.mp3]	[sound:hypertts-9f22463e7ea79cbf370a3128ce859e0c50e88b54696680c5a2279a9d.mp3]	[sound:用事_ヨージ━_0_NHK-2016.mp3]	<ruby>用事<rt>ようじ</rt></ruby>	<ruby>今日<rt>きょう</rt></ruby>は<ruby>用事<rt>ようじ</rt></ruby>があります。	"""<span style=""""box-shadow: inset -2px -2px 0 0 #FF6633;"""">ヨ</span><span style=""""box-shadow: inset 0px 2px 0 0px #FF6633;"""">ージ</span> <span class=""""pitch_number"""">0</span>"""
1771873005504	1782884618	Doki Doki1-6 female_voice newVersion	留学生	留[りゅう] 学[がく] 生[せい]	りゅうがくせい	ryūgakusei	student z wymiany	 私[わたし]は 留学生[りゅうがくせい]です。	Jestem studentem z wymiany.				私は留学生です。	留[りゅう]学生	[sound:hypertts-919d0dc991c781546322546f46e1691f8b5f795bac05a6f5aa664e1c.mp3]	[sound:hypertts-d2c610ffdcde9a25e31e2e1bee951425f542db695967581b09054dcc.mp3]	[sound:留学生_リューカ゚＼クセー_3_NHK-2016.mp3] [sound:留学生_リューカ゚ク＼セー_4_NHK-2016.mp3]	<ruby>留学生<rt>りゅうがくせい</rt></ruby>	<ruby>私<rt>わたし</rt></ruby>は<ruby>留学生<rt>りゅうがくせい</rt></ruby>です。	"""<span style=""""box-shadow: inset -2px -2px 0 0 #FF6633;"""">リュ</span><span style=""""box-shadow: inset -2px 2px 0 0px #FF6633;"""">ーカ<span style=""""color: red;"""">°</span></span><span style=""""box-shadow: inset 0px -2px 0 0px #FF6633;""""><span style=""""color: royalblue;"""">ク</span>セイ</span> <span class=""""pitch_number"""">3</span>, <span style=""""box-shadow: inset -2px -2px 0 0 #FF6633;"""">リュ</span><span style=""""box-shadow: inset -2px 2px 0 0px #FF6633;"""">ーカ<span style=""""color: red;"""">°</span><span style=""""color: royalblue;"""">ク</span></span><span style=""""box-shadow: inset 0px -2px 0 0px #FF6633;"""">セイ</span> <span class=""""pitch_number"""">4</span>"""
1771873005505	1777719563	Doki Doki1-6 female_voice newVersion	遅く	 遅[おそ]く	おそく	osoku	późno	 夜[よる] 遅[おそ]くに 帰[かえ]りました。	Wróciłem późno w nocy.				夜遅くに帰りました。		[sound:hypertts-904ecbc3a9ebe71cfe1cef981d5a83374a43afa4edabd7f964957bdf.mp3]	[sound:hypertts-15f1bf940155855b89fed941c091b5d2395b59a9a36021ea67d46d61.mp3]	[sound:遅く_オソク━_0_Shinmeikai-8.mp3]	<ruby>遅<rt>おそ</rt></ruby>く	<ruby>夜<rt>よる</rt></ruby><ruby>遅<rt>おそ</rt></ruby>くに<ruby>帰<rt>かえ</rt></ruby>りました。	"""<span style=""""box-shadow: inset -2px -2px 0 0 #FF6633;"""">オ</span><span style=""""box-shadow: inset 0px 2px 0 0px #FF6633;"""">ソク</span> <span class=""""pitch_number"""">0</span>"""
1771873005507	1782884618	Doki Doki1-6 female_voice newVersion	結構です	結[けっ] 構[こう]です	けっこうです	kekkōdesu	tyle wystarczy, dziękuję	いいえ、 結構[けっこう]です。	Nie, dziękuję.				いいえ、結構です。		[sound:hypertts-02d17769f4ef9c97cb5602ce88471bd024d1398ee4fda453f55d9810.mp3]	[sound:hypertts-ba33c412ecc1f5b0cf0d3cd394f2fdc9dff852dd6d1ed437c9b3d0f1.mp3]	[sound:結構です_ケッコウデス_TAAS.mp3]	<ruby>結構<rt>けっこう</rt></ruby>です	いいえ、<ruby>結構<rt>けっこう</rt></ruby>です。	
1771873005508	1777719563	Doki Doki1-6 female_voice newVersion	すぐ	すぐ	すぐ	sugu	natychmiast	すぐに 行[い]きます。	Zaraz idę.				すぐに行きます。		[sound:hypertts-961294e6e2de326d4b75d204de215e796def085ed4c076901720cee5.mp3]	[sound:hypertts-e79b8a067254b3c178fd87eec0b04c6e1db769761c371388b98884fd.mp3]	[sound:すぐ_ス＼ク゚_1_NHK-2016.mp3]	すぐ	すぐに<ruby>行<rt>い</rt></ruby>きます。	"""<span style=""""box-shadow: inset -2px 2px 0 0px #FF6633;"""">ス</span><span style=""""box-shadow: inset 0px -2px 0 0px #FF6633;"""">グ</span> <span class=""""pitch_number"""">1</span>"""
1771873005509	1777719563	Doki Doki1-6 female_voice newVersion	ただ	ただ	ただ	tada	darmowy	この 本[ほん]はただです。	Ta książka jest darmowa.				この本はただです。		[sound:hypertts-381f3a0b17289ee3ce5a809950d4a508b5c2bb06045452fcf0c4bccd.mp3]	[sound:hypertts-026e1e66530c6cbcf00e6df6ec95d21b90bdb78b4590befb00fdc9b5.mp3]	[sound:ただ_タ＼ダ_1_NHK-2016.mp3]	ただ	この<ruby>本<rt>ほん</rt></ruby>はただです。	"""<span style=""""box-shadow: inset -2px -2px 0 0 #FF6633;"""">タ</span><span style=""""box-shadow: inset 0px 2px 0 0px #FF6633;"""">ダ</span> <span class=""""pitch_number"""">0</span>, <span style=""""box-shadow: inset -2px 2px 0 0px #FF6633;"""">タ</span><span style=""""box-shadow: inset 0px -2px 0 0px #FF6633;"""">ダ</span> <span class=""""pitch_number"""">1</span>"""
1771873005510	1789484994	Doki Doki1-6 female_voice leech newVersion	次	 次[つぎ]	つぎ	tsugi	następny	 次[つぎ]の 駅[えき]で 降[お]ります。	Wysiadam na następnej stacji.				次の駅で降ります。		[sound:hypertts-30526f44cbd6fc82104acc36529efa9169b672af0d4b5d82bffb6abe.mp3]	[sound:hypertts-ea9925287d051f6b59bd45150459472ac0eeea8166d68c3ea80cc444.mp3]	[sound:次_ツキ゚＼_2_NHK-2016.mp3]	<ruby>次<rt>つぎ</rt></ruby>	<ruby>次<rt>つぎ</rt></ruby>の<ruby>駅<rt>えき</rt></ruby>で<ruby>降<rt>お</rt></ruby>ります。	"""<span style=""""box-shadow: inset -2px -2px 0 0 #FF6633;"""">ツ</span><span style=""""box-shadow: inset -2px 2px 0 0px #FF6633;"""">キ<span style=""""color: red;"""">°</span></span> <span class=""""pitch_number"""">2</span>"""
1771873005511	1782884618	Doki Doki1-6 female_voice newVersion	将来	将[しょう] 来[らい]	しょうらい	shōrai	przyszłość	 将来[しょうらい]の 夢[ゆめ]は 何[なに]ですか。	Jakie jest twoje marzenie na przyszłość?				将来の夢は何ですか。	将[しょう]来	[sound:hypertts-80a25b6ac89637e28cbd4beac3346ce36b0ffc1887ce6e97a8b85b98.mp3]	[sound:hypertts-8195302ebdbafc9c944a9c9455afd3e89d8df902384f8cb5a81098db.mp3]	[sound:将来_ショ＼ーライ_1_NHK-2016.mp3]	<ruby>将来<rt>しょうらい</rt></ruby>	<ruby>将来<rt>しょうらい</rt></ruby>の<ruby>夢<rt>ゆめ</rt></ruby>は<ruby>何<rt>なに</rt></ruby>ですか。	"""<span style=""""box-shadow: inset -2px 2px 0 0px #FF6633;"""">ショ</span><span style=""""box-shadow: inset 0px -2px 0 0px #FF6633;"""">ーライ</span> <span class=""""pitch_number"""">1</span>"""
1771873005512	1777719600	Doki Doki1-6 female_voice newVersion	プリクラ	プリクラ	プリクラ	purikura	"""budka do zdjęć """"purikura"""""""	プリクラを 撮[と]ります。	Robię zdjęcia w purikura.			zapożyczenie	プリクラを撮ります。		[sound:hypertts-22a59489e28b9881575d75e534b121c7d7d4b60e40c7a8496a00cf70.mp3]	[sound:hypertts-c67f62beb81c5435e28c58e50b8d5eb6b8ed4ecee1c904e473f7adad.mp3]	[sound:プリクラ_プリクラ_JapanesePod101.mp3]	プリクラ	プリクラを<ruby>撮<rt>と</rt></ruby>ります。	"""<span style=""""box-shadow: inset -2px -2px 0 0 #FF6633;"""">プ</span><span style=""""box-shadow: inset 0px 2px 0 0px #FF6633;"""">リクラ</span> <span class=""""pitch_number"""">0</span>"""
1771873005513	1777719598	Doki Doki1-6 female_voice newVersion	ページ	ページ	ページ	pēji	strona (w książce)	 次[つぎ]のページを 開[ひら]いてください。	Proszę otworzyć następną stronę.			zapożyczenie	次のページを開いてください。		[sound:hypertts-60d497aa9a27bdfe4209bb48e642f4c5008cc3c97f8bc6b00a0b92ad.mp3]	[sound:hypertts-7b0d94ec49f35a8dc156c88f3057542e937fc364f1a823af79e79b70.mp3]	[sound:ページ_ページ━_0_NHK-2016.mp3]	ページ	<ruby>次<rt>つぎ</rt></ruby>のページを<ruby>開<rt>ひら</rt></ruby>いてください。	"""<span style=""""box-shadow: inset -2px -2px 0 0 #FF6633;"""">ペ</span><span style=""""box-shadow: inset 0px 2px 0 0px #FF6633;"""">ージ</span> <span class=""""pitch_number"""">0</span>"""
1771873005514	1777719563	Doki Doki1-6 female_voice newVersion	おもちゃ	おもちゃ	おもちゃ	omocha	zabawka	おもちゃを 買[か]います。	Kupuję zabawkę.				おもちゃを買います。		[sound:hypertts-967fddba9792080435f13e2b1486df1e596f8dcd317526099cb06415.mp3]	[sound:hypertts-9fcb669b1796481c8f55647264b49d5e93d3b316f8c9bc86e77091ef.mp3]	[sound:おもちゃ_オモ＼チャ_2_NHK-2016.mp3]	おもちゃ	おもちゃを<ruby>買<rt>か</rt></ruby>います。	"""<span style=""""box-shadow: inset -2px -2px 0 0 #FF6633;"""">オ</span><span style=""""box-shadow: inset -2px 2px 0 0px #FF6633;"""">モ</span><span style=""""box-shadow: inset 0px -2px 0 0px #FF6633;"""">チャ</span> <span class=""""pitch_number"""">2</span>"""
1771873005515	1781599502	Doki Doki1-6 female_voice newVersion	雪	 雪[ゆき]	ゆき	yuki	śnieg	 雪[ゆき]が 降[ふ]っています。	Pada śnieg.				雪が降っています。		[sound:hypertts-e67e63da25703bbc739f2e627cceb7813be9e427d2593386dc056b07.mp3]	[sound:hypertts-5c898dc2cd742e51a330609188d964e92315b41b837f1a6fed44ee24.mp3]	[sound:雪_ユキ＼_2_NHK-2016.mp3]&nbsp;	<ruby>雪<rt>ゆき</rt></ruby>	<ruby>雪<rt>ゆき</rt></ruby>が<ruby>降<rt>ふ</rt></ruby>っています。	"""<span style=""""box-shadow: inset -2px -2px 0 0 #FF6633;"""">ヨ</span><span style=""""box-shadow: inset -2px 2px 0 0px #FF6633;"""">キ</span> <span class=""""pitch_number"""">2</span>"""
1771873005517	1782884618	Doki Doki1-6 female_voice newVersion	校長	校[こう] 長[ちょう]	こうちょう	kōchō	dyrektor szkoły	 校長[こうちょう] 先生[せんせい]の 話[はなし]を 聞[き]きます。	Słucham przemówienia dyrektora.				校長先生の話を聞きます。		[sound:hypertts-6377b2b3c6ad4776149f9a372a30bbb712ec81529637610040244fd7.mp3]	[sound:hypertts-51b8b4ace531e2fe643fa93f7f9e2ac40ae64c4f34de577384907dd4.mp3]	[sound:校長_コーチョー━_0_NHK-2016.mp3]	<ruby>校長<rt>こうちょう</rt></ruby>	<ruby>校長<rt>こうちょう</rt></ruby><ruby>先生<rt>せんせい</rt></ruby>の<ruby>話<rt>はなし</rt></ruby>を<ruby>聞<rt>き</rt></ruby>きます。	"""<span style=""""box-shadow: inset -2px -2px 0 0 #FF6633;"""">コ</span><span style=""""box-shadow: inset 0px 2px 0 0px #FF6633;"""">ーチョー</span> <span class=""""pitch_number"""">0</span>"""
1771873005518	1791205492	Doki Doki1-6 female_voice leech newVersion	どうしよう	どうしよう	どうしよう	dōshiyō	co by tu zrobić, co robić, co mam zrobić	どうしよう。	Co by tu zrobić?			potoczne wyrażenie namysłu lub zmartwienia. Forma grzeczna całej wypowiedzi może mieć uprzejme zakończenie, ale samo どうしよう jest swobodne.	どうしよう。		[sound:hypertts-ac0028d8dd46c8ae0f9a27501ba91f50bb518712126ff898b9a20f87.mp3]	[sound:hypertts-ad15d10ac2bd52013005139daecdc61f8ca6ff11578881d2667cab03.mp3]		どうしよう	どうしよう。	
1771873005519	1787246933	Doki Doki1-5 Doki1-6 female_voice leech newVersion	住む	(に) 住[す]む	すむ	sumu	mieszkać	私[わたし]は 東[とう]京[きょう]に 住[す]んでいます。	Mieszkam w Tokio.	住[す]みます	住[す]みません	czasownik gr. 1	私は東京に住んでいます。		[sound:hypertts-e2ba600fb51a3123d90cbcd512f88974651660b2793167d854bd6536.mp3]	[sound:hypertts-1e8b84502821b9a304e37c770e4eb4e5287f1017f87a45fcbe52c6ce.mp3]	[sound:住む_ス＼ム_1_NHK-2016.mp3]	住む	私は東京に住んでいます。	"""<span style=""""box-shadow: inset -2px 2px 0 0px #FF6633;"""">ス</span><span style=""""box-shadow: inset 0px -2px 0 0px #FF6633;"""">ム</span> <span class=""""pitch_number"""">1</span>"""
1771873005520	1791202866	Doki Doki1-6 female_voice newVersion	結婚する	結[けっ] 婚[こん]する	けっこんする	kekkon suru	wziąć ślub	 来年[らいねん] 結婚[けっこん]します。	W przyszłym roku biorę ślub.	 結婚[けっこん]します	 結婚[けっこん]しません	czasownik gr. 3	来年結婚します。		[sound:hypertts-ca1f77017c185456a3f36ae17ec68f7527e1bf7e85a0bc6a1b2aa324.mp3]	[sound:hypertts-fa64858c51d09bbf48da537a1eb235c5b9f5c2185ef73e9d39fbe185.mp3]	[sound:結婚する_ケッコンスル_TAAS.mp3]	<ruby>結婚<rt>けっこん</rt></ruby>する	<ruby>来年<rt>らいねん</rt></ruby><ruby>結婚<rt>けっこん</rt></ruby>します。	"""<span style=""""box-shadow: inset -2px -2px 0 0 #FF6633;"""">ケ</span><span style=""""box-shadow: inset 0px 2px 0 0px #FF6633;"""">ッコンスル</span> <span class=""""pitch_number"""">0</span>"""
1771873005521	1777719563	Doki Doki1-6 female_voice newVersion	雨が降る	 雨[あめ]が 降[ふ]る	あめがふる	ame ga furu	pada deszcz	 雨[あめ]が 降[ふ]っています。	Pada deszcz.	 雨[あめ]が 降[ふ]ります	 雨[あめ]が 降[ふ]りません	czasownik gr. 1	雨が降っています。		[sound:hypertts-e44cad2f3312cd6cfa98f15386d403d2dee86bdc92eb12a981d9f70e.mp3]	[sound:hypertts-97ccf4674b10598c8a335a261d9401ea45a7cf275a5707995734ddb7.mp3]		<ruby>雨<rt>あめ</rt></ruby>が<ruby>降<rt>ふ</rt></ruby>る	<ruby>雨<rt>あめ</rt></ruby>が<ruby>降<rt>ふ</rt></ruby>っています。	
1771873005522	1777719563	Doki Doki1-6 female_voice newVersion	太る	 太[ふと]る	ふとる	futoru	tyć	 最近[さいきん] 太[ふと]りました。	Ostatnio przytyłem.	 太[ふと]ります	 太[ふと]りません	czasownik gr. 1	最近太りました。		[sound:hypertts-d0113dfc1b6efb9f496c4e8e0844c37d17832b0b2b3fe93ffb7f237d.mp3]	[sound:hypertts-db063b771e8a1895e8d139789091a502ae317ca12ebaf2166b549ff7.mp3]	[sound:太る_フト＼ル_2_NHK-2016.mp3]	<ruby>太<rt>ふと</rt></ruby>る	<ruby>最近<rt>さいきん</rt></ruby><ruby>太<rt>ふと</rt></ruby>りました。	"""<span style=""""box-shadow: inset -2px -2px 0 0 #FF6633;""""><span style=""""color: royalblue;"""">フ</span></span><span style=""""box-shadow: inset -2px 2px 0 0px #FF6633;"""">ト</span><span style=""""box-shadow: inset 0px -2px 0 0px #FF6633;"""">ル</span> <span class=""""pitch_number"""">2</span>"""
1771873005523	1777719563	Doki Doki1-6 female_voice newVersion	痩せる	 痩[や]せる	やせる	yaseru	chudnąć	 彼女[かのじょ]は 痩[や]せています。	Ona jest szczupła.	 痩[や]せます	 痩[や]せません	czasownik gr. 2	彼女は痩せています。		[sound:hypertts-48e18a7a1438f21a38d5c06ba6e6a2b00ff457163b661e4f62382c60.mp3]	[sound:hypertts-722d03fda5a07cee3cc3b3120e2dd0d4b252e0b6bba13a008fef19bb.mp3]	[sound:痩せる_ヤセル━_0_NHK-2016.mp3]	<ruby>痩<rt>や</rt></ruby>せる	<ruby>彼女<rt>かのじょ</rt></ruby>は<ruby>痩<rt>や</rt></ruby>せています。	"""<span style=""""box-shadow: inset -2px -2px 0 0 #FF6633;"""">ヤ</span><span style=""""box-shadow: inset 0px 2px 0 0px #FF6633;"""">セル</span> <span class=""""pitch_number"""">0</span>"""
1771873005524	1778771339	Doki Doki1-6 female_voice leech newVersion	違う	 違[ちが]う	ちがう	chigau	różnić się	それは 違[ちが]います。	To nie jest prawda.	 違[ちが]います	 違[ちが]いません	czasownik gr. 1	それは違います。		[sound:hypertts-1e913b829c7ac2c1273b111ab6d385323853f30f9a0808c1200c705d.mp3]	[sound:hypertts-12d96627d120f8b5e64854d4565aebc6e83594d97761edf349e59c4f.mp3]	[sound:違う_チカ゚ウ━_0_NHK-2016.mp3]	<ruby>違<rt>ちが</rt></ruby>う	それは<ruby>違<rt>ちが</rt></ruby>います。	"""<span style=""""box-shadow: inset -2px -2px 0 0 #FF6633;"""">チ</span><span style=""""box-shadow: inset 0px 2px 0 0px #FF6633;"""">カ<span style=""""color: red;"""">°</span>ウ</span> <span class=""""pitch_number"""">0</span>"""
1771873005525	1777719563	Doki Doki1-6 female_voice newVersion	知る	 知[し]る	しる	shiru	znać	 彼[かれ]を 知[し]っています。	Znam go.	 知[し]ります	 知[し]りません	czasownik gr. 1	彼を知っています。		[sound:hypertts-da31c01116ab1077816548ff540a2bbefbcef9806359dcfc9b366100.mp3]	[sound:hypertts-e76384efe1fcffd0587a9ffdbd99e574c56eaad49e0c48cfb8e5929e.mp3]	[sound:知る_シル━_0_NHK-2016.mp3]	<ruby>知<rt>し</rt></ruby>る	<ruby>彼<rt>かれ</rt></ruby>を<ruby>知<rt>し</rt></ruby>っています。	"""<span style=""""box-shadow: inset -2px -2px 0 0 #FF6633;"""">シ</span><span style=""""box-shadow: inset 0px 2px 0 0px #FF6633;"""">ル</span> <span class=""""pitch_number"""">0</span>"""
1771873005526	1778331962	Doki Doki1-6 female_voice newVersion	勤める	(に)&nbsp;勤[つと]める	つとめる	ni tsutomeru	być zatrudnionym	 会社[かいしゃ]に 勤[つと]めています。	Pracuję w firmie.	に 勤[つと]めます	に 勤[つと]めません	czasownik gr. 2	会社に勤めています。		[sound:hypertts-8525424f6cd8cb85f58ea5313036a62c87340855ea87a4abd04a1ddc.mp3]	[sound:hypertts-3357043ee40117eed56f8429c2f76b574d2697a7bf75b226e012c89a.mp3]		に<ruby>勤<rt>つと</rt></ruby>める	<ruby>会社<rt>かいしゃ</rt></ruby>に<ruby>勤<rt>つと</rt></ruby>めています。	"""<span style=""""box-shadow: inset -2px -2px 0 0 #FF6633;""""><span style=""""color: royalblue;"""">ツ</span></span><span style=""""box-shadow: inset -2px 2px 0 0px #FF6633;"""">トメ</span><span style=""""box-shadow: inset 0px -2px 0 0px #FF6633;"""">ル</span> <span class=""""pitch_number"""">3</span>"""
1771873005527	1791202866	Doki Doki1-6 female_voice newVersion	着る	 着[き]る	きる	kiru	mieć na sobie (od pasa w górę), zakładać	シャツを 着[き]ています。	Mam na sobie koszulę.	 着[き]ます	 着[き]ません	czasownik gr. 2. Przechodni (wo kiru). Używany dla ubrań ubieranych na górną część ciała (koszule, kurtki). Dla spodni i butów używa się 履く (haku).	シャツを着ています。		[sound:hypertts-13613d765c74601753d8e2c4da7c0081bf51486ddde991a1335d49ac.mp3]	[sound:hypertts-428b844dfc67edee5a014618c6cef61951b0e44107209cfd12d87e92.mp3]	[sound:着る_キル━_0_NHK-2016.mp3]	<ruby>着<rt>き</rt></ruby>る	シャツを<ruby>着<rt>き</rt></ruby>ています。	"""<span style=""""box-shadow: inset -2px -2px 0 0 #FF6633;"""">キ</span><span style=""""box-shadow: inset 0px 2px 0 0px #FF6633;"""">ル</span> <span class=""""pitch_number"""">0</span>"""
1771873005528	1777719563	Doki Doki1-6 female_voice newVersion	履く	 履[は]く	はく	haku	mieć na sobie (od pasa w dół)	ズボンを 履[は]いています。	Mam na sobie spodnie.	 履[は]きます	 履[は]きません	czasownik gr. 1	ズボンを履いています。		[sound:hypertts-2257bed6f41136ac963338a8518b9923f435518466030d98da499b59.mp3]	[sound:hypertts-164f106ceba9d645907974b9987c5c72b29c462ace389f075955573a.mp3]	[sound:履く_ハク━_0_NHK-2016.mp3]	<ruby>履<rt>は</rt></ruby>く	ズボンを<ruby>履<rt>は</rt></ruby>いています。	"""<span style=""""box-shadow: inset -2px -2px 0 0 #FF6633;"""">ハ</span><span style=""""box-shadow: inset 0px 2px 0 0px #FF6633;"""">ク</span> <span class=""""pitch_number"""">0</span>"""
1771873005529	1777719563	Doki Doki1-6 female_voice newVersion	被る	 被[かぶ]る	かぶる	kaburu	nosić na głowie	 帽子[ぼうし]を 被[かぶ]っています。	Mam na sobie czapkę.	 被[かぶ]ります	 被[かぶ]りません	czasownik gr. 1	帽子を被っています。		[sound:hypertts-96c63b1fa5683e5776c5dd7153fc470eb91d8a19b8cd9ff80806004a.mp3]	[sound:hypertts-0257cd9b1c85445fc21beaf51ed38bb4c8ef08666425515bc954fa66.mp3]		<ruby>被<rt>かぶ</rt></ruby>る	<ruby>帽子<rt>ぼうし</rt></ruby>を<ruby>被<rt>かぶ</rt></ruby>っています。	"""<span style=""""box-shadow: inset -2px -2px 0 0 #FF6633;"""">カ</span><span style=""""box-shadow: inset -2px 2px 0 0px #FF6633;"""">ブ</span><span style=""""box-shadow: inset 0px -2px 0 0px #FF6633;"""">ル</span> <span class=""""pitch_number"""">2<br></span>"""
1771873005530	1777719563	Doki Doki1-6 female_voice newVersion	掛ける	 掛[か]ける	かける	kakeru	nosić okulary	めがねを 掛[か]けています。	Noszę okulary.	 掛[か]けます	 掛[か]けません	czasownik gr. 2	めがねを掛けています。		[sound:hypertts-4d7e645eee2dc47015792e501c4179db66fef4cc7c266db32609bce2.mp3]	[sound:hypertts-21653d6b9accb981d317da63d8d0c1c72be350aedb7345311dc6d200.mp3]	[sound:掛ける_カケ＼ル_2_NHK-2016.mp3]	<ruby>掛<rt>か</rt></ruby>ける	めがねを<ruby>掛<rt>か</rt></ruby>けています。	"""<span style=""""box-shadow: inset -2px -2px 0 0 #FF6633;"""">カ</span><span style=""""box-shadow: inset -2px 2px 0 0px #FF6633;"""">ケ</span><span style=""""box-shadow: inset 0px -2px 0 0px #FF6633;"""">ル</span> <span class=""""pitch_number"""">2</span>"""
1771873005531	1777719595	Doki Doki1-6 female_voice newVersion	背が高い	 背[せ]が 高[たか]い	せがたかい	se ga takai	wysoki	 彼[かれ]は 背[せ]が 高[たか]いです。	On jest wysoki.			i-adj	彼は背が高いです。		[sound:hypertts-fb41951c06dd548e14365b6dd94e0b7689634a0c9dc08e08014aa8d7.mp3]	[sound:hypertts-fccb24b762dc5276ea68a42ac25eef651d3c794cbca2323bfa311925.mp3]	[sound:背が高い_セガタカイ_TAAS.mp3]	<ruby>背<rt>せ</rt></ruby>が<ruby>高<rt>たか</rt></ruby>い	<ruby>彼<rt>かれ</rt></ruby>は<ruby>背<rt>せ</rt></ruby>が<ruby>高<rt>たか</rt></ruby>いです。	
1771873005532	1788688306	Doki Doki1-6 female_voice newVersion	背が低い	 背[せ]が 低[ひく]い	せがひくい	se ga hikui	niski (osoba)	 彼女[かのじょ]は 背[せ]が 低[ひく]いです。	Ona jest niska.			i-adj	彼女は背が低いです。		[sound:hypertts-17f0fafe88c6c0bd99cfee57caa9aaa25772c557b3f667ce425ed20b.mp3]	[sound:hypertts-5c4ed45f1e3e54bd13d374507e9791aa0e05829e1662a1e2f9c11bc5.mp3]	[sound:背が低い_セガヒクイ_JapanesePod101.mp3]	<ruby>背<rt>せ</rt></ruby>が<ruby>低<rt>ひく</rt></ruby>い	<ruby>彼女<rt>かのじょ</rt></ruby>は<ruby>背<rt>せ</rt></ruby>が<ruby>低<rt>ひく</rt></ruby>いです。	
1771873005533	1777719592	Doki Doki1-6 female_voice newVersion	頭が良い	 頭[あたま]が 良[い]い	あたまがいい	atama ga ii	mądry	あの 学生[がくせい]は 頭[あたま]が 良[い]いです。	Tamten uczeń jest mądry.			i-adj	あの学生は頭が良いです。		[sound:hypertts-4797ac7bb4dc29560e071ec0480e2b1b1bece184a41eb35374e09e63.mp3]	[sound:hypertts-b002f11637ec05e15bac68312e4fec3a0f76ef32962ecbdc33f9b442.mp3]		<ruby>頭<rt>あたま</rt></ruby>が<ruby>良<rt>い</rt></ruby>い	あの<ruby>学生<rt>がくせい</rt></ruby>は<ruby>頭<rt>あたま</rt></ruby>が<ruby>良<rt>い</rt></ruby>いです。	
1771873005534	1781857423	Doki Doki1-6 female_voice newVersion	頭が悪い	 頭[あたま]が 悪[わる]い	あたまがわるい	atama ga warui	głupi (wyrażenie)	 私[わたし]は 頭[あたま]が 悪[わる]いです。	Jestem głupi.			i-adj	私は頭が悪いです。		[sound:hypertts-7f6957add85d0c1429d23885b09893f84ea4a46634b8eed8b0b39bed.mp3]	[sound:hypertts-29825df952173f05ff1576c0763c6786ccd022438f87f60de40de485.mp3]	[sound:頭が悪い_アタマガワルイ_JapanesePod101.mp3]	<ruby>頭<rt>あたま</rt></ruby>が<ruby>悪<rt>わる</rt></ruby>い	<ruby>私<rt>わたし</rt></ruby>は<ruby>頭<rt>あたま</rt></ruby>が<ruby>悪<rt>わる</rt></ruby>いです。	
1771873005535	1778266324	Doki Doki1-6 female_voice newVersion	カラフル	カラフル	カラフル	karafuru	kolorowy	カラフルな 服[ふく]ですね。	To kolorowe ubranie.			zapożyczenie	カラフルな服ですね。		[sound:hypertts-e67d5dbc83f09b91d09b0a1f2fb3364cf83e4ea44cd16c58f42a2cd9.mp3]	[sound:hypertts-d3eaf99291421a1ad831af8f03c70ee85197c5b14004c51f6e6cadd5.mp3]	[sound:カラフル_カ＼ラフル_1_NHK-2016.mp3]	カラフル	カラフルな<ruby>服<rt>ふく</rt></ruby>ですね。	"""<span style=""""box-shadow: inset -2px 2px 0 0px #FF6633;"""">カ</span><span style=""""box-shadow: inset 0px -2px 0 0px #FF6633;"""">ラフル</span> <span class=""""pitch_number"""">1</span>"""
1771873005538	1777719563	Doki Doki1-6 male_voice newVersion	兄	 兄[あに]	あに	ani	(mój) starszy brat	 兄[あに]は 大学生[だいがくせい]です。	Mój starszy brat jest studentem.				兄は大学生です。		[sound:hypertts-927d48936520a93189fe5952914d240b49ec5daa10cbfce95b2b615d.mp3]	[sound:hypertts-1b431eaf034814f47bf47761e06cbb44156294fca2d09899330827a1.mp3]	[sound:兄_ア＼ニ_1_NHK-2016.mp3]	<ruby>兄<rt>あに</rt></ruby>	<ruby>兄<rt>あに</rt></ruby>は<ruby>大学生<rt>だいがくせい</rt></ruby>です。	"""<span style=""""box-shadow: inset -2px 2px 0 0px #FF6633;"""">ア</span><span style=""""box-shadow: inset 0px -2px 0 0px #FF6633;"""">ニ</span> <span class=""""pitch_number"""">1</span>"""
1771873005539	1777719563	Doki Doki1-6 male_voice newVersion	姉	 姉[あね]	あね	ane	(moja) starsza siostra	 姉[あね]は 会社員[かいしゃいん]です。	Moja starsza siostra jest pracownikiem biurowym.				姉は会社員です。		[sound:hypertts-6a23b03b5120cf1d53588373bdf1019badd1ab75ec05942f56984bf0.mp3]	[sound:hypertts-b68045425a285fcab149c6b13759f29255a5ce3a7be3864d3e6d5004.mp3]	[sound:姉_アネ━_0_NHK-2016.mp3]	<ruby>姉<rt>あね</rt></ruby>	<ruby>姉<rt>あね</rt></ruby>は<ruby>会社員<rt>かいしゃいん</rt></ruby>です。	"""<span style=""""box-shadow: inset -2px -2px 0 0 #FF6633;"""">ア</span><span style=""""box-shadow: inset 0px 2px 0 0px #FF6633;"""">ネ</span> <span class=""""pitch_number"""">0</span>"""
1771873005540	1782884618	Doki Doki1-6 male_voice newVersion	祖母	祖[そ] 母[ぼ]	そぼ	sobo	(moja) babcia	 祖母[そぼ]は 元気[げんき]です。	Moja babcia jest zdrowa.				祖母は元気です。		[sound:hypertts-56f9ed969091389fc68b5ae48914db297e9dcbf45845a15d56ed57e3.mp3]	[sound:hypertts-63709929a325a9153946ca66f259992797dbd460d747d6a199f704be.mp3]	[sound:祖母_ソ＼ボ_1_NHK-2016.mp3]	<ruby>祖母<rt>そぼ</rt></ruby>	<ruby>祖母<rt>そぼ</rt></ruby>は<ruby>元気<rt>げんき</rt></ruby>です。	"""<span style=""""box-shadow: inset -2px 2px 0 0px #FF6633;"""">ソ</span><span style=""""box-shadow: inset 0px -2px 0 0px #FF6633;"""">ボ</span> <span class=""""pitch_number"""">1</span>"""
1771873005541	1782884618	Doki Doki1-6 male_voice newVersion	祖父	祖[そ] 父[ふ]	そふ	sofu	(mój) dziadek	 祖父[そふ]は 本[ほん]を 読[よ]んでいます。	Mój dziadek czyta książkę.				祖父は本を読んでいます。		[sound:hypertts-e408124456c2ab031b5133335be4faa1b5f756cb446e51f39552f367.mp3]	[sound:hypertts-fc616e5ef72dc92f50ab32460b24c68c98bf7f676ee443af737c68f8.mp3]	[sound:祖父_ソ＼フ_1_NHK-2016.mp3]	<ruby>祖父<rt>そふ</rt></ruby>	<ruby>祖父<rt>そふ</rt></ruby>は<ruby>本<rt>ほん</rt></ruby>を<ruby>読<rt>よ</rt></ruby>んでいます。	
1771873005542	1782884618	Doki Doki1-6 male_voice newVersion	主人	主[しゅ] 人[じん]	しゅじん	shujin	mąż (mój – głowa rodziny) / właściciel	 主人[しゅじん]は 仕事[しごと]に 行[い]きました。	Mój mąż poszedł do pracy.				主人は仕事に行きました。		[sound:hypertts-dd203db9ac448296a4250f07d8d08434ce69fc2e0f17dcdf85f7f55c.mp3]	[sound:hypertts-a7561fb4f0cc6489ef67a8543c5d67a44ad4a94533a2fc7b741c98f7.mp3]	[sound:主人_シュ＼ジン_1_NHK-2016.mp3]	<ruby>主人<rt>しゅじん</rt></ruby>	<ruby>主人<rt>しゅじん</rt></ruby>は<ruby>仕事<rt>しごと</rt></ruby>に<ruby>行<rt>い</rt></ruby>きました。	"""<span style=""""box-shadow: inset -2px 2px 0 0px #FF6633;"""">シュ</span><span style=""""box-shadow: inset 0px -2px 0 0px #FF6633;"""">ジン</span> <span class=""""pitch_number"""">1</span>"""
1771873005543	1782884618	Doki Doki1-6 male_voice newVersion	旦那さん	旦[だん] 那[な]さん	だんなさん	dannasan	(cudzy) mąż	だんなさんはお 元気[げんき]ですか。	Czy pani mąż jest zdrowy?				だんなさんはお元気ですか。		[sound:hypertts-ffa3da5fa5b6e2295a9f14cc14dd896f26cce75a20108d45bb68593f.mp3]	[sound:hypertts-4880e9fbf5b0cb099656cd9f6913f925b13567323dd9da9ef5041dff.mp3]		<ruby>旦那<rt>だんな</rt></ruby>さん	だんなさんはお<ruby>元気<rt>げんき</rt></ruby>ですか。	
1771873005545	1777719563	Doki Doki1-6 male_voice newVersion	妻	 妻[つま]	つま	tsuma	(moja) żona	 妻[つま]は 料理[りょうり]が 上手[じょうず]です。	Moja żona dobrze gotuje.				妻は料理が上手です。		[sound:hypertts-50988ac30e01303a986349539b424c799b0b16e56e8f46bd09159e38.mp3]	[sound:hypertts-ac3cac96528ee955cacbc81f120780d52f80bb128fb406ee55b76b1c.mp3]	&nbsp;[sound:妻_ツ＼マ_1_NHK-2016.mp3]	<ruby>妻<rt>つま</rt></ruby>	<ruby>妻<rt>つま</rt></ruby>は<ruby>料理<rt>りょうり</rt></ruby>が<ruby>上手<rt>じょうず</rt></ruby>です。	"""<span style=""""box-shadow: inset -2px 2px 0 0px #FF6633;"""">ツ</span><span style=""""box-shadow: inset 0px -2px 0 0px #FF6633;"""">マ</span> <span class=""""pitch_number"""">1</span>"""
1771873005546	1778266303	Doki Doki1-6 male_voice newVersion	ネックレス	ネックレス	ネックレス	nekkuresu	naszyjnik	ネックレスを 買[か]いました。	Kupiłam naszyjnik.			zapożyczenie	ネックレスを買いました。		[sound:hypertts-6db41d6b8a226c2752f64f8209cc14d38093cea77b6206175845d91c.mp3]	[sound:hypertts-25a23f5c77ab060d82b3b406de31488bf1f27ad2bd195ef6ffb21026.mp3]	[sound:ネックレス_ネ＼ックレス_1_NHK-2016.mp3]	ネックレス	ネックレスを<ruby>買<rt>か</rt></ruby>いました。	"""<span style=""""box-shadow: inset -2px 2px 0 0px #FF6633;"""">ネ</span><span style=""""box-shadow: inset 0px -2px 0 0px #FF6633;"""">ックレス</span> <span class=""""pitch_number"""">1</span>"""
1771873005547	1790693326	Doki Doki1-6 leech male_voice newVersion	ネクタイ	ネクタイ	ネクタイ	nekutai	krawat	ネクタイをしています。	Noszę krawat.			zapożyczenie	ネクタイをしています。		[sound:hypertts-f04368f93a7fb3919fa7c8bbf9a880f17b5e9c344ca2e029dec06565.mp3]	[sound:hypertts-771c05a14e75dfe363ece98f00dc7287cf6c085dc19e5cf5129fc853.mp3]	[sound:ネクタイ_ネ＼クタイ_1_NHK-2016.mp3]	ネクタイ	ネクタイをしています。	"""<span style=""""box-shadow: inset -2px 2px 0 0px #FF6633;"""">ネ</span><span style=""""box-shadow: inset 0px -2px 0 0px #FF6633;""""><span style=""""color: royalblue;"""">ク</span>タイ</span> <span class=""""pitch_number"""">1</span>"""
1771873005548	1781611033	Doki Doki1-6 male_voice newVersion	マフラー	マフラー	マフラー	mafurā	szalik	マフラーを 買[か]います。	Kupuję szalik.			zapożyczenie	マフラーを買います。		[sound:hypertts-5e72762039f57e4279d62297376b7c3254b04a81280f47187add95f0.mp3]	[sound:hypertts-e317027a8e2c2b0eef3e1094e911a43039857c26b255c73b03003205.mp3]	[sound:マフラー_マ＼フラー_1_NHK-2016.mp3]	マフラー	マフラーを<ruby>買<rt>か</rt></ruby>います。	"""<span style=""""box-shadow: inset -2px 2px 0 0px #FF6633;"""">マ</span><span style=""""box-shadow: inset 0px -2px 0 0px #FF6633;"""">フラー</span> <span class=""""pitch_number"""">1</span>"""
1771873005549	1782884618	Doki Doki1-6 male_voice newVersion	眼鏡	眼鏡[めがね]	めがね	megane	okulary	 眼鏡[めがね]をかけています。	Noszę okulary.				眼鏡をかけています。		[sound:hypertts-d9d72698caec627773119999f4b1fd80b28f074af75479da8e4a8671.mp3]	[sound:hypertts-2ae39d3919a23553b34e5b39a6941dc955a84de3b685df332014c553.mp3]	[sound:眼鏡_メ＼カ゚ネ_1_NHK-2016.mp3]	<ruby>眼鏡<rt>めがね</rt></ruby>	<ruby>眼鏡<rt>めがね</rt></ruby>をかけています。	"""<span style=""""box-shadow: inset -2px 2px 0 0px #FF6633;"""">メ</span><span style=""""box-shadow: inset 0px -2px 0 0px #FF6633;"""">カ<span style=""""color: red;"""">°</span>ネ</span> <span class=""""pitch_number"""">1</span>"""
1771873005550	1782884618	Doki Doki1-6 male_voice newVersion	指輪	指[ゆび] 輪[わ]	ゆびわ	yubiwa	pierścionek	 指輪[ゆびわ]をもらいました。	Dostałam pierścionek.				指輪をもらいました。		[sound:hypertts-28de5ad60dc2cb251c17938065c649ae82b68368343c2f53c185bb79.mp3]	[sound:hypertts-c0410421361f4dc37ef4e26d8eff867236caa3097464bd2442db06b9.mp3]	[sound:指輪_ユビワ━_0_NHK-2016.mp3]	<ruby>指輪<rt>ゆびわ</rt></ruby>	<ruby>指輪<rt>ゆびわ</rt></ruby>をもらいました。	"""<span style=""""box-shadow: inset -2px -2px 0 0 #FF6633;"""">ユ</span><span style=""""box-shadow: inset 0px 2px 0 0px #FF6633;"""">ビワ</span> <span class=""""pitch_number"""">0</span>"""
1771873005551	1791205492	Doki Doki1-6 male_voice newVersion	スカート	スカート	スカート	sukāto	spódnica	スカートを 履[は]いています。	Mam na sobie spódnicę.			zapożyczenie	スカートを履いています。		[sound:hypertts-3c4199704ceeea1261ae8de9c652f2ace21dd1954fd70d8036bf6681.mp3]	[sound:hypertts-1de595ac6464c660ce00a1bbcb171864873293edba1fe5ad3ef65e41.mp3]	[sound:スカート_スカ＼ート_2_NHK-2016.mp3]	スカート	スカートを<ruby>履<rt>は</rt></ruby>いています。	"""<span style=""""box-shadow: inset -2px -2px 0 0 #FF6633;""""><span style=""""color: royalblue;"""">ス</span></span><span style=""""box-shadow: inset -2px 2px 0 0px #FF6633;"""">カ</span><span style=""""box-shadow: inset 0px -2px 0 0px #FF6633;"""">ート</span> <span class=""""pitch_number"""">2</span>"""
1771873005552	1777719640	Doki Doki1-6 male_voice newVersion	キャップ	キャップ	キャップ	kyappu	czapka z daszkiem	キャップを 被[かぶ]っています。	Mam na sobie czapkę z daszkiem.			zapożyczenie	キャップを被っています。		[sound:hypertts-d6d82896effe0bdcac8a047b29847b0a73fc7e25a957fae94c35c5ef.mp3]	[sound:hypertts-240e859bba23764e3165a3ee9badc024f2108d2948463b8a4997b3d8.mp3]	[sound:キャップ_キャップ━_0_NHK-2016.mp3] [sound:キャップ_キャ＼ップ_1_NHK-2016.mp3]	キャップ	キャップを<ruby>被<rt>かぶ</rt></ruby>っています。	"""<span style=""""box-shadow: inset -2px -2px 0 0 #FF6633;"""">キャ</span><span style=""""box-shadow: inset 0px 2px 0 0px #FF6633;"""">ップ</span> <span class=""""pitch_number"""">0</span>, <span style=""""box-shadow: inset -2px 2px 0 0px #FF6633;"""">キャ</span><span style=""""box-shadow: inset 0px -2px 0 0px #FF6633;"""">ップ</span> <span class=""""pitch_number"""">1</span>"""
1771873005553	1791214975	Doki Doki1-6 male_voice newVersion	ハイヒール	ハイヒール	ハイヒール	haihīru	szpilki, buty na wysokim obcasie	ハイヒールを 履[は]いています。	Mam na sobie buty na obcasie.			zapożyczenie. Buty na wysokim obcasie.	ハイヒールを履いています。		[sound:hypertts-f803549de4b3797cb9552f2d9a7a6fae566a1eb5723a65b405e2798d.mp3]	[sound:hypertts-2c0e2cd8ef8df641093637f034b9080bb19df37d8cab22de969bc1eb.mp3]	[sound:ハイヒール_ハイヒ＼ール_3_NHK-2016.mp3]	ハイヒール	ハイヒールを<ruby>履<rt>は</rt></ruby>いています。	"""<span style=""""box-shadow: inset -2px -2px 0 0 #FF6633;"""">ハ</span><span style=""""box-shadow: inset -2px 2px 0 0px #FF6633;"""">イヒ</span><span style=""""box-shadow: inset 0px -2px 0 0px #FF6633;"""">ール</span> <span class=""""pitch_number"""">3</span>"""
1771873005554	1777719629	Doki Doki1-6 male_voice newVersion	スーツ	スーツ	スーツ	sūtsu	garnitur	スーツを 着[き]ています。	Mam na sobie garnitur.			zapożyczenie	スーツを着ています。		[sound:hypertts-e80e192bc400dd1d5b44a04a69f77cda3ffba2574b17ed020b69f1ae.mp3]	[sound:hypertts-88cc325991d703f01fcfa0ae5ad563ec01a6923f54b7e40e26b57e70.mp3]	[sound:スーツ_ス＼ーツ_1_NHK-2016.mp3]	スーツ	スーツを<ruby>着<rt>き</rt></ruby>ています。	"""<span style=""""box-shadow: inset -2px 2px 0 0px #FF6633;"""">ス</span><span style=""""box-shadow: inset 0px -2px 0 0px #FF6633;"""">ーツ</span> <span class=""""pitch_number"""">1</span>"""
1771873005555	1791214975	Doki Doki1-6 male_voice newVersion	スニーカー	スニーカー	スニーカー	sunīkā	trampki, tenisówki, sneakersy	スニーカーを 買[か]いました。	Kupiłem trampki.			zapożyczenie. Sportowe buty codzienne.	スニーカーを買いました。		[sound:hypertts-30db758d10533b381c990686fe46ae13261da70edec1c9982e898892.mp3]	[sound:hypertts-1d8baf60a67cdfabb5e80f804f46d4917cf7337139db924ac5e1e20d.mp3]	[sound:スニーカー_スニーカー━_0_NHK-2016.mp3] [sound:スニーカー_スニ＼ーカー_2_NHK-2016.mp3]	スニーカー	スニーカーを<ruby>買<rt>か</rt></ruby>いました。	"""<span style=""""box-shadow: inset -2px -2px 0 0 #FF6633;"""">ス</span><span style=""""box-shadow: inset 0px 2px 0 0px #FF6633;"""">ニーカー</span> <span class=""""pitch_number"""">0</span>, <span style=""""box-shadow: inset -2px -2px 0 0 #FF6633;"""">ス</span><span style=""""box-shadow: inset -2px 2px 0 0px #FF6633;"""">ニ</span><span style=""""box-shadow: inset 0px -2px 0 0px #FF6633;"""">ーカー</span> <span class=""""pitch_number"""">2</span>"""
1771873005556	1791358881	Doki Doki1-6 male_voice newVersion	制服	制[せい] 服[ふく]	せいふく	seifuku	mundurek, mundur	 学校[がっこう]の 制服[せいふく]です。	To mundurek szkolny.				学校の制服です。		[sound:hypertts-8f042c5c796b334fed21d828e1b0bf8fcdf284ac1254d42b8b102ecd.mp3]	[sound:hypertts-9e71494e4e57cd524e87594bf7a92ce057226fb7b3087c60568ea725.mp3]	[sound:制服_セーフク━_0_NHK-2016.mp3]	<ruby>制服<rt>せいふく</rt></ruby>	<ruby>学校<rt>がっこう</rt></ruby>の<ruby>制服<rt>せいふく</rt></ruby>です。	"""<span style=""""box-shadow: inset -2px -2px 0 0 #FF6633;"""">セ</span><span style=""""box-shadow: inset 0px 2px 0 0px #FF6633;"""">イ<span style=""""color: royalblue;"""">フ</span>ク</span> <span class=""""pitch_number"""">0</span>"""
1771873005557	1777719627	Doki Doki1-6 male_voice newVersion	ズボン	ズボン	ズボン	zubon	spodnie	ズボンを 履[は]いています。	Mam na sobie spodnie.			zapożyczenie	ズボンを履いています。		[sound:hypertts-e1dd619353f13c0fe439037c9c5fb02fffa8cfa99f6396c3e55d09fa.mp3]	[sound:hypertts-1618bfaff36f8f9977dc2c457d2d4804c1af452e55b1f0ee2d5e8a3e.mp3]	[sound:ズボン_ズ＼ボン_1_NHK-2016.mp3] [sound:ズボン_ズボ＼ン_2_NHK-2016.mp3]	ズボン	ズボンを<ruby>履<rt>は</rt></ruby>いています。	"""<span style=""""box-shadow: inset -2px 2px 0 0px #FF6633;"""">ズ</span><span style=""""box-shadow: inset 0px -2px 0 0px #FF6633;"""">ボン</span> <span class=""""pitch_number"""">1</span>, <span style=""""box-shadow: inset -2px -2px 0 0 #FF6633;"""">ズ</span><span style=""""box-shadow: inset -2px 2px 0 0px #FF6633;"""">ボ</span><span style=""""box-shadow: inset 0px -2px 0 0px #FF6633;"""">ン</span> <span class=""""pitch_number"""">2</span>"""
1771873005558	1781614403	Doki Doki1-6 male_voice newVersion	コート	コート	コート	kōto	płaszcz	コートを 着[き]ています。	Mam na sobie płaszcz.			zapożyczenie	コートを着ています。		[sound:hypertts-15826b74d6981868b9e55e8192d065620dfb7bda537493cfb521af23.mp3]	[sound:hypertts-9ac1d4bc9cf4e64a92f10cfc7ea0ac6a550c63ef6511d1f83c739e8c.mp3]	[sound:コート_コ＼ート_1_NHK-2016.mp3]	コート	コートを<ruby>着<rt>き</rt></ruby>ています。	"""<span style=""""box-shadow: inset -2px 2px 0 0px #FF6633;"""">コ</span><span style=""""box-shadow: inset 0px -2px 0 0px #FF6633;"""">ウト</span> <span class=""""pitch_number"""">1</span>, <span style=""""box-shadow: inset -2px 2px 0 0px #FF6633;"""">コ</span><span style=""""box-shadow: inset 0px -2px 0 0px #FF6633;"""">ート</span> <span class=""""pitch_number"""">1</span>"""
1771873005559	1777719635	Doki Doki1-6 male_voice newVersion	ジャンパー	ジャンパー	ジャンパー	janpā	kurtka	ジャンパーを 買[か]います。	Kupuję kurtkę.			zapożyczenie	ジャンパーを買います。		[sound:hypertts-4a0a490c16b95bc7a74569d39968ad6125e44013bbacf730fdd2a3f1.mp3]	[sound:hypertts-214fbde789003bc576e0132658bb79a60c30eb6ec681e5bc612642e9.mp3]	[sound:ジャンパー_ジャ＼ンパー_1_NHK-2016.mp3]	ジャンパー	ジャンパーを<ruby>買<rt>か</rt></ruby>います。	"""<span style=""""box-shadow: inset -2px 2px 0 0px #FF6633;"""">ジャ</span><span style=""""box-shadow: inset 0px -2px 0 0px #FF6633;"""">ンパー</span> <span class=""""pitch_number"""">1</span>"""
1771873005560	1777719633	Doki Doki1-6 male_voice newVersion	ジャージ	ジャージ	ジャージ	jāji	dres	ジャージを 着[き]ています。	Mam na sobie dres.			zapożyczenie	ジャージを着ています。		[sound:hypertts-14b92c77e52a9967abc1b142e6f72b990aa0d1d951ebba11c6d3c637.mp3]	[sound:hypertts-0f9b418439dd7980f1c9ed7feead4fe37d8be6d687a7954291c80854.mp3]	[sound:ジャージ_ジャージ━_0_NHK-2016.mp3]	ジャージ	ジャージを<ruby>着<rt>き</rt></ruby>ています。	"""<span style=""""box-shadow: inset -2px 2px 0 0px #FF6633;"""">ジャ</span><span style=""""box-shadow: inset 0px -2px 0 0px #FF6633;"""">ージ</span> <span class=""""pitch_number"""">1</span>"""
1771873005561	1777719637	Doki Doki1-6 male_voice newVersion	シャツ	シャツ	シャツ	shatsu	koszula	シャツを 洗[あら]います。	Myję koszulę.			zapożyczenie	シャツを洗います。		[sound:hypertts-49758c7f018685ea5898f497f4f4c2e45931bbcf2400b1b480b04e18.mp3]	[sound:hypertts-79012ae738ca375f3c149749f0716147ce1f270d835bc26a889295c6.mp3]	[sound:シャツ_シャ＼ツ_1_NHK-2016.mp3]	シャツ	シャツを<ruby>洗<rt>あら</rt></ruby>います。	"""<span style=""""box-shadow: inset -2px 2px 0 0px #FF6633;"""">シャ</span><span style=""""box-shadow: inset 0px -2px 0 0px #FF6633;"""">ツ</span> <span class=""""pitch_number"""">1</span>"""
1771873005562	1777719619	Doki Doki1-6 male_voice newVersion	ワンピース	ワンピース	ワンピース	wanpīsu	sukienka	ワンピースを 買[か]いました。	Kupiłam sukienkę.			zapożyczenie	ワンピースを買いました。		[sound:hypertts-99e4a69a1af45b2e6fdde62bf7da07ac9738e6974170055d9a6232ee.mp3]	[sound:hypertts-7078e440a14ca9e68edcf51a04fbbdabd3a637348b1211c6aef68bef.mp3]	[sound:ワンピース_ワンピ＼ース_3_NHK-2016.mp3]	ワンピース	ワンピースを<ruby>買<rt>か</rt></ruby>いました。	"""<span style=""""box-shadow: inset -2px -2px 0 0 #FF6633;"""">ワ</span><span style=""""box-shadow: inset -2px 2px 0 0px #FF6633;"""">ンピ</span><span style=""""box-shadow: inset 0px -2px 0 0px #FF6633;"""">ース</span> <span class=""""pitch_number"""">3</span>"""
1771873005563	1777719641	Doki Doki1-6 male_voice newVersion	Tシャツ	Tシャツ	Tシャツ	T shatsu	T-shirt	Tシャツを 着[き]ています。	Mam na sobie T-shirt.			zapożyczenie	Tシャツを着ています。		[sound:hypertts-9f1b25429fb0a06d35c5d313e06b5c26c92e3762ee5229a479f02e3d.mp3]	[sound:hypertts-23ae75af9c5d32505132ab71d3e7553375c7747bc18cb48a541833f1.mp3]	[sound:Tシャツ_ティーシャツ━_0_Shinmeikai-8.mp3]	Tシャツ	Tシャツを<ruby>着<rt>き</rt></ruby>ています。	"""<span style=""""box-shadow: inset -2px -2px 0 0 #FF6633;"""">ティ</span><span style=""""box-shadow: inset 0px 2px 0 0px #FF6633;"""">ーシャツ</span> <span class=""""pitch_number"""">0</span>"""
1771873005564	1777719563	Doki Doki1-6 male_voice newVersion	色	 色[いろ]	いろ	iro	kolor	どんな 色[いろ]が 好[す]きですか。	Jaki kolor lubisz?				どんな色が好きですか。		[sound:hypertts-683c630b8fdf86334582c0cf5da382640e002e1210e582c1523491ae.mp3]	[sound:hypertts-4195ec54e285ba07c977674e157615c7a24c59f705b995b5223d8c0d.mp3]	[sound:色_イロ＼_2_NHK-2016.mp3]	<ruby>色<rt>いろ</rt></ruby>	どんな<ruby>色<rt>いろ</rt></ruby>が<ruby>好<rt>す</rt></ruby>きですか。	"""<span style=""""box-shadow: inset -2px -2px 0 0 #FF6633;"""">イ</span><span style=""""box-shadow: inset -2px 2px 0 0px #FF6633;"""">ロ</span> <span class=""""pitch_number"""">2</span>"""
1771873005566	1777719616	Doki Doki1-6 male_voice newVersion	黒い	 黒[くろ]い	くろい	kuroi	czarny	 黒[くろ]い 靴[くつ]を 履[は]いています。	Mam na sobie czarne buty.			i-adj	黒い靴を履いています。		[sound:hypertts-06ec795166730b38da80395a0caa9cad96362c8cf180f9bdacd0c260.mp3]	[sound:hypertts-d550bde1527f6cee917959e4169d8fe0f940a1cb3076720f7f229282.mp3]	[sound:黒い_クロ＼イ_2_NHK-2016.mp3]	<ruby>黒<rt>くろ</rt></ruby>い	<ruby>黒<rt>くろ</rt></ruby>い<ruby>靴<rt>くつ</rt></ruby>を<ruby>履<rt>は</rt></ruby>いています。	"""<span style=""""box-shadow: inset -2px -2px 0 0 #FF6633;"""">ク</span><span style=""""box-shadow: inset -2px 2px 0 0px #FF6633;"""">ロ</span><span style=""""box-shadow: inset 0px -2px 0 0px #FF6633;"""">イ</span> <span class=""""pitch_number"""">2</span>"""
1771873005568	1778509182	Doki Doki1-6 male_voice newVersion	オレンジ色	オレンジ 色[いろ](の)	オレンジいろ	orenji iro no	pomarańczowy (kolor)	オレンジ 色[いろ]の 鞄[かばん]です。	To pomarańczowa torba.				オレンジ色の鞄です。		[sound:hypertts-08d68849845a1b374ab71e723bc09afaeb1043dcc026fdc73867bd3c.mp3]	[sound:hypertts-983a8b168a3a2f93d722083339eb422b6858f31c7538dd12d6f5857e.mp3]	[sound:オレンジ色_オレンジイロ━_0_NHK-2016.mp3]	オレンジ<ruby>色<rt>いろ</rt></ruby>の	オレンジ<ruby>色<rt>いろ</rt></ruby>の<ruby>鞄<rt>かばん</rt></ruby>です。	"""<span style=""""box-shadow: inset -2px -2px 0 0 #FF6633;"""">オ</span><span style=""""box-shadow: inset 0px 2px 0 0px #FF6633;"""">レンジイロ</span> <span class=""""pitch_number"""">0</span>"""
1771873005569	1782884618	Doki Doki1-6 male_voice newVersion	黄色い	黄[き] 色[いろ]い	きいろい	kiiroi	żółty	 黄色[きいろ]い 花[はな]です。	To żółty kwiat.			i-adj	黄色い花です。		[sound:hypertts-3678d92446acdb43fcc4823882c155c578196ca2145835f39e46256d.mp3]	[sound:hypertts-a9c5b118c5743df6a1bda3ee4ffc013e05eec0d0109fcfdb542225c9.mp3]	[sound:黄色い_キイロイ━_0_NHK-2016.mp3]	<ruby>黄色<rt>きいろ</rt></ruby>い	<ruby>黄色<rt>きいろ</rt></ruby>い<ruby>花<rt>はな</rt></ruby>です。	"""<span style=""""box-shadow: inset -2px -2px 0 0 #FF6633;"""">キ</span><span style=""""box-shadow: inset 0px 2px 0 0px #FF6633;"""">イロイ</span> <span class=""""pitch_number"""">0</span>"""
1771873005570	1782884618	Doki Doki1-6 male_voice newVersion	緑色	緑[みどり] 色[いろ](の)	みどりいろ	midori iro no	zielony (kolor)	 緑色[みどりいろ]の 服[ふく]を 着[き]ています。	Mam na sobie zielone ubranie.				緑色の服を着ています。		[sound:hypertts-2843807158c4bfd985d4feaae8e0e78bf9ae8266682d9e7898db138c.mp3]	[sound:hypertts-741d9182d623294f120e8936b72e4d6a3c9a916b41870ebf2a62b81b.mp3]	[sound:緑色_ミドリイロ━_0_NHK-2016.mp3]	<ruby>緑色<rt>みどりいろ</rt></ruby>の	<ruby>緑色<rt>みどりいろ</rt></ruby>の<ruby>服<rt>ふく</rt></ruby>を<ruby>着<rt>き</rt></ruby>ています。	"""<span style=""""box-shadow: inset -2px -2px 0 0 #FF6633;"""">ミ</span><span style=""""box-shadow: inset 0px 2px 0 0px #FF6633;"""">ドリイロ</span> <span class=""""pitch_number"""">0</span>"""
1771873005572	1782884618	Doki Doki1-6 male_voice newVersion	紫色	紫[むらさき] 色[いろ](の)	むらさきいろ	murasaki iro no	fioletowy (kolor)	 紫色[むらさきいろ]の 花[はな]が 咲[さ]いています。	Kwitną fioletowe kwiaty.				紫色の花が咲いています。		[sound:hypertts-f3fb2de0155cabf8b6e2b07d8013af6fe9f62f30d7056e5217abbffe.mp3]	[sound:hypertts-8c72262a43991521a2ce16f510a49eb0f86b5aa3f5a29062258ab585.mp3]	[sound:紫色_ムラサキイロ━_0_NHK-2016.mp3]	<ruby>紫色<rt>むらさきいろ</rt></ruby>の	<ruby>紫色<rt>むらさきいろ</rt></ruby>の<ruby>花<rt>はな</rt></ruby>が<ruby>咲<rt>さ</rt></ruby>いています。	"""<span style=""""box-shadow: inset -2px -2px 0 0 #FF6633;"""">ム</span><span style=""""box-shadow: inset 0px 2px 0 0px #FF6633;"""">ラサキイロ</span> <span class=""""pitch_number"""">0</span>"""
1771873005573	1778266296	Doki Doki1-6 male_voice newVersion	ピンク色	ピンク 色[いろ](の)	ピンクいろ	pinku iro no	różowy (kolor)	ピンク 色[いろ]のスカートです。	To różowa spódnica.				ピンク色のスカートです。		[sound:hypertts-5e69bfd263ea09f2dcdf16e455bf11272cd7278a8bad811212c03fd6.mp3]	[sound:hypertts-5029c02a4219d63f0e2df61fdf8d126621067d53cdecbe0ea93a7af2.mp3]		ピンク<ruby>色<rt>いろ</rt></ruby>の	ピンク<ruby>色<rt>いろ</rt></ruby>のスカートです。	
1771873005575	1782884618	Doki Doki1-6 male_voice newVersion	金色	金[きん] 色[いろ](の)	きんいろ	kin iro no	złoty (kolor)	 金色[きんいろ]の 指輪[ゆびわ]です。	To złoty pierścionek.				金色の指輪です。	 金 色[いろ](の)	[sound:hypertts-d93ea61f954881a2c14f71cda7c786a2b72349b74e675ec24567bada.mp3]	[sound:hypertts-6beacce1bbb63833b0878528faf4dbde4a4f9d2081e9053a4f6c91ce.mp3]	[sound:金色_キンイロ━_0_NHK-2016.mp3]&nbsp;	<ruby>金色<rt>きんいろ</rt></ruby>の	<ruby>金色<rt>きんいろ</rt></ruby>の<ruby>指輪<rt>ゆびわ</rt></ruby>です。	"""<span style=""""box-shadow: inset -2px -2px 0 0 #FF6633;"""">キ</span><span style=""""box-shadow: inset 0px 2px 0 0px #FF6633;"""">ンイロ</span> <span class=""""pitch_number"""">0</span>"""
1771873005576	1782884618	Doki Doki1-6 male_voice newVersion	銀色	銀[ぎん] 色[いろ](の)	ぎんいろ	gin iro no	srebrny (kolor)	 銀色[ぎんいろ]の 時計[とけい]です。	To srebrny zegarek.				銀色の時計です。		[sound:hypertts-b1310e279572c97a73f60f00ddbaa6370f7e4ce55ce623ed31f39b8e.mp3]	[sound:hypertts-3288ee8612c892e72192dd114c226e67c8489bc18e5d1f21e3ceeeec.mp3]	[sound:銀色_ギンイロ━_0_NHK-2016.mp3]	<ruby>銀色<rt>ぎんいろ</rt></ruby>の	<ruby>銀色<rt>ぎんいろ</rt></ruby>の<ruby>時計<rt>とけい</rt></ruby>です。	"""<span style=""""box-shadow: inset -2px -2px 0 0 #FF6633;"""">ギ</span><span style=""""box-shadow: inset 0px 2px 0 0px #FF6633;"""">ンイロ</span> <span class=""""pitch_number"""">0</span>"""
1771873725924	1775147485	Doki Doki1-1 male_voice newVersion	物	 物[もの]	もの	mono	rzecz, przedmiot	これは 私[わたし]の 物[もの]です。	To jest moja rzecz.			rzeczownik	これは私の物です。		[sound:hypertts-d89745b0bc03f47d48af272aa88fb6c521331a33cd0b75189da5687a.mp3]	[sound:hypertts-cefcfaa879e654122fa4ce3621d86c4c1cd1888508d8644897e6ad7a.mp3]	[sound:物_モノ━_0_NHK-2016.mp3] [sound:物_モノ＼_2_NHK-2016.mp3]	<ruby>物<rt>もの</rt></ruby>	これは<ruby>私<rt>わたし</rt></ruby>の<ruby>物<rt>もの</rt></ruby>です。	"""<span style=""""box-shadow: inset -2px -2px 0 0 #FF6633;"""">モ</span><span style=""""box-shadow: inset 0px 2px 0 0px #FF6633;"""">ノ</span> <span class=""""pitch_number"""">0</span>, <span style=""""box-shadow: inset -2px -2px 0 0 #FF6633;"""">モ</span><span style=""""box-shadow: inset -2px 2px 0 0px #FF6633;"""">ノ</span> <span class=""""pitch_number"""">2</span>"""
1772697078979	1775147485	Doki Doki1-4 female_voice newVersion	クラスメート	クラスメート	クラスメート	kurasumēto	kolega z klasy	 私[わたし]のクラスメートは 日本人[にほんじん]です。	Mój kolega z klasy jest Japończykiem.			zapożyczenie	私のクラスメートは日本人です。		[sound:hypertts-ca37e632be5451c9a12b1b0fd9b8396c6bca04451a68f9d33815ad24.mp3]	[sound:hypertts-8eda534579e34135a6390056c14d9cf5bacbb863fe096d6251a84422.mp3]	[sound:クラスメート_クラスメ＼ート_4_NHK-2016.mp3]	クラスメート	<ruby>私<rt>わたし</rt></ruby>のクラスメートは<ruby>日<rt>に</rt></ruby><ruby>本<rt>ほん</rt></ruby><ruby>人<rt>じん</rt></ruby>です。	"""<span style=""""box-shadow: inset -2px -2px 0 0 #FF6633;"""">ク</span><span style=""""box-shadow: inset -2px 2px 0 0px #FF6633;"""">ラスメ</span><span style=""""box-shadow: inset 0px -2px 0 0px #FF6633;"""">ート</span> <span class=""""pitch_number"""">4</span>"""
1772697078980	1782884618	Doki Doki1-4 female_voice newVersion	飲食する	飲[いん] 食[しょく]する	いんしょくする	inshokusuru	spożywać	 教室[きょうしつ]で 飲食[いんしょく]します。	Spożywam posiłek w klasie.	 飲[いん] 食[しょく]します	 飲[いん] 食[しょく]しません	czasownik gr. 3	教室で飲食します。	飲食する	[sound:hypertts-f02a1850b30cad63c667d7c30372f22ad4da0f4dfcc601c1876bcfed.mp3]	[sound:hypertts-ca2ea0787f60a24707f4b3d380aa68bb2077cf93a1d148b4d88600c1.mp3]		<ruby>飲<rt>いん</rt></ruby><ruby>食<rt>しょく</rt></ruby>する	<ruby>教<rt>きょう</rt></ruby><ruby>室<rt>しつ</rt></ruby>で<ruby>飲<rt>いん</rt></ruby><ruby>食<rt>しょく</rt></ruby>します。	"""<span style=""""box-shadow: inset -2px -2px 0 0 #FF6633;"""">イ</span><span style=""""box-shadow: inset 0px 2px 0 0px #FF6633;"""">ンショクスル</span> <span class=""""pitch_number"""">0</span>"""
1772697078981	1782884618	Doki Doki1-4 female_voice newVersion	地球	地[ち] 球[きゅう]	ちきゅう	chikyū	Ziemia	 地球[ちきゅう]は 大[おお]きいです。	Ziemia jest duża.			rzeczownik	地球は大きいです。		[sound:hypertts-684eca846252c1acf95ea78987edaefd955c15a54fbe50d207f7ce75.mp3]	[sound:hypertts-6ea3622d398c7bee4713136c75f7807336a29e1b4d2d000ad8ce5ff4.mp3]	[sound:地球_チキュー━_0_NHK-2016.mp3]	<ruby>地<rt>ち</rt></ruby><ruby>球<rt>きゅう</rt></ruby>	<ruby>地<rt>ち</rt></ruby><ruby>球<rt>きゅう</rt></ruby>は<ruby>大<rt>おお</rt></ruby>きいです。	"""<span style=""""box-shadow: inset -2px -2px 0 0 #FF6633;""""><span style=""""color: royalblue;"""">チ</span></span><span style=""""box-shadow: inset 0px 2px 0 0px #FF6633;"""">キュー</span> <span class=""""pitch_number"""">0</span>"""
1772697078982	1778326006	Doki Doki1-4 female_voice newVersion	土	土[つち]	つち	tsuchi	ziemia (gleba)	 庭[にわ]に 土[つち]があります。	W ogrodzie jest ziemia.			rzeczownik	庭に土があります。	土	[sound:hypertts-1ea71d1fc696e4800fbe24b779aaadc50e57a73881ce6485bc1691e0.mp3]	[sound:hypertts-b1f2d269e7f4e8bd34c3704b36fbbd166d2c1c8c68887ac3387fa093.mp3]	[sound:土_ツチ＼_2_NHK-2016.mp3]	<ruby>土<rt>つち</rt></ruby>	<ruby>庭<rt>にわ</rt></ruby>に<ruby>土<rt>つち</rt></ruby>があります。	"""<span style=""""box-shadow: inset -2px -2px 0 0 #FF6633;""""><span style=""""color: royalblue;"""">ツ</span></span><span style=""""box-shadow: inset -2px 2px 0 0px #FF6633;"""">チ</span> <span class=""""pitch_number"""">2</span>"""
1772697078983	1775147485	Doki Doki1-4 female_voice newVersion	火	 火[ひ]	ひ	hi	ogień	 火[ひ]は 熱[あつ]いです。	Ogień jest gorący.			rzeczownik	火は熱いです。	火	[sound:hypertts-16e65b093d49fadd260b9bd99234fce97e13dcef7936eb1c66add722.mp3]	[sound:hypertts-750b207ff665b284fe8ad6c6c4316b43f11f750f8945e7502934adc2.mp3]	[sound:火_ヒ＼_1_NHK-2016.mp3]	<ruby>火<rt>ひ</rt></ruby>	<ruby>火<rt>ひ</rt></ruby>は<ruby>熱<rt>あつ</rt></ruby>いです。	"""<span style=""""box-shadow: inset -2px 2px 0 0px #FF6633;"""">ヒ</span> <span class=""""pitch_number"""">1</span>"""
1772697078984	1791214975	Doki Doki1-4 female_voice newVersion	月	 月[つき]	つき	tsuki	księżyc	 夜[よる]に 月[つき]を 見[み]ます。	Oglądam księżyc w nocy.			rzeczownik. Księżyc. Znak 月 ma też inne czytania w złożeniach i nazwach miesięcy.	夜に月を見ます。	 月	[sound:hypertts-68ec4c857287395eee0054b0d11596430045927506c2402d05e7e77b.mp3]	[sound:hypertts-cc20326237d0510c07634f28f9f4e76c910305c1dcd02c343225f977.mp3]	[sound:月_ツキ＼_2_NHK-2016.mp3]	<ruby>月<rt>つき</rt></ruby>	<ruby>夜<rt>よる</rt></ruby>に<ruby>月<rt>つき</rt></ruby>を<ruby>見<rt>み</rt></ruby>ます。	"""<span style=""""box-shadow: inset -2px -2px 0 0 #FF6633;""""><span style=""""color: royalblue;"""">ツ</span></span><span style=""""box-shadow: inset -2px 2px 0 0px #FF6633;"""">キ</span> <span class=""""pitch_number"""">2</span>"""
1772697078985	1791359371	Doki Doki1-4 female_voice newVersion	花火	花[はな] 火[び]	はなび	hanabi	fajerwerki	 夏[なつ]に 花火[はなび]を 見[み]ます。	Latem oglądam fajerwerki.			rzeczownik	夏に花火を見ます。	花[はな]火	[sound:hypertts-4aa95db506d5aaa406001264feca32fba4a82292d9390032a1f98538.mp3]	[sound:hypertts-7e049bf2ad4757de7440ce9d19fb03b4f0b46a855126e1aa787a3a8f.mp3]	[sound:花火_ハ＼ナビ_1_NHK-2016.mp3]	<ruby>花<rt>はな</rt></ruby><ruby>火<rt>び</rt></ruby>	<ruby>夏<rt>なつ</rt></ruby>に<ruby>花<rt>はな</rt></ruby><ruby>火<rt>び</rt></ruby>を<ruby>見<rt>み</rt></ruby>ます。	"""<span style=""""box-shadow: inset -2px 2px 0 0px #FF6633;"""">ハ</span><span style=""""box-shadow: inset 0px -2px 0 0px #FF6633;"""">ナビ</span> <span class=""""pitch_number"""">1</span>"""
1772697078986	1775147485	Doki Doki1-4 female_voice newVersion	木	 木[き]	き	ki	drzewo	 公園[こうえん]に 大[おお]きい 木[き]があります。	W parku jest duże drzewo.			rzeczownik	公園に大きい木があります。	木	[sound:hypertts-da320fd0e5d9bb7e9e9c0aff86683b5cb78793523deb7b8afc9a2873.mp3]	[sound:hypertts-ad137adb72538ab02e6c5e167a69931560910a9a912aceda81e80d66.mp3]	[sound:木_キ＼_1_NHK-2016.mp3]	<ruby>木<rt>き</rt></ruby>	<ruby>公<rt>こう</rt></ruby><ruby>園<rt>えん</rt></ruby>に<ruby>大<rt>おお</rt></ruby>きい<ruby>木<rt>き</rt></ruby>があります。	"""<span style=""""box-shadow: inset -2px 2px 0 0px #FF6633;"""">キ</span> <span class=""""pitch_number"""">1</span>"""
1772697078987	1775147485	Doki Doki1-4 female_voice newVersion	苦しむ	 苦[くる]しむ	くるしむ	kurushimu	cierpieć	 彼[かれ]は 病気[びょうき]で 苦[くる]しんでいます。	On cierpi z powodu choroby.	 苦[くる]しみます	 苦[くる]しみません	czasownik gr. 1	彼は病気で苦しんでいます。		[sound:hypertts-3f6532f321051feb1a84e9404676a8762937a3a9fd6013ca395ad17e.mp3]	[sound:hypertts-563d472ea88a4b2d344e276b3e2f5929a325add7b347030ba562a348.mp3]	[sound:苦しむ_クルシ＼ム_3_NHK-2016.mp3]	<ruby>苦<rt>くる</rt></ruby>しむ	<ruby>彼<rt>かれ</rt></ruby>は<ruby>病<rt>びょう</rt></ruby><ruby>気<rt>き</rt></ruby>で<ruby>苦<rt>くる</rt></ruby>しんでいます。	"""<span style=""""box-shadow: inset -2px -2px 0 0 #FF6633;"""">ク</span><span style=""""box-shadow: inset -2px 2px 0 0px #FF6633;"""">ルシ</span><span style=""""box-shadow: inset 0px -2px 0 0px #FF6633;"""">ム</span> <span class=""""pitch_number"""">3</span>"""
1772697078988	1775147485	Doki Doki1-4 female_voice newVersion	叩く	 叩[たた]く	たたく	tataku	uderzać	 手[て]を 叩[たた]きます。	Klaszczę (uderzam) w dłonie.	 叩[たた]きます	 叩[たた]きません	czasownik gr. 1	手を叩きます。		[sound:hypertts-0f25862676185024cbc83799205b9f31a8253d93469ebb4c28c9f6c0.mp3]	[sound:hypertts-c5c23ff7674f51a1a2b2ec2b3fa51a00cdcdd36f1b7067bce3cf4b78.mp3]	[sound:叩く_タタ＼ク_2_NHK-1998.mp3]	<ruby>叩<rt>たた</rt></ruby>く	<ruby>手<rt>て</rt></ruby>を<ruby>叩<rt>たた</rt></ruby>きます。	"""<span style=""""box-shadow: inset -2px -2px 0 0 #FF6633;"""">タ</span><span style=""""box-shadow: inset -2px 2px 0 0px #FF6633;"""">タ</span><span style=""""box-shadow: inset 0px -2px 0 0px #FF6633;"""">ク</span> <span class=""""pitch_number"""">2</span>"""
1772697078989	1791205492	Doki Doki1-4 female_voice newVersion	引く	 引[ひ]く	ひく	hiku	ciągnąć	このドアを 引[ひ]きます。	Ciągnę te drzwi.	 引[ひ]きます	 引[ひ]きません	czasownik gr. 1. W tym kontekście: ciągnąć. Ma również wiele innych znaczeń.	このドアを引きます。		[sound:hypertts-e10cfd7f789e84e10cc2dff6f27a101950402825a6074a53baae5b8b.mp3]	[sound:hypertts-052d9869692b2883a26b6a94746ff6a6cd9c56b3968444a144120bb3.mp3]	[sound:引く_ヒク━_0_NHK-2016.mp3]	<ruby>引<rt>ひ</rt></ruby>く	このドアを<ruby>引<rt>ひ</rt></ruby>きます。	"""<span style=""""box-shadow: inset -2px -2px 0 0 #FF6633;""""><span style=""""color: royalblue;"""">ヒ</span></span><span style=""""box-shadow: inset 0px 2px 0 0px #FF6633;"""">ク</span> <span class=""""pitch_number"""">0</span>"""
1772697078990	1791209371	Doki Doki1-4 male_voice newVersion	吹く	 吹[ふ]く	ふく	fuku	wiać, dmuchać	 風[かぜ]が 吹[ふ]きます。	Wiatr wieje.	 吹[ふ]きます	 吹[ふ]きません	czasownik gr. 1. O wietrze oznacza wiać.	風が吹きます。		[sound:hypertts-921096157b83c37f8e1200e811f72bb0af5beb4af6410b921ee16572.mp3]	[sound:hypertts-176b69406ab412f150857106dfd461f1e457825fc3de65aa24da151e.mp3]	[sound:吹く_フ＼ク_1_NHK-2016.mp3] [sound:吹く_フク＼_2_NHK-2016.mp3]	<ruby>吹<rt>ふ</rt></ruby>く	<ruby>風<rt>かぜ</rt></ruby>が<ruby>吹<rt>ふ</rt></ruby>きます。	"""<span style=""""box-shadow: inset -2px 2px 0 0px #FF6633;""""><span style=""""color: royalblue;"""">フ</span></span><span style=""""box-shadow: inset 0px -2px 0 0px #FF6633;"""">ク</span> <span class=""""pitch_number"""">1</span>, <span style=""""box-shadow: inset -2px -2px 0 0 #FF6633;""""><span style=""""color: royalblue;"""">フ</span></span><span style=""""box-shadow: inset -2px 2px 0 0px #FF6633;"""">ク</span> <span class=""""pitch_number"""">2</span>"""
1772697078991	1782884618	Doki Doki1-4 male_voice newVersion	義理チョコ	義[ぎ] 理[り]チョコ	ぎりチョコ	girichoko	czekoladki z obowiązku, czekolada ×tatemae	 先生[せんせい]に 義理[ぎり]チョコをあげます。	Daję nauczycielowi czekoladki z obowiązku.			rzeczownik (zapożyczenie częściowe)	先生に義理チョコをあげます。		[sound:hypertts-e26bd3ccc749e87aa83e973f918b5c00438b761c7fd8cf288ef1ddb6.mp3]	[sound:hypertts-fd8edd097f1b09804cb823262321c18492e7afd5c02e8841e9e8d402.mp3]	[sound:義理チョコ_ギリチョコ_JapanesePod101.mp3]	<ruby>義<rt>ぎ</rt></ruby><ruby>理<rt>り</rt></ruby>チョコ	<ruby>先<rt>せん</rt></ruby><ruby>生<rt>せい</rt></ruby>に<ruby>義<rt>ぎ</rt></ruby><ruby>理<rt>り</rt></ruby>チョコをあげます。	"""<span style=""""box-shadow: inset -2px -2px 0 0 #FF6633;"""">ギ</span><span style=""""box-shadow: inset 0px 2px 0 0px #FF6633;"""">リチョコ</span> <span class=""""pitch_number"""">0</span>"""
1772697078992	1782884618	Doki Doki1-4 male_voice newVersion	本命チョコ	本[ほん] 命[めい]チョコ	ほんめいチョコ	honmeichoko	czekoladki dla ukochanej osoby, czekolada ♡honne	 彼[かれ]に 本命[ほんめい]チョコをあげます。	Daję jemu czekoladki dla ukochanej osoby.			rzeczownik (zapożyczenie częściowe)	彼に本命チョコをあげます。	本 命[めい]チョコ	[sound:hypertts-cb1f3d2b4acefe1bedb20706cec10e1d3f2b41fa0d9f2f25787c34f0.mp3]	[sound:hypertts-dccf92a1ca4aa0074c81f023fe3436c87dfc7c84b95e5dd96692fe89.mp3]		<ruby>本<rt>ほん</rt></ruby><ruby>命<rt>めい</rt></ruby>チョコ	<ruby>彼<rt>かれ</rt></ruby>に<ruby>本<rt>ほん</rt></ruby><ruby>命<rt>めい</rt></ruby>チョコをあげます。	"""<span style=""""box-shadow: inset -2px -2px 0 0 #FF6633;"""">ホ</span><span style=""""box-shadow: inset -2px 2px 0 0px #FF6633;"""">ンメイチョ</span><span style=""""box-shadow: inset 0px -2px 0 0px #FF6633;"""">コ</span> <span class=""""pitch_number"""">5</span>"""
1772697078993	1781520910	Doki Doki1-4 leech male_voice newVersion	薬	 薬[くすり]	くすり	kusuri	lekarstwo	 朝[あさ]、 薬[くすり]を 飲[の]みます。	Rano biorę lekarstwo.			rzeczownik	朝、薬を飲みます。		[sound:hypertts-f23e2d85a0b6e8cf92db82780f23943379a79db183cde4e4ed5f3dfb.mp3]	[sound:hypertts-3f6340f7c208eb38328ce022e7a9951122a959a404e1519581382f16.mp3]	[sound:薬_クスリ━_0_NHK-2016.mp3]	<ruby>薬<rt>くすり</rt></ruby>	<ruby>朝<rt>あさ</rt></ruby>、<ruby>薬<rt>くすり</rt></ruby>を<ruby>飲<rt>の</rt></ruby>みます。	"""<span style=""""box-shadow: inset -2px -2px 0 0 #FF6633;""""><span style=""""color: royalblue;"""">ク</span></span><span style=""""box-shadow: inset 0px 2px 0 0px #FF6633;"""">スリ</span> <span class=""""pitch_number"""">0</span>"""
1772697078994	1782884618	Doki Doki1-4 male_voice newVersion	石鹸	石[せっ] 鹸[けん]	せっけん	sekken	mydło	 石鹸[せっけん]で 手[て]を 洗[あら]います。	Myję ręce mydłem.			rzeczownik	石鹸で手を洗います。		[sound:hypertts-bf4cf12d96182c266bc3f0276a6107ccb20c20934c86aaa525bb164d.mp3]	[sound:hypertts-fd0290a2451c7f348d45a7b670497524a829906f092e19aa115c4a38.mp3]	[sound:石鹸_セッケン━_0_NHK-2016.mp3]	<ruby>石<rt>せっ</rt></ruby><ruby>鹸<rt>けん</rt></ruby>	<ruby>石<rt>せっ</rt></ruby><ruby>鹸<rt>けん</rt></ruby>で<ruby>手<rt>て</rt></ruby>を<ruby>洗<rt>あら</rt></ruby>います。	"""<span style=""""box-shadow: inset -2px -2px 0 0 #FF6633;"""">セ</span><span style=""""box-shadow: inset 0px 2px 0 0px #FF6633;"""">ッケン</span> <span class=""""pitch_number"""">0</span>"""
1772697078995	1782884618	Doki Doki1-4 leech male_voice newVersion	化粧品	化[け] 粧[しょう] 品[ひん]	けしょうひん	keshōhin	kosmetyki	デパートで 化粧品[けしょうひん]を 買[か]います。	Kupuję kosmetyki w domu towarowym.			rzeczownik	デパートで化粧品を買います。		[sound:hypertts-77ea51d1a89c19a636a185b6ffafdb6d29f5b1deb5b70b987d3de6da.mp3]	[sound:hypertts-af8a0da51a5f0304367f0beed4eaa2e6d555a43cfd20284bf41c44bb.mp3]	[sound:化粧品_ケショーヒン━_0_NHK-2016.mp3]	<ruby>化<rt>け</rt></ruby><ruby>粧<rt>しょう</rt></ruby><ruby>品<rt>ひん</rt></ruby>	デパートで<ruby>化<rt>け</rt></ruby><ruby>粧<rt>しょう</rt></ruby><ruby>品<rt>ひん</rt></ruby>を<ruby>買<rt>か</rt></ruby>います。	"""<span style=""""box-shadow: inset -2px -2px 0 0 #FF6633;"""">ケ</span><span style=""""box-shadow: inset 0px 2px 0 0px #FF6633;"""">ショーヒン</span> <span class=""""pitch_number"""">0</span>"""
1772697078996	1787668318	Doki Doki1-4 leech male_voice newVersion	家具	家[か] 具[ぐ]	かぐ	kagu	meble	 新[あたら]しい 家具[かぐ]を 買[か]います。	Kupuję nowe meble.			rzeczownik	新しい家具を買います。		[sound:hypertts-605cc4c5f899986d4a6b84202d4bba8e8bf81a9249c1ac3f0e1ece47.mp3]	[sound:hypertts-e4910245ba19741b7be6c9227ee8a437b377465cd2b7a8fb4f7b9dca.mp3]	[sound:家具_カ＼ク゚_1_NHK-2016.mp3]	<ruby>家<rt>か</rt></ruby><ruby>具<rt>ぐ</rt></ruby>	<ruby>新<rt>あたら</rt></ruby>しい<ruby>家<rt>か</rt></ruby><ruby>具<rt>ぐ</rt></ruby>を<ruby>買<rt>か</rt></ruby>います。	"""<span style=""""box-shadow: inset -2px 2px 0 0px #FF6633;"""">カ</span><span style=""""box-shadow: inset 0px -2px 0 0px #FF6633;"""">ク<span style=""""color: red;"""">°</span></span> <span class=""""pitch_number"""">1</span>"""
1772697911524	1775147485	Doki Doki1-4 male_voice newVersion	母の日	 母[はは]の 日[ひ]	ははのひ	hahanohi	Dzień Matki	 母[はは]の 日[ひ]に 花[はな]をあげます。	W Dzień Matki daję kwiaty.			rzeczownik	母の日に花をあげます。	母[はは]の日	[sound:hypertts-01f9e084c399838d108e10c63ccc78bb69672e12faa03992348ea8aa.mp3]	[sound:hypertts-a4c1f5eddf0766ebe78ae43e5cbf33146b9513c2b58e96960e1c9d80.mp3]	[sound:母の日_ハ＼ハノヒ_1_NHK-2016.mp3]	<ruby>母<rt>はは</rt></ruby>の<ruby>日<rt>ひ</rt></ruby>	<ruby>母<rt>はは</rt></ruby>の<ruby>日<rt>ひ</rt></ruby>に<ruby>花<rt>はな</rt></ruby>をあげます。	"""<span style=""""box-shadow: inset -2px 2px 0 0px #FF6633;"""">ハ</span><span style=""""box-shadow: inset 0px -2px 0 0px #FF6633;"""">ハノヒ</span> <span class=""""pitch_number"""">1</span>"""
1772697911525	1781597587	Doki Doki1-4 male_voice newVersion	登る	 登[のぼ]る	のぼる	noboru	wspinać się / wchodzić	 山[やま]に 登[のぼ]ります。	Wspinam się na górę.	 登[のぼ]ります	 登[のぼ]りません	czasownik gr. 1	山に登ります。		[sound:hypertts-5a6f2b1bb8f31a2646d15988aad1d9bc9a4edf100a569d62d31ed191.mp3]	[sound:hypertts-9aa9123f9c51f61917b33be0155e78794543f6cbe0eb446a13e31316.mp3]	[sound:登る_ノボル━_0_NHK-2016.mp3]	<ruby>登<rt>のぼ</rt></ruby>る	<ruby>山<rt>やま</rt></ruby>に<ruby>登<rt>のぼ</rt></ruby>ります。	"""<span style=""""box-shadow: inset -2px -2px 0 0 #FF6633;"""">ノ</span><span style=""""box-shadow: inset 0px 2px 0 0px #FF6633;"""">ボル</span> <span class=""""pitch_number"""">0</span>"""
1772697911526	1775147485	Doki Doki1-4 male_voice newVersion	上げる	 上[あ]げる	あげる	ageru	podnosić	 手[て]を 上[あ]げます。	Podnoszę rękę.	 上[あ]げます	 上[あ]げません	czasownik gr. 2	手を上げます。	上げる	[sound:hypertts-b38a6100a2915418bf8b41daf6e29297a8fa893317e6a6e59d61ca14.mp3]	[sound:hypertts-2adee859f6e5b383b8a1ea37db0e1c2ac74435fdc3de6758cc7819a5.mp3]	[sound:上げる_アケ゚ル━_0_NHK-2016.mp3]	<ruby>上<rt>あ</rt></ruby>げる	<ruby>手<rt>て</rt></ruby>を<ruby>上<rt>あ</rt></ruby>げます。	"""<span style=""""box-shadow: inset -2px -2px 0 0 #FF6633;"""">ア</span><span style=""""box-shadow: inset 0px 2px 0 0px #FF6633;"""">ケ<span style=""""color: red;"""">°</span>ル</span> <span class=""""pitch_number"""">0</span>"""
1772697911527	1775147485	Doki Doki1-4 male_voice newVersion	下る	 下[くだ]る	くだる	kudaru	iść w dół / schodzić	 川[かわ]を 下[くだ]ります。	Płynę (schodzę) w dół rzeki.	 下[くだ]ります	 下[くだ]りません	czasownik gr. 1	川を下ります。	下る	[sound:hypertts-5091aab0cb01bb3c17a1b62ad2317addef92007117d714a480c39ec9.mp3]	[sound:hypertts-ffdf70b8b504c6a16fb9058bf4c915b68a1d914246a8f70932bfb255.mp3]	[sound:下る_クダル━_0_NHK-2016.mp3]	<ruby>下<rt>くだ</rt></ruby>る	<ruby>川<rt>かわ</rt></ruby>を<ruby>下<rt>くだ</rt></ruby>ります。	"""<span style=""""box-shadow: inset -2px -2px 0 0 #FF6633;"""">ク</span><span style=""""box-shadow: inset 0px 2px 0 0px #FF6633;"""">ダル</span> <span class=""""pitch_number"""">0</span>"""
1772697911528	1791200480	Doki Doki1-4 male_voice newVersion	一年中	一[いち] 年[ねん] 中[じゅう]	いちねんじゅう	ichinenjū	przez cały rok	 一年中[いちねんじゅう]、 雨[あめ]が 降[ふ]ります。	Przez cały rok pada deszcz.			wyrażenie czasu. Oznacza przez cały rok bez przerwy lub w ciągu całego roku.	一年中、雨が降ります。	一年中	[sound:hypertts-79241be83da889254a5629b1ca966c8e6323b5f145508920dda3d254.mp3]	[sound:hypertts-10a5debbabacf10c1c1b177f6773b87507cd9bbdb33e3b97ce5f060c.mp3]	[sound:一年中_イチネンジュー━_0_NHK-2016.mp3]	<ruby>一<rt>いち</rt></ruby><ruby>年<rt>ねん</rt></ruby><ruby>中<rt>じゅう</rt></ruby>	<ruby>一<rt>いち</rt></ruby><ruby>年<rt>ねん</rt></ruby><ruby>中<rt>じゅう</rt></ruby>、<ruby>雨<rt>あめ</rt></ruby>が<ruby>降<rt>ふ</rt></ruby>ります。	"""<span style=""""box-shadow: inset -2px -2px 0 0 #FF6633;"""">イ</span><span style=""""box-shadow: inset 0px 2px 0 0px #FF6633;"""">チネンジュウ</span> <span class=""""pitch_number"""">0</span>"""
1772697911529	1782884618	Doki Doki1-4 male_voice newVersion	外国	外[がい] 国[こく]	がいこく	gaikoku	zagranica	 外国[がいこく]に 行[い]きます。	Jadę za granicę.			rzeczownik	外国に行きます。	外国	[sound:hypertts-35d04672949167751f6a266198f1f3c243ff67a3ea6e41880b7784f6.mp3]	[sound:hypertts-839648684b0434add5948474f0a95f77fd7fb6ebbd6df8bd229bd12a.mp3]	[sound:外国_ガイコク━_0_NHK-2016.mp3]	<ruby>外<rt>がい</rt></ruby><ruby>国<rt>こく</rt></ruby>	<ruby>外<rt>がい</rt></ruby><ruby>国<rt>こく</rt></ruby>に<ruby>行<rt>い</rt></ruby>きます。	"""<span style=""""box-shadow: inset -2px -2px 0 0 #FF6633;"""">ガ</span><span style=""""box-shadow: inset 0px 2px 0 0px #FF6633;"""">イコク</span> <span class=""""pitch_number"""">0</span>"""
1772697911530	1782884618	Doki Doki1-4 male_voice newVersion	外国人	外[がい] 国[こく] 人[じん]	がいこくじん	gaikokujin	obcokrajowiec	 彼[かれ]は 外国人[がいこくじん]です。	On jest obcokrajowcem.			rzeczownik	彼は外国人です。	外国人	[sound:hypertts-8165f8056290425a37757fa4912c1415848d4ee94ed572fa67205335.mp3]	[sound:hypertts-12c46fe6c08531233bb2efda4bcf97f7b2803863faf1f7572a34605b.mp3]	[sound:外国人_ガイコク＼ジン_4_NHK-2016.mp3]	<ruby>外<rt>がい</rt></ruby><ruby>国<rt>こく</rt></ruby><ruby>人<rt>じん</rt></ruby>	<ruby>彼<rt>かれ</rt></ruby>は<ruby>外<rt>がい</rt></ruby><ruby>国<rt>こく</rt></ruby><ruby>人<rt>じん</rt></ruby>です。	"""<span style=""""box-shadow: inset -2px -2px 0 0 #FF6633;"""">ガ</span><span style=""""box-shadow: inset -2px 2px 0 0px #FF6633;"""">イコク</span><span style=""""box-shadow: inset 0px -2px 0 0px #FF6633;"""">ジン</span> <span class=""""pitch_number"""">4</span>"""
1772697911531	1791205492	Doki Doki1-4 male_voice newVersion	外	 外[そと]	そと	soto	zewnątrz, na zewnątrz	 外[そと]に 犬[いぬ]がいます。	Na zewnątrz jest pies.			rzeczownik. Przeciwieństwo 中 w znaczeniu wnętrza.	外に犬がいます。	外	[sound:hypertts-e65a0bde68f406bc7f6f19b16f8dfa74de95bb83130893e1b4ee5bdc.mp3]	[sound:hypertts-1a43b0284a8a714e17de406bf07de0128e54da40c637ee63bdffd6d7.mp3]	[sound:外_ソ＼ト_1_NHK-2016.mp3]	<ruby>外<rt>そと</rt></ruby>	<ruby>外<rt>そと</rt></ruby>に<ruby>犬<rt>いぬ</rt></ruby>がいます。	"""<span style=""""box-shadow: inset -2px 2px 0 0px #FF6633;"""">ソ</span><span style=""""box-shadow: inset 0px -2px 0 0px #FF6633;"""">ト</span> <span class=""""pitch_number"""">1</span>"""
1772874053319	1782884618	Doki Doki1-4 female_voice newVersion	値段	値[ね] 段[だん]	ねだん	nedan	cena	このカバンの 値段[ねだん]はいくらですか。	Ile wynosi cena tej torby?			rzeczownik	このカバンの値段はいくらですか。		[sound:hypertts-94b4aef661cc0217b97f152f2e551c42a2ce2c7b2a96db7f4d9e41c0.mp3]	[sound:hypertts-0d529a7323a32e28f4b274c350967800024986f2051146097c19d575.mp3]	[sound:値段_ネダン━_0_NHK-2016.mp3]	<ruby>値<rt>ね</rt></ruby><ruby>段<rt>だん</rt></ruby>	このカバンの<ruby>値<rt>ね</rt></ruby><ruby>段<rt>だん</rt></ruby>はいくらですか。	"""<span style=""""box-shadow: inset -2px -2px 0 0 #FF6633;"""">ネ</span><span style=""""box-shadow: inset 0px 2px 0 0px #FF6633;"""">ダン</span> <span class=""""pitch_number"""">0</span>"""
1772874053320	1782884618	Doki Doki1-4 female_voice newVersion	屋根	屋[や] 根[ね]	やね	yane	dach	あの 家[いえ]の 屋根[やね]は 赤[あか]いです。	Dach tamtego domu jest czerwony.			rzeczownik	あの家の屋根は赤いです。		[sound:hypertts-373c9d7d541812d43cdb32d2c05cd46c1e59e09e07e8d884fbb03313.mp3]	[sound:hypertts-1eba60d8312744905084c12345da961b994e30d12f215fb0fa0de76c.mp3]	[sound:屋根_ヤ＼ネ_1_NHK-2016.mp3]	<ruby>屋<rt>や</rt></ruby><ruby>根<rt>ね</rt></ruby>	あの<ruby>家<rt>いえ</rt></ruby>の<ruby>屋<rt>や</rt></ruby><ruby>根<rt>ね</rt></ruby>は<ruby>赤<rt>あか</rt></ruby>いです。	"""<span style=""""box-shadow: inset -2px 2px 0 0px #FF6633;"""">ヤ</span><span style=""""box-shadow: inset 0px -2px 0 0px #FF6633;"""">ネ</span> <span class=""""pitch_number"""">1</span>"""
1772874053321	1775147485	Doki Doki1-4 female_voice newVersion	コピーする	コピーする	コピーする	kopī suru	kopiować	この 本[ほん]をコピーします。	Skopiuję tę książkę.	コピーします	コピーしません	czasownik gr. 3	この本をコピーします。		[sound:hypertts-f0a95de54f3644e5a72423885bd300512947d3acb7c87f8a469e017d.mp3]	[sound:hypertts-231b12c532d4e46784f29c0a8559bae6157156c761cf0216f7c5a23d.mp3]		コピーする	この<ruby>本<rt>ほん</rt></ruby>をコピーします。	"""<span style=""""box-shadow: inset -2px 2px 0 0px #FF6633;"""">コ</span><span style=""""box-shadow: inset 0px -2px 0 0px #FF6633;"""">ピースル</span> <span class=""""pitch_number"""">1</span>"""
1772874053322	1782884618	Doki Doki1-4 female_voice newVersion	外人	外[がい] 人[じん]	がいじん	gaijin	obcokrajowiec (potocznie)	レストランに 外人[がいじん]のお 客[きゃく]さんがいます。	W restauracji są zagraniczni klienci.			rzeczownik (potocznie, grzeczniej: 外国人)	レストランに外人のお客さんがいます。	外人	[sound:hypertts-2000d25ffb0b606f8a9111908f73c6414563a64482ff60d6856c1fe2.mp3]	[sound:hypertts-47ba3ea6055cd16a14bb96468ada069333a3a36eab552824d0681a8d.mp3]	[sound:外人_ガイジン━_0_NHK-2016.mp3]	<ruby>外<rt>がい</rt></ruby><ruby>人<rt>じん</rt></ruby>	レストランに<ruby>外<rt>がい</rt></ruby><ruby>人<rt>じん</rt></ruby>のお<ruby>客<rt>きゃく</rt></ruby>さんがいます。	"""<span style=""""box-shadow: inset -2px -2px 0 0 #FF6633;"""">ガ</span><span style=""""box-shadow: inset 0px 2px 0 0px #FF6633;"""">イジン</span> <span class=""""pitch_number"""">0</span>"""
1772879019180	1775147485	Doki Doki1-4 male_voice newVersion	丸	 丸[まる]	まる	maru	kółko (poprawna odpowiedź)	 先生[せんせい]が 丸[まる]を 書[か]きました。	Nauczyciel narysował kółko.			rzeczownik	先生が丸を書きました。		[sound:hypertts-fb16ce47daf94cea1b52379550bb3de485af860393bb01a362982394.mp3]	[sound:hypertts-46b59c8e73f405b47e4dc2ebd2a9dc4042c6bd77d9e7a52ae6e56208.mp3]	[sound:丸_マル━_0_NHK-2016.mp3]	<ruby>丸<rt>まる</rt></ruby>	<ruby>先生<rt>せんせい</rt></ruby>が<ruby>丸<rt>まる</rt></ruby>を<ruby>書<rt>か</rt></ruby>きました。	"""<span style=""""box-shadow: inset -2px -2px 0 0 #FF6633;"""">マ</span><span style=""""box-shadow: inset 0px 2px 0 0px #FF6633;"""">ル</span> <span class=""""pitch_number"""">0</span>"""
1772879019181	1775147485	Doki Doki1-4 male_voice newVersion	ばつ	ばつ	ばつ	batsu	krzyżyk (błędna odpowiedź)	その 答[こた]えはばつです。	Ta odpowiedź jest błędna.			"""W zapisie używa się głównie X. Czasem spotkasz zapis バツ (katakaną), co nadaje temu słowu bardziej techniczny lub """"popowy"""" charakter (np. w teleturniejach)."""	その答えはばつです。		[sound:hypertts-f212a9a484d021053fb777025149cf167112ed4a4648a88e1776c950.mp3]	[sound:hypertts-274f724a0925412c6b5a27377aac63dc83b10caa8fad3c5200af6d79.mp3]	[sound:ばつ_バツ━_0_NHK-2016.mp3] [sound:ばつ_バ＼ツ_1_NHK-2016.mp3]	ばつ	その<ruby>答<rt>こた</rt></ruby>えはばつです。	"""<span style=""""box-shadow: inset -2px -2px 0 0 #FF6633;"""">バ</span><span style=""""box-shadow: inset 0px 2px 0 0px #FF6633;"""">ツ</span> <span class=""""pitch_number"""">0</span>, <span style=""""box-shadow: inset -2px 2px 0 0px #FF6633;"""">バ</span><span style=""""box-shadow: inset 0px -2px 0 0px #FF6633;"""">ツ</span> <span class=""""pitch_number"""">1</span>"""
1772879019182	1781545999	Doki Doki1-4 male_voice newVersion	泣く	 泣[な]く	なく	naku	płakać	 子供[こども]はよく 泣[な]きます。	Dziecko często płacze.	 泣[な]きます	 泣[な]きません	czasownik gr. 1	子供はよく泣きます。		[sound:hypertts-7a7f4fe62868aca215be7f381d40a3af57f3cf89d0dc5b7e968581bf.mp3]	[sound:hypertts-7e07a5b29aa06daa389ecc5217cde54348ea88be16d3904fa89a5333.mp3]	[sound:泣く_ナク━_0_NHK-2016.mp3]	<ruby>泣<rt>な</rt></ruby>く	<ruby>子供<rt>こども</rt></ruby>はよく<ruby>泣<rt>な</rt></ruby>きます。	"""<span style=""""box-shadow: inset -2px -2px 0 0 #FF6633;"""">ナ</span><span style=""""box-shadow: inset 0px 2px 0 0px #FF6633;"""">ク</span> <span class=""""pitch_number"""">0</span>"""
1773418499893	1775147485	Doki Doki1-4 female_voice newVersion	シリーズ	シリーズ	シリーズ	shirīzu	seria	この 新[あたら]しいアニメのシリーズはとても 面白[おもしろ]いです。	Ta nowa seria anime jest bardzo ciekawa.			zapożyczenie	この新しいアニメのシリーズはとても面白いです。		[sound:hypertts-9966832dccbe4bb2a68f88f95514f82ac8904c84401bdad28ab8160b.mp3]	[sound:hypertts-11f936ffe0a082713bd0a0124cf802af9a12c233b5e680692ee261cb.mp3]	[sound:シリーズ_シ＼リーズ_1_NHK-2016.mp3] [sound:シリーズ_シリ＼ーズ_2_NHK-2016.mp3]	シリーズ	この<ruby>新<rt>あたら</rt></ruby>しいアニメのシリーズはとても<ruby>面白<rt>おもしろ</rt></ruby>いです。	"""<span style=""""box-shadow: inset -2px 2px 0 0px #FF6633;"""">シ</span><span style=""""box-shadow: inset 0px -2px 0 0px #FF6633;"""">リーズ</span> <span class=""""pitch_number"""">1</span>, <span style=""""box-shadow: inset -2px -2px 0 0 #FF6633;"""">シ</span><span style=""""box-shadow: inset -2px 2px 0 0px #FF6633;"""">リ</span><span style=""""box-shadow: inset 0px -2px 0 0px #FF6633;"""">ーズ</span> <span class=""""pitch_number"""">2</span>"""
1773418499894	1775147485	Doki Doki1-4 Doki1-5 female_voice newVersion	ドラマ	ドラマ	ドラマ	dorama	serial, dramat	毎[まい]晩[ばん] 日[に]本[ほん]の ドラマを 見[み]ます。	Co wieczór oglądam japońskie seriale.			zapożyczenie	毎晩日本のドラマを見ます。		[sound:hypertts-35e13085870558008b3227581fe433b7c239e3fdeb8fc00bf48e9779.mp3]	[sound:hypertts-de7971ec66b5dbe9811650b65bda07a7983efbf95dfd7111e829c125.mp3]	[sound:ドラマ_ド＼ラマ_1_NHK-2016.mp3]	ドラマ	毎晩日本のドラマを見ます。	"""<span style=""""box-shadow: inset -2px 2px 0 0px #FF6633;"""">ド</span><span style=""""box-shadow: inset 0px -2px 0 0px #FF6633;"""">ラマ</span> <span class=""""pitch_number"""">1</span>"""
1773418499895	1791359790	Doki Doki1-4 female_voice newVersion	両親	両[りょう] 親[しん]	りょうしん	ryōshin	rodzice	 私[わたし]の 両親[りょうしん]はワルシャワにいます。	Moi rodzice są w Warszawie.			rzeczownik	私の両親はワルシャワにいます。		[sound:hypertts-ce079622aed99f03e800cdc303a327300105d67c732bedf37f136c10.mp3]	[sound:hypertts-b40a28305193110846bbab8221e0897072a71ddf4e9897601fc785ff.mp3]	[sound:両親_リョ＼ーシン_1_NHK-2016.mp3]	<ruby>両親<rt>りょうしん</rt></ruby>	私の<ruby>両親<rt>りょうしん</rt></ruby>はワルシャワにいます。	"""<span style=""""box-shadow: inset -2px 2px 0 0px #FF6633;"""">リョ</span><span style=""""box-shadow: inset 0px -2px 0 0px #FF6633;"""">ーシン</span> <span class=""""pitch_number"""">1</span>"""
1773418499897	1775147485	Doki Doki1-4 female_voice newVersion	お父さん	お 父[とう]さん	おとうさん	otōsan	ojciec (czyjś/grzecznie)	ポラさんのお 父[とう]さんはどこにいますか。	Gdzie jest ojciec Poli?			rzeczownik (grzeczny)	ポラさんのお父さんはどこにいますか。		[sound:hypertts-83f4f2dc436c54bd0be5d421eaa4abe85181974aa223fa2c7f40ff6b.mp3]	[sound:hypertts-41279b2c1b2e63152d94cb2854e445753a8ff103cbdd62903fb469aa.mp3]	[sound:お父さん_オト＼ーサン_2_NHK-2016.mp3]	お<ruby>父<rt>とう</rt></ruby>さん	ポラさんのお<ruby>父<rt>とう</rt></ruby>さんはどこにいますか。	"""<span style=""""box-shadow: inset -2px -2px 0 0 #FF6633;"""">オ</span><span style=""""box-shadow: inset -2px 2px 0 0px #FF6633;"""">ト</span><span style=""""box-shadow: inset 0px -2px 0 0px #FF6633;"""">ーサン</span> <span class=""""pitch_number"""">2</span>"""
1773418499898	1775147485	Doki Doki1-4 female_voice newVersion	お母さん	お 母[かあ]さん	おかあさん	okāsan	matka (czyjś/grzecznie)	お 母[かあ]さんは 今日[きょう]の 朝[あさ] 何[なに]をしましたか。	Co mama robiła dzisiaj rano?			rzeczownik (grzeczny)	お母さんは今日の朝何をしましたか。		[sound:hypertts-36b6e7223d561d610e68372b6da3e327f353fb348e049a4d97242d4a.mp3]	[sound:hypertts-cc8108145c570c664a6f35bbafd8f9a84fe25e19d5521ea9b81c5f14.mp3]	[sound:お母さん_オカ＼ーサン_2_NHK-2016.mp3]	お<ruby>母<rt>かあ</rt></ruby>さん	お<ruby>母<rt>かあ</rt></ruby>さんは<ruby>今日<rt>きょう</rt></ruby>の<ruby>朝<rt>あさ</rt></ruby><ruby>何<rt>なに</rt></ruby>をしましたか。	"""<span style=""""box-shadow: inset -2px -2px 0 0 #FF6633;"""">オ</span><span style=""""box-shadow: inset -2px 2px 0 0px #FF6633;"""">カ</span><span style=""""box-shadow: inset 0px -2px 0 0px #FF6633;"""">ーサン</span> <span class=""""pitch_number"""">2</span>"""
1773475378396	1776880775	Doki Doki1-4 female_voice new	まっすぐ行く	まっすぐ 行[い]く	まっすぐいく	massugu iku	iść prosto	駅[えき]までまっすぐ 行[い]きます。	Idę prosto aż do stacji.	まっすぐ行きます	まっすぐ行きません	czasownik gr. 1	駅までまっすぐ行きます。	まっすぐ行く	[sound:hypertts-1a493041e71408dca6020ab0deb6bfcccbbaa632444d407cedd5b0f9.mp3]	[sound:hypertts-0ae72284df875f655e5335458e39d062c26b9a738c84ae1d52c64315.mp3]		まっすぐ行く	駅までまっすぐ行きます。	
1773475378397	1781031023	Doki Doki1-4 female_voice new	左に曲がる	左[ひだり]に 曲[ま]がる	ひだりにまがる	hidari ni magaru	skręcać w lewo	次[つぎ]の 角[かど]を 左[ひだり]に 曲[ま]がります。	Na następnym rogu skręcam w lewo.	左に曲がります	左に曲がりません	czasownik gr. 1	次の角を左に曲がります。	左に 曲[ま]がる	[sound:hypertts-987a3a737c1af9d8042e6e5d588972c2cf736e71c09445ee60cfd5e0.mp3]	[sound:hypertts-82144933d5b8a10efc34f9300b7cca54670e6cfd5b9754fa5fc73375.mp3]	[sound:左に曲がる_ヒダリニマガル_JapanesePod101.mp3]	左に曲がる	次の角を左に曲がります。	
1773475378398	1781030955	Doki Doki1-4 female_voice new	右に曲がる	右[みぎ]に 曲[ま]がる	みぎにまがる	migi ni magaru	skręcać w prawo	そこの 信号[しんごう]を 右[みぎ]に 曲[ま]がります。	Na tamtych światłach skręcam w prawo.	右に曲がります	右に曲がりません	czasownik gr. 1	そこの信号を右に曲がります。	右に 曲[ま]がる	[sound:hypertts-5b70c13ed9bee69fa29eb3ab22df8950707c971893f1ec6ccbed8d1e.mp3]	[sound:hypertts-08b8f6a954f9b8bc2b6a9d47822e8602037f3d9aa08d6bb2313c614e.mp3]		右に曲がる	そこの信号を右に曲がります。	
1773475378399	1775147485	Doki Doki1-4 female_voice new	道を渡る	道[みち]を 渡[わた]る	みちをわたる	michi o wataru	przejść na drugą stronę ulicy	ここで 道[みち]を 渡[わた]ります。	W tym miejscu przechodzę przez ulicę.	道[みち]を 渡[わた]ります	 道[みち]を 渡[わた]りま&nbsp;せん	czasownik gr. 1	ここで道を渡ります。		[sound:hypertts-833a9eaf8feb721cf3d4d0f2c645402ae9db514ad8708f56f0882d34.mp3]	[sound:hypertts-db44ab4437fa8c6fcba6aa1b4104e54555ab2437b5a0bb52648c7407.mp3]		道を渡る	ここで道を渡ります。	
1773475378400	1781030948	Doki Doki1-4 female_voice new	一つ目の角を右に曲がる	一[ひと]つ 目[め]の 角[かど]を 右[みぎ]に 曲[ま]がる	ひとつめのかどをみぎにまがる	hitotsume no kado o migi ni magaru	skręcać w prawo na pierwszym skrzyżowaniu	一[ひと]つ 目[め]の 角[かど]を 右[みぎ]に 曲[ま]がります。	Skręcam w prawo na pierwszym skrzyżowaniu.	一つ目の角を右に曲がります	一つ目の角を右に曲がりません	czasownik gr. 1 / wyrażenie	一つ目の角を右に曲がります。	 一つ 目[め]の 角[かど]を 右に 曲[ま]がる。	[sound:hypertts-73770f1862aef8d5bcc90576508f760451cc469125f5b7f27591cac0.mp3]	[sound:hypertts-37bcaea7d3d2068be857291cfe95785489624e4a48a5d900f136166d.mp3]		一つ目の角を右に曲がる	一つ目の角を右に曲がります。	
1773475378401	1781030938	Doki Doki1-4 female_voice new	二つ目の角を右に曲がる	二[ふた]つ 目[め]の 角[かど]を 右[みぎ]に 曲[ま]がる	ふたつめのかどをみぎにまがる	futatsume no kado o migi ni magaru	skręcać w prawo na drugim skrzyżowaniu	二[ふた]つ 目[め]の 角[かど]を 右[みぎ]に 曲[ま]がります。	Skręcam w prawo na drugim skrzyżowaniu.	二つ目の角を右に曲がります	二つ目の角を右に曲がりません	czasownik gr. 1 / wyrażenie	二つ目の角を右に曲がります。	二つ 目[め]の 角[かど]を 右に 曲[ま]がる	[sound:hypertts-069192de8b8dd5cd979e48cd9c5ccdf87029668480ba65f3a3e6b9fc.mp3]	[sound:hypertts-88ccafca3bb4a574d6f3048ba723f5642c44ad48c086d00e2e598f2b.mp3]		二つ目の角を右に曲がる	二つ目の角を右に曲がります。	
1773475378402	1782884618	Doki Doki1-4 female_voice new	一つ目の信号を右に曲がる	一[ひと]つ 目[め]の 信[しん] 号[ごう]を 右[みぎ]に 曲[ま]がる	ひとつめのしんごうをみぎにまがる	hitotsume no shingō o migi ni magaru	skręcać w prawo na pierwszych światłach	一[ひと]つ 目[め]の 信号[しんごう]を 右[みぎ]に 曲[ま]がります。	Skręcam w prawo na pierwszych światłach.	一つ目の信号を右に曲がります	一つ目の信号を右に曲がりません	czasownik gr. 1 / wyrażenie	一つ目の信号を右に曲がります。	一つ 目[め]の 信号[しんごう]を 右に 曲[ま]がる	[sound:hypertts-7a085d65025825b986113d057bcb9dc400747255257157cef99ee392.mp3]	[sound:hypertts-0c1e0aa2492e2d1e77e844fb6b080ba5cd2a97686fd43937ae5fb846.mp3]		一つ目の信号を右に曲がる	一つ目の信号を右に曲がります。	
1773475378403	1782884618	Doki Doki1-4 female_voice new	二つ目の信号を右に曲がる	二[ふた]つ 目[め]の 信[しん] 号[ごう]を 右[みぎ]に 曲[ま]がる	ふたつめのしんごうをみぎにまがる	futatsume no shingō o migi ni magaru	skręcać w prawo na drugich światłach	二[ふた]つ 目[め]の 信号[しんごう]を 右[みぎ]に 曲[ま]がります。	Skręcam w prawo na drugich światłach.	二つ目の信号を右に曲がります	二つ目の信号を右に曲がりません	czasownik gr. 1 / wyrażenie	二つ目の信号を右に曲がります。	二つ 目[め]の 信号[しんごう]を 右に 曲[ま]がる	[sound:hypertts-09257fce949896bc01ab36b001fd1eb49930639395eee441bb0f80be.mp3]	[sound:hypertts-8e32825ca698bd8d3cbc2d535ad58e485d6ef743432194dbb99f9b65.mp3]		二つ目の信号を右に曲がる	二つ目の信号を右に曲がります。	
1773475378404	1782884618	Doki Doki1-4 female_voice new	道の左側	道[みち]の 左[ひだり] 側[がわ]	みちのひだりがわ	michi no hidarigawa	po lewej stronie ulicy	病院[びょういん]は 道[みち]の 左側[ひだりがわ]に あります。	Szpital jest po lewej stronie ulicy.	 	 	wyrażenie rzeczownikowe	病院は道の左側にあります。	道[みち]の 左 側[がわ]	[sound:hypertts-d6061077a702989f405ab56b6130b74b2055998554e489fa01d992a7.mp3]	[sound:hypertts-48c8d1b3998d0efb8e3cb09cc98d156c1c1cf8b020c3dd13b8744207.mp3]		道の左側	病院は道の左側にあります。	
1773475378406	1791198877	Doki Doki1-4 female_voice new	北	北[きた]	きた	kita	północ	駅[えき]の 北[きた]に 公園[こうえん]が あります。	Na północ od stacji jest park.	 	 	rzeczownik	駅の北に公園があります。	北	[sound:hypertts-82d769f8d50d8af257f7c459af976a732682b98f5509ee696ca189ef.mp3]	[sound:hypertts-6ab3159bd60de959253bcb1bf204b23ba1acd64e71d0d3e5aa925263.mp3]	[sound:北_キタ━_0_NHK-2016.mp3] [sound:北_キタ＼_2_NHK-2016.mp3]	北	駅の北に公園があります。	"""<span style=""""box-shadow: inset -2px -2px 0 0 #FF6633;""""><span style=""""color: royalblue;"""">キ</span></span><span style=""""box-shadow: inset 0px 2px 0 0px #FF6633;"""">タ</span> <span class=""""pitch_number"""">0</span>, <span style=""""box-shadow: inset -2px -2px 0 0 #FF6633;""""><span style=""""color: royalblue;"""">キ</span></span><span style=""""box-shadow: inset -2px 2px 0 0px #FF6633;"""">タ</span> <span class=""""pitch_number"""">2</span>"""
1773475378408	1791198877	Doki Doki1-4 male_voice new	東	東[ひがし]	ひがし	higashi	wschód	郵便局[ゆうびんきょく]は 駅[えき]の 東[ひがし]に あります。	Poczta jest na wschód od stacji.	 	 	rzeczownik	郵便局は駅の東にあります。	東	[sound:hypertts-5a728f66b3802dd187a30a30b64d814b0a27597839bbcf98e2d7c505.mp3]	[sound:hypertts-00561fc449da22a673332e89b0c77500f32f100ab9daf215b6159a31.mp3]	[sound:東_ヒカ゚シ━_0_NHK-2016.mp3] [sound:東_ヒカ゚シ＼_3_NHK-2016.mp3]	東	郵便局は駅の東にあります。	"""<span style=""""box-shadow: inset -2px -2px 0 0 #FF6633;"""">ヒ</span><span style=""""box-shadow: inset 0px 2px 0 0px #FF6633;"""">カ<span style=""""color: red;"""">°</span>シ</span> <span class=""""pitch_number"""">0</span>, <span style=""""box-shadow: inset -2px -2px 0 0 #FF6633;"""">ヒ</span><span style=""""box-shadow: inset -2px 2px 0 0px #FF6633;"""">カ<span style=""""color: red;"""">°</span>シ</span> <span class=""""pitch_number"""">3</span>"""
1773475378409	1791198877	Doki Doki1-4 male_voice new	西	西[にし]	にし	nishi	zachód	学校[がっこう]は 西[にし]に あります。	Szkoła znajduje się na zachodzie.	 	 	rzeczownik	学校は西にあります。	西	[sound:hypertts-d6e1e0f0a15248ae7fd4852e5cbc9429a8c8520781db6e94ba4361db.mp3]	[sound:hypertts-106ec60b032b66a2cb6812e692afb5ca9faaab49e7aca4c7068a024d.mp3]	[sound:西_ニシ━_0_NHK-2016.mp3]	西	学校は西にあります。	"""<span style=""""box-shadow: inset -2px -2px 0 0 #FF6633;"""">ニ</span><span style=""""box-shadow: inset 0px 2px 0 0px #FF6633;"""">シ</span> <span class=""""pitch_number"""">0</span>"""
1773479597560	1775147485	Doki Doki1-4 female_voice new	プレゼント	プレゼント	プレゼント	purezento	prezent	友達[ともだち]にプレゼントをあげます。	Daję przyjacielowi prezent.	 	 	zapożyczenie, rzeczownik	友達にプレゼントをあげます。		[sound:hypertts-67aa28952f96fa3d2229b4e7dfa3afd96782277d43211fdf0814ee7e.mp3]	[sound:hypertts-97b09a56dcb31709226743b1a1a9b44f2f0385c21bc412a50744b73c.mp3]	[sound:プレゼント_プレ＼ゼント_2_NHK-2016.mp3]	プレゼント	友達にプレゼントをあげます。	"""<span style=""""box-shadow: inset -2px -2px 0 0 #FF6633;"""">プ</span><span style=""""box-shadow: inset -2px 2px 0 0px #FF6633;"""">レ</span><span style=""""box-shadow: inset 0px -2px 0 0px #FF6633;"""">ゼント</span> <span class=""""pitch_number"""">2</span>"""
1773479597561	1775147485	Doki Doki1-4 female_voice new	リスニング	リスニング	リスニング	risuningu	słuchanie (np. zadanie ze słuchu)	毎日[まいにち] 英語[えいご]のリスニングをします。	Codziennie ćwiczę słuchanie z angielskiego.	 	 	zapożyczenie, rzeczownik	毎日英語のリスニングをします。		[sound:hypertts-dd51544e6171a71b3c4eb88bd563ece09facce64556113b136c0607a.mp3]	[sound:hypertts-8846ff17448559eeb9036ae59c0561a89b53a1270f4456178437b439.mp3]	[sound:リスニング_リスニング━_0_Shinmeikai-8.mp3] [sound:リスニング_リ＼スニング_1_Shinmeikai-8.mp3]	リスニング	毎日英語のリスニングをします。	"""<span style=""""box-shadow: inset -2px -2px 0 0 #FF6633;"""">リ</span><span style=""""box-shadow: inset 0px 2px 0 0px #FF6633;"""">スニング</span> <span class=""""pitch_number"""">0</span>, <span style=""""box-shadow: inset -2px 2px 0 0px #FF6633;"""">リ</span><span style=""""box-shadow: inset 0px -2px 0 0px #FF6633;"""">スニング</span> <span class=""""pitch_number"""">1</span>"""
1773479597562	1781597587	Doki Doki1-4 female_voice new	チケット	チケット	チケット	chiketto	bilet, wejściówka (np. do kina, muzeum)	映画[えいが]のチケットを 買[か]います。	Kupuję bilet do kina.	 	 	zapożyczenie, rzeczownik	映画のチケットを買います。		[sound:hypertts-d92b46bf16b966970b912bfe046881f8e9590b2b193bf25aec6dd39d.mp3]	[sound:hypertts-b26208173618e7fe57fcc842bf22eff31c67fb5fdf741bfdc2c2f982.mp3]	[sound:チケット_チ＼ケット_1_NHK-2016.mp3] [sound:チケット_チケ＼ット_2_NHK-2016.mp3]	チケット	映画のチケットを買います。	"""<span style=""""box-shadow: inset -2px 2px 0 0px #FF6633;""""><span style=""""color: royalblue;"""">チ</span></span><span style=""""box-shadow: inset 0px -2px 0 0px #FF6633;"""">ケット</span> <span class=""""pitch_number"""">1</span>, <span style=""""box-shadow: inset -2px -2px 0 0 #FF6633;""""><span style=""""color: royalblue;"""">チ</span></span><span style=""""box-shadow: inset -2px 2px 0 0px #FF6633;"""">ケ</span><span style=""""box-shadow: inset 0px -2px 0 0px #FF6633;"""">ット</span> <span class=""""pitch_number"""">2</span>"""
1773479597563	1790697810	Doki Doki1-4 female_voice leech new	結ぶ	結[むす]ぶ	むすぶ	musubu	łączyć, wiązać	靴[くつ]ひもを 結[むす]びます。	Wiążę sznurowadła.	結びます	結びません	czasownik gr. 1	靴ひもを結びます。		[sound:hypertts-68333ecbcca185e3d3fece737a83e8bf2d6f90418b66be8966ba3fcd.mp3]	[sound:hypertts-7118a3c07de476b6ba6b8322e58c43fd843326148477d95621c54644.mp3]	[sound:結ぶ_ムスブ━_0_NHK-2016.mp3]	結ぶ	靴ひもを結びます。	"""<span style=""""box-shadow: inset -2px -2px 0 0 #FF6633;"""">ム</span><span style=""""box-shadow: inset 0px 2px 0 0px #FF6633;"""">スブ</span> <span class=""""pitch_number"""">0</span>"""
1773479597564	1775147485	Doki Doki1-4 female_voice new	読み方	読[よ]み 方[かた]	よみかた	yomikata	sposób czytania, odczyt	この 漢字[かんじ]の 読[よ]み 方[かた]を 教[おし]えてください。	Proszę mnie nauczyć, jak czyta się ten znak kanji.	 	 	rzeczownik	この漢字の読み方を教えてください。		[sound:hypertts-7563a170495ea871eb50532f499d307695cdb1e22329bfbf4b6ebf16.mp3]	[sound:hypertts-30cda86dce5ebddcf82897e564c926292ccfc87146098b78ed1ccdd6.mp3]	[sound:読み方_ヨミカ＼タ_3_NHK-2016.mp3] [sound:読み方_ヨミカタ＼_4_NHK-2016.mp3]	読み方	この漢字の読み方を教えてください。	"""<span style=""""box-shadow: inset -2px -2px 0 0 #FF6633;"""">ヨ</span><span style=""""box-shadow: inset -2px 2px 0 0px #FF6633;"""">ミカ</span><span style=""""box-shadow: inset 0px -2px 0 0px #FF6633;"""">タ</span> <span class=""""pitch_number"""">3</span>, <span style=""""box-shadow: inset -2px -2px 0 0 #FF6633;"""">ヨ</span><span style=""""box-shadow: inset -2px 2px 0 0px #FF6633;"""">ミカタ</span> <span class=""""pitch_number"""">4</span>"""
1773479597565	1775147485	Doki Doki1-4 female_voice new	ワイン	ワイン	ワイン	wain	wino	レストランでワインを 飲[の]みます。	Piję wino w restauracji.	 	 	zapożyczenie, rzeczownik	レストランでワインを飲みます。		[sound:hypertts-48ffaa04bb42f416b33d576d3e4b678315697fa9b55fcbc96040c8ee.mp3]	[sound:hypertts-c09105d5955369852ec2ace124694447d1138fa0fb08a26ccf7d11ed.mp3]	[sound:ワイン_ワ＼イン_1_NHK-2016.mp3]	ワイン	レストランでワインを飲みます。	"""<span style=""""box-shadow: inset -2px -2px 0 0 #FF6633;"""">ワ</span><span style=""""box-shadow: inset 0px 2px 0 0px #FF6633;"""">イン</span> <span class=""""pitch_number"""">0</span>, <span style=""""box-shadow: inset -2px 2px 0 0px #FF6633;"""">ワ</span><span style=""""box-shadow: inset 0px -2px 0 0px #FF6633;"""">イン</span> <span class=""""pitch_number"""">1</span>"""
1773479597566	1788875172	Doki Doki1-4 female_voice leech new	ぐらい	ぐらい	ぐらい	gurai	około (do okresu trwania lub ilości)	毎日[まいにち] 一時間[いちじかん]ぐらい 勉強[べんきょう]します。	Codziennie uczę się przez około godzinę.	 	 	przyrostek	毎日一時間ぐらい勉強します。		[sound:hypertts-754c3ea8b77590f56ddb90de55ff03ceccc099ae1ab1c5ebc6131168.mp3]	[sound:hypertts-c75e163bc9091c4bf173eccd34b4ef431be5a3646c5cf555d3251c43.mp3]	[sound:ぐらい_グライ_JapanesePod101.mp3]	ぐらい	毎日一時間ぐらい勉強します。	"""<span style=""""box-shadow: inset -2px -2px 0 0 #FF6633;"""">グ</span><span style=""""box-shadow: inset 0px 2px 0 0px #FF6633;"""">ライ</span> <span class=""""pitch_number"""">0</span>, <span style=""""box-shadow: inset -2px -2px 0 0 #FF6633;"""">グ</span><span style=""""box-shadow: inset -2px 2px 0 0px #FF6633;"""">ラ</span><span style=""""box-shadow: inset 0px -2px 0 0px #FF6633;"""">イ</span> <span class=""""pitch_number"""">2</span>"""
1773479597567	1791211959	Doki Doki1-4 female_voice new	では	では	では	dewa	zatem, w takim razie (formalne じゃあ)	では、 会議[かいぎ]を 始[はじ]めましょう。	W takim razie zacznijmy spotkanie.	 	 	spójnik. Używany przy przechodzeniu do kolejnego tematu lub decyzji. W mowie często じゃあ.	では、会議を始めましょう。		[sound:hypertts-5522e72e1199375a9c113c057b0abba482913151fa47c3662cc3405b.mp3]	[sound:hypertts-04c5d19aeb5a7867c4231b46a69062e5ca244b77986464c0ddd0c46a.mp3]		では	では、会議を始めましょう。	"""<span style=""""box-shadow: inset -2px 2px 0 0px #FF6633;"""">デ</span><span style=""""box-shadow: inset 0px -2px 0 0px #FF6633;"""">ワ</span> <span class=""""pitch_number"""">1</span>"""
1773479597568	1775147485	Doki Doki1-4 female_voice new	サイト	サイト	サイト	saito	strona internetowa	そのサイトを 見[み]ます。	Oglądam tamtą stronę internetową.	 	 	zapożyczenie, rzeczownik	そのサイトを見ます。		[sound:hypertts-61a57c8bcf82ee4f4350e3c2aa66d8364e2e2eea71e8bf12f2da3226.mp3]	[sound:hypertts-bc04c4d258358346bd05630eaf606b634a2dc10ae9d54cdfdfb0643d.mp3]	[sound:サイト_サイト━_0_NHK-2016.mp3] [sound:サイト_サ＼イト_1_NHK-2016.mp3]	サイト	そのサイトを見ます。	"""<span style=""""box-shadow: inset -2px -2px 0 0 #FF6633;"""">サ</span><span style=""""box-shadow: inset 0px 2px 0 0px #FF6633;"""">イト</span> <span class=""""pitch_number"""">0</span>, <span style=""""box-shadow: inset -2px 2px 0 0px #FF6633;"""">サ</span><span style=""""box-shadow: inset 0px -2px 0 0px #FF6633;"""">イト</span> <span class=""""pitch_number"""">1</span>"""
1773479597569	1791202866	Doki Doki1-4 female_voice new	選ぶ	選[えら]ぶ	えらぶ	erabu	wybierać	好[す]きなプレゼントを 選[えら]びます。	Wybieram prezent, który mi się podoba.	選びます	選びません	czasownik gr. 1. Wybierać spośród kilku możliwości.	好きなプレゼントを選びます。		[sound:hypertts-bf6e5ba596c8ecbda075049a5bad2276b61eb61713886f85a6b6959f.mp3]	[sound:hypertts-08db15d4ac432f62d8dd389e3bd5757f749347a878231ee69fc9df2f.mp3]	[sound:選ぶ_エラ＼ブ_2_NHK-2016.mp3]	選ぶ	好きなプレゼントを選びます。	"""<span style=""""box-shadow: inset -2px -2px 0 0 #FF6633;"""">エ</span><span style=""""box-shadow: inset -2px 2px 0 0px #FF6633;"""">ラ</span><span style=""""box-shadow: inset 0px -2px 0 0px #FF6633;"""">ブ</span> <span class=""""pitch_number"""">2</span>"""
1773479597570	1775147485	Doki Doki1-4 female_voice new	カチャカチャ	カチャカチャ	カチャカチャ	kachakacha	klikanie, stukanie	パソコンのキーボードをカチャカチャと 打[う]ちます。	Stukam (klikam) w klawiaturę komputera.	 	 	onomatopeja	パソコンのキーボードをカチャカチャと打ちます。		[sound:hypertts-d11053c07ddda31acf33c112b8ff6905c5b5f5ed2692bc77b1c833c6.mp3]	[sound:hypertts-b980171ee1e751a8c76060babbe26e86554d847ba9613c11cd065b9e.mp3]	[sound:かちゃかちゃ_カチャカチャ_JapanesePod101.mp3]	カチャカチャ	パソコンのキーボードをカチャカチャと打ちます。	"""<span style=""""box-shadow: inset -2px 2px 0 0px #FF6633;"""">カ</span><span style=""""box-shadow: inset 0px -2px 0 0px #FF6633;"""">チャカチャ</span> <span class=""""pitch_number"""">1</span>"""
1773479597571	1781609346	Doki Doki1-4 female_voice new	遅れる	遅[おく]れる	おくれる	okureru	spóźniać się	学校[がっこう]に 遅[おく]れます。	Spóźniam się do szkoły.	 遅[おく]れます	 遅[おく]れません	czasownik gr. 2	学校に遅れます。		[sound:hypertts-320101d6b0abd834362c659564c3ed6eb5c401b284d41ba6c8cf9045.mp3]	[sound:hypertts-04e8750390e8ae7b35802e3fbf16a59f2f57f172bc51917c4f752a45.mp3]	[sound:遅れる_オクレル━_0_NHK-2016.mp3]	遅れる	学校に遅れます。	"""<span style=""""box-shadow: inset -2px -2px 0 0 #FF6633;"""">オ</span><span style=""""box-shadow: inset 0px 2px 0 0px #FF6633;"""">クレル</span> <span class=""""pitch_number"""">0</span>"""
1773479597572	1775147485	Doki Doki1-4 female_voice new	ワクワク	ワクワク	ワクワク	wakuwaku	ekscytacja	明日[あした]の 旅行[りょこう]がワクワクします。	Jestem podekscytowany jutrzejszą wycieczką.	 	 	onomatopeja	明日の旅行がワクワクします。		[sound:hypertts-355dbcd08631e572e6cc4b0f1b4cba0a94d97303b7e7c32ced9935b9.mp3]	[sound:hypertts-a77b3f76cd3810fde63a81c740153133aea673a3ccbc9b8f016458b4.mp3]	[sound:わくわく_ワ＼クワク_1_NHK-2016.mp3]	ワクワク	明日の旅行がワクワクします。	"""<span style=""""box-shadow: inset -2px 2px 0 0px #FF6633;"""">ワ</span><span style=""""box-shadow: inset 0px -2px 0 0px #FF6633;"""">クワク</span> <span class=""""pitch_number"""">1</span>"""
1773479597573	1789049063	Doki Doki1-4 female_voice leech new	旧市街	旧[きゅう] 市[し] 街[がい]	きゅうしがい	kyūshigai	stare miasto	旧市街[きゅうしがい]を 散歩[さんぽ]します。	Spaceruję po starym mieście.	 	 	rzeczownik	旧市街を散歩します。		[sound:hypertts-bdae42131d84d0a26adbdad26ea7cf9fd1e3d9570d4b6875933ddb41.mp3]	[sound:hypertts-d14b9e3c792e87c4c1de972009a4f4f2a7042798ad06e2459d174a68.mp3]	[sound:旧市街_キュウシガイ_JapanesePod101.mp3]	旧市街	旧市街を散歩します。	"""<span style=""""box-shadow: inset -2px -2px 0 0 #FF6633;"""">キュ</span><span style=""""box-shadow: inset -2px 2px 0 0px #FF6633;"""">ウシ</span><span style=""""box-shadow: inset 0px -2px 0 0px #FF6633;"""">ガイ</span> <span class=""""pitch_number"""">3</span>"""
1773479597574	1791357739	Doki Doki1-4 female_voice new	散歩	散[さん] 歩[ぽ]	さんぽ	sampo	spacer	公園[こうえん]を 散歩[さんぽ]します。	Spaceruję po parku.	 	 	rzeczownik	公園を散歩します。		[sound:hypertts-666dcb202991ba5c2cd1c847297be780f7d0990f72de2f47147e70a7.mp3]	[sound:hypertts-d26f58b19c6ac0f23958a02c98f478d545878c03ef453a44a9e43cef.mp3]	[sound:散歩_サンポ━_0_NHK-2016.mp3]	散歩	公園を散歩します。	"""<span style=""""box-shadow: inset -2px -2px 0 0 #FF6633;"""">サ</span><span style=""""box-shadow: inset 0px 2px 0 0px #FF6633;"""">ンポ</span> <span class=""""pitch_number"""">0</span>"""
1773479597575	1775147485	Doki Doki1-4 male_voice new	ワー	ワー	ワー	wā	wow, aach (okrzyk zachwytu)	ワー、きれいな 花[はな]ですね。	Wow, jakie piękne kwiaty.	 	 	onomatopeja, okrzyk	ワー、きれいな花ですね。		[sound:hypertts-0e1decf2e6c4eb044770d34565f22f278d551614f4211b86cf73b556.mp3]	[sound:hypertts-7aa082a5f892373dda8e16afc2605466ea17e36a7d68d2d41c6cfafe.mp3]		ワー	ワー、きれいな花ですね。	
1773479597576	1775147485	Doki Doki1-4 male_voice new	うーん	うーん	うーん	ūn	hmmm (wyrażenie zastanowienia)	うーん、 分[わ]かりません。	Hmmm, nie rozumiem.	 	 	wykrzyknik	うーん、分かりません。		[sound:hypertts-abfce612d279763d596e10d8560c522734f1632f7be16bad928a1b4f.mp3]	[sound:hypertts-8a9b01de070873489bcae31d20b489d6682b40856c7afb5595f450b7.mp3]		うーん / ウ-ン	うーん、分かりません。	
1773479597578	1788296327	Doki Doki1-4 leech male_voice new	電話に出る	電[でん] 話[わ]に 出[で]る	でんわにでる	denwa ni deru	odebrać telefon	急[いそ]いで 電話[でんわ]に 出[で]ます。	Szybko odbieram telefon.	電話に出ます	電話に出ません	czasownik gr. 2 (w oryginale &quot;電話で出る&quot; - poprawiono partykułę)	急いで電話に出ます。	電話[でんわ]に 出る	[sound:hypertts-341f6cb05e67db6970d0bef9b97fcaafe4572c08086eca7bbdb3d1c1.mp3]	[sound:hypertts-dd9278123c83f26a66d8d7886e058ca3bc1d4f89d195831aa8cb8f50.mp3]		電話に出る	急いで電話に出ます。	
1773479597579	1775147485	Doki Doki1-4 male_voice new	ダダダ	ダダダ	ダダダ	dadada	tup tup (onomatopeja biegu po schodach, szybkich kroków)	ダダダと 階段[かいだん]を 走[はし]ります。	Tupiąc, biegnę po schodach.	 	 	onomatopeja	ダダダと階段を走ります。		[sound:hypertts-58db70a97ed4d4f30ca42e33b5774f82fe423dcb40d1e8c7c4c60e41.mp3]	[sound:hypertts-e04da6255ff701e9e1e1270fa4f53481d93ac6a7785db425d915b3bc.mp3]		ダダダ	ダダダと階段を走ります。	
1773479597580	1781520910	Doki Doki1-4 male_voice new	早く	早[はや]く	はやく	hayaku	szybko, wcześnie	朝[あさ] 早[はや]く 起[お]きます。	Wstaję wcześnie rano.	 	 	przysłówek (od przymiotnika 早い)	朝早く起きます。		[sound:hypertts-dff729132081f1d5fb77138cca2897236d296680ecdacb3ebbaee6e5.mp3]	[sound:hypertts-d4ec8e29a58b1f6347202f8632fb93686f0e441363c7002f42fc6c26.mp3]	[sound:早く_ハ＼ヤク_1_NHK-2016.mp3]	早く	朝早く起きます。	"""<span style=""""box-shadow: inset -2px 2px 0 0px #FF6633;"""">ハ</span><span style=""""box-shadow: inset 0px -2px 0 0px #FF6633;"""">ヤク</span> <span class=""""pitch_number"""">1</span>"""
1773479597582	1775147485	Doki Doki1-4 male_voice new	すごい	すごい	すごい	sugoi	niesamowity, wspaniały (często jako okrzyk: wow!)	すごい 荷物[にもつ]を 持[も]っていますね。	Masz strasznie dużo bagażu, prawda?	 	 	すごい to i-przymiotnik, który wprost oznacza: niesamowity, wspaniały, świetny, ale też w nieco innym kontekście: straszny, okropny, ogromny.	すごい荷物を持っていますね。		[sound:hypertts-c8575924c8f26cdc585119807045ea9e22fbaaf278a18ae40dec4dfa.mp3]	[sound:hypertts-04deec38f75e1872e5f3741e0a5b02d1dace67fb5005cd206faff9cb.mp3]	[sound:すごい_スコ゚＼イ_2_NHK-2016.mp3]	すごい	すごい荷物を持っていますね。	"""<span style=""""box-shadow: inset -2px -2px 0 0 #FF6633;"""">ス</span><span style=""""box-shadow: inset -2px 2px 0 0px #FF6633;"""">コ<span style=""""color: red;"""">°</span></span><span style=""""box-shadow: inset 0px -2px 0 0px #FF6633;"""">イ</span> <span class=""""pitch_number"""">2</span>"""
1773479597583	1775147485	Doki Doki1-4 male_voice new	アラーム	アラーム	アラーム	arāmu	alarm	朝[あさ]、アラームが 鳴[な]りました。	Rano zadzwonił alarm.	 	 	zapożyczenie, rzeczownik	朝、アラームが鳴りました。		[sound:hypertts-fd675c1b48735af47e4240b018f4176fd13f65fa07806defdc11c6b6.mp3]	[sound:hypertts-bea5d6413c85d476bb0afe38ec8d74d6ad6edfb7a144e574956e83a8.mp3]	[sound:アラーム_アラ＼ーム_2_NHK-2016.mp3]	アラーム	朝、アラームが鳴りました。	"""<span style=""""box-shadow: inset -2px -2px 0 0 #FF6633;"""">ア</span><span style=""""box-shadow: inset -2px 2px 0 0px #FF6633;"""">ラ</span><span style=""""box-shadow: inset 0px -2px 0 0px #FF6633;"""">ーム</span> <span class=""""pitch_number"""">2</span>"""
1773483733130	1781546370	Doki Doki1-4 female_voice	貰う	貰[もら]う	もらう	morau	dostać, otrzymać	友達[ともだち]にプレゼントを貰[もら]いました。	Dostałem prezent od przyjaciela.	貰[もら]います	貰[もら]いません	czasownik gr. 1	友達にプレゼントをもらいました。		[sound:hypertts-89935c4710abb130c5ea65e979763d781020933c745c23c5163603d8.mp3]	[sound:hypertts-f946ceb97852d0bb2ffd92662f201a7de62b6bb6b0a5e02895cb3f10.mp3]	[sound:もらう_モラウ━_0_NHK-2016.mp3]	もらう	友達にプレゼントをもらいました。	"""<span style=""""box-shadow: inset -2px -2px 0 0 #FF6633;"""">モ</span><span style=""""box-shadow: inset 0px 2px 0 0px #FF6633;"""">ラウ</span> <span class=""""pitch_number"""">0</span>"""
1773483733131	1782884618	Doki Doki1-4 female_voice leech	琥珀	琥[こ] 珀[はく]	こはく	kohaku	bursztyn	きれいな 琥珀[こはく]を 買[か]いました。	Kupiłem ładny bursztyn.	 	 	rzeczownik	きれいな琥珀を買いました。		[sound:hypertts-47de82fc02df6b255844e7cbf7015835fd42fd80066e3a77a90139d9.mp3]	[sound:hypertts-f0701f33f7846fff5df06f97b2238e86544c6b404bfde19ffd4e9941.mp3]	[sound:琥珀_コハク━_0_NHK-2016.mp3]	琥珀	きれいな琥珀を買いました。	"""<span style=""""box-shadow: inset -2px -2px 0 0 #FF6633;"""">コ</span><span style=""""box-shadow: inset 0px 2px 0 0px #FF6633;"""">ハク</span> <span class=""""pitch_number"""">0</span>"""
1773483733132	1775147485	Doki Doki1-4 female_voice	や	や	や	ya	i, lub (do wyliczania częściowego)	ワインやビールを 飲[の]みます。	Piję wino, piwo i tym podobne.	 	 	partykuła	ワインやビールを飲みます。		[sound:hypertts-a58a2becfeb50c4d265d042ede7e55829ebed28af2e334c05411ed20.mp3]	[sound:hypertts-19036cc0b2f084d0dbad1752768247971dc5c7f5db9df5de130f6687.mp3]	[sound:や_ヤ＼_1_NHK-2016.mp3]	や	ワインやビールを飲みます。	
1773483733133	1791200480	Doki Doki1-4 female_voice	曲がる	曲[ま]がる	まがる	magaru	skręcać	次[つぎ]の 角[かど]を 右[みぎ]に 曲[ま]がります。	Skręcam w prawo na następnym rogu.	曲がります	曲がりません	czasownik gr. 1. Używany przy zmianie kierunku drogi lub trasy.	次の角を右に曲がります。		[sound:hypertts-e2cd136b8bb830625b63af864e21413dec223da00ff077f8d662255f.mp3]	[sound:hypertts-68960b146a05425156ebcfde36f799d86aeb1490fa7a2ee7371f41ca.mp3]	[sound:曲がる_マカ゚ル━_0_NHK-2016.mp3]	曲がる	次の角を右に曲がります。	"""<span style=""""box-shadow: inset -2px -2px 0 0 #FF6633;"""">マ</span><span style=""""box-shadow: inset 0px 2px 0 0px #FF6633;"""">カ<span style=""""color: red;"""">°</span>ル</span> <span class=""""pitch_number"""">0</span>"""
1773483733134	1791214975	Doki Doki1-4 female_voice	角	角[かど]	かど	kado	róg (np. ulicy), kąt zewnętrzny, narożnik	次[つぎ]の 角[かど]を 左[ひだり]に 曲[ま]がります。	Skręcam w lewo na następnym rogu.	 	 	rzeczownik. Róg ulicy lub narożnik. Znak 角 ma też inne czytania w innych znaczeniach.	次の角を左に曲がります。		[sound:hypertts-0d954346bd477e53885515114fab2dfdc3bad6b0c7145cc0a7aa6c4b.mp3]	[sound:hypertts-82144933d5b8a10efc34f9300b7cca54670e6cfd5b9754fa5fc73375.mp3]		角	次の角を左に曲がります。	
1773483733135	1791206769	Doki Doki1-4 female_voice leech	交差点	交[こう] 差[さ] 点[てん]	こうさてん	kōsaten	skrzyżowanie	交差点[こうさてん]を 渡[わた]ります。	Przechodzę przez skrzyżowanie.	 	 	rzeczownik	交差点を渡ります。		[sound:hypertts-add6c0fb90ef823d82e7f91f28dfde4027dc29c718cda0aeefe8ba9d.mp3]	[sound:hypertts-81ec9bb6af29780a0c6feb08bdf0d1883bb75524e78e07b524ac0b79.mp3]	[sound:交差点_コーサテン━_0_NHK-2016.mp3] [sound:交差点_コーサ＼テン_3_NHK-2016.mp3]	交差点	交差点を渡ります。	"""<span style=""""box-shadow: inset -2px -2px 0 0 #FF6633;"""">コ</span><span style=""""box-shadow: inset 0px 2px 0 0px #FF6633;"""">ーサテン</span> <span class=""""pitch_number"""">0</span>, <span style=""""box-shadow: inset -2px -2px 0 0 #FF6633;"""">コ</span><span style=""""box-shadow: inset -2px 2px 0 0px #FF6633;"""">ーサ</span><span style=""""box-shadow: inset 0px -2px 0 0px #FF6633;"""">テン</span> <span class=""""pitch_number"""">3</span>"""
1773483733136	1791200480	Doki Doki1-4 female_voice	信号	信[しん] 号[ごう]	しんごう	shingō	światła uliczne, sygnalizacja świetlna	あの 信号[しんごう]を 右[みぎ]に 曲[ま]がります。	Skręcam w prawo na tamtych światłach.	 	 	rzeczownik. Sygnalizacja świetlna lub sygnał. W kontekście ulicy zwykle chodzi o światła.	あの信号を右に曲がります。		[sound:hypertts-cc3da081fd8279597cff7bf9171a0f2ae8fda632c97e81ea7e470192.mp3]	[sound:hypertts-9155c864b0ee8f13302f399d315268768451661f964d09606d5207f0.mp3]	[sound:信号_シンコ゚ー━_0_NHK-2016.mp3]	信号	あの信号を右に曲がります。	"""<span style=""""box-shadow: inset -2px -2px 0 0 #FF6633;"""">シ</span><span style=""""box-shadow: inset 0px 2px 0 0px #FF6633;"""">ンコ<span style=""""color: red;"""">°</span>ー</span> <span class=""""pitch_number"""">0</span>"""
1773483733137	1775147485	Doki Doki1-4 female_voice	渡る	渡[わた]る	わたる	wataru	przejść (np. przez ulicę, most)	道[みち]を 渡[わた]ります。	Przechodzę przez ulicę.	渡ります	渡りません	czasownik gr. 1	道を渡ります。		[sound:hypertts-c8fa3ae4cb914fe15977a49f7aac1751195cdb727755bcaefbbb5e13.mp3]	[sound:hypertts-e525b91e026edb99bced34210adb3155f97217e7ef484b62f599486c.mp3]	[sound:渡る_ワタル━_0_NHK-2016.mp3]	渡る	道を渡ります。	"""<span style=""""box-shadow: inset -2px -2px 0 0 #FF6633;"""">ワ</span><span style=""""box-shadow: inset 0px 2px 0 0px #FF6633;"""">タル</span> <span class=""""pitch_number"""">0</span>"""
1773483733138	1775147485	Doki Doki1-4 female_voice	パン屋	パン 屋[や]	パンや	panya	piekarnia	パン 屋[や]でパンを 買[か]います。	Kupuję chleb w piekarni.	 	 	rzeczownik	パン屋でパンを買います。		[sound:hypertts-6c237d855fd899cd12d8783d0e5540f9c400ef31eb6a9f9e9cfebeb1.mp3]	[sound:hypertts-8b47187dd2079cde86d2fe9584188b37f71a395c0a518ea9b083ce88.mp3]	[sound:パン屋_パ＼ンヤ_1_NHK-2016.mp3]	パン屋	パン屋でパンを買います。	"""<span style=""""box-shadow: inset -2px 2px 0 0px #FF6633;"""">パ</span><span style=""""box-shadow: inset 0px -2px 0 0px #FF6633;"""">ンヤ</span> <span class=""""pitch_number"""">1</span>"""
1773483733139	1791200480	Doki Doki1-4 female_voice	道	道[みち]	みち	michi	ulica, droga	この 道[みち]をまっすぐ 行[い]きます。	Idę prosto tą ulicą.	 	 	rzeczownik. Droga, ulica, trasa lub sposób dojścia.	この道をまっすぐ行きます。		[sound:hypertts-0175c26f6bf41c067a4363b0bcc327ef8e8047b6c811800991c2bbdd.mp3]	[sound:hypertts-43ae66c83919dac5158325cbf76966e1304ce7bea258f7c8c549428b.mp3]	[sound:道_ミチ━_0_NHK-2016.mp3]	道	この道をまっすぐ行きます。	"""<span style=""""box-shadow: inset -2px -2px 0 0 #FF6633;"""">ミ</span><span style=""""box-shadow: inset 0px 2px 0 0px #FF6633;"""">チ</span> <span class=""""pitch_number"""">0</span>"""
1773484281460	1782884618	Doki Doki1-4 male_voice	桜開花の予想	桜[さくら] 開[かい] 花[か]の 予[よ] 想[そう]	さくらかいかのよそう	sakura kaika no yosō	prognoza kwitnienia wiśni	テレビで 桜開花[さくらかいか]の 予想[よそう]を 見[み]ます。	Oglądam w telewizji prognozę kwitnienia wiśni.	 	 	rzeczownik	テレビで桜開花の予想を見ます。		[sound:hypertts-7b361f8313a1c9e297d620c6c212f3fedd1ca060fc84f3cfb31b8f02.mp3]	[sound:hypertts-73b00861d4263cef3278e924e704cbdfaf3dbcfea30ec3bbd1b1aefb.mp3]		桜開花の予想	テレビで桜開花の予想を見ます。	
1773484281461	1782884618	Doki Doki1-4 male_voice	桜前線	桜[さくら] 前[ぜん] 線[せん]	さくらぜんせん	sakura zensen	front kwitnienia wiśni	桜前線[さくらぜんせん]のニュースを 見[み]ました。	Widziałem wiadomości o froncie kwitnienia wiśni.	 	 	rzeczownik (termin określający linię na mapie, która pokazuje daty kwitnienia w Japonii)	桜前線のニュースを見ました。		[sound:hypertts-6a8e1c6adf5ca72c5cd81ab20d983a3343ecd7678bda55e49d4f7832.mp3]	[sound:hypertts-ba8c231bc973d42302fd12d1986ac4f116a241e711de5c56b3bb7a76.mp3]	[sound:桜前線_サクラゼ＼ンセン_4_NHK-2016.mp3]	桜前線	桜前線のニュースを見ました。	"""<span style=""""box-shadow: inset -2px -2px 0 0 #FF6633;"""">サ</span><span style=""""box-shadow: inset -2px 2px 0 0px #FF6633;"""">クラゼ</span><span style=""""box-shadow: inset 0px -2px 0 0px #FF6633;"""">ンセン</span> <span class=""""pitch_number"""">4</span>"""
1773746079072	1775147485	Doki Doki1-4 female_voice	下げる	下[さ]げる	さげる	sageru	obniżać, opuszczać (np. cenę, temperaturę)	値段[ねだん]を 下[さ]げます。	Obniżam cenę.	下げます	下げません	czasownik gr. 2	値段を下げます。	下げる	[sound:hypertts-d445a0ad392dc07b3bb7840489081d84462ea0efeb4aad5cd3fabb57.mp3]	[sound:hypertts-d68fa57d8aeb74eaa353d19514d9c2cee0582454538a88005658244a.mp3]	[sound:下げる_サケ゚＼ル_2_NHK-2016.mp3]	下げる	値段を下げます。	"""<span style=""""box-shadow: inset -2px -2px 0 0 #FF6633;"""">サ</span><span style=""""box-shadow: inset -2px 2px 0 0px #FF6633;"""">ケ<span style=""""color: red;"""">°</span></span><span style=""""box-shadow: inset 0px -2px 0 0px #FF6633;"""">ル</span> <span class=""""pitch_number"""">2</span>"""
1774080159496	1791200480	Doki Doki1-4 female_voice	卵	卵[たまご]	たまご	tamago	jajko	冷蔵庫[れいぞうこ]の 中[なか]に 卵[たまご]が あります。	W lodówce są jajka.	 	 	rzeczownik. Jajko jako produkt spożywczy.	冷蔵庫の中に卵があります。		[sound:hypertts-84b00b31ea83d62b94c82dfed21c9c74685bb569aba474b84c27bde9.mp3]	[sound:hypertts-33610141807a2dd062ff5f500c82ec855be24a4da41b358f9c381a0f.mp3]	[sound:卵_タマコ゚━_0_NHK-2016.mp3] [sound:卵_タマ＼コ゚_2_NHK-2016.mp3]	卵	冷蔵庫の中に卵があります。	"""<span style=""""box-shadow: inset -2px -2px 0 0 #FF6633;"""">タ</span><span style=""""box-shadow: inset 0px 2px 0 0px #FF6633;"""">マコ<span style=""""color: red;"""">°</span></span> <span class=""""pitch_number"""">0</span>, <span style=""""box-shadow: inset -2px -2px 0 0 #FF6633;"""">タ</span><span style=""""box-shadow: inset -2px 2px 0 0px #FF6633;"""">マ</span><span style=""""box-shadow: inset 0px -2px 0 0px #FF6633;"""">コ<span style=""""color: red;"""">°</span></span> <span class=""""pitch_number"""">2</span>"""
1774080159497	1791200480	Doki Doki1-4 female_voice	バター	バター	バター	batā	masło	バターは 冷蔵庫[れいぞうこ]に あります。	Masło jest w lodówce.		 	zapożyczenie. Masło.	バターは冷蔵庫にあります。		[sound:hypertts-a62e04d33dbc7d942210185e72197e5e05ad2f13e50d751a6dcb88d5.mp3]	[sound:hypertts-d8cddc3d513d3dcbbc07e6ef9c8d1e17e1776bb5ae532b480e58c993.mp3]	[sound:バター_バ＼ター_1_NHK-2016.mp3]	バター	バターは冷蔵庫にあります。	"""<span style=""""box-shadow: inset -2px 2px 0 0px #FF6633;"""">バ</span><span style=""""box-shadow: inset 0px -2px 0 0px #FF6633;"""">ター</span> <span class=""""pitch_number"""">1</span>"""
1774080159498	1791211959	Doki Doki1-4 female_voice leech	冷蔵庫	冷[れい] 蔵[ぞう] 庫[こ]	れいぞうこ	reizōko	lodówka	冷蔵庫[れいぞうこ]に 何[なに]が ありますか。	Co jest w lodówce?	 	 	rzeczownik.	冷蔵庫に何がありますか。		[sound:hypertts-12dafcb568d2e3101654fca8a6ad9339f909402d6a53259337c83ca5.mp3]	[sound:hypertts-cf9f2c9475b586a08601205d42667be1b337d2978847eee930b46446.mp3]	[sound:冷蔵庫_レーゾ＼ーコ_3_NHK-2016.mp3]	冷蔵庫	冷蔵庫に何がありますか。	"""<span style=""""box-shadow: inset -2px -2px 0 0 #FF6633;"""">レ</span><span style=""""box-shadow: inset -2px 2px 0 0px #FF6633;"""">イゾ</span><span style=""""box-shadow: inset 0px -2px 0 0px #FF6633;"""">ーコ</span> <span class=""""pitch_number"""">3</span>"""
1774080159499	1782884618	Doki Doki1-4 female_voice	お世話になりました	お 世[せ] 話[わ]になりました	おせわになりました	osewa ni narimashita	dziękuję za opiekę / dziękuję za wszystko	先生[せんせい]、お 世話[せわ]に なりました。	Panie profesorze, dziękuję za wszystko.		 	zwrot grzecznościowy	先生、お世話になりました。		[sound:hypertts-27f85d04d3cfee5dc66bcc3faf83035d581d78ddd7be841747b11c16.mp3]	[sound:hypertts-d2156b6c0ed06490abb041b19fc32abdec91829f2dead4615a19b7e9.mp3]		お世話になりました	先生、お世話になりました。	
1774084520799	1782884618	Doki Doki1-5	季節	季[き] 節[せつ]	きせつ	kisetsu	pora roku	季節[きせつ]の 中[なか]で いつが 一番[いちばん] 好き[すき]ですか。	Którą spośród wszystkich pór roku lubisz najbardziej?	 	 		季節の中でいつが一番好きですか。		[sound:hypertts-7c6a7bb2a7d4a9c1cf1009d14233242f4f48a1cb9c31434eacfc253d.mp3]	[sound:hypertts-f69d0df44fa25824c752dffabf969c43d0cbb06b6cf772d628d9e19e.mp3]	[sound:季節_キ＼セツ_1_NHK-2016.mp3] [sound:季節_キセ＼ツ_2_NHK-2016.mp3]	季節	季節の中でいつが一番好きですか。	"""<span style=""""box-shadow: inset -2px 2px 0 0px #FF6633;""""><span style=""""color: royalblue;"""">キ</span></span><span style=""""box-shadow: inset 0px -2px 0 0px #FF6633;"""">セツ</span> <span class=""""pitch_number"""">1</span>, <span style=""""box-shadow: inset -2px -2px 0 0 #FF6633;""""><span style=""""color: royalblue;"""">キ</span></span><span style=""""box-shadow: inset -2px 2px 0 0px #FF6633;"""">セ</span><span style=""""box-shadow: inset 0px -2px 0 0px #FF6633;"""">ツ</span> <span class=""""pitch_number"""">2</span>"""
1774085031586	1775147485	Doki Doki1-5 male_voice	熱い	熱[あつ]い	あつい	atsui	gorący (w dotyku)	お 茶[ちゃ]が 熱[あつ]いですから、気[き]を 付[つ]けてください。	Herbata jest gorąca, więc proszę uważać.		 	i-adj	お茶が熱いですから、気を付けてください。		[sound:hypertts-2c376fc02b023d9f5609a6ec97615dbb322a99881980d2e5935af67c.mp3]	[sound:hypertts-6208638b20f388ca4e502956c5a11ea8a4910a801d42b084a8ed9f6a.mp3]	[sound:熱い_アツ＼イ_2_NHK-2016.mp3]	熱い	お茶が熱いですから、気を付けてください。	"""<span style=""""box-shadow: inset -2px -2px 0 0 #FF6633;"""">ア</span><span style=""""box-shadow: inset -2px 2px 0 0px #FF6633;"""">ツ</span><span style=""""box-shadow: inset 0px -2px 0 0px #FF6633;"""">イ</span> <span class=""""pitch_number"""">2</span>"""
1774085031588	1781545999	Doki Doki1-5 male_voice	温かい	温[あたた]かい	あたたかい	atatakai	ciepły (w dotyku)	このスープは 温[あたた]かいです。	Ta zupa jest ciepła.		 	i-adj	このスープは温かいです。		[sound:hypertts-dd6a580e788ebf78cc88d83f41f79d93f7da529749ca86d9a5b9ad37.mp3]	[sound:hypertts-98b922e4bb7dcfb828a89e9a974eea6db37971e14be357aca52e4d22.mp3]	[sound:温かい_アタタカ＼イ_4_NHK-2016.mp3]	温かい	このスープは温かいです。	"""<span style=""""box-shadow: inset -2px -2px 0 0 #FF6633;"""">ア</span><span style=""""box-shadow: inset -2px 2px 0 0px #FF6633;"""">タタカ</span><span style=""""box-shadow: inset 0px -2px 0 0px #FF6633;"""">イ</span> <span class=""""pitch_number"""">4</span>"""
1774085031589	1776878498	Doki Doki1-5 male_voice	気を付ける	気[き]を 付[つ]ける	きをつける	ki o tsukeru	uważać	熱[あつ]いですから、気[き]を 付[つ]けてください。	Jest gorące, więc proszę uważać.	気を付けます	気を付けません	czasownik gr. 2	熱いですから、気を付けてください。	気を 付[つ]ける	[sound:hypertts-1afa8421be5218c15df6f409339f18972d5ed40a9dcef71a302cee30.mp3]	[sound:hypertts-addc9f10a379bb62c9514b89371b9adfe0ccf63f34612045079fe181.mp3]	[sound:気を付ける_キヲツケル_TAAS.mp3]	気を付ける	熱いですから、気を付けてください。	"""<span style=""""box-shadow: inset -2px -2px 0 0 #FF6633;"""">キ</span><span style=""""box-shadow: inset 0px 2px 0 0px #FF6633;"""">ヲツケル</span> <span class=""""pitch_number"""">0</span>"""
1774090048749	1775147485	Doki Doki1-5 female_voice	速い	速[はや]い	はやい	hayai	szybki (prędkość)	新幹線[しんかんせん]は とても 速[はや]いです。	Shinkansen jest bardzo szybki.		 	i-adj	新幹線はとても速いです。		[sound:hypertts-f3e780abebf4bb052a99b0a523d716b6ec55e34b85064c1fbe8f143b.mp3]	[sound:hypertts-50a1a28f3d59d10bbf408891547d9f216a024b718fe1ea30d789f95e.mp3]	[sound:速い_ハヤ＼イ_2_NHK-2016.mp3]	速い	新幹線はとても速いです。	"""<span style=""""box-shadow: inset -2px -2px 0 0 #FF6633;"""">ハ</span><span style=""""box-shadow: inset -2px 2px 0 0px #FF6633;"""">ヤ</span><span style=""""box-shadow: inset 0px -2px 0 0px #FF6633;"""">イ</span> <span class=""""pitch_number"""">2</span>"""
1774090048750	1775147485	Doki Doki1-5 female_voice	早い	早[はや]い	はやい	hayai	wczesny (pora)	今日[きょう]は 朝[あさ] 早[はや]く 起[お]きました。	Dzisiaj rano wcześnie wstałem.		 	i-adj	今日は朝早く起きました。		[sound:hypertts-06936e6d1b4a918f3a84c1108f695542e76a5bc7b1978f50410ce8d5.mp3]	[sound:hypertts-ac46b362b189ab7585673d9fe232f3764198a1a6aa2069b4e717f640.mp3]	[sound:早い_ハヤ＼イ_2_NHK-2016.mp3]	早い	今日は朝早く起きました。	"""<span style=""""box-shadow: inset -2px -2px 0 0 #FF6633;"""">ハ</span><span style=""""box-shadow: inset -2px 2px 0 0px #FF6633;"""">ヤ</span><span style=""""box-shadow: inset 0px -2px 0 0px #FF6633;"""">イ</span> <span class=""""pitch_number"""">2</span>"""
1774090048751	1781614403	Doki Doki1-5 female_voice	鼠	鼠[ねずみ]	ねずみ	nezumi	mysz	この 部屋[へや]に 鼠[ねずみ]が います。	W tym pokoju jest mysz.				この部屋に鼠がいます。		[sound:hypertts-a0d0ed7d57774fba8b03883d126b2047fea289b79c1c8d31b95f020b.mp3]	[sound:hypertts-cc6958366e720f0e50172c77b8de8a75b35a17813191be56203d116e.mp3]	[sound:鼠_ネズミ━_0_NHK-2016.mp3]	鼠	この部屋に鼠がいます。	"""<span style=""""box-shadow: inset -2px -2px 0 0 #FF6633;"""">ネ</span><span style=""""box-shadow: inset 0px 2px 0 0px #FF6633;"""">ズミ</span> <span class=""""pitch_number"""">0</span>"""
1774090048752	1775147485	Doki Doki1-5 female_voice	兎	兎[うさぎ]	うさぎ	usagi	królik	この 兎[うさぎ]は とても かわいいです。	Ten królik jest bardzo uroczy.			i-adj (w zdaniu)	この兎はとてもかわいいです。		[sound:hypertts-d90d2618802b3fd916e22e4f8e924fea2a6871198962a17379a98b31.mp3]	[sound:hypertts-afc80f4b18f9a3c1b4e0b528b73f51120ed73d29fdf8b9df0d743a5b.mp3]	[sound:兎_ウサキ゚━_0_NHK-2016.mp3]	兎	この兎はとてもかわいいです。	"""<span style=""""box-shadow: inset -2px -2px 0 0 #FF6633;"""">ウ</span><span style=""""box-shadow: inset 0px 2px 0 0px #FF6633;"""">サキ<span style=""""color: red;"""">°</span></span> <span class=""""pitch_number"""">0</span>"""
1774090048753	1775147485	Doki Doki1-5 female_voice	羊	羊[ひつじ]	ひつじ	hitsuji	owca	山[やま]に 羊[ひつじ]が 三頭[さんとう] います。	W górach są trzy owce.				山に羊が三頭います。		[sound:hypertts-a8de69d3f8ba216084b17c31c90f48e046c1ce7e8e573f44e88e3ee9.mp3]	[sound:hypertts-8f14739a8466d06ea4c6a002ed9557cc0bcd95df2c5016e60b652df0.mp3]	[sound:羊_ヒツジ━_0_NHK-2016.mp3]	羊	山に羊が三頭います。	"""<span style=""""box-shadow: inset -2px -2px 0 0 #FF6633;""""><span style=""""color: royalblue;"""">ヒ</span></span><span style=""""box-shadow: inset 0px 2px 0 0px #FF6633;"""">ツジ</span> <span class=""""pitch_number"""">0</span>"""
1774090048754	1775147485	Doki Doki1-5 female_voice	猪	猪[いのしし]	いのしし	inoshishi	dzik	森[もり]に 猪[いのしし]が いました。	W lesie był dzik.				森に猪がいました。		[sound:hypertts-221d2fb88c9003d18c5c8bc3b7465d751c9c50dc3fe182eb15eb7b6b.mp3]	[sound:hypertts-03e0f6498b8bdfdde05945d1247e549a9222e92389203934fbf4dca7.mp3]	[sound:猪_イノシ＼シ_3_NHK-2016.mp3]	猪	森に猪がいました。	"""<span style=""""box-shadow: inset -2px -2px 0 0 #FF6633;"""">イ</span><span style=""""box-shadow: inset -2px 2px 0 0px #FF6633;"""">ノシ</span><span style=""""box-shadow: inset 0px -2px 0 0px #FF6633;"""">シ</span> <span class=""""pitch_number"""">3</span>"""
1774090048755	1775147485	Doki Doki1-5 female_voice	烏	烏[からす]	からす	karasu	kruk	あの 烏[からす]は 大き[おおき]いです。	Tamten kruk jest duży.				あの烏は大きいです。		[sound:hypertts-7bf78296a4fa5d36a3c389edf679faf41f93d4d82be42ca3309557f7.mp3]	[sound:hypertts-367877fc9d85b2d816b04840ff1fbb627f576ae987cd5834798d37e3.mp3]	[sound:烏_カ＼ラス_1_NHK-2016.mp3]	烏	あの烏は大きいです。	"""<span style=""""box-shadow: inset -2px 2px 0 0px #FF6633;"""">カ</span><span style=""""box-shadow: inset 0px -2px 0 0px #FF6633;"""">ラス</span> <span class=""""pitch_number"""">1</span>"""
1774090048756	1775147485	Doki Doki1-5 female_voice	栗鼠	栗鼠[りす]	りす	risu	wiewiórka	公園[こうえン]に 栗鼠[りす]が たくさん います。	W parku jest dużo wiewiórek.				公園に栗鼠がたくさんいます。		[sound:hypertts-ccb3ba1e647a07efb38f13afcb1451120a5f977a142a2fdb481787c5.mp3]	[sound:hypertts-b39e9c44649818fef88ee94f14c54037d69a484be08ceabb104596ac.mp3]	[sound:栗鼠_リ＼ス_1_NHK-2016.mp3]	栗鼠	公園に栗鼠がたくさんいます。	"""<span style=""""box-shadow: inset -2px 2px 0 0px #FF6633;"""">リ</span><span style=""""box-shadow: inset 0px -2px 0 0px #FF6633;"""">ス</span> <span class=""""pitch_number"""">1</span>"""
1774090048757	1784976629	Doki Doki1-5 female_voice leech	亀	亀[かめ]	かめ	kame	żółw	動物[どうぶつ]の 中[なか]で 亀[かめ]が 一番[いちばん] 好き[すき]です。	Ze zwierząt najbardziej lubię żółwie.				動物の中で亀が一番好きです。		[sound:hypertts-11912e570020f464acdcdf1bdf8532cc3ee62599fd34d539041414a9.mp3]	[sound:hypertts-fd88f1b02378313aa148aab511eba558d0f647f1e757193fb5f0aec8.mp3]	[sound:亀_カ＼メ_1_NHK-2016.mp3]	亀	動物の中で亀が一番好きです。	"""<span style=""""box-shadow: inset -2px 2px 0 0px #FF6633;"""">カ</span><span style=""""box-shadow: inset 0px -2px 0 0px #FF6633;"""">メ</span> <span class=""""pitch_number"""">1</span>"""
1774090048759	1782884618	Doki Doki1-5 female_voice	孔雀	孔[く] 雀[じゃく]	くじゃく	kujaku	paw	孔雀[くじゃく]は とても きれいです。	Paw jest bardzo piękny.				孔雀はとてもきれいです。		[sound:hypertts-4dc0902bcdd28de56063cdb705318caa555336ccfc94a482cb8fcbf4.mp3]	[sound:hypertts-e831e1a6a65894821bf2ad9ee16bf28f426d43091cbcc510b9194b07.mp3]	[sound:孔雀_クジャク━_0_NHK-2016.mp3]	孔雀	孔雀はとてもきれいです。	"""<span style=""""box-shadow: inset -2px -2px 0 0 #FF6633;"""">ク</span><span style=""""box-shadow: inset 0px 2px 0 0px #FF6633;"""">ジャク</span> <span class=""""pitch_number"""">0</span>"""
1774090048760	1791206769	Doki Doki1-5 female_voice	熊	熊[くま]	くま	kuma	niedźwiedź	山奥[やまおく]に 熊[くま]が います。	W głębi gór są niedźwiedzie.				山奥に熊がいます。		[sound:hypertts-73599214cd1afc28102fae37f675154564c128ca21f302ee9c7aaa5c.mp3]	[sound:hypertts-20b1c5401042a3e0ceeda9d31976f2c792efe44a8c2a16097e0e034a.mp3]	[sound:熊_ク＼マ_1_NHK-2016.mp3]	熊	山奥に熊がいます。	"""<span style=""""box-shadow: inset -2px -2px 0 0 #FF6633;"""">ク</span><span style=""""box-shadow: inset -2px 2px 0 0px #FF6633;"""">マ</span> <span class=""""pitch_number"""">2</span>"""
1774090048761	1775147485	Doki Doki1-5 female_voice	狼	狼[おおかみ]	おおかみ	ōkami	wilk	狼[おおかみ]は 怖い[こわい]です。	Wilki są straszne.			i-adj (w zdaniu)	狼は怖いです。		[sound:hypertts-8a82edeb980872e5a8e06434456d9e396223a577dc7109ab2019a4ee.mp3]	[sound:hypertts-1a92554f71624cd326fcdcbbc1d6a79d3dd8325ea29f616286e6f1c5.mp3]	[sound:狼_オ＼ーカミ_1_NHK-2016.mp3]	狼	狼は怖いです。	"""<span style=""""box-shadow: inset -2px 2px 0 0px #FF6633;"""">オ</span><span style=""""box-shadow: inset 0px -2px 0 0px #FF6633;"""">ーカミ</span> <span class=""""pitch_number"""">1</span>"""
1774090048762	1775147485	Doki Doki1-5 female_voice	鷲	鷲[わし]	わし	washi	orzeł	空[そら]に 鷲[わし]が 一羽[いちわ] います。	Na niebie jest jeden orzeł.				空に鷲が一羽います。		[sound:hypertts-a5b43948ae26cafd11a71793b9fdb717e8b8f824e46b9ee30b29298b.mp3]	[sound:hypertts-639ff40e91a59017bbd40571b885260fbfc1c623f3e0504141d8c18b.mp3]	[sound:鷲_ワシ━_0_NHK-1998.mp3]	鷲	空に鷲が一羽います。	"""<span style=""""box-shadow: inset -2px -2px 0 0 #FF6633;"""">ワ</span><span style=""""box-shadow: inset 0px 2px 0 0px #FF6633;"""">シ</span> <span class=""""pitch_number"""">0</span>"""
1774090048763	1775147485	Doki Doki1-5 female_voice	龍	龍[りゅう]	りゅう	ryū	smok	龍[りゅう]は 日本[にほん]の 文化[ぶんか]で 大切[たいせつ]です。	Smok jest ważny w japońskiej kulturze.				龍は日本の文化で大切です。		[sound:hypertts-6f12f200e478aa0df39aa861f39cba3ef3990ed9b79acacff1484599.mp3]	[sound:hypertts-7c3efda45302caad6eb0a98e4cfbdeaee6086547b7e7cf48004f728e.mp3]	[sound:龍_リュ＼ー_1_NHK-2016.mp3]	龍	龍は日本の文化で大切です。	"""<span style=""""box-shadow: inset -2px 2px 0 0px #FF6633;"""">リュ</span><span style=""""box-shadow: inset 0px -2px 0 0px #FF6633;"""">ウ</span> <span class=""""pitch_number"""">1</span>"""
1774090048766	1791198877	Doki Doki1-5 female_voice	鳥	鳥[とり]	とり	tori	ptak	木[き]の 上[うえ]に 鳥[とり]が 一羽[いちわ] います。	Na drzewie jest jeden ptak.	 	 		木の上に鳥が一羽います。		[sound:hypertts-042b2ee00061e213a2f49b66c3da117249371610e44ad72aaf782cde.mp3]	[sound:hypertts-fd0528be57d19a1554253fc6b888caedf183e1f07d3c250235b16de4.mp3]	[sound:鳥_トリ━_0_NHK-2016.mp3]	鳥	木の上に鳥が一羽います。	"""<span style=""""box-shadow: inset -2px -2px 0 0 #FF6633;"""">ト</span><span style=""""box-shadow: inset 0px 2px 0 0px #FF6633;"""">リ</span> <span class=""""pitch_number"""">0</span>"""
1774090048767	1775147485	Doki Doki1-5 female_voice	馬	馬[うま]	うま	uma	koń	あの 馬[うま]は とても 速[はや]いです。	Tamten koń jest bardzo szybki.	 	 		あの馬はとても速いです。		[sound:hypertts-dc8ee1cee0bfeca39a686e4f7f5dcae3ce354a2953013e08b648cea7.mp3]	[sound:hypertts-b27d9e60306005ebbbc608945a3d59488b0c39149f4aca5a7a3cceb3.mp3]	[sound:馬_ウマ＼_2_NHK-2016.mp3]	馬	あの馬はとても速いです。	"""<span style=""""box-shadow: inset -2px -2px 0 0 #FF6633;"""">ウ</span><span style=""""box-shadow: inset -2px 2px 0 0px #FF6633;"""">マ</span> <span class=""""pitch_number"""">2</span>"""
1774090048768	1781609346	Doki Doki1-5 male_voice	象	象[ぞう]	ぞう	zō	słoń	象[ぞう]は 鼻[はな]が 長[なが]いです。	Słonie mają długie nosy (trąby).	 	 		象は鼻が長いです。		[sound:hypertts-480dbac528400378dae7d2e0803fa608865dfcc9c7107dfe4680c6db.mp3]	[sound:hypertts-76b389a38ff9c22c6f5e3ae5586588454c2bf09a190af9dbe864b907.mp3]	[sound:象_ゾ＼ー_1_NHK-2016.mp3] [sound:象_ゾ＼ーオ_1_NHK-2016.mp3]	象	象は鼻が長いです。	"""<span style=""""box-shadow: inset -2px 2px 0 0px #FF6633;"""">ゾ</span><span style=""""box-shadow: inset 0px -2px 0 0px #FF6633;"""">ー</span> <span class=""""pitch_number"""">1</span>"""
1774090048769	1791198877	Doki Doki1-5 male_voice	牛	牛[うし]	うし	ushi	krowa	山[やま]に 牛[うし]が たくさん います。	W górach jest dużo krów.	 	 		山に牛がたくさんいます。		[sound:hypertts-95f61fe3729f125fd0d5c9bd6c9cf42a402120ece494d3958a9741a9.mp3]	[sound:hypertts-58f3677894437639f07a0f24406e349056e08d7b7ddf753c4528edb9.mp3]	[sound:牛_ウシ━_0_NHK-2016.mp3]	牛	山に牛がたくさんいます。	"""<span style=""""box-shadow: inset -2px -2px 0 0 #FF6633;"""">ウ</span><span style=""""box-shadow: inset 0px 2px 0 0px #FF6633;"""">シ</span> <span class=""""pitch_number"""">0</span>"""
1774090048770	1791209371	Doki Doki1-5 male_voice	猿	猿[さる]	さる	saru	małpa	猿[さる]は 果物[くだもの]が 好き[すき]ですか。	Czy małpy lubią owoce?	 	 		猿は果物が好きですか。		[sound:hypertts-6de215a0a5ae5e35a518613885e7ca3fe8aff3c68ccded18af3ee5d4.mp3]	[sound:hypertts-a880ff728dd47d78b755cec52bd737bc5a545e2c1ed381b6afd26e55.mp3]	[sound:猿_サ＼ル_1_NHK-2016.mp3]	猿	猿は果物が好きですか。	"""<span style=""""box-shadow: inset -2px 2px 0 0px #FF6633;"""">サ</span><span style=""""box-shadow: inset 0px -2px 0 0px #FF6633;"""">ル</span> <span class=""""pitch_number"""">1</span>"""
1774090048771	1791202866	Doki Doki1-5 male_voice	蛇	蛇[へび]	へび	hebi	wąż	私[わたし]は 蛇[へび]が 嫌[きら]いです。	Nienawidzę węży.	 	 		私は蛇が嫌いです。		[sound:hypertts-304d9905f44260cf9c53828981135edf0e11af22cf3332df43f8cfb5.mp3]	[sound:hypertts-15c582fc60a4c64ade31d41168ba964f1ce8a42ea85359a4bca761a4.mp3]	[sound:蛇_ヘ＼ビ_1_NHK-2016.mp3]	蛇	私は蛇が嫌いです。	"""<span style=""""box-shadow: inset -2px 2px 0 0px #FF6633;"""">ヘ</span><span style=""""box-shadow: inset 0px -2px 0 0px #FF6633;"""">ビ</span> <span class=""""pitch_number"""">1</span>"""
1774090048773	1775147485	Doki Doki1-5 male_voice	虎	虎[とら]	とら	tora	tygrys	虎[とら]は とても 強い[つよい] 動物[どうぶつ]です。	Tygrys to bardzo silne zwierzę.	 	 		虎はとても強い動物です。		[sound:hypertts-c1a9210e90ee0b0e16d9523a07e4a9ba5bf320c059fad865136b4e70.mp3]	[sound:hypertts-ad86fce03e259cde6cc24decb04e98a40b9a5885a247e17f38614959.mp3]	[sound:虎_トラ━_0_NHK-2016.mp3]	虎	虎はとても強い動物です。	"""<span style=""""box-shadow: inset -2px -2px 0 0 #FF6633;"""">ト</span><span style=""""box-shadow: inset 0px 2px 0 0px #FF6633;"""">ラ</span> <span class=""""pitch_number"""">0</span>"""
1774090048774	1775147485	Doki Doki1-5 male_voice	ライオン	ライオン	 ライオン	raion	lew	ライオンは 肉[にく]を 食べ[たべ]ます。	Lwy jedzą mięso.		 	zapożyczenie	ライオンは肉を食べます。		[sound:hypertts-4de65dbc3cf06320d36424a2eefc4f45cfe321d1717ea3a8b199a587.mp3]	[sound:hypertts-e85ac116c7c676fc2967814d05f732e15786b873011c1666487eec12.mp3]	[sound:ライオン_ライオン━_0_NHK-2016.mp3]	ライオン	ライオンは肉を食べます。	"""<span style=""""box-shadow: inset -2px -2px 0 0 #FF6633;"""">ラ</span><span style=""""box-shadow: inset 0px 2px 0 0px #FF6633;"""">イオン</span> <span class=""""pitch_number"""">0</span>"""
1774090048775	1775147485	Doki Doki1-5 male_voice	キリン	キリン	 キリン	kirin	żyrafa	キリンは 背[せ]が 高[たか]いです。	Żyrafa jest wysoka.		 	zapożyczenie (zapis w katakanie)	キリンは背が高いです。		[sound:hypertts-9fa319ad949bc932489764cb6d1208ba49fe0ae6e68a09169d9f63dc.mp3]	[sound:hypertts-bf5e027f403e983b95c0bdc48ec4c694a810cf90d0e8bc586f4c09cf.mp3]	[sound:キリン_キリン_JapanesePod101.mp3]	キリン	キリンは背が高いです。	"""<span style=""""box-shadow: inset -2px -2px 0 0 #FF6633;"""">キ</span><span style=""""box-shadow: inset 0px 2px 0 0px #FF6633;"""">リン</span> <span class=""""pitch_number"""">0</span>"""
1774090048776	1775147485	Doki Doki1-5 male_voice	パンダ	パンダ	 パンダ	panda	panda	パンダは 竹[たけ]が 好き[すき]です。	Pandy lubią bambus.		 	zapożyczenie	パンダは竹が好きです。		[sound:hypertts-ebdd09d7aba2698fce9f653ed341be6e34fd484422b81546bfa7167f.mp3]	[sound:hypertts-f8d2ac23a0229e6bea15b14b1b1431a66ed0f84a369fcc911426a94f.mp3]	[sound:パンダ_パ＼ンダ_1_NHK-2016.mp3]	パンダ	パンダは竹が好きです。	"""<span style=""""box-shadow: inset -2px 2px 0 0px #FF6633;"""">パ</span><span style=""""box-shadow: inset 0px -2px 0 0px #FF6633;"""">ンダ</span> <span class=""""pitch_number"""">1</span>"""
1774091917046	1775147485	Doki Doki1-5 male_voice	殺す	殺[ころ]す	ころす	korosu	zabić	悪[わる]い 人[ひと]を 殺[ころ]しました。	Zabiłem złego człowieka.	殺[ころ]します	殺[ころ]しません	czasownik gr. 1	悪い人を殺しました。		[sound:hypertts-3791511b6c119173a40e104238adf82780334a07ccc9568c0b6455ce.mp3]	[sound:hypertts-3de52cdc53d895c24e66421d06aa186e66916a885343bffd6f9f0b53.mp3]	[sound:殺す_コロス━_0_NHK-2016.mp3]	殺す	悪い人を殺しました。	"""<span style=""""box-shadow: inset -2px -2px 0 0 #FF6633;"""">コ</span><span style=""""box-shadow: inset 0px 2px 0 0px #FF6633;"""">ロス</span> <span class=""""pitch_number"""">0</span>"""
1774169694801	1775147485	Doki Doki1-3 female_voice	分ける	分[わ]ける	わける	wakeru	dzielić	ゴミを 二[ふた]つに 分[わ]け ます。	Dzielę śmieci na dwie części.	分けます	分けません	czasownik gr. 2	ゴミを二つに分けます。	分ける	[sound:hypertts-ad6aebfbfb6d5c7d865d6ee93fdf7ae448cfc384decae35e6ddfca36.mp3]	[sound:hypertts-3d40b2271c9c9e0727fd6054656de7f3292c9d9f7992886c09697516.mp3]	[sound:分ける_ワケ＼ル_2_NHK-2016.mp3]	分ける	ゴミを二つに分けます。	"""<span style=""""box-shadow: inset -2px -2px 0 0 #FF6633;"""">ワ</span><span style=""""box-shadow: inset -2px 2px 0 0px #FF6633;"""">ケ</span><span style=""""box-shadow: inset 0px -2px 0 0px #FF6633;"""">ル</span> <span class=""""pitch_number"""">2</span>"""
1774169960459	1776878502	Doki Doki1-5 male_voice	人気	人[にん] 気[き]	にんき	ninki	popularność	この 料理[りょうり]は 外国[がいこく] 人[じん]に 人気[にんき]が あります。	To danie jest popularne wśród obcokrajowców.			rzeczownik	この料理は外国人に人気があります。	人気	[sound:hypertts-d56aeee6f17b223828dd2f29bed3051321745f933e1b6b5890d1b921.mp3]	[sound:hypertts-7a405fc94e8040afdfacdd0cc81b6db357ada2512a156363a68d558b.mp3]	[sound:人気_ニンキ━_0_NHK-2016.mp3]	人気	この料理は外国人に人気があります。	"""<span style=""""box-shadow: inset -2px -2px 0 0 #FF6633;"""">ニ</span><span style=""""box-shadow: inset 0px 2px 0 0px #FF6633;"""">ンキ</span> <span class=""""pitch_number"""">0</span>"""
1774694479082	1775147485	Doki Doki1-5 female_voice	遠く	遠[とお]く	とおく	tooku	daleko	東[とう]京[きょう]から 遠[とお]いです。	Jest daleko od Tokio.			i-adj (przysłówek)	東京から遠いです。		[sound:hypertts-7440151e4efd59a2cf6c0e7db0686b905ef504e9424cef53f7e0bdb4.mp3]	[sound:hypertts-4b97c5825b7271b593e57343c9391c12f2e81eac61c75fee9d40d2aa.mp3]	[sound:遠く_トーク━_0_NHK-2016.mp3] [sound:遠く_トーク＼_3_NHK-2016.mp3]	遠く	東京から遠いです。	"""<span style=""""box-shadow: inset -2px -2px 0 0 #FF6633;"""">ト</span><span style=""""box-shadow: inset 0px 2px 0 0px #FF6633;"""">ーク</span> <span class=""""pitch_number"""">0</span>, <span style=""""box-shadow: inset -2px -2px 0 0 #FF6633;"""">ト</span><span style=""""box-shadow: inset -2px 2px 0 0px #FF6633;"""">ーク</span> <span class=""""pitch_number"""">3</span>"""
1774694479083	1782846390	Doki Doki1-5 female_voice	便利	便[べん] 利[り]	べんり	benri	wygodny, praktyczny	日[に]本[ほん]の 地[ち]下[か]鉄[てつ]は 便[べん]利[り]です。	Japońskie metro jest wygodne.			na-adj	日本の地下鉄は便利です。		[sound:hypertts-f4c802a5e9e562c5197579be824c17ef3826da61ecbce0fc22ee1ab2.mp3]	[sound:hypertts-6beabbec52e810534d599b09a11ffa92129eb401dc04a02ef03e7edc.mp3]	[sound:便利_ベ＼ンリ_1_NHK-2016.mp3]	便利	日本の地下鉄は便利です。	"""<span style=""""box-shadow: inset -2px 2px 0 0px #FF6633;"""">ベ</span><span style=""""box-shadow: inset 0px -2px 0 0px #FF6633;"""">ンリ</span> <span class=""""pitch_number"""">1</span>"""
1774694479084	1775147485	Doki Doki1-5 female_voice	ポストカード	ポストカード	ポストカード	posutokaado	pocztówka (zapożyczone)	私[わたし]は ポストカードを 買[か]います。	Kupuję pocztówkę.			zapożyczenie	私はポストカードを買います。		[sound:hypertts-703094fa80f9ecb65b05ad020340b90cb73b92cdd043226d78f960c2.mp3]	[sound:hypertts-cf128e27805cae25217e18ca9a086d1491bc9fc2f9d2a78d04faf576.mp3]	[sound:ポストカード_ポストカード_JapanesePod101.mp3]	ポストカード	私はポストカードを買います。	"""<span style=""""box-shadow: inset -2px -2px 0 0 #FF6633;"""">ポ</span><span style=""""box-shadow: inset -2px 2px 0 0px #FF6633;"""">ストカ</span><span style=""""box-shadow: inset 0px -2px 0 0px #FF6633;"""">ード</span> <span class=""""pitch_number"""">4</span>"""
1774694479085	1782846374	Doki Doki1-5 female_voice	気持ち	気[き] 持[も]ち	きもち	kimochi	uczucie, samopoczucie	この 天[てん]気[き]は 気[き]持[も]ちが いいです。	Ta pogoda sprawia dobre samopoczucie.			rzeczownik	この天気は気持ちがいいです。	気 持[も]ち	[sound:hypertts-e82fe6020bda9529b314ea6c77246bd3881537bcb73658837acd4963.mp3]	[sound:hypertts-707df8c138e1ce5e15938fc36e964bcf34389987bc0efd5282de867c.mp3]	[sound:気持ち_キモチ━_0_NHK-2016.mp3]	気持ち	この天気は気持ちがいいです。	"""<span style=""""box-shadow: inset -2px -2px 0 0 #FF6633;"""">キ</span><span style=""""box-shadow: inset 0px 2px 0 0px #FF6633;"""">モチ</span> <span class=""""pitch_number"""">0</span>"""
1774694479086	1782846367	Doki Doki1-5 female_voice leech	天国	天[てん] 国[ごく]	てんごく	tengoku	niebo, raj	死[し]んで、 天[てん]国[ごく]に 行[い]きますか。	Czy po śmierci idzie się do nieba?			rzeczownik	死んで、天国に行きますか。	天国	[sound:hypertts-82dfd942f2cce42cae6c950cd702f2bba16f10b61141677f5acc7eb6.mp3]	[sound:hypertts-8d9d93327af469139293d362f55a3638fd6cd925edc9b987f45e626a.mp3]	[sound:天国_テ＼ンコ゚ク_1_NHK-2016.mp3]	天国	死んで、天国に行きますか。	"""<span style=""""box-shadow: inset -2px 2px 0 0px #FF6633;"""">テ</span><span style=""""box-shadow: inset 0px -2px 0 0px #FF6633;"""">ンコ<span style=""""color: red;"""">°</span>ク</span> <span class=""""pitch_number"""">1</span>"""
1774694479087	1791209371	Doki Doki1-5 female_voice	天皇	天[てん] 皇[のう]	てんのう	tennou	cesarz Japonii	日[に]本[ほん]には 天[てん]皇[のう]が います。	W Japonii jest cesarz.			rzeczownik kulturowy. Tytuł cesarza Japonii.	日本には天皇がいます。	天 皇[のう]	[sound:hypertts-cee08d2b489b336553be9efa5dc81beeadeb476b5c61ec34a5addf6b.mp3]	[sound:hypertts-9f0714f865add15da46442fdb48750478afe7e1aeb85692db1a2c513.mp3]	[sound:天皇_テンノ＼ー_3_NHK-2016.mp3]	天皇	日本には天皇がいます。	"""<span style=""""box-shadow: inset -2px -2px 0 0 #FF6633;"""">テ</span><span style=""""box-shadow: inset -2px 2px 0 0px #FF6633;"""">ンノ</span><span style=""""box-shadow: inset 0px -2px 0 0px #FF6633;"""">ー</span> <span class=""""pitch_number"""">3</span>"""
1774694479088	1791198877	Doki Doki1-5 female_voice	元	元[もと]	もと	moto	oryginał, pochodzenie	元[もと]に 戻[もど]ります。	Wracam do oryginału.			rzeczownik	元に戻ります。	元	[sound:hypertts-645db62b3f5f090e28443c83339ba647b3a068f875c9459314d02243.mp3]	[sound:hypertts-859fcb4190cfde198fc76ab730cc00d16936b20d5396eced3d1d321f.mp3]	[sound:元_モト━_0_NHK-2016.mp3] [sound:元_モ＼ト_1_NHK-2016.mp3] [sound:元_モト＼_2_NHK-2016.mp3]	元	元に戻ります。	"""<span style=""""box-shadow: inset -2px -2px 0 0 #FF6633;"""">モ</span><span style=""""box-shadow: inset 0px 2px 0 0px #FF6633;"""">ト</span> <span class=""""pitch_number"""">0</span>, <span style=""""box-shadow: inset -2px 2px 0 0px #FF6633;"""">モ</span><span style=""""box-shadow: inset 0px -2px 0 0px #FF6633;"""">ト</span> <span class=""""pitch_number"""">1</span>"""
1774694479089	1782846361	Doki Doki1-5 female_voice	山奥	山[やま] 奥[おく]	やまおく	yamaoku	w głębi gór	山[やま]奥[おく]に 熊[くま]が います。	W głębi gór jest niedźwiedź.			rzeczownik	山奥に熊がいます。	山 奥[おく]	[sound:hypertts-d022a8b13c44c1f8270fd7a89b233d0410431b3d56ee38d092e67717.mp3]	[sound:hypertts-20b1c5401042a3e0ceeda9d31976f2c792efe44a8c2a16097e0e034a.mp3]	[sound:山奥_ヤマオ＼ク_3_NHK-2016.mp3]	山奥	山奥に熊がいます。	"""<span style=""""box-shadow: inset -2px -2px 0 0 #FF6633;"""">ヤ</span><span style=""""box-shadow: inset -2px 2px 0 0px #FF6633;"""">マオ</span><span style=""""box-shadow: inset 0px -2px 0 0px #FF6633;"""">ク</span> <span class=""""pitch_number"""">3</span>"""
1774694479090	1791198877	Doki Doki1-5 female_voice	山	山[やま]	やま	yama	góra	ザコパネに 山[やま]が あります。	W Zakopanem są góry.			rzeczownik	ザコパネに山があります。	山	[sound:hypertts-486f7d3364a7db2bf0c6aac314ac2914eddf6acc7577789c216a348f.mp3]	[sound:hypertts-839e8c89b2e487c3a222949ab73674f757c1fed9c198f6c9befc495b.mp3]	[sound:山_ヤマ＼_2_NHK-2016.mp3]	山	ザコパネに山があります。	"""<span style=""""box-shadow: inset -2px -2px 0 0 #FF6633;"""">ヤ</span><span style=""""box-shadow: inset -2px 2px 0 0px #FF6633;"""">マ</span> <span class=""""pitch_number"""">2</span>"""
1774694479091	1782846359	Doki Doki1-5 female_voice	富士山	富[ふ] 士[じ] 山[さん]	ふじさん	fujisan	góra Fuji	富[ふ]士[じ]山[さん]は 本[ほん]州[しゅう]に あります。	Góra Fuji znajduje się na Honsiu.			rzeczownik	富士山は本州にあります。	富[ふ]士[じ]山	[sound:hypertts-f20cb126940659b18b7c4631fcfee97702bde257e02f5a2a5a0f0783.mp3]	[sound:hypertts-635fdec5e6873c2aaec943814c848a4beee500c0370d0b9022f746c9.mp3]	[sound:富士山_フ＼ジサン_1_NHK-2016.mp3]	富士山	富士山は本州にあります。	"""<span style=""""box-shadow: inset -2px 2px 0 0px #FF6633;"""">フ</span><span style=""""box-shadow: inset 0px -2px 0 0px #FF6633;"""">ジサン</span> <span class=""""pitch_number"""">1</span>"""
1774694479092	1782846354	Doki Doki1-5 female_voice	小川	小[お] 川[がわ]	おがわ	ogawa	mała rzeka, strumień	子[こ]供[ども]が 小[お]川[がわ]で 遊[あそ]びます。	Dzieci bawią się w strumieniu.			rzeczownik	子供が小川で遊びます。	小川	[sound:hypertts-77a193969f982a16ab150b18edf4a89104e6709b29733b47d06a319c.mp3]	[sound:hypertts-8cd265a5167329646267fb989250788191d038a226d5c1942665aa91.mp3]	[sound:小川_オカ゚ワ━_0_NHK-2016.mp3]	小川	子供が小川で遊びます。	"""<span style=""""box-shadow: inset -2px -2px 0 0 #FF6633;"""">オ</span><span style=""""box-shadow: inset 0px 2px 0 0px #FF6633;"""">カ<span style=""""color: red;"""">°</span>ワ</span> <span class=""""pitch_number"""">0</span>"""
1774694479093	1782846351	Doki Doki1-5 female_voice	私立大学	私[し] 立[りつ] 大[だい] 学[がく]	しりつだいがく	shiritsudaigaku	prywatny uniwersytet	私[わたし]は 私[し]立[りつ]大[だい]学[がく]に 行[い]きます。	Idę na prywatny uniwersytet.			rzeczownik	私は私立大学に行きます。	私 立[りつ]大学	[sound:hypertts-ee0a66ba8d088d2c125b87b952802cc72268fb68d13622335b0875c5.mp3]	[sound:hypertts-2657475a0dc2fef63e1a0a39df3566dea06393d3bb320251acdeb365.mp3]	[sound:私立大学_シリツダイガク_TAAS.mp3] [sound:私立大学_シリツダイガク_TAAS(1).mp3]	私立大学	私は私立大学に行きます。	"""<span style=""""box-shadow: inset -2px -2px 0 0 #FF6633;"""">シ</span><span style=""""box-shadow: inset -2px 2px 0 0px #FF6633;"""">リツダ</span><span style=""""box-shadow: inset 0px -2px 0 0px #FF6633;"""">イガク</span> <span class=""""pitch_number"""">4</span>"""
1774694479094	1791214975	Doki Doki1-5 female_voice	田んぼ	田[た]んぼ	たんぼ	tanbo	pole ryżowe	日[に]本[ほん]に たくさん 田[た]んぼが あります。	W Japonii jest dużo pól ryżowych.			rzeczownik. Pole przeznaczone do uprawy ryżu.	日本にたくさん田んぼがあります。	田んぼ	[sound:hypertts-f5bb213efa20851577160d357ba67ce473cf90003d85b8375f05e809.mp3]	[sound:hypertts-2cd89f1a5b30175b7a4686dd6b7a85962c1a79936f53adedc8f8e25c.mp3]	[sound:田んぼ_タンボ━_0_NHK-2016.mp3]	田んぼ	日本にたくさん田んぼがあります。	"""<span style=""""box-shadow: inset -2px -2px 0 0 #FF6633;"""">タ</span><span style=""""box-shadow: inset 0px 2px 0 0px #FF6633;"""">ンボ</span> <span class=""""pitch_number"""">0</span>"""
1774694479095	1782846187	Doki Doki1-5 female_voice	長女	長[ちょう] 女[じょ]	ちょうじょ	choujo	najstarsza córka	私[わたし]は 長[ちょう]女[じょ]です。	Jestem najstarszą córką.			rzeczownik	私は長女です。	長[ちょう]女	[sound:hypertts-56d4dbeab842ae1ff6d28ea42e4acb74ca9da71db8c667f603a9505f.mp3]	[sound:hypertts-d104098c6b5f4e616e9e231689d36a3cbfdc03448b02a7c907e79d3e.mp3]	[sound:長女_チョ＼ージョ_1_NHK-2016.mp3]	長女	私は長女です。	"""<span style=""""box-shadow: inset -2px 2px 0 0px #FF6633;"""">チョ</span><span style=""""box-shadow: inset 0px -2px 0 0px #FF6633;"""">ージョ</span> <span class=""""pitch_number"""">1</span>"""
1774694479096	1791198877	Doki Doki1-5 female_voice	空[そら]	空[そら]	そら	sora	niebo	空[そら]は 青[あお]いです。	Niebo jest niebieskie.			rzeczownik	空は青いです。		[sound:hypertts-e2d0f50cecc0a88f5d182b36eff9ef4e790e8f6817bb5bd21b8a8979.mp3]	[sound:hypertts-033c90bbc507cb36780fd03601e9622e66911e252dade9efc113af82.mp3]	[sound:空_ソ＼ラ_1_NHK-2016.mp3]	空	空は青いです。	"""<span style=""""box-shadow: inset -2px 2px 0 0px #FF6633;"""">ソ</span><span style=""""box-shadow: inset 0px -2px 0 0px #FF6633;"""">ラ</span> <span class=""""pitch_number"""">1</span>"""
1774694479097	1776880635	Doki Doki1-5 female_voice	女の人	女[おんな]の 人[ひと]	おんなのひと	onnanohito	kobieta	この 女[おんな]の 人[ひと]は 私[わたし]の 友[とも]達[だち]です。	Ta kobieta to moja przyjaciółka.			rzeczownik	この女の人は私の友達です。	女の人	[sound:hypertts-bc476b54916ca961a49f82795a6ae424de0b895126c99a843c926ad7.mp3]	[sound:hypertts-f67b1fdebc868f415f51587c7a9c59e75edef573f9ab4d51590d5790.mp3]	[sound:女の人_オンナノヒト_0-2_Shinmeikai-8.mp3] [sound:女の人_オンナノヒト＼_6_Shinmeikai-8.mp3]	女の人	この女の人は私の友達です。	"""<span style=""""box-shadow: inset -2px -2px 0 0 #FF6633;"""">オ</span><span style=""""box-shadow: inset -2px 2px 0 0px #FF6633;"""">ンナノヒト</span> <span class=""""pitch_number"""">6</span>"""
1774694479098	1782846185	Doki Doki1-5 female_voice	男子学生	男[だん] 子[し] 学[がく] 生[せい]	だんしがくせい	danshigakusei	student (mężczyzna)	私[わたし]の クラスに 男[だん]子[し]学[がく]生[せい]が います。	W mojej klasie są studenci (mężczyźni).			rzeczownik	私のクラスに男子学生がいます。	男 子[し]学生	[sound:hypertts-0d9d9973e01c9040fa01d14c23e87c24995f50ef3566f8a3c50bd9cc.mp3]	[sound:hypertts-cb74d7c8b3f1608c925e071704d6263163227e617e762974d8e6b6d1.mp3]	[sound:男子学生_ダンシガクセイ_JapanesePod101.mp3]	男子学生	私のクラスに男子学生がいます。	
1774694479099	1776880665	Doki Doki1-5 female_voice	男の人	男[おとこ]の 人[ひと]	おとこのひと	otokonohito	mężczyzna	どんな 男[おとこ]の 人[ひと]が 好[す]きですか。	Jakich mężczyzn lubisz?			rzeczownik	どんな男の人が好きですか。	男の人	[sound:hypertts-befbe069d015e70d52603472e9503bbd68739c15a63c8740ca96e403.mp3]	[sound:hypertts-f3baddba606849073ed9f6386139543ad438a261ef1ab43bceef5e82.mp3]	[sound:男の人_オトコノヒト_0-2_Shinmeikai-8.mp3] [sound:男の人_オトコノヒト＼_6_Shinmeikai-8.mp3]	男の人	どんな男の人が好きですか。	"""<span style=""""box-shadow: inset -2px -2px 0 0 #FF6633;"""">オ</span><span style=""""box-shadow: inset -2px 2px 0 0px #FF6633;"""">トコノヒト</span> <span class=""""pitch_number"""">6</span>"""
1774694479100	1782846176	Doki Doki1-5 female_voice	見物	見[けん] 物[ぶつ]	けんぶつ	kenbutsu	zwiedzanie, oglądanie (konkretnej atrakcji/wydarzenia, przyglądanie się)	ワルシャワを 見[けん]物[ぶつ]します。	Zwiedzam Warszawę.			rzeczownik (suru)	ワルシャワを見物します。	見 物[ぶつ]	[sound:hypertts-fa09376eb925a0eeaf6a8ba5e4b34f0fcc3ce418ab1f3bd553be51e8.mp3]	[sound:hypertts-036147aa6773539d3891e0cbf2e512bb7d98a44349108894e14296a0.mp3]	[sound:見物_ケンブツ━_0_NHK-2016.mp3]	見物	ワルシャワを見物します。	"""<span style=""""box-shadow: inset -2px -2px 0 0 #FF6633;"""">ケ</span><span style=""""box-shadow: inset 0px 2px 0 0px #FF6633;"""">ンブツ</span> <span class=""""pitch_number"""">0</span>"""
1774694479101	1782846173	Doki Doki1-5 female_voice	一行目	一[いち] 行[ぎょう] 目[め]	いちぎょうめ	ichigyoume	pierwsza linijka	一[いち]行[ぎょう]目[め]を 読[よ]んで ください。	Proszę przeczytać pierwszą linijkę.			rzeczownik	一行目を読んでください。	一行 目[め]	[sound:hypertts-7b4f696193bab4de6e16980b737c0ca99b3367789f4afbbc873f7d38.mp3]	[sound:hypertts-eb5658cca6ce27a63686bfc83875bdf0aa07afb367b7b8604fb3ba93.mp3]		一行目	一行目を読んでください。	
1774694479102	1791214975	Doki Doki1-5 female_voice	戻る	戻[もど]る	もどる	modoru	wracać (do punktu wyjścia, często tymczasowy)	元[もと]に 戻[もど]ります。	Wracam do oryginału.	戻[もど]ります	戻[もど]りません	czasownik gr. 1, Powrót na swoje miejsce (np. w kinie), powrót do biura (po spotkaniu na mieście), powrót do tematu rozmowy, powrót do zdrowia. Wrócić do wcześniejszego miejsca lub stanu.	元に戻ります。		[sound:hypertts-d103cc38bf7e267e71464a81d97cbccc174dab7e42564718c27172b4.mp3]	[sound:hypertts-859fcb4190cfde198fc76ab730cc00d16936b20d5396eced3d1d321f.mp3]	[sound:戻る_モド＼ル_2_NHK-2016.mp3]	戻る	元に戻ります。	"""<span style=""""box-shadow: inset -2px -2px 0 0 #FF6633;"""">モ</span><span style=""""box-shadow: inset -2px 2px 0 0px #FF6633;"""">ド</span><span style=""""box-shadow: inset 0px -2px 0 0px #FF6633;"""">ル</span> <span class=""""pitch_number"""">2</span>"""
1774694479103	1776880964	Doki Doki1-5 female_voice	来ない	来[こ]ない	こない	konai	nie przychodzić	春[はる]は まだ 来[き]ません。	Wiosna jeszcze nie przychodzi.			czasownik nieregularny (forma słownikowa przecząca)	春はまだ来ません。	来ない	[sound:hypertts-e8ea780914820a5dfbb8b6ca2f7c2518a100ca6f89abfed8dcc02939.mp3]	[sound:hypertts-51cbc7054c0e803cca1234bad7b6fdc44266f7f0ac2f2d21d92bd7b1.mp3]	[sound:こない_コナイ━_0_Shinmeikai-8.mp3]	来ない	春はまだ来ません。	"""<span style=""""box-shadow: inset -2px -2px 0 0 #FF6633;"""">コ</span><span style=""""box-shadow: inset 0px 2px 0 0px #FF6633;"""">ナイ</span> <span class=""""pitch_number"""">0</span>, <span style=""""box-shadow: inset -2px 2px 0 0px #FF6633;"""">コ</span><span style=""""box-shadow: inset 0px -2px 0 0px #FF6633;"""">ナイ</span> <span class=""""pitch_number"""">1</span>"""
1774694479104	1782846159	Doki Doki1-5 female_voice	食事	食[しょく] 事[じ]	しょくじ	shokuji	posiłek	食[しょく]事[じ]は 朝[あさ] 七[しち]時[じ]です。	Posiłek jest o siódmej rano.			rzeczownik	食事は朝七時です。	食 事[じ]	[sound:hypertts-97a73dd109252505692fa2f8bf015b1226195be08f8b19e3e553a4fc.mp3]	[sound:hypertts-94f240ea2a4230add37958757b4423e282cabad05370991df2b08e12.mp3]	[sound:食事_ショクジ━_0_NHK-2016.mp3]	食事	食事は朝七時です。	"""<span style=""""box-shadow: inset -2px -2px 0 0 #FF6633;"""">ショ</span><span style=""""box-shadow: inset 0px 2px 0 0px #FF6633;"""">クジ</span> <span class=""""pitch_number"""">0</span>"""
1774694479105	1782846155	Doki Doki1-5 female_voice	飲酒運転	飲[いん] 酒[しゅ] 運[うん] 転[てん]	いんしゅうんてん	inshuunten	jazda po spożyciu alkoholu	飲[いん]酒[しゅ]運[うん]転[てん]を しては いけません。	Nie wolno prowadzić po alkoholu.			rzeczownik	飲酒運転をしてはいけません。	飲 酒[しゅ]運[うん]転[てん]	[sound:hypertts-1755234e2f99a05e4103f674945574a641aa3c1e138abdbbd6cc7519.mp3]	[sound:hypertts-35dc4173d780347df96c2c3fb66a46313bf5724fbf461012ffb58c70.mp3]	[sound:飲酒運転_インシュウンテン_TAAS.mp3] [sound:飲酒運転_インシュウンテン_TAAS(1).mp3]	飲酒運転	飲酒運転をしてはいけません。	"""<span style=""""box-shadow: inset -2px -2px 0 0 #FF6633;"""">イ</span><span style=""""box-shadow: inset -2px 2px 0 0px #FF6633;"""">ンシュウ</span><span style=""""box-shadow: inset 0px -2px 0 0px #FF6633;"""">ンテン</span> <span class=""""pitch_number"""">4</span>"""
1774702692807	1775299340	Doki Doki1-5 male_voice	竜	竜[たつ]	たつ	tatsu	smok (znak zodiaku)	あの 山[やま]に 竜[たつ]が います。	Na tamtej górze jest smok.			rzeczownik	あの山に竜がいます。		[sound:hypertts-d119a9e6124b9d7ed1c92a65060e7e74b0d849f57daeeb4b301cdb3f.mp3]	[sound:hypertts-923686df5383e590aab4efff70f62e9c0e97d0764eff88938ccdfbbf.mp3]	[sound:竜_タツ━_0_NHK-2016.mp3]	竜	あの山に竜がいます。	"""<span style=""""box-shadow: inset -2px -2px 0 0 #FF6633;"""">タ</span><span style=""""box-shadow: inset 0px 2px 0 0px #FF6633;"""">ツ</span> <span class=""""pitch_number"""">0</span>"""
1774702692808	1782846150	Doki Doki1-5 male_voice	得意	得[とく] 意[い]	とくい	tokui	dobry w czymś, mocna strona	私[わたし]は 英[えい]語[ご]が 得[とく]意[い]です。	Jestem dobry z angielskiego.			na-adj	私は英語が得意です。		[sound:hypertts-9975984911ae07ec050cf044991bc4a09b1c29cf9352436ec379f286.mp3]	[sound:hypertts-59f2db274627791ba6264cdddf36182fec233163427f2b55b081977a.mp3]	[sound:得意_トクイ━_0_NHK-2016.mp3] [sound:得意_トク＼イ_2_NHK-2016.mp3]	得意	私は英語が得意です。	"""<span style=""""box-shadow: inset -2px -2px 0 0 #FF6633;"""">ト</span><span style=""""box-shadow: inset 0px 2px 0 0px #FF6633;"""">クイ</span> <span class=""""pitch_number"""">0</span>, <span style=""""box-shadow: inset -2px -2px 0 0 #FF6633;"""">ト</span><span style=""""box-shadow: inset -2px 2px 0 0px #FF6633;"""">ク</span><span style=""""box-shadow: inset 0px -2px 0 0px #FF6633;"""">イ</span> <span class=""""pitch_number"""">2</span>"""
1774702692809	1782846148	Doki Doki1-5 male_voice	果物	果[くだ] 物[もの]	くだもの	kudamono	owoce	果[くだ]物[もの]を たくさん 食[た]べます。	Jem dużo owoców.			rzeczownik	果物をたくさん食べます。		[sound:hypertts-0ad68611ac24ecc56dbf2a7bba5da253e93f710a6b1b87be2fb01b3d.mp3]	[sound:hypertts-d1e84035c3c40404b27f89073af3c29067019b5cbefc902cac5e0c8e.mp3]	[sound:果物_クダ＼モノ_2_NHK-2016.mp3]	果物	果物をたくさん食べます。	"""<span style=""""box-shadow: inset -2px -2px 0 0 #FF6633;"""">ク</span><span style=""""box-shadow: inset -2px 2px 0 0px #FF6633;"""">ダ</span><span style=""""box-shadow: inset 0px -2px 0 0px #FF6633;"""">モノ</span> <span class=""""pitch_number"""">2</span>"""
1774702692810	1781545999	Doki Doki1-5 male_voice	苺	苺[いちご]	いちご	ichigo	truskawka	この 苺[いちご]は とても 甘[あま]いです。	Ta truskawka jest bardzo słodka.			rzeczownik	この苺はとても甘いです。		[sound:hypertts-6bd0ccba824cd90ceb09d3e3abe8702e9cce6cb8e13ed4d882b3d50a.mp3]	[sound:hypertts-34941e5c22e0d1a4568bdb06da4d09399ccd02a19bf0138a527b920c.mp3]	[sound:苺_イチコ゚━_0_NHK-2016.mp3]	苺	この苺はとても甘いです。	"""<span style=""""box-shadow: inset -2px -2px 0 0 #FF6633;"""">イ</span><span style=""""box-shadow: inset 0px 2px 0 0px #FF6633;"""">チコ<span style=""""color: red;"""">°</span></span> <span class=""""pitch_number"""">0</span>"""
1774702692811	1775147485	Doki Doki1-5 male_voice	コメディー	コメディー	コメディー	komedii	komedia	よく コメディーの 映[えい]画[が]を 見[み]ます。	Często oglądam filmy komediowe.			zapożyczenie	よくコメディーの映画を見ます。		[sound:hypertts-6b56b1c2d093a01dea43f1dcde626dd71d4b23366ddbf33140b8ea3f.mp3]	[sound:hypertts-2302ec125a0653eb9132d4b3c6cca677da145d037e300909f9a2e478.mp3]	[sound:コメディー_コ＼メディー_1_NHK-2016.mp3]	コメディー	よくコメディーの映画を見ます。	"""<span style=""""box-shadow: inset -2px 2px 0 0px #FF6633;"""">コ</span><span style=""""box-shadow: inset 0px -2px 0 0px #FF6633;"""">メディー</span> <span class=""""pitch_number"""">1</span>"""
1774702692812	1775147485	Doki Doki1-5 male_voice	ホラー	ホラー	ホラー	horaa	horror	ホラー 映[えい]画[が]は 怖[こわ]いです。	Horrory są straszne.			zapożyczenie	ホラー映画は怖いです。		[sound:hypertts-5c7c9dc37d4c560441e90b89699ed1ccdef9b925a24eb9364da3d495.mp3]	[sound:hypertts-9dea4e9d9767e89fc0b94fa09eb6fa51e738d09c363824c0e4b1c839.mp3]	[sound:ホラー_ホ＼ラー_1_NHK-2016.mp3]	ホラー	ホラー映画は怖いです。	"""<span style=""""box-shadow: inset -2px 2px 0 0px #FF6633;"""">ホ</span><span style=""""box-shadow: inset 0px -2px 0 0px #FF6633;"""">ラー</span> <span class=""""pitch_number"""">1</span>"""
1774702692813	1775147485	Doki Doki1-5 male_voice	スリラー	スリラー	スリラー	suriraa	thriller	スリラーの 映[えい]画[が]が 好[す]きです。	Lubię thrillery.			zapożyczenie	スリラーの映画が好きです。		[sound:hypertts-83bbb915aff44ec80f4b8e3f4ed66b7a999d42ca0162611f6060a3b9.mp3]	[sound:hypertts-98c102c481436e6261b2d71053d7498a16af1958f348bffe353b8320.mp3]	[sound:スリラー_ス＼リラー_1_NHK-2016.mp3]	スリラー	スリラーの映画が好きです。	"""<span style=""""box-shadow: inset -2px 2px 0 0px #FF6633;"""">ス</span><span style=""""box-shadow: inset 0px -2px 0 0px #FF6633;"""">リラー</span> <span class=""""pitch_number"""">1</span>"""
1774702692814	1775147485	Doki Doki1-5 male_voice	アクション	アクション	アクション	akushon	akcja	アクション 映[えい]画[が]は 面[おも]白[しろ]いです。	Filmy akcji są interesujące.			zapożyczenie	アクション映画は面白いです。		[sound:hypertts-9ee5ae95742b3db2d20abb49fdcb4d84a22e98d17d3884ea1e99c381.mp3]	[sound:hypertts-10f249f14d6f96ea98617b380a437a3422f044ed7e6a8238447655c5.mp3]	[sound:アクション_ア＼クション_1_NHK-2016.mp3]	アクション	アクション映画は面白いです。	"""<span style=""""box-shadow: inset -2px 2px 0 0px #FF6633;"""">ア</span><span style=""""box-shadow: inset 0px -2px 0 0px #FF6633;""""><span style=""""color: royalblue;"""">ク</span>ション</span> <span class=""""pitch_number"""">1</span>"""
1774702692815	1775147485	Doki Doki1-5 male_voice	クラシック	クラシック	クラシック	kurashikku	muzyka klasyczna	クラシックの 音[おん]楽[がく]を よく 聴[き]きます。	Często słucham muzyki klasycznej.			zapożyczenie	クラシックの音楽をよく聴きます。		[sound:hypertts-b99d367bd58eac8c109e46de954740ccc57120d49da7170c8c22f6b0.mp3]	[sound:hypertts-3cf60675ea1094b03b2e71de6920871b1ce11952d256b343f0762421.mp3]	[sound:クラシック_クラ＼シック_2_NHK-2016.mp3] [sound:クラシック_クラシ＼ック_3_NHK-2016.mp3]	クラシック	クラシックの音楽をよく聴きます。	"""<span style=""""box-shadow: inset -2px -2px 0 0 #FF6633;"""">ク</span><span style=""""box-shadow: inset -2px 2px 0 0px #FF6633;"""">ラ</span><span style=""""box-shadow: inset 0px -2px 0 0px #FF6633;""""><span style=""""color: royalblue;"""">シ</span>ック</span> <span class=""""pitch_number"""">2</span>, <span style=""""box-shadow: inset -2px -2px 0 0 #FF6633;"""">ク</span><span style=""""box-shadow: inset -2px 2px 0 0px #FF6633;"""">ラ<span style=""""color: royalblue;"""">シ</span></span><span style=""""box-shadow: inset 0px -2px 0 0px #FF6633;"""">ック</span> <span class=""""pitch_number"""">3</span>"""
1774702692816	1775147485	Doki Doki1-5 male_voice	ジャズ	ジャズ	ジャズ	jazu	jazz	カフェで ジャズを 聴[き]きます。	Słucham jazzu w kawiarni.			zapożyczenie	カフェでジャズを聴きます。		[sound:hypertts-9300b658aee5a481d24cd71e1d9f5eb60d3389177848dd3f02288f1e.mp3]	[sound:hypertts-233ebd8303666fdfb1c69082373a01986d2c4b5ec9d1b9c2c5923e3c.mp3]	[sound:ジャズ_ジャ＼ズ_1_NHK-2016.mp3]	ジャズ	カフェでジャズを聴きます。	"""<span style=""""box-shadow: inset -2px 2px 0 0px #FF6633;"""">ジャ</span><span style=""""box-shadow: inset 0px -2px 0 0px #FF6633;"""">ズ</span> <span class=""""pitch_number"""">1</span>"""
1774702692817	1775147485	Doki Doki1-5 male_voice	ロック	ロック	ロック	rokku	rock	兄[あに]は ロックが 好[す]きです。	Mój starszy brat lubi rocka.			zapożyczenie	兄はロックが好きです。		[sound:hypertts-34cc07ee8cc6d612548080eeb522768417f5ed024634cd6bc5899b0f.mp3]	[sound:hypertts-b44c35176752a71b24e9cb521e45a8138ee297aa0bcc2d78c79191b5.mp3]	[sound:ロック_ロ＼ック_1_NHK-2016.mp3] [sound:ロック_ロ＼ック_1_NHK-2016(1).mp3]	ロック	兄はロックが好きです。	"""<span style=""""box-shadow: inset -2px 2px 0 0px #FF6633;"""">ロ</span><span style=""""box-shadow: inset 0px -2px 0 0px #FF6633;"""">ック</span> <span class=""""pitch_number"""">1</span>"""
1774702692818	1775147485	Doki Doki1-5 male_voice	ポップ	ポップ	ポップ	poppu	pop	日[に]本[ほん]の ポップを 聴[き]きます。	Słucham japońskiego popu.			zapożyczenie	日本のポップを聴きます。		[sound:hypertts-12459b2d1caed6ecc341b8ccb2e749a7047e2a1aaa311602fedb0d9b.mp3]	[sound:hypertts-dc535a5ddae23539a725e07c3c5114b603c45bceca3814591d87f28f.mp3]	[sound:ポップ_ポ＼ップ_1_NHK-2016.mp3]	ポップ	日本のポップを聴きます。	"""<span style=""""box-shadow: inset -2px -2px 0 0 #FF6633;"""">ポ</span><span style=""""box-shadow: inset 0px 2px 0 0px #FF6633;"""">ップ</span> <span class=""""pitch_number"""">0</span>, <span style=""""box-shadow: inset -2px 2px 0 0px #FF6633;"""">ポ</span><span style=""""box-shadow: inset 0px -2px 0 0px #FF6633;"""">ップ</span> <span class=""""pitch_number"""">1</span>"""
1774702692819	1775147485	Doki Doki1-5 male_voice	メタル	メタル	メタル	metaru	metal (muzyka)	メタルは とても うるさいです。	Metal jest bardzo głośny.			zapożyczenie	メタルはとてもうるさいです。		[sound:hypertts-aea3e3e0de2c7c965ad24e660165ac87614fb7b697ab6d6d88a7fe22.mp3]	[sound:hypertts-7fff4e140d09ae1f20a642ebac279cb990ffb9b71593aaa81e1cd5c0.mp3]	[sound:メタル_メタル━_0_NHK-2016.mp3] [sound:メタル_メ＼タル_1_NHK-2016.mp3]	メタル	メタルはとてもうるさいです。	"""<span style=""""box-shadow: inset -2px -2px 0 0 #FF6633;"""">メ</span><span style=""""box-shadow: inset 0px 2px 0 0px #FF6633;"""">タル</span> <span class=""""pitch_number"""">0</span>"""
1774703269721	1777386238	Doki Doki1-5 leech trudne	頭がいい	頭[あたま]がいい	あたまがいい	atama ga ii	mądry	あの 学[がく]生[せい]は 頭[あたま]が いいです。	Ten uczeń jest mądry.			i-adj / wyrażenie	あの学生は頭がいいです。		[sound:hypertts-d8e3b22f373e5e3ccec06731f42b7f95c1f84a32def695a34035c1fd.mp3]	[sound:hypertts-d7d0b8fccd648f58e436e6a7d51776c8435c2f34574f18f3260dcb97.mp3]		頭がいい	あの学生は頭がいいです。	
1774703269722	1775147485	Doki Doki1-5	チャンス	チャンス	チャンス	chansu	szansa	これは いい チャンスです。	To jest dobra szansa.			zapożyczenie	これはいいチャンスです。		[sound:hypertts-e6ecbe03d4b003c72140906d73a90b5c2fcce4aebc31a57906f5e393.mp3]	[sound:hypertts-0143553b5e9a1ac999d7f6abc313f81288511758373efe454e4807d2.mp3]	[sound:チャンス_チャ＼ンス_1_NHK-2016.mp3]	チャンス	これはいいチャンスです。	"""<span style=""""box-shadow: inset -2px 2px 0 0px #FF6633;"""">チャ</span><span style=""""box-shadow: inset 0px -2px 0 0px #FF6633;"""">ンス</span> <span class=""""pitch_number"""">1</span>"""
1774703269723	1784816929	Doki Doki1-5 leech trudne	真面目	真面目[まじめ]	まじめ	majime	poważny, pilny	彼[かれ]は 真面目[まじめ]な 人[ひと]です。	On jest poważnym człowiekiem.			na-adj	彼は真面目な人です。		[sound:hypertts-0012d929f022f2d469ccd476fb472764cb0b4f47839bc686e5c9f432.mp3]	[sound:hypertts-c17b3516b801d06d340b6d1ad2b93b4cfda4cd2de0f1570c1f610ec8.mp3]	[sound:真面目_マジメ━_0_NHK-2016.mp3]	真面目	彼は真面目な人です。	"""<span style=""""box-shadow: inset -2px -2px 0 0 #FF6633;"""">マ</span><span style=""""box-shadow: inset 0px 2px 0 0px #FF6633;"""">ジメ</span> <span class=""""pitch_number"""">0</span>"""
1774703269724	1783842760	Doki Doki1-5 leech trudne	ゆっくり	ゆっくり	ゆっくり	yukkuri	powoli	ゆっくり 話[はな]して ください。	Proszę mówić powoli.			przysłówek, często występuje w wyrażeniu ゆっくりする - odpoczywać, relaksować się, nie spieszyć się	ゆっくり話してください。		[sound:hypertts-641799e235272f739b2110b864ac416443ef58258a669bd2e4980268.mp3]	[sound:hypertts-d35607facc4cccbb02776419745abcf88d05b946abd9937e32ec8bc9.mp3]	[sound:ゆっくり_ユック＼リ_3_NHK-2016.mp3]	ゆっくり	ゆっくり話してください。	"""<span style=""""box-shadow: inset -2px -2px 0 0 #FF6633;"""">ユ</span><span style=""""box-shadow: inset -2px 2px 0 0px #FF6633;"""">ック</span><span style=""""box-shadow: inset 0px -2px 0 0px #FF6633;"""">リ</span> <span class=""""pitch_number"""">3</span>"""
1774703269725	1782846140	Doki Doki1-5 leech trudne	頑張る	頑[がん] 張[ば]る	がんばる	ganbaru	starać się, dawać z siebie wszystko	明[あし]日[た]の テストを 頑[がん]張[ば]ります。	Postaram się na jutrzejszym teście.	頑[がん]張[ば]ります	頑[がん]張[ば]りません	czasownik gr. 1	明日のテストを頑張ります。		[sound:hypertts-9f44523c2700bf290a0764ee4c8176038fa1e66f45ac9624e5352e6b.mp3]	[sound:hypertts-df8da9a9db2f6bde6c6686b2551a62f3db0355853a1b576981f20fb9.mp3]	[sound:頑張る_ガンバ＼ル_3_NHK-2016.mp3]	頑張る	明日のテストを頑張ります。	"""<span style=""""box-shadow: inset -2px -2px 0 0 #FF6633;"""">ガ</span><span style=""""box-shadow: inset -2px 2px 0 0px #FF6633;"""">ンバ</span><span style=""""box-shadow: inset 0px -2px 0 0px #FF6633;"""">ル</span> <span class=""""pitch_number"""">3</span>"""
1774703269726	1791214975	Doki Doki1-5 leech trudne	勇気	勇[ゆう] 気[き]	ゆうき	yuuki	odwaga	私[わたし]に 勇[ゆう]気[き]が あります。	Mam odwagę.			rzeczownik. Odwaga. Typowe połączenie 勇気を出す.	私に勇気があります。	勇[ゆう]気	[sound:hypertts-b480ef67623de94dcd16b80b4d9ea7b3cbb88f663d778525b3a562b8.mp3]	[sound:hypertts-6c6796538775928532730ed91b565a29da9c224ec70df1728192f883.mp3]	[sound:勇気_ユ＼ーキ_1_NHK-2016.mp3]	勇気	私に勇気があります。	"""<span style=""""box-shadow: inset -2px 2px 0 0px #FF6633;"""">ユ</span><span style=""""box-shadow: inset 0px -2px 0 0px #FF6633;"""">ーキ</span> <span class=""""pitch_number"""">1</span>"""
1774703269727	1775147485	Doki Doki1-5	リーダー	リーダー	リーダー	riidaa	lider	彼[かの]女[じょ]は いい リーダーです。	Ona jest dobrym liderem.			zapożyczenie	彼女はいいリーダーです。		[sound:hypertts-01d03cd5393002e13646fe7dc62a2823321631f6a5f3c38be4208972.mp3]	[sound:hypertts-c4ef299d63266cd6bff974aa41a2f801d33ed75ec4d1eaef31c1ac6c.mp3]	[sound:リーダー_リ＼ーダー_1_NHK-2016.mp3]	リーダー	彼女はいいリーダーです。	"""<span style=""""box-shadow: inset -2px 2px 0 0px #FF6633;"""">リ</span><span style=""""box-shadow: inset 0px -2px 0 0px #FF6633;"""">ーダー</span> <span class=""""pitch_number"""">1</span>"""
1774703269728	1791211959	Doki Doki1-5 leech	仲良くする	仲[なか] 良[よ]くする	なかよくする	nakayoku suru	żyć w zgodzie, przyjaźnić się, być w dobrych stosunkach	友[とも]達[だち]と 仲[なか]良[よ]くします。	Żyję w zgodzie z przyjaciółmi.	仲[なか]良[よ]くします	仲[なか]良[よ]くしません	czasownik gr. 3, wyrażenie z czasownikiem する. Utrzymywać dobre relacje z kimś.	友達と仲良くします。		[sound:hypertts-5d680e506c557c35ae9360a0de446f28b1ea34c384f452af95c8f8f9.mp3]	[sound:hypertts-61572de65cc048700462b4bc4aa37793c497b516ca00264019fd7697.mp3]		仲良くする	友達と仲良くします。	
1774703269729	1781545999	Doki Doki1-5	夢	夢[ゆめ]	ゆめ	yume	marzenie, sen	私[わたし]の 夢[ゆめ]は 先[せん]生[せい]です。	Moim marzeniem jest bycie nauczycielem.			rzeczownik	私の夢は先生です。		[sound:hypertts-64878065b13a2d042a60900e1010f66311bc1463ae7bb08aef522755.mp3]	[sound:hypertts-6c132e0bef6d73983ef7918260adf608798db4d299835e29b06e90f3.mp3]	[sound:夢_ユメ＼_2_NHK-2016.mp3]	夢	私の夢は先生です。	"""<span style=""""box-shadow: inset -2px -2px 0 0 #FF6633;"""">ユ</span><span style=""""box-shadow: inset -2px 2px 0 0px #FF6633;"""">メ</span> <span class=""""pitch_number"""">2</span>"""
1774703269730	1791357739	Doki Doki1-5 leech trudne	考える	考[かんが]える	かんがえる	kangaeru	myśleć, zastanawiać się, rozważać	私[わたし]は よく 考[かんが]えます。	Często się zastanawiam.	考[かんが]えます	考[かんが]えません	czasownik gr. 2. Często z ～について w znaczeniu myśleć o czymś.	私はよく考えます。		[sound:hypertts-9baff8fbd2daabf37c7941c055198d51415ee625404382aee09a0a4b.mp3]	[sound:hypertts-f5c028c6cab83212c9e5a70a46997587cca8f0d34f599b2d841a42d2.mp3]	[sound:考える_カンカ゚＼エル_3_NHK-2016.mp3] [sound:考える_カンカ゚エ＼ル_4_NHK-2016.mp3]	考える	私はよく考えます。	"""<span style=""""box-shadow: inset -2px -2px 0 0 #FF6633;"""">カ</span><span style=""""box-shadow: inset -2px 2px 0 0px #FF6633;"""">ンカ<span style=""""color: red;"""">°</span></span><span style=""""box-shadow: inset 0px -2px 0 0px #FF6633;"""">エル</span> <span class=""""pitch_number"""">3</span>, <span style=""""box-shadow: inset -2px -2px 0 0 #FF6633;"""">カ</span><span style=""""box-shadow: inset -2px 2px 0 0px #FF6633;"""">ンカ<span style=""""color: red;"""">°</span>エ</span><span style=""""box-shadow: inset 0px -2px 0 0px #FF6633;"""">ル</span> <span class=""""pitch_number"""">4</span>"""
1774703269731	1786195429	Doki Doki1-5 leech trudne	行動する	行[こう] 動[どう]する	こうどうする	koudou suru	działać, postępować	すぐに 行[こう]動[どう]します。	Działam natychmiast.	行[こう]動[どう]します	行[こう]動[どう]しません	czasownik gr. 3	すぐに行動します。	行 動[どう]する	[sound:hypertts-75e5d55a951af332f25ddc871d7b09e9f4b8110de75c4f8264ea0ae8.mp3]	[sound:hypertts-a389887f82d5391efbf0c7c04ee7f94405984c770392c7a3fdb12a00.mp3]		行動する	すぐに行動します。	"""<span style=""""box-shadow: inset -2px -2px 0 0 #FF6633;"""">コ</span><span style=""""box-shadow: inset 0px 2px 0 0px #FF6633;"""">ウドウスル</span> <span class=""""pitch_number"""">0</span>"""
1774703269732	1791209371	Doki Doki1-5 leech trudne	自由	自[じ] 由[ゆう]	じゆう	jiyuu	wolność, swoboda	自[じ]由[ゆう]な 時[じ]間[かん]が ありますか。	Czy masz wolny czas?			rzeczownik i na-adj. 自由な oznacza swobodny lub wolny.	自由な時間がありますか。		[sound:hypertts-3d1ba123dfdaf4a1dbdd199d4600fd732558606f0b09c98ddc1c94b9.mp3]	[sound:hypertts-e7df41936be5c31043db4b427584296781c5890fc4d97c181f05cfa6.mp3]	[sound:自由_ジユ＼ー_2_NHK-2016.mp3]	自由	自由な時間がありますか。	"""<span style=""""box-shadow: inset -2px -2px 0 0 #FF6633;"""">ジ</span><span style=""""box-shadow: inset -2px 2px 0 0px #FF6633;"""">ユ</span><span style=""""box-shadow: inset 0px -2px 0 0px #FF6633;"""">ー</span> <span class=""""pitch_number"""">2</span>"""
1774703269733	1775147485	Doki Doki1-5	暖かい	暖[あたた]かい	あたたかい	atatakai	ciepły (np. pogoda)	今[きょう]日[にち]は 暖[あたた]かいです。	Dzisiaj jest ciepło.			i-adj	今日は暖かいです。		[sound:hypertts-a245cf847dae90280ef6b1a604ebee17a305eaec1a7ad7cd55f149aa.mp3]	[sound:hypertts-f3e51488ccb9abc8fce94c183feb12b7ab878660fa634740774e2510.mp3]	[sound:暖かい_アタタカ＼イ_4_NHK-2016.mp3]	暖かい	今日は暖かいです。	"""<span style=""""box-shadow: inset -2px -2px 0 0 #FF6633;"""">ア</span><span style=""""box-shadow: inset -2px 2px 0 0px #FF6633;"""">タタカ</span><span style=""""box-shadow: inset 0px -2px 0 0px #FF6633;"""">イ</span> <span class=""""pitch_number"""">4</span>"""
1774703269734	1782846341	Doki Doki1-5	時間を守る	時[じ] 間[かん]を 守[まも]る	じかんをまもる	jikan o mamoru	być punktualnym, dotrzymywać czasu	いつも 時[じ]間[かん]を 守[まも]ります。	Zawsze jestem punktualny.	時[じ]間[かん]を 守[まも]ります	時[じ]間[かん]を 守[まも]りません	czasownik gr. 1 / wyrażenie	いつも時間を守ります。		[sound:hypertts-2c7267c53dcd6cf14a07adaf0d44821d23c3418fa04598f5f4542a07.mp3]	[sound:hypertts-2f690faad536e944318a27bb44d731faa94811f4bb506cce52d31e99.mp3]		時間を守る	いつも時間を守ります。	
1774703269735	1783584416	Doki Doki1-5 leech	大切	大[たい] 切[せつ]	たいせつ	taisetsu	ważny (emocjonalnie, cenne)	家[か]族[ぞく]は 大[たい]切[せつ]です。	Rodzina jest ważna.			na-adj. Zastosowanie: Rodzina, przyjaciele, pamiątki, własne wartości.	家族は大切です。	大 切[せつ]	[sound:hypertts-5e0fa4a859317873de6c575eb8e92039d7b1d7e20f989f2e1c8b9f4f.mp3]	[sound:hypertts-6b65a8146a40ebdb34bf362293fd96ec86241bc4de4f39c06c8fa876.mp3]	[sound:大切_タイセツ━_0_NHK-2016.mp3]	大切	家族は大切です。	"""<span style=""""box-shadow: inset -2px -2px 0 0 #FF6633;"""">タ</span><span style=""""box-shadow: inset 0px 2px 0 0px #FF6633;"""">イセツ</span> <span class=""""pitch_number"""">0</span>"""
1774703269736	1775147485	Doki Doki1-5	真っ直ぐ	真[ま]っ 直[す]ぐ	まっすぐ	massugu	prosto	真[ま]っ 直[す]ぐ 行[い]って ください。	Proszę iść prosto.			przysłówek	真っ直ぐ行ってください。		[sound:hypertts-2afe57030393fee03d4845e6c652f54635670a53996a3c65804e5752.mp3]	[sound:hypertts-45fe2825fec3ca5700367b31ed44f271e5eb75cc3b9f0b2d0927077e.mp3]	[sound:ますぐ_マスグ_JapanesePod101.mp3]	真っ直ぐ	真っ直ぐ行ってください。	"""<span style=""""box-shadow: inset -2px -2px 0 0 #FF6633;"""">マ</span><span style=""""box-shadow: inset -2px 2px 0 0px #FF6633;"""">ッス</span><span style=""""box-shadow: inset 0px -2px 0 0px #FF6633;"""">グ</span> <span class=""""pitch_number"""">3</span>"""
1774703269737	1775147485	Doki Doki1-5	進む	進[すす]む	すすむ	susumu	posuwać się naprzód	車[くるま]が 前[まえ]に 進[すす]みます。	Samochód posuwa się do przodu.	進[すす]みます	進[すす]みません	czasownik gr. 1	車が前に進みます。		[sound:hypertts-70837ee45725f10f114a88c6ab9354c344d1bf499ef4f93667a1e668.mp3]	[sound:hypertts-f35fbb840d45526ceb335f61c68246b82106dc5860383b736b852243.mp3]	[sound:進む_ススム━_0_NHK-2016.mp3]	進む	車が前に進みます。	"""<span style=""""box-shadow: inset -2px -2px 0 0 #FF6633;"""">ス</span><span style=""""box-shadow: inset 0px 2px 0 0px #FF6633;"""">スム</span> <span class=""""pitch_number"""">0</span>"""
1774703269738	1782846332	Doki Doki1-5	動物の名前	動[どう] 物[ぶつ]の&nbsp; 名[な] 前[まえ]	どうぶつのなまえ	doubutsu no namae	nazwy zwierząt	動[どう]物[ぶつ]の 名[な]前[まえ]を 覚[おぼ]えます。	Uczę się nazw zwierząt.			rzeczownik / wyrażenie	動物の名前を覚えます。		[sound:hypertts-06222d7e0aa42accccd22c4ac1d5b64db02c0d4febef91fffec4b4f7.mp3]	[sound:hypertts-454649cb8ccd811c38212208c59ef85270bf315202a2c1cfb2313591.mp3]		動物の名前	動物の名前を覚えます。	
1775147770730	1775148097	Doki Doki1-5 male_voice	危ない	危[あぶ]ない	あぶない	abunai	niebezpieczny	ここは 危[あぶ]ないです。	Tutaj jest niebezpiecznie.			i-przymiotnik	ここは危ないです。		[sound:hypertts-43ae55a60456d9e2ba423887ee9b4eb71a521e00db5cb8315440b46b.mp3]	[sound:hypertts-2a0069cee291a741dddc20edd94a7773d5e32fc92465a3ba9657b446.mp3]	[sound:危ない_アブナイ━_0_NHK-2016.mp3] [sound:危ない_アブナ＼イ_3_NHK-2016.mp3]	危ない	ここは危ないです。	"""<span style=""""box-shadow: inset -2px -2px 0 0 #FF6633;"""">ア</span><span style=""""box-shadow: inset 0px 2px 0 0px #FF6633;"""">ブナイ</span> <span class=""""pitch_number"""">0</span>, <span style=""""box-shadow: inset -2px -2px 0 0 #FF6633;"""">ア</span><span style=""""box-shadow: inset -2px 2px 0 0px #FF6633;"""">ブナ</span><span style=""""box-shadow: inset 0px -2px 0 0px #FF6633;"""">イ</span> <span class=""""pitch_number"""">3</span>"""
1775147770731	1791211959	Doki Doki1-5 male_voice	エレベーター	エレベーター	エレベーター	erebētā	winda	駅[えき]にエレベーターがあります。	Na stacji znajduje się winda.			zapożyczenie. Winda osobowa lub towarowa.	駅にエレベーターがあります。		[sound:hypertts-92a8cd15691b461f3722640f6b01f49ffe1e1dcb089fb62af3feaf02.mp3]	[sound:hypertts-c30363b28d0cfde576469bf038838cf60ec3586efcaa37f9208c74a1.mp3]	[sound:エレベーター_エレベ＼ーター_3_NHK-2016.mp3]	エレベーター	駅にエレベーターがあります。	"""<span style=""""box-shadow: inset -2px -2px 0 0 #FF6633;"""">エ</span><span style=""""box-shadow: inset -2px 2px 0 0px #FF6633;"""">レベ</span><span style=""""box-shadow: inset 0px -2px 0 0px #FF6633;"""">ーター</span> <span class=""""pitch_number"""">3</span>"""
1775895062102	1791209371	Doki Doki1-5 male_voice	筋トレ	筋[きん]トレ	きんトレ	kintore	trening mięśni, trening siłowy	毎[まい]日[にち] 筋[きん]トレ を します。	Codziennie robię trening siłowy.			skrót od 筋力トレーニング. Potoczne określenie treningu siłowego.	毎日筋トレをします。		[sound:hypertts-7ef11504af070f033d9a0ce436ee00e8dd446c6598b848701bd91b38.mp3]	[sound:hypertts-10dad3f406e40c5bc127b3b135837a7575d842906a24fbda35371977.mp3]	[sound:筋トレ_キントレ━_0_Shinmeikai-8.mp3]	筋トレ	毎日筋トレをします。	"""<span style=""""box-shadow: inset -2px -2px 0 0 #FF6633;"""">キ</span><span style=""""box-shadow: inset 0px 2px 0 0px #FF6633;"""">ントレ</span> <span class=""""pitch_number"""">0</span>"""
1775895062103	1775895360	Doki Doki1-5 male_voice	なる	なる	なる	naru	stawać się, zostać (kimś/czymś)	私[わたし] は 先[せん]生[せい] に なります。	Zostanę nauczycielem.	なります	なりません	czasownik gr. 1	私は先生になります。		[sound:hypertts-56863526dabd88e67694ae11988bc992a70b3334c34e63eeae8bbfc2.mp3]	[sound:hypertts-abf4769ac6d66dd4812f45c4aec806a0c83d99f0b5b46c604daf13e4.mp3]	[sound:なる_ナル━_0_NHK-2016.mp3] [sound:なる_ナ＼ル_1_NHK-2016.mp3]	なる	私は先生になります。	"""<span style=""""box-shadow: inset -2px -2px 0 0 #FF6633;"""">ナ</span><span style=""""box-shadow: inset 0px 2px 0 0px #FF6633;"""">ル</span> <span class=""""pitch_number"""">0</span>, <span style=""""box-shadow: inset -2px 2px 0 0px #FF6633;"""">ナ</span><span style=""""box-shadow: inset 0px -2px 0 0px #FF6633;"""">ル</span> <span class=""""pitch_number"""">1</span>"""
1775895062104	1775897768	Doki Doki1-5 male_voice	上手い	上手[うま]い	うまい	umai	zręczny, dobry (w czymś)	彼[かれ] は 日[に]本[ほん]語[ご] が 上手[うま]い です。	On jest dobry z japońskiego.			i-adj	彼は日本語が上手いです。		[sound:hypertts-7a7dbc5abdcbdd00be99dbadc67f1e38e8e211c153488cdb9aaf5560.mp3]	[sound:hypertts-09e026669ec7b4b51f57b218192d5c304bce2801a10b570751b6b606.mp3]	[sound:上手い_ウマ＼イ_2_NHK-1998.mp3]	上手い	彼は日本語が上手いです。	"""<span style=""""box-shadow: inset -2px -2px 0 0 #FF6633;"""">ウ</span><span style=""""box-shadow: inset -2px 2px 0 0px #FF6633;"""">マ</span><span style=""""box-shadow: inset 0px -2px 0 0px #FF6633;"""">イ</span> <span class=""""pitch_number"""">2</span>"""
1775895062105	1781599502	Doki Doki1-5 male_voice	大人	大人[おとな]	おとな	otona	dorosły	大人[おとな] が 三[さん]人[にん] います。	Jest trzech dorosłych.			rzeczownik	大人が三人います。	大人	[sound:hypertts-d02ab680854c85109e566febe682e93ea019aa8c0d5b3ddf145cc3cb.mp3]	[sound:hypertts-19ea83cedf1736c780e36a157c54fee8abc5d9e1264659964446ae57.mp3]	[sound:大人_オトナ━_0_NHK-2016.mp3]	大人	大人が三人います。	"""<span style=""""box-shadow: inset -2px -2px 0 0 #FF6633;"""">オ</span><span style=""""box-shadow: inset 0px 2px 0 0px #FF6633;"""">トナ</span> <span class=""""pitch_number"""">0</span>"""
1775895062106	1782884618	Doki Doki1-5 male_voice	もう元気	もう 元[げん] 気[き]	もうげんき	mou genki	już zdrowy, już dobrze	私[わたし] は もう 元気[げんき] です。	Jestem już zdrowy.			przysłówek + na-adj	私はもう元気です。	もう元気	[sound:hypertts-9d817acf25e38a7e549e4c5c00c94fa9e0bda9885dd4b8633cf8e3dc.mp3]	[sound:hypertts-f69069bbddad744cab1aa2fc1787a703d940469c6bbbc16e4a4d9d9f.mp3]		もう元気	私はもう元気です。	
1775895062107	1791214975	Doki Doki1-5 male_voice	アプリ	アプリ	アプリ	apuri	aplikacja	新[あたら]しい アプリ を 使[つか]います。	Używam nowej aplikacji.			zapożyczenie. Skrót od アプリケーション.	新しいアプリを使います。		[sound:hypertts-d29435cac7a7f28c8948be57b1b2add2f6c875ffc21e5913573977c9.mp3]	[sound:hypertts-26bcd5ddde9ba3687e127c01a0a3ca1815b3137ae11533847151c8b7.mp3]	[sound:アプリ_ア＼プリ_1_NHK-2016.mp3]	アプリ	新しいアプリを使います。	"""<span style=""""box-shadow: inset -2px 2px 0 0px #FF6633;"""">ア</span><span style=""""box-shadow: inset 0px -2px 0 0px #FF6633;"""">プリ</span> <span class=""""pitch_number"""">1</span>"""
1775899943443	1782884618	Doki Doki1-5 female_voice	性別	性[せい] 別[べつ]	せいべつ	seibetsu	płeć	性別[せいべつ]を 教[おし]えてください。	Proszę podać płeć.			rzeczownik	性別を教えてください。		[sound:hypertts-3bac693db73fc6f408a4594fa5caa88d4ffdaffd1cf3de82dd42e650.mp3]	[sound:hypertts-191661f233b4e30575bd116a0ba118db35734fa77036ed92232264b1.mp3]	[sound:性別_セーベツ━_0_NHK-2016.mp3]	性別	性別を教えてください。	"""<span style=""""box-shadow: inset -2px -2px 0 0 #FF6633;"""">セ</span><span style=""""box-shadow: inset 0px 2px 0 0px #FF6633;"""">イベツ</span> <span class=""""pitch_number"""">0</span>"""
1775899943444	1791198877	Doki Doki1-5 female_voice	年	年[とし]	とし	toshi	wiek	お 年[とし]はおいくつですか。	Ile ma Pan/Pani lat?			rzeczownik (uwaga: wiek to 'toshi', 'ushi' oznacza krowę)	お年はおいくつですか。		[sound:hypertts-53354d63369a394e7860a7efaba8556f0b9f9011bd3449d66ffd7ed2.mp3]	[sound:hypertts-1142791fa6749857cf1aaa2f614aca6ea4b18e6bb7f9b614c68fabfa.mp3]	[sound:年_トシ＼_2_NHK-2016.mp3]	年	お年はおいくつですか。	"""<span style=""""box-shadow: inset -2px -2px 0 0 #FF6633;"""">ト</span><span style=""""box-shadow: inset -2px 2px 0 0px #FF6633;"""">シ</span> <span class=""""pitch_number"""">2</span>"""
1775899943445	1775900085	Doki Doki1-5 female_voice	メールアドレス	メールアドレス	メールアドレス	meeru adoresu	adres e-mail	先生[せんせい]のメールアドレスを 教[おし]えてください。	Proszę mi podać adres e-mail nauczyciela.			zapożyczenie	先生のメールアドレスを教えてください。		[sound:hypertts-8032d2cee5fa164a46ee849bb88d48a7ba858a6e6d8938a13298aa7f.mp3]	[sound:hypertts-a8799218938799dc417de55cf3e64179d6574a532d7c44ff76a4d745.mp3]	[sound:メールアドレス_メールア＼ドレス_4_NHK-2016.mp3]	メールアドレス	先生のメールアドレスを教えてください。	"""<span style=""""box-shadow: inset -2px -2px 0 0 #FF6633;"""">メ</span><span style=""""box-shadow: inset -2px 2px 0 0px #FF6633;"""">ールア</span><span style=""""box-shadow: inset 0px -2px 0 0px #FF6633;"""">ドレス</span> <span class=""""pitch_number"""">4</span>"""
1775899943446	1776434621	Doki Doki1-5 female_voice	アット	アット	アット	atto	znak małpy (@)	メールアドレスにアットがあります。	W adresie e-mail jest znak małpy.			zapożyczenie	メールアドレスにアットがあります。		[sound:hypertts-d47e00700793da1caa1e520d8cbc193dfbacf6f5f32518b64e2fe7a8.mp3]	[sound:hypertts-3509602eda1fe07e9dc2472bace7da09298b696bd69f3af936524087.mp3]	[sound:アット_アット_JapanesePod101.mp3] [sound:あっと_アット_JapanesePod101.mp3]	アット	メールアドレスにアットがあります。	"""<span style=""""box-shadow: inset -2px 2px 0 0px #FF6633;"""">ア</span><span style=""""box-shadow: inset 0px -2px 0 0px #FF6633;"""">ット</span> <span class=""""pitch_number"""">1</span>"""
1775899943447	1791206769	Doki Doki1-5 female_voice	点	点[てん]	てん	ten	punkt / kropka	ここに 点[てん]を 書[か]きます。	Tutaj zapiszę kropkę.			rzeczownik i klasyfikator punktów lub ocen.	ここに点を書きます。		[sound:hypertts-838442637426f820b6ad706f0d3faeb871ad4a4db43575800e8283dc.mp3]	[sound:hypertts-851ccd72f961efdd05b90ebe214a01709cc825b17fe1dc508f05a67b.mp3]	[sound:点_テン━_0_NHK-2016.mp3]	点	ここに点を書きます。	"""<span style=""""box-shadow: inset -2px -2px 0 0 #FF6633;"""">テ</span><span style=""""box-shadow: inset 0px 2px 0 0px #FF6633;"""">ン</span> <span class=""""pitch_number"""">0</span>"""
1775899943448	1775900085	Doki Doki1-5 female_voice	ドット	ドット	ドット	dotto	kropka (w adresie)	アドレスにドットを 入[い]れます。	Wpisuję kropkę do adresu e-mail.			zapożyczenie	アドレスにドットを入れます。		[sound:hypertts-4a8b76563bf3d0b90055151f7f538a43631e5dd0bfc33047a7bc5520.mp3]	[sound:hypertts-d36b1e44e1db2e3c9395fa9727ab70525e9da30f48097f0bc87ecff7.mp3]	[sound:ドット_ドット━_0_NHK-2016.mp3] [sound:どっと_ド＼ット_1_NHK-2016.mp3]	ドット	アドレスにドットを入れます。	"""<span style=""""box-shadow: inset -2px -2px 0 0 #FF6633;"""">ド</span><span style=""""box-shadow: inset 0px 2px 0 0px #FF6633;"""">ット</span> <span class=""""pitch_number"""">0</span>, <span style=""""box-shadow: inset -2px 2px 0 0px #FF6633;"""">ド</span><span style=""""box-shadow: inset 0px -2px 0 0px #FF6633;"""">ット</span> <span class=""""pitch_number"""">1</span>"""
1775899943449	1775900085	Doki Doki1-5 female_voice	コスプレ	コスプレ	コスプレ	kosupure	cosplay	私[わたし]はコスプレが 好[す]きです。	Lubię cosplay.			zapożyczenie	私はコスプレが好きです。		[sound:hypertts-83709373a8010acbdbf3ff22ad87eab0cc11a19305f68502e24bb74d.mp3]	[sound:hypertts-c01f42336a2319ae83b700ae553b4cca88714a1b70b6e3521223146a.mp3]	[sound:コスプレ_コスプレ━_0_Shinmeikai-8.mp3]	コスプレ	私はコスプレが好きです。	"""<span style=""""box-shadow: inset -2px -2px 0 0 #FF6633;"""">コ</span><span style=""""box-shadow: inset 0px 2px 0 0px #FF6633;"""">スプレ</span> <span class=""""pitch_number"""">0</span>"""
1775899943450	1775900085	Doki Doki1-5 female_voice	ヨーロッパ	ヨーロッパ	ヨーロッパ	yooroppa	Europa	来年[らいねん]ヨーロッパに 行[い]きたいです。	W przyszłym roku chcę pojechać do Europy.			zapożyczenie	来年ヨーロッパに行きたいです。		[sound:hypertts-1a071de01f6640ac2fc04d07c62b8555e91476c934cbec42831dcd49.mp3]	[sound:hypertts-3265756ff788dc34afdbff84ceb9a06155b47aeb49ed63ce7ec3624a.mp3]	[sound:ヨーロッパ_ヨーロ＼ッパ_3_NHK-2016.mp3]	ヨーロッパ	来年ヨーロッパに行きたいです。	"""<span style=""""box-shadow: inset -2px -2px 0 0 #FF6633;"""">ヨ</span><span style=""""box-shadow: inset -2px 2px 0 0px #FF6633;"""">ーロ</span><span style=""""box-shadow: inset 0px -2px 0 0px #FF6633;"""">ッパ</span> <span class=""""pitch_number"""">3</span>"""
1775899943451	1775900085	Doki Doki1-5 female_voice	旨い	旨[うま]い	うまい	umai	smaczny / pyszny	このレストランのピザはとても 旨[うま]いです。	Pizza w tej restauracji jest bardzo smaczna.			i-adj	このレストランのピザはとても旨いです。		[sound:hypertts-3dc368a88c10e6f598121a296e059b4f9e87d9f776920bdb9e84c0b4.mp3]	[sound:hypertts-38987fc95cf149c5123b64e06a05c925ffd7648271dba2055adbdbe4.mp3]	[sound:旨い_ウマ＼イ_2_NHK-1998.mp3]	旨い	このレストランのピザはとても旨いです。	"""<span style=""""box-shadow: inset -2px -2px 0 0 #FF6633;"""">ウ</span><span style=""""box-shadow: inset -2px 2px 0 0px #FF6633;"""">マ</span><span style=""""box-shadow: inset 0px -2px 0 0px #FF6633;"""">イ</span> <span class=""""pitch_number"""">2</span>"""
1775899943452	1775900085	Doki Doki1-5 female_voice	くそ	くそ	くそ	kuso	cholera / gówno (przekleństwo)	くそ！ 負[ま]けました。	Cholera! Przegrałem(am).			wykrzyknik / wulgaryzm	くそ！負けました。		[sound:hypertts-dd3afe9089e4c1d08354d24a236918a17ae38e60727e67bc113797bc.mp3]	[sound:hypertts-3b571109745a0aa9573f4b538c8c8dba880602fd891f0edc5a17964a.mp3]	[sound:くそ_クソ＼_2_NHK-2016.mp3]	くそ	くそ！負けました。	"""<span style=""""box-shadow: inset -2px -2px 0 0 #FF6633;""""><span style=""""color: royalblue;"""">ク</span></span><span style=""""box-shadow: inset -2px 2px 0 0px #FF6633;"""">ソ</span> <span class=""""pitch_number"""">2</span>, <span style=""""box-shadow: inset -2px -2px 0 0 #FF6633;"""">ク</span><span style=""""box-shadow: inset -2px 2px 0 0px #FF6633;"""">ソ</span> <span class=""""pitch_number"""">2</span>"""
1775899943453	1782884618	Doki Doki1-5 female_voice	畜生	畜[ちく] 生[しょう]	ちくしょう	chikushou	cholera (przekleństwo)	畜生[ちくしょう]！ 頭[あたま]が 痛[いた]いです。	Cholera! Boli mnie głowa.			wykrzyknik / wulgaryzm	畜生！頭が痛いです。	畜[ちく]生	[sound:hypertts-647cdb71eb28aa685813ac1baa16d1e6aef4bde9983386f560e49a3f.mp3]	[sound:hypertts-7f5d2a956147dc97c85d526c9d5a084be9c34d80c429e8b84266ac3e.mp3]	[sound:畜生_チクショ＼ー_3_NHK-2016.mp3]	畜生	畜生！頭が痛いです。	"""<span style=""""box-shadow: inset -2px -2px 0 0 #FF6633;""""><span style=""""color: royalblue;"""">チ</span></span><span style=""""box-shadow: inset -2px 2px 0 0px #FF6633;"""">クショ</span><span style=""""box-shadow: inset 0px -2px 0 0px #FF6633;"""">ー</span> <span class=""""pitch_number"""">3</span>"""
1775899943454	1791359790	Doki Doki1-5 female_voice	痛い	痛[いた]い	いたい	itai	boleć / bolesny	私[わたし]は 足[あし]が 痛[いた]いです。	Bolą mnie nogi.			i-adj	私は足が痛いです。		[sound:hypertts-e5a01d77c38a7b43db0127e7601ca3a4ce11198efc42dd93ada445fa.mp3]	[sound:hypertts-d08bc8e02f43d1b39c5a6e34ffb4a58bb46ab4e5fd91904629ef4b94.mp3]	[sound:痛い_イタ＼イ_2_NHK-2016.mp3]	痛い	私は足が痛いです。	"""<span style=""""box-shadow: inset -2px -2px 0 0 #FF6633;"""">イ</span><span style=""""box-shadow: inset -2px 2px 0 0px #FF6633;"""">タ</span><span style=""""box-shadow: inset 0px -2px 0 0px #FF6633;"""">イ</span> <span class=""""pitch_number"""">2</span>"""
1775899943455	1791205492	Doki Doki1-5 female_voice	落ちる	落[お]ちる	おちる	ochiru	upadać / nie zdać (egzaminu), spaść	りんごが 木[き]から 落[お]ちます。	Jabłko spada z drzewa.	落[お]ちます	落[お]ちません	czasownik gr. 2, nieprzechodni. Para z przechodnim 落とす.	りんごが木から落ちます。		[sound:hypertts-8e76a3aeb5cc6b786ee724b169d651dc1d64d53901bed5655d301713.mp3]	[sound:hypertts-6cc19640438debf76626423fc348b90610b252b471b2887676ca3c7e.mp3]	[sound:落ちる_オチ＼ル_2_NHK-2016.mp3]	落ちる	りんごが木から落ちます。	"""<span style=""""box-shadow: inset -2px -2px 0 0 #FF6633;"""">オ</span><span style=""""box-shadow: inset -2px 2px 0 0px #FF6633;"""">チ</span><span style=""""box-shadow: inset 0px -2px 0 0px #FF6633;"""">ル</span> <span class=""""pitch_number"""">2</span>"""
1775899943456	1781545999	Doki Doki1-5 female_voice	甘い	甘[あま]い	あまい	amai	słodki	このケーキは 甘[あま]いです。	To ciasto jest słodkie.			i-adj	このケーキは甘いです。		[sound:hypertts-b1fc2ef74cff0bb2d93c1224273a43634ec295233ca677d2a573e764.mp3]	[sound:hypertts-6d63da6cf72d8c36e0c21da68566b3daf37b4c725f1b91c224288594.mp3]	[sound:甘い_アマイ━_0_NHK-2016.mp3] [sound:甘い_アマ＼イ_2_NHK-2016.mp3]	甘い	このケーキは甘いです。	"""<span style=""""box-shadow: inset -2px -2px 0 0 #FF6633;"""">ア</span><span style=""""box-shadow: inset 0px 2px 0 0px #FF6633;"""">マイ</span> <span class=""""pitch_number"""">0</span>"""
1775899943457	1781545999	Doki Doki1-5 female_voice	苦い	苦[にが]い	にがい	nigai	gorzki	外国[がいこく]のコーヒーは 苦[にが]いです。	Zagraniczna kawa jest gorzka.			i-adj	外国のコーヒーは苦いです。		[sound:hypertts-0c25c991125c1892b10d7bb05fa8aff6568697336785354d82c0b73e.mp3]	[sound:hypertts-af42c625d58c108c68755f90d7d448942d865dc3a48417ad25f05571.mp3]	[sound:苦い_ニカ゚＼イ_2_NHK-2016.mp3]	苦い	外国のコーヒーは苦いです。	"""<span style=""""box-shadow: inset -2px -2px 0 0 #FF6633;"""">ニ</span><span style=""""box-shadow: inset -2px 2px 0 0px #FF6633;"""">カ<span style=""""color: red;"""">°</span></span><span style=""""box-shadow: inset 0px -2px 0 0px #FF6633;"""">イ</span> <span class=""""pitch_number"""">2</span>"""
1775899943458	1783007887	Doki Doki1-5 female_voice leech	塩辛い	塩[しお] 辛[から]い	しおからい	shiokarai	słony	このスープは 塩辛[しおから]いです。	Ta zupa jest słona.			i-adj	このスープは塩辛いです。		[sound:hypertts-9198976f943092cac5a20a219e5e2d23037af586669635f6c862ae6b.mp3]	[sound:hypertts-9e17ac691519b1291fb58ec64b7b1ed8b92fe060d70d176780c4da2a.mp3]	[sound:塩辛い_シオカラ＼イ_4_NHK-2016.mp3]	塩辛い	このスープは塩辛いです。	"""<span style=""""box-shadow: inset -2px -2px 0 0 #FF6633;"""">シ</span><span style=""""box-shadow: inset -2px 2px 0 0px #FF6633;"""">オカラ</span><span style=""""box-shadow: inset 0px -2px 0 0px #FF6633;"""">イ</span> <span class=""""pitch_number"""">4</span>"""
1775899943459	1781545999	Doki Doki1-5 female_voice	酸っぱい	酸[す]っぱい	すっぱい	suppai	kwaśny	このレモンは 酸[す]っぱいです。	Ta cytryna jest kwaśna.			i-adj	このレモンは酸っぱいです。		[sound:hypertts-e07195e9f1a63bfa2d335d869d5c44a5a12d6926196aecdc0c444591.mp3]	[sound:hypertts-98e4c09b644293f2261df2712c52fc00ae42ca6aaa4d5f25d496074b.mp3]	[sound:酸っぱい_スッパ＼イ_3_NHK-2016.mp3]	酸っぱい	このレモンは酸っぱいです。	"""<span style=""""box-shadow: inset -2px -2px 0 0 #FF6633;""""><span style=""""color: royalblue;"""">ス</span></span><span style=""""box-shadow: inset -2px 2px 0 0px #FF6633;"""">ッパ</span><span style=""""box-shadow: inset 0px -2px 0 0px #FF6633;"""">イ</span> <span class=""""pitch_number"""">3</span>"""
1775899943460	1781545999	Doki Doki1-5 female_voice	辛い	辛[から]い	からい	karai	pikantny / ostry	タイ 料理[りょうり]はとても 辛[から]いです。	Kuchnia tajska jest bardzo pikantna.			i-adj	タイ料理はとても辛いです。		[sound:hypertts-21746395db880e366e02d295fe667bdc3652849a696e6cd928a9449a.mp3]	[sound:hypertts-206a777e6f6ff75067a0e684fe39e17bf44bd82e8742135ad2ddf06d.mp3]	[sound:辛い_カラ＼イ_2_NHK-2016.mp3]	辛い	タイ料理はとても辛いです。	"""<span style=""""box-shadow: inset -2px -2px 0 0 #FF6633;"""">カ</span><span style=""""box-shadow: inset -2px 2px 0 0px #FF6633;"""">ラ</span><span style=""""box-shadow: inset 0px -2px 0 0px #FF6633;"""">イ</span> <span class=""""pitch_number"""">2</span>"""
1775899943461	1782884618	Doki Doki1-5 female_voice	旨味	旨[うま] 味[み]	うまみ	umami	umami (jeden z pięciu smaków)	このスープに 旨味[うまみ]があります。	W tej zupie jest umami.			rzeczownik	このスープに旨味があります。		[sound:hypertts-9da417bc5808ac170e23b65a056e188d5bd3de7fb5e694555cf1ef00.mp3]	[sound:hypertts-b722a024b4a3e91047071d6655f145585d7bcbff27cd1864e7f70c46.mp3]	[sound:旨味_ウマミ━_0_NHK-2016.mp3]	旨味	このスープに旨味があります。	"""<span style=""""box-shadow: inset -2px -2px 0 0 #FF6633;"""">ウ</span><span style=""""box-shadow: inset 0px 2px 0 0px #FF6633;"""">マミ</span> <span class=""""pitch_number"""">0</span>, <span style=""""box-shadow: inset -2px -2px 0 0 #FF6633;"""">ウ</span><span style=""""box-shadow: inset -2px 2px 0 0px #FF6633;"""">マミ</span> <span class=""""pitch_number"""">3</span>"""
1776505858082	1777039521	Doki Doki1-5 female_voice	エースポーツ	エースポーツ	 エースポーツ	ēsupōtsu	e-sport	毎[まい]日[にち]エースポーツをします。	Codziennie uprawiam e-sport.			zapożyczenie	毎日エースポーツをします。		[sound:hypertts-5cfbe068466a2d3a21288fe49a62dfb1a03c0dc9e874d039edac9dcd.mp3]	[sound:hypertts-c313578eb7aea52b084147315b496977cedf377a21966796fe25bfcb.mp3]		エースポーツ	毎日エースポーツをします。	
1776505858083	1776506077	Doki Doki1-5 female_voice	蜘蛛	蜘蛛[くも]	くも	kumo	pająk	部[へ]屋[や]に大[おお]きな蜘蛛[くも]がいます。	W pokoju jest duży pająk.			rzeczownik	部屋に大きな蜘蛛がいます。		[sound:hypertts-0f261f941df98580603e9e619c8832cbd70389525ee476e86b9cbe31.mp3]	[sound:hypertts-a72f334d5634b4d6f50645148aa578a0ae6a41fbce411571869e5481.mp3]	[sound:蜘蛛_ク＼モ_1_NHK-2016.mp3]	蜘蛛	部屋に大きな蜘蛛がいます。	"""<span style=""""box-shadow: inset -2px 2px 0 0px #FF6633;"""">ク</span><span style=""""box-shadow: inset 0px -2px 0 0px #FF6633;"""">モ</span> <span class=""""pitch_number"""">1</span>"""
1776505858084	1791357739	Doki Doki1-5 female_voice	全部	全[ぜん] 部[ぶ]	ぜんぶ	zenbu	wszystko, całość	宿[しゅく]題[だい]を全[ぜん]部[ぶ]しました。	Zrobiłem całą pracę domową.			rzeczownik	宿題を全部しました。		[sound:hypertts-3c0d8eeed6e62d80a5a5224c2195ccd5fcf74648be6d6b74b67301df.mp3]	[sound:hypertts-0623cece241d4c5fd03b1d07c3c58930c022013925455fb71188c6cb.mp3]	[sound:全部_ゼ＼ンブ_1_NHK-2016.mp3]	全部	宿題を全部しました。	"""<span style=""""box-shadow: inset -2px 2px 0 0px #FF6633;"""">ゼ</span><span style=""""box-shadow: inset 0px -2px 0 0px #FF6633;"""">ンブ</span> <span class=""""pitch_number"""">1</span>"""
1776505858085	1776952715	Doki Doki1-5 female_voice	チーター	チーター	チーター	chītā	gepard	動[どう]物[ぶつ]の中[なか]でチーターが一[いち]番[ばん]速[はや]いです。	Spośród zwierząt gepard jest najszybszy.			zapożyczenie	動物の中でチーターが一番速いです。		[sound:hypertts-21b4780ba2a69c64937d0c20a84584e64e1894b6ece6ff800142fd65.mp3]	[sound:hypertts-40f49ce2d1f7d0ef943f4098059ff7dbff0f07831d7e5629eb5bae60.mp3]	[sound:チーター_チ＼ーター_1_NHK-2016.mp3]	チーター	動物の中でチーターが一番速いです。	"""<span style=""""box-shadow: inset -2px 2px 0 0px #FF6633;"""">チ</span><span style=""""box-shadow: inset 0px -2px 0 0px #FF6633;"""">ーター</span> <span class=""""pitch_number"""">1</span>"""
1776505858086	1776506077	Doki Doki1-5 female_voice	海豚	海豚[いるか]	いるか	iruka	delfin	海[うみ]にイルカがいます。	W morzu są delfiny.			rzeczownik	海にイルカがいます。		[sound:hypertts-df9c3798e953920d964a58f0a4cd7f4ad0e845f65aaa3232107fa05e.mp3]	[sound:hypertts-e32ac535cf6b5e5f06302d67cc7c0ee1158429b919ca5fc34d490ee7.mp3]	[sound:いるか_イルカ━_0_NHK-2016.mp3]	海豚	海にイルカがいます。	"""<span style=""""box-shadow: inset -2px -2px 0 0 #FF6633;"""">イ</span><span style=""""box-shadow: inset 0px 2px 0 0px #FF6633;"""">ルカ</span> <span class=""""pitch_number"""">0</span>"""
1776505858087	1781611033	Doki Doki1-5 female_voice	薔薇	薔薇[ばら]	ばら	bara	róża	庭[にわ]に赤[あか]い薔薇[ばら]があります。	W ogrodzie są czerwone róże.			rzeczownik	庭に赤い薔薇があります。		[sound:hypertts-c8f76aaf6c13172cea5e857f7ed8c3d97209e8f54443e8fbaad2c11e.mp3]	[sound:hypertts-9c6bf5b8dc276369ca045a402c3fbafe4a428e748211fa4b52736313.mp3]	[sound:薔薇_バラ━_0_NHK-2016.mp3]	薔薇	庭に赤い薔薇があります。	"""<span style=""""box-shadow: inset -2px -2px 0 0 #FF6633;"""">バ</span><span style=""""box-shadow: inset 0px 2px 0 0px #FF6633;"""">ラ</span> <span class=""""pitch_number"""">0</span>"""
1776505858088	1785252110	Doki Doki1-5 female_voice leech	常用漢字	常[じょう] 用[よう] 漢[かん] 字[じ]	じょうようかんじ	jōyō kanji	znaki kanji powszechnego użytku	毎[まい]日[にち]常[じょう]用[よう]漢[かん]字[じ]を勉[べん]強[きょう]します。	Codziennie uczę się jōyō kanji.			rzeczownik	毎日常用漢字を勉強します。		[sound:hypertts-b002b7fd2c42643575c787610833a48fd3ae19c931384815751d85d3.mp3]	[sound:hypertts-17addf6481a8f05c20e53a762a99fc37ef696e7bb5d78759be4510c1.mp3]	[sound:常用漢字_ジョーヨーカ＼ンジ_5_NHK-2016.mp3]	常用漢字	毎日常用漢字を勉強します。	"""<span style=""""box-shadow: inset -2px -2px 0 0 #FF6633;"""">ジョ</span><span style=""""box-shadow: inset -2px 2px 0 0px #FF6633;"""">ーヨーカ</span><span style=""""box-shadow: inset 0px -2px 0 0px #FF6633;"""">ンジ</span> <span class=""""pitch_number"""">5</span>"""
1776505858089	1776506077	Doki Doki1-5 female_voice	皆	皆[みんな]	みんな	minna	wszyscy (potocznie)	皆[みんな]でレストランに行[い]きましょう。	Pójdźmy wszyscy razem do restauracji.			rzeczownik/zaimek	皆でレストランに行きましょう。		[sound:hypertts-d40844f7c1c2224fed9230bf14d390a534a4292b5d3eadd5bfb02f84.mp3]	[sound:hypertts-51105a3f5ff333b169a7388838326ba33173b0aebf6e287f1265d18f.mp3]	[sound:皆_ミンナ＼_3_NHK-2016.mp3]	皆	皆でレストランに行きましょう。	"""<span style=""""box-shadow: inset -2px -2px 0 0 #FF6633;"""">ミ</span><span style=""""box-shadow: inset 0px 2px 0 0px #FF6633;"""">ンナ</span> <span class=""""pitch_number"""">0</span>, <span style=""""box-shadow: inset -2px -2px 0 0 #FF6633;"""">ミ</span><span style=""""box-shadow: inset -2px 2px 0 0px #FF6633;"""">ンナ</span> <span class=""""pitch_number"""">3</span>"""
1776505858090	1776952731	Doki Doki1-5 female_voice	バー	バー	バー	bā	bar	週[しゅう]末[まつ]にバーでお酒[さけ]を飲[の]みます。	W weekend piję alkohol w barze.			zapożyczenie	週末にバーでお酒を飲みます。		[sound:hypertts-1070f42268ca86bee0db4be1aaa764d86b2e2428ab75351637b56d72.mp3]	[sound:hypertts-032470d5b1c852c4fd2d8b62f88dd8f7ad1ec51f641a54b480c34720.mp3]	[sound:バー_バ＼ー_1_NHK-2016.mp3]	バー	週末にバーでお酒を飲みます。	"""<span style=""""box-shadow: inset -2px 2px 0 0px #FF6633;"""">バ</span><span style=""""box-shadow: inset 0px -2px 0 0px #FF6633;"""">ー</span> <span class=""""pitch_number"""">1</span>"""
1776960017343	1782884618	Doki Doki1-5 female_voice	知識	知[ち] 識[しき]	ちしき	chishiki	wiedza	先生[せんせい]は 日本[にほん]の 知識[ちしき]がたくさんあります。	Nauczyciel ma dużo wiedzy o Japonii.			rzeczownik	先生は日本の知識がたくさんあります。		[sound:hypertts-33ae30d7241865c03feffd2de3a55387e5f6d200dca5b10efd2246fa.mp3]	[sound:hypertts-074f9e3a84d2553a1d5b4836ca8fc38d6e360ce052053389ca0802ed.mp3]	[sound:知識_チ＼シキ_1_NHK-2016.mp3]	知識	先生は日本の知識がたくさんあります。	"""<span style=""""box-shadow: inset -2px 2px 0 0px #FF6633;"""">チ</span><span style=""""box-shadow: inset 0px -2px 0 0px #FF6633;""""><span style=""""color: royalblue;"""">シ</span>キ</span> <span class=""""pitch_number"""">1</span>"""
1776960017344	1776960306	Doki Doki1-5 female_voice	クイズ	クイズ	クイズ	kuizu	quiz	授業[じゅぎょう]でクイズをします。	Robimy quiz na lekcji.			rzeczownik, zapożyczenie	授業でクイズをします。		[sound:hypertts-1ec01efb2f03275dd99851e660103252b73225c0f540b646389be710.mp3]	[sound:hypertts-e8fcf8277f56052743af84530147a60735b61634f0864ea8a065611c.mp3]	[sound:クイズ_ク＼イズ_1_NHK-2016.mp3]	クイズ	授業でクイズをします。	"""<span style=""""box-shadow: inset -2px 2px 0 0px #FF6633;"""">ク</span><span style=""""box-shadow: inset 0px -2px 0 0px #FF6633;"""">イズ</span> <span class=""""pitch_number"""">1</span>"""
1776960017345	1782884618	Doki Doki1-5 female_voice	質問	質[しつ] 問[もん]	しつもん	shitsumon	pytanie	先生[せんせい]に 質問[しつもん]をします。	Zadaję pytanie nauczycielowi.			rzeczownik	先生に質問をします。		[sound:hypertts-995b4916438f991738c617bde07b030f4a9ea60cd4853a852852f206.mp3]	[sound:hypertts-8ec4ac14c9d8e36ee02f1fc9b8a54b457a37c49e2f05018513130c87.mp3]	[sound:質問_シツモン━_0_NHK-2016.mp3]	質問	先生に質問をします。	"""<span style=""""box-shadow: inset -2px -2px 0 0 #FF6633;""""><span style=""""color: royalblue;"""">シ</span></span><span style=""""box-shadow: inset 0px 2px 0 0px #FF6633;"""">ツモン</span> <span class=""""pitch_number"""">0</span>"""
1776960017346	1776960306	Doki Doki1-5 female_voice	答え	答[こた]え	こたえ	kotae	odpowiedź	この 答[こた]えは 分[わ]かりません。	Nie znam tej odpowiedzi.			rzeczownik	この答えは分かりません。		[sound:hypertts-d5185385360ad683347cdf76c64a2c445235fe85d5432295071f3547.mp3]	[sound:hypertts-0c37a22d79c4dd915b656c1eb331775f7bdbe6aa3a1833323dbc4985.mp3]	[sound:答え_コタ＼エ_2_NHK-2016.mp3] [sound:答え_コタエ＼_3_NHK-2016.mp3]	答え	この答えは分かりません。	"""<span style=""""box-shadow: inset -2px -2px 0 0 #FF6633;"""">コ</span><span style=""""box-shadow: inset -2px 2px 0 0px #FF6633;"""">タ</span><span style=""""box-shadow: inset 0px -2px 0 0px #FF6633;"""">エ</span> <span class=""""pitch_number"""">2</span>, <span style=""""box-shadow: inset -2px -2px 0 0 #FF6633;"""">コ</span><span style=""""box-shadow: inset -2px 2px 0 0px #FF6633;"""">タエ</span> <span class=""""pitch_number"""">3</span>"""
1776960017347	1783343190	Doki Doki1-5 female_voice leech	最初	最[さい] 初[しょ]	さいしょ	saisho	początek	最初[さいしょ]に 本[ほん]を 読[よ]みます。	Na początku czytam książkę.			rzeczownik	最初に本を読みます。		[sound:hypertts-071ab226eb22451e16f2aeb7bf872ca2eab53de3dcb69823e37bad1d.mp3]	[sound:hypertts-d09f4e7907f02e4af5d0461747cbb4a20e399df6cd62d13c70e27ee4.mp3]	[sound:最初_サイショ━_0_NHK-2016.mp3]	最初	最初に本を読みます。	"""<span style=""""box-shadow: inset -2px -2px 0 0 #FF6633;"""">サ</span><span style=""""box-shadow: inset 0px 2px 0 0px #FF6633;"""">イショ</span> <span class=""""pitch_number"""">0</span>"""
1777106089441	1791198877	Doki Doki1-5	店	店[みせ]	みせ	mise	sklep, restauracja	あの 店[みせ]でかばんを 買[か]います。	Kupuję torbę w tamtym sklepie.			rzeczownik	あの店でかばんを買います。		[sound:hypertts-d8b83c1238b71c3a9790138b5719b8ed5edc805b74a52e51d9cb6dcf.mp3]	[sound:hypertts-0b642568243e16b9c3d8dad8493f4e581cf1499d23c3efeeb995c706.mp3]	[sound:店_ミセ＼_2_NHK-2016.mp3]	店	あの店でかばんを買います。	"""<span style=""""box-shadow: inset -2px -2px 0 0 #FF6633;"""">ミ</span><span style=""""box-shadow: inset -2px 2px 0 0px #FF6633;"""">セ</span> <span class=""""pitch_number"""">2</span>"""
1777106089442	1777106239	Doki Doki1-5	涼しい	涼[すず]しい	すずしい	suzushii	chłodny	今日[きょう]は 涼[すず]しいです。	Dzisiaj jest chłodno.			i-adj	今日は涼しいです。		[sound:hypertts-1ec5eef510ee8923c03805c4cf1b93e8410eb3886638b98987566cce.mp3]	[sound:hypertts-91c502e64c0dddf62369860d2ba7c3af4028d8ff198c4a76a9d722bd.mp3]	[sound:涼しい_スズシ＼イ_3_NHK-2016.mp3]	涼しい	今日は涼しいです。	"""<span style=""""box-shadow: inset -2px -2px 0 0 #FF6633;"""">ス</span><span style=""""box-shadow: inset -2px 2px 0 0px #FF6633;"""">ズシ</span><span style=""""box-shadow: inset 0px -2px 0 0px #FF6633;"""">イ</span> <span class=""""pitch_number"""">3</span>"""
1777106089443	1782884618	Doki Doki1-5	時間です	時[じ] 間[かん]です	じかんです	jikan desu	to jest czas / czas na	もう 寝[ね]る 時間[じかん]です。	Już czas spać.			rzeczownik	もう寝る時間です。	時 間[かん]です	[sound:hypertts-fb42649061d769226b73432e078f08645818712d7ee54d7f5f53b3eb.mp3]	[sound:hypertts-4c28d5e3184364e5e150c675ddaf0895d41ffc02ecf60487fce68589.mp3]		時間です	もう寝る時間です。	
1777106089444	1777106239	Doki Doki1-5	未だ	未[いま]だ	いまだ	imada	wciąż, jeszcze	先生[せんせい]は 未[いま]だ 来[き]ません。	Nauczyciel wciąż nie przychodzi.			przysłówek	先生は未だ来ません。		[sound:hypertts-523c3f12e75672b07da725a6be9ab5c89871a26557bf06a445b762b2.mp3]	[sound:hypertts-9954a5a6e8e2618a26d4cc8da8e600b7e21e4aa5c9041816736c44ff.mp3]	[sound:未だ_イマダ━_0_NHK-1998.mp3] [sound:未だ_イ＼マダ_1_NHK-1998.mp3]	未だ	先生は未だ来ません。	"""<span style=""""box-shadow: inset -2px -2px 0 0 #FF6633;"""">イ</span><span style=""""box-shadow: inset 0px 2px 0 0px #FF6633;"""">マダ</span> <span class=""""pitch_number"""">0</span>, <span style=""""box-shadow: inset -2px 2px 0 0px #FF6633;"""">イ</span><span style=""""box-shadow: inset 0px -2px 0 0px #FF6633;"""">マダ</span> <span class=""""pitch_number"""">1</span>"""
1777106089445	1777106239	Doki Doki1-5	嘘つき	嘘[うそ]つき	うそつき	usotsuki	kłamca	田中[たなか]さんは 嘘[うそ]つきです。	Pan Tanaka to kłamca.			rzeczownik	田中さんは嘘つきです。		[sound:hypertts-90b723d293bb50e3f89123851172deb37fb8ea39a318ce9892f20fb9.mp3]	[sound:hypertts-8828c40a7ef4be886ae830a965be7e579b425574b2e7a19692801afb.mp3]	[sound:嘘つき_ウソ＼ツキ_2_Shinmeikai-8.mp3]	嘘つき	田中さんは嘘つきです。	"""<span style=""""box-shadow: inset -2px -2px 0 0 #FF6633;"""">ウ</span><span style=""""box-shadow: inset -2px 2px 0 0px #FF6633;"""">ソ</span><span style=""""box-shadow: inset 0px -2px 0 0px #FF6633;"""">ツキ</span> <span class=""""pitch_number"""">2</span>"""
1777106089446	1777106239	Doki Doki1-5	嘘	嘘[うそ]	うそ	uso	kłamstwo	それは 嘘[うそ]です。	To jest kłamstwo.			rzeczownik	それは嘘です。		[sound:hypertts-1f2e2398a4e859d3292b869c678aaac2e1e12837f7f9e337b94a9a0b.mp3]	[sound:hypertts-cd5983839cbfba20a65fd0a4d46a97916a9904c687651b42f9561706.mp3]	[sound:嘘_ウ＼ソ_1_NHK-2016.mp3]	嘘	それは嘘です。	"""<span style=""""box-shadow: inset -2px 2px 0 0px #FF6633;"""">ウ</span><span style=""""box-shadow: inset 0px -2px 0 0px #FF6633;"""">ソ</span> <span class=""""pitch_number"""">1</span>"""
1777106089447	1781599502	Doki Doki1-5	島	島[しま]	しま	shima	wyspa	日本[にほん]は 島[しま]です。	Japonia jest wyspą.			rzeczownik	日本は島です。		[sound:hypertts-5669fc060f2c7fa3f0ba4da40c3c8a76fb02c75415dfc6a6992cbec3.mp3]	[sound:hypertts-36d9b0663a43ff7a70667cb4170262343d48bf2beb9708bf49399cad.mp3]	[sound:島_シマ＼_2_NHK-2016.mp3]	島	日本は島です。	"""<span style=""""box-shadow: inset -2px -2px 0 0 #FF6633;"""">シ</span><span style=""""box-shadow: inset -2px 2px 0 0px #FF6633;"""">マ</span> <span class=""""pitch_number"""">2</span>"""
1777110114852	1777110363	Doki Doki1-5	お洒落	お 洒落[しゃれ]	おしゃれ	oshare	modny / elegancki	彼女[かのじょ]はお 洒落[しゃれ]な 人[ひと]です。	Ona jest elegancką osobą.			na-adj	彼女はお洒落な人です。		[sound:hypertts-1417a667e223f4de3fbc610f346e615182e449ef835a8923c2ebc5d3.mp3]	[sound:hypertts-99ac4f9212fa67028883dc15b6489dcad3163e7e63d807ab790f85ed.mp3]	[sound:お洒落_オシャ＼レ_2_NHK-2016.mp3]	お洒落	彼女はお洒落な人です。	"""<span style=""""box-shadow: inset -2px -2px 0 0 #FF6633;"""">オ</span><span style=""""box-shadow: inset -2px 2px 0 0px #FF6633;"""">シャ</span><span style=""""box-shadow: inset 0px -2px 0 0px #FF6633;"""">レ</span> <span class=""""pitch_number"""">2</span>"""
1777110114853	1781031510	Doki Doki1-5	出来る	出[で] 来[き]る	できる	dekiru	móc / potrafić	私[わたし]は 日本語[にほんご]が 出[で] 来[き]ます。	Potrafię mówić po japońsku.	出[で] 来[き]ます	出[で] 来[き]ません	czasownik gr. 2	私は日本語が出来ます。	出来る	[sound:hypertts-beace6c2783198256632f7f8e269211c8dea560270a804f8033685d6.mp3]	[sound:hypertts-6945be456696a8eb58ae7f1fc8d1e8ff20841b123e3e0b0b604ba29c.mp3]	[sound:出来る_デキ＼ル_2_NHK-2016.mp3]	出来る	私は日本語が出来ます。	"""<span style=""""box-shadow: inset -2px -2px 0 0 #FF6633;"""">デ</span><span style=""""box-shadow: inset -2px 2px 0 0px #FF6633;"""">キ</span><span style=""""box-shadow: inset 0px -2px 0 0px #FF6633;"""">ル</span> <span class=""""pitch_number"""">2</span>"""
1777110114854	1782884618	Doki Doki1-5 Doki1-6	相槌	相[あい] 槌[づち]	あいづち	aizuchi	potakiwanie / reakcje w rozmowie	日本人[にほんじん]はたくさん 相槌[あいづち]をします。	Japończycy dużo potakują w rozmowie.			rzeczownik	日本人はたくさん相槌をします。		[sound:hypertts-b25556ba76b5661eba3dff7cf09d5780dffedab14476fc750340989e.mp3]	[sound:hypertts-d30795293da6fc38d1e7bcce3c85b8355dc580fa3f1da2439ac22868.mp3]	[sound:相槌_アイズチ━_0_NHK-2016.mp3] [sound:相槌_アイズ＼チ_3_NHK-2016.mp3] [sound:相槌_アイズチ＼_4_NHK-2016.mp3]	相槌	日本人はたくさん相槌をします。	"""<span style=""""box-shadow: inset -2px -2px 0 0 #FF6633;"""">ア</span><span style=""""box-shadow: inset 0px 2px 0 0px #FF6633;"""">イズチ</span> <span class=""""pitch_number"""">0</span>, <span style=""""box-shadow: inset -2px -2px 0 0 #FF6633;"""">ア</span><span style=""""box-shadow: inset 0px 2px 0 0px #FF6633;"""">イヅチ</span> <span class=""""pitch_number"""">0</span>, <span style=""""box-shadow: inset -2px -2px 0 0 #FF6633;"""">ア</span><span style=""""box-shadow: inset -2px 2px 0 0px #FF6633;"""">イズ</span><span style=""""box-shadow: inset 0px -2px 0 0px #FF6633;"""">チ</span> <span class=""""pitch_number"""">3</span>"""
1777110114855	1783843485	Doki Doki1-5 leech	白鳥	白[はく] 鳥[ちょう]	はくちょう	hakuchou	łabędź	公園[こうえん]に 白鳥[はくちょう]がいます。	W parku jest łabędź.			rzeczownik	公園に白鳥がいます。		[sound:hypertts-3febcd1a576d96301f397ad401d5ae847e05d68d6c8ae6bf82bb498b.mp3]	[sound:hypertts-2091920cdd57a13ccf47d1057bb8acf541699298ee3028dfd338f6b7.mp3]	[sound:白鳥_ハクチョー━_0_NHK-2016.mp3]	白鳥	公園に白鳥がいます。	"""<span style=""""box-shadow: inset -2px -2px 0 0 #FF6633;"""">ハ</span><span style=""""box-shadow: inset 0px 2px 0 0px #FF6633;""""><span style=""""color: royalblue;"""">ク</span>チョー</span> <span class=""""pitch_number"""">0</span>"""
1777110114856	1782884618	Doki Doki1-5 leech	自然	自[し] 然[ぜん]	しぜん	shizen	natura / przyroda	日本[にほん]の 自然[しぜん]は 美[うつく]しいです。	Japońska natura jest piękna.			rzeczownik	日本の自然は美しいです。		[sound:hypertts-3a00602f05d268f0b607a919a44fafcca6f5cfe278e44434c33521bb.mp3]	[sound:hypertts-df9e28f581c81895ba70efcb867322011e0afa321e1fca59feb062dc.mp3]	[sound:自然_シゼン━_0_NHK-2016.mp3]	自然	日本の自然は美しいです。	"""<span style=""""box-shadow: inset -2px -2px 0 0 #FF6633;"""">シ</span><span style=""""box-shadow: inset 0px 2px 0 0px #FF6633;"""">ゼン</span> <span class=""""pitch_number"""">0</span>"""
1777110114857	1783760930	Doki Doki1-5	残念ながら	残[ざん] 念[ねん]ながら	ざんねんながら	zannennagara	niestety, szkoda	残念[ざんねん]ながらパーティーに 行[い]けません。	Niestety nie mogę iść na imprezę.			wyrażenie	残念ながらパーティーに行けません。		[sound:hypertts-df721744c4d697b4ae5d21cb2a51f4c0a3409b1799153d6f391d0106.mp3]	[sound:hypertts-8bec1dd062f7ede928213f9a5c54f7e5c37a7d128402db89b6cac38a.mp3]	[sound:残念ながら_ザンネンナガラ_JapanesePod101.mp3]	残念ながら	残念ながらパーティーに行けません。	
1777110114858	1782884618	Doki Doki1-5	残念です	残[ざん] 念[ねん]です	ざんねんです	zannen desu	to szkoda	雨[あめ]が 降[ふ]って 残念[ざんねん]です。	Szkoda, że pada deszcz.			na-adj	雨が降って残念です。		[sound:hypertts-b5bd7ad140091ed40f873e64375102399c972fe71a43968beb1bdd66.mp3]	[sound:hypertts-ebb55df14b8035108e7e43ceb25d66166ddbc087267457a9495f9641.mp3]		残念です	雨が降って残念です。	
1777110114859	1789212540	Doki Doki1-5 leech	擬声語	擬[ぎ] 声[せい] 語[ご]	ぎせいご	giseigo	wyraz dźwiękonaśladowczy (głosy)	犬[いぬ]の 鳴[な]き 声[ごえ]は 擬声語[ぎせいご]です。	Szczekanie psa to wyraz dźwiękonaśladowczy.			rzeczownik	犬の鳴き声は擬声語です。		[sound:hypertts-83ea88fc02a6289765c889acb58951d3c66f107ed32be12303ceca52.mp3]	[sound:hypertts-6116f39e111dbe50a0a2b108de7bf17815e37b4961c80fc815f54cbd.mp3]	[sound:擬声語_ギセーコ゚━_0_NHK-2016.mp3]	擬声語	犬の鳴き声は擬声語です。	"""<span style=""""box-shadow: inset -2px -2px 0 0 #FF6633;"""">ギ</span><span style=""""box-shadow: inset 0px 2px 0 0px #FF6633;"""">セイコ<span style=""""color: red;"""">°</span></span> <span class=""""pitch_number"""">0</span>"""
1777110114860	1782884618	Doki Doki1-5	擬音語	擬[ぎ] 音[おん] 語[ご]	ぎおんご	giongo	wyraz dźwiękonaśladowczy (dźwięki)	風[かぜ]の 音[おと]は 擬音語[ぎおんご]で 表[あらわ]します。	Dźwięk wiatru wyraża się za pomocą wyrazu dźwiękonaśladowczego.			rzeczownik	風の音は擬音語で表します。		[sound:hypertts-306ba8ed03df622385367e6eabc431e5583c68d11e8cc15e831d1425.mp3]	[sound:hypertts-c757eb8de9771648058d76560fac92ed921d29402c08af3e361c9ebc.mp3]	[sound:擬音語_ギオンゴ━_0_Shinmeikai-8.mp3]	擬音語	風の音は擬音語で表します。	"""<span style=""""box-shadow: inset -2px -2px 0 0 #FF6633;"""">ギ</span><span style=""""box-shadow: inset 0px 2px 0 0px #FF6633;"""">オンゴ</span> <span class=""""pitch_number"""">0</span>"""
1777110114861	1782884618	Doki Doki1-5	擬態語	擬[ぎ] 態[たい] 語[ご]	ぎたいご	gitaigo	wyraz mimetyczny	星[ほし]が 光[ひか]る 様子[ようす]を 擬態語[ぎたいご]で 言[い]います。	Stan świecenia gwiazd opisuje się wyrazem mimetycznym.			rzeczownik	星が光る様子を擬態語で言います。		[sound:hypertts-e0b9778e03b21049333fd6828e9f5c1d57adea4ed978eec0ffdb665d.mp3]	[sound:hypertts-1047fa792a5deb445bf228a82584b0463e45e7c060a912e1854722cc.mp3]	[sound:擬態語_ギタイコ゚━_0_NHK-2016.mp3]	擬態語	星が光る様子を擬態語で言います。	"""<span style=""""box-shadow: inset -2px -2px 0 0 #FF6633;"""">ギ</span><span style=""""box-shadow: inset 0px 2px 0 0px #FF6633;"""">タイコ<span style=""""color: red;"""">°</span></span> <span class=""""pitch_number"""">0</span>"""
1777110114862	1782884618	Doki Doki1-5	強大	強[きょう] 大[だい]	きょうだい	kyoudai	potężny / ogromny	アメリカは 強大[きょうだい]な 国[くに]です。	Ameryka jest potężnym krajem.			na-adj	アメリカは強大な国です。	強[きょう]大	[sound:hypertts-c79719dc8432213c2556f1a7e98a430b98485957a1efa414b34adb76.mp3]	[sound:hypertts-a661dabb7a43bd1885de9f73e901bc7e8391874e3beabf083e774da4.mp3]	[sound:強大_キョーダイ━_0_NHK-2016.mp3]	強大	アメリカは強大な国です。	"""<span style=""""box-shadow: inset -2px -2px 0 0 #FF6633;"""">キョ</span><span style=""""box-shadow: inset 0px 2px 0 0px #FF6633;"""">ーダイ</span> <span class=""""pitch_number"""">0</span>"""
1777110114863	1782846316	Doki Doki1-5	空気	空[くう] 気[き]	くうき	kuuki	powietrze	山[やま]の 空[くう]気[き]はきれいです。	Powietrze w górach jest czyste.			rzeczownik	山の空気はきれいです。	空[くう]気	[sound:hypertts-e159b566bfb27175a393613fc9cb2c5cef0f949c78b4277805a01391.mp3]	[sound:hypertts-f812b639aba0ab96b63ac02ba98686adcc1e58d007f9105459bd7389.mp3]	[sound:空気_ク＼ーキ_1_NHK-2016.mp3]	空気	山の空気はきれいです。	"""<span style=""""box-shadow: inset -2px 2px 0 0px #FF6633;"""">ク</span><span style=""""box-shadow: inset 0px -2px 0 0px #FF6633;"""">ーキ</span> <span class=""""pitch_number"""">1</span>"""
1777110114864	1777110501	Doki Doki1-5	空気がおいしい	空[くう] 気[き]がおいしい	くうきがおいしい	kuuki ga oishii	powietrze jest rześkie / świeże powietrze	山[やま]の 空[くう] 気[き]がおいしいです。	Powietrze w górach jest rześkie.			wyrażenie (i-adj)	山の空気がおいしいです。	空[くう] 気がおいしい	[sound:hypertts-34be5b7fc32148eff5fcb3b504c0514eaef8bc8103fc71a6637a88ef.mp3]	[sound:hypertts-bbe7e5759489758aaca7df038d441426477f79ade996a9430a72e377.mp3]		空気がおいしい	山の空気がおいしいです。	
1777719811525	1782884618	Doki Doki1-6 male_voice	右折	右[う] 折[せつ]	うせつ	usetsu	skręt w prawo	次[つぎ]の角[かど]を右折[うせつ]します。	Na następnym rogu skręcam w prawo.			rzeczownik	次の角を右折します。	右 折[せつ]	[sound:hypertts-2efb8555dd2f6062f35ce49e26cb35e86a3a7c0ebdca3db3d3c3d35f.mp3]	[sound:hypertts-ebe8ab008952acb0d3cbfbc1e9566fe06cb74e1345ccb15bbd2583dc.mp3]	[sound:右折_ウセツ━_0_NHK-2016.mp3]	右折	次の角を右折します。	"""<span style=""""box-shadow: inset -2px -2px 0 0 #FF6633;"""">ウ</span><span style=""""box-shadow: inset 0px 2px 0 0px #FF6633;"""">セツ</span> <span class=""""pitch_number"""">0</span>"""
1777719811526	1782884618	Doki Doki1-6 male_voice	左右	左[さ] 右[ゆう]	さゆう	sayū	lewa i prawa strona	左右[さゆう]を 見[み]ます。	Patrzę w lewo i w prawo.			rzeczownik	左右を見ます。	左右	[sound:hypertts-959b41b2c4380f9857333c34beb858a7c3cacc1e5ee027308a653416.mp3]	[sound:hypertts-1a7fd9c0902355bc607b9ff23734270ae593869b3e98e2661ca771f4.mp3]	[sound:左右_サ＼ユー_1_NHK-2016.mp3]	左右	左右を見ます。	"""<span style=""""box-shadow: inset -2px 2px 0 0px #FF6633;"""">サ</span><span style=""""box-shadow: inset 0px -2px 0 0px #FF6633;"""">ユー</span> <span class=""""pitch_number"""">1</span>"""
1777719811527	1782884618	Doki Doki1-6 male_voice	右手	右[みぎ] 手[て]	みぎて	migite	prawa ręka	右手[みぎて]にペンを持[も]ちます。	Trzymam długopis w prawej ręce.			rzeczownik	右手にペンを持ちます。	右 手[て]	[sound:hypertts-9cc1dbf04e8abe2af6bf48f9d331587bd46ccd627d3c8da2f7ac765f.mp3]	[sound:hypertts-66bf0fa4fe6bc30471ef2168ab3f240ff53212dac68154a32e8746fe.mp3]	[sound:右手_ミキ゚テ━_0_NHK-2016.mp3]	右手	右手にペンを持ちます。	"""<span style=""""box-shadow: inset -2px -2px 0 0 #FF6633;"""">ミ</span><span style=""""box-shadow: inset 0px 2px 0 0px #FF6633;"""">キ<span style=""""color: red;"""">&#176;</span>テ</span> <span class=""""pitch_number"""">0</span>"""
1777719811528	1782884618	Doki Doki1-6 male_voice	左利き	左[ひだり] 利[き]き	ひだりきき	hidarikiki	leworęczny	私[わたし]の友達[ともだち]は左利[ひだりき]きです。	Mój przyjaciel jest leworęczny.			rzeczownik	私の友達は左利きです。	左 利[き]き	[sound:hypertts-25cdbdf27f3b0558b479a2ba2b366c01d3e1bb6868066662006da32d.mp3]	[sound:hypertts-760d662ac58bbc236175648740e455b1d6c87556dc39ca3667193417.mp3]	[sound:左利き_ヒダリキキ━_0_NHK-2016.mp3]	左利き	私の友達は左利きです。	"""<span style=""""box-shadow: inset -2px -2px 0 0 #FF6633;"""">ヒ</span><span style=""""box-shadow: inset 0px 2px 0 0px #FF6633;"""">ダリ<span style=""""color: royalblue;"""">キ</span>キ</span> <span class=""""pitch_number"""">0</span>, <span style=""""box-shadow: inset -2px -2px 0 0 #FF6633;"""">ヒ</span><span style=""""box-shadow: inset -2px 2px 0 0px #FF6633;"""">ダリ</span><span style=""""box-shadow: inset 0px -2px 0 0px #FF6633;""""><span style=""""color: royalblue;"""">キ</span>キ</span> <span class=""""pitch_number"""">3</span>"""
1777719811529	1782884618	Doki Doki1-6 male_voice	北西	北[ほく] 西[せい]	ほくせい	hokusei	północny zachód	ポーランドの北西[ほくせい]に行[い]きます。	Jadę na północny zachód Polski.			rzeczownik	ポーランドの北西に行きます。	北西	[sound:hypertts-4e42ef14207e6e8f88222a54e75061f6689f6c0b50c78619afb1c6f9.mp3]	[sound:hypertts-e557e5e42d07e539af415235c120194e725ef1c9e8ff090510e1299b.mp3]	[sound:北西_ホクセー━_0_NHK-2016.mp3]	北西	ポーランドの北西に行きます。	"""<span style=""""box-shadow: inset -2px -2px 0 0 #FF6633;"""">ホ</span><span style=""""box-shadow: inset 0px 2px 0 0px #FF6633;""""><span style=""""color: royalblue;"""">ク</span>セイ</span> <span class=""""pitch_number"""">0</span>"""
1777719811530	1777720170	Doki Doki1-6 female_voice	ウクライナ	ウクライナ	ウクライナ	Ukuraina	Ukraina	ウクライナはポーランドの隣[となり]にあります。	Ukraina znajduje się obok Polski.			zapożyczenie	ウクライナはポーランドの隣にあります。		[sound:hypertts-2202e061f82cd0a329ecf6242a61d995051fba180938226243705716.mp3]	[sound:hypertts-6ce91d2b7de471bc3452f669a5b12c7a8553570dd09a029068309169.mp3]	[sound:ウクライナ_ウクラ＼イナ_3_NHK-2016.mp3]	ウクライナ	ウクライナはポーランドの隣にあります。	"""<span style=""""box-shadow: inset -2px -2px 0 0 #FF6633;"""">ウ</span><span style=""""box-shadow: inset -2px 2px 0 0px #FF6633;"""">クラ</span><span style=""""box-shadow: inset 0px -2px 0 0px #FF6633;"""">イナ</span> <span class=""""pitch_number"""">3</span>"""
1777719811531	1782884618	Doki Doki1-6 male_voice	関西地方	関[かん] 西[さい] 地[ち] 方[ほう]	かんさいちほう	Kansai chihō	region Kansai	関西地方[かんさいちほう]に大学[だいがく]があります。	W regionie Kansai znajduje się uniwersytet.			rzeczownik	関西地方に大学があります。	関[かん]西 地方[ちほう]	[sound:hypertts-0cd639c5de4e4d29057cc3435ac1a496d5e05c45905a994e7c4c8b64.mp3]	[sound:hypertts-298c1a4db372a91073e08aeab74edf12456b421763388806c849256d.mp3]		関西地方	関西地方に大学があります。	
1777719811532	1782884618	Doki Doki1-6 female_voice	一生	一[いっ] 生[しょう]	いっしょう	isshō	całe życie	一生[いっしょう] 日本語[にほんご]を勉強[べんきょう]します。	Będę uczyć się japońskiego przez całe życie.			rzeczownik	一生日本語を勉強します。	一生	[sound:hypertts-8dda295502ef0ca15da63ee606ce4a383221d6ef787a374924fa755b.mp3]	[sound:hypertts-5c07b096765e849459adb191fcf9e72950177436d8d48d0cd446faf5.mp3]	[sound:一生_イッショー━_0_NHK-2016.mp3]	一生	一生日本語を勉強します。	"""<span style=""""box-shadow: inset -2px -2px 0 0 #FF6633;"""">イ</span><span style=""""box-shadow: inset 0px 2px 0 0px #FF6633;"""">ッショー</span> <span class=""""pitch_number"""">0</span>"""
1777719811533	1782884618	Doki Doki1-6 female_voice	一度	一[いち] 度[ど]	いちど	ichido	jeden raz	一度[いちど] 日本[にほん]に行[い]きました。	Raz pojechałem do Japonii.			rzeczownik	一度日本に行きました。		[sound:hypertts-fbf1570864f822bfeba14337d034a79ab6ab3eecefb364b472758b84.mp3]	[sound:hypertts-8087aa76771e85202a1e7f268806742a1b1291545298691f9dcf90a7.mp3]	[sound:一度_イチド━_0_NHK-2016.mp3] [sound:一度_イチ＼ド_2_NHK-2016.mp3] [sound:一度_イチ＼ド_2_NHK-2016(1).mp3] [sound:一度_イチド＼_3_NHK-2016.mp3] [sound:一度_イチド＼_3_NHK-2016(1).mp3]	一度	一度日本に行きました。	"""<span style=""""box-shadow: inset -2px -2px 0 0 #FF6633;"""">イ</span><span style=""""box-shadow: inset 0px 2px 0 0px #FF6633;"""">チド</span> <span class=""""pitch_number"""">0</span>, <span style=""""box-shadow: inset -2px -2px 0 0 #FF6633;"""">イ</span><span style=""""box-shadow: inset -2px 2px 0 0px #FF6633;"""">チ</span><span style=""""box-shadow: inset 0px -2px 0 0px #FF6633;"""">ド</span> <span class=""""pitch_number"""">2</span>, <span style=""""box-shadow: inset -2px -2px 0 0 #FF6633;"""">イ</span><span style=""""box-shadow: inset -2px 2px 0 0px #FF6633;"""">チド</span> <span class=""""pitch_number"""">3</span>"""
1777719811534	1781031961	Doki Doki1-6 male_voice	生まれる	生[う]まれる	うまれる	umareru	urodzić się	私[わたし]はポーランドで生[う]まれました。	Urodziłem się w Polsce.	生[う]まれます	生[う]まれません	czasownik gr. 2	私はポーランドで生まれました。	生まれる	[sound:hypertts-652fd4262360b69527afba1562688d578f8dfd021c4f7e3a37d35a1e.mp3]	[sound:hypertts-7ad8c53b28f7e7b1fa7b9615ca47843da0787eb109abcf534c179ce1.mp3]	[sound:生まれる_ウマレル━_0_NHK-2016.mp3]	生まれる	私はポーランドで生まれました。	"""<span style=""""box-shadow: inset -2px -2px 0 0 #FF6633;"""">ウ</span><span style=""""box-shadow: inset 0px 2px 0 0px #FF6633;"""">マレル</span> <span class=""""pitch_number"""">0</span>"""
1777719811535	1791206769	Doki Doki1-6 leech male_voice	赤ちゃん	赤[あか]ちゃん	あかちゃん	akachan	niemowlę	赤[あか]ちゃんは部屋[へや]で寝[ね]ます。	Niemowlę śpi w pokoju.			rzeczownik. Czułe i codzienne określenie niemowlęcia.	赤ちゃんは部屋で寝ます。		[sound:hypertts-1b35050d2ded18fb96afcc905cadd7a854ac7c7cf8f1aba06524b47d.mp3]	[sound:hypertts-1df545d93a1eb6b088741e11696e53bbf1c539dcb0d4e21b68cbe8e7.mp3]	[sound:赤ちゃん_ア＼カチャン_1_NHK-2016.mp3]	赤ちゃん	赤ちゃんは部屋で寝ます。	"""<span style=""""box-shadow: inset -2px 2px 0 0px #FF6633;"""">ア</span><span style=""""box-shadow: inset 0px -2px 0 0px #FF6633;"""">カチャン</span> <span class=""""pitch_number"""">1</span>"""
1777719811536	1782884618	Doki Doki1-6 male_voice	東口	東[ひがし] 口[ぐち]	ひがしぐち	higashiguchi	wyjście wschodnie	駅[えき]の東口[ひがしぐち]で友達[ともだち]を待[ま]ちます。	Czekam na przyjaciela przy wschodnim wyjściu ze stacji.			rzeczownik	駅の東口で友達を待ちます。	東口	[sound:hypertts-f16db96680702bac63f50c98f1255c099f755638fd2a9cdb8ed38c6b.mp3]	[sound:hypertts-ee869eb14cd91bb428e218012114debf3a152f410586cfe788fb8205.mp3]	[sound:東口_ヒガシグチ_TAAS.mp3] [sound:東口_ヒガシグチ_TAAS(1).mp3]	東口	駅の東口で友達を待ちます。	
1777719811537	1782884618	Doki Doki1-6 male_voice	右利き	右[みぎ] 利[き]き	みぎきき	migikiki	praworęczny	私[わたし]は右利[みぎき]きです。	Jestem praworęczny.			rzeczownik	私は右利きです。	右 利[き]き	[sound:hypertts-144e38da7a18af5b9ad9e8d10dc5621c93eb409ee9f3f28087f68fc6.mp3]	[sound:hypertts-b2b6d567c05a242fcde68a61af6cdcc4d5a64d915871fd6adc9b1fdb.mp3]	[sound:右利き_ミキ゚キキ━_0_NHK-2016.mp3]	右利き	私は右利きです。	"""<span style=""""box-shadow: inset -2px -2px 0 0 #FF6633;"""">ミ</span><span style=""""box-shadow: inset 0px 2px 0 0px #FF6633;"""">キ<span style=""""color: red;"""">&#176;</span><span style=""""color: royalblue;"""">キ</span>キ</span> <span class=""""pitch_number"""">0</span>"""
1777719811538	1781032641	Doki Doki1-6 male_voice	学ぶ	学[まな]ぶ	まなぶ	manabu	uczyć się / zdobywać wiedzę &nbsp;/ studiować	大学[だいがく]で歴史[れきし]を学[まな]びます。	Uczę się historii na uniwersytecie.	学[まな]びます	学[まな]びません	czasownik gr. 1,&nbsp;  przez doświadczenie, od mistrza, głębokie zrozumienie	大学で歴史を学びます。	学ぶ	[sound:hypertts-9224c301d207e1808d31f1c100a856db90c1a236e8cc9b2169534d93.mp3]	[sound:hypertts-465f9c69e8c6e85c579c9050e59d89a06fc105427ef00d80625ed77d.mp3]	[sound:学ぶ_マナブ━_0_NHK-2016.mp3]	学ぶ	大学で歴史を学びます。	"""<span style=""""box-shadow: inset -2px -2px 0 0 #FF6633;"""">マ</span><span style=""""box-shadow: inset 0px 2px 0 0px #FF6633;"""">ナブ</span> <span class=""""pitch_number"""">0</span>"""
1777719811539	1782884618	Doki Doki1-6 male_voice	国会	国[こっ] 会[かい]	こっかい	kokkai	parlament	今日[きょう]、国会[こっかい]に行[い]きます。	Dzisiaj idę do parlamentu.			rzeczownik	今日、国会に行きます。	国 会[かい]	[sound:hypertts-a7fb2c13361f86bf7766de77080c015534535d56086a7a339debabfd.mp3]	[sound:hypertts-cbe7f3ab72ea3c9edecd21ed28e9b060a5c2384bcaac3179cea3d212.mp3]	[sound:国会_コッカイ━_0_NHK-2016.mp3]	国会	今日、国会に行きます。	"""<span style=""""box-shadow: inset -2px -2px 0 0 #FF6633;"""">コ</span><span style=""""box-shadow: inset 0px 2px 0 0px #FF6633;"""">ッカイ</span> <span class=""""pitch_number"""">0</span>"""
1777719811540	1782884618	Doki Doki1-6 female_voice	世界	世[せ] 界[かい]	せかい	sekai	świat	世界[せかい]は大[おお]きいです。	Świat jest duży.			rzeczownik	世界は大きいです。		[sound:hypertts-e11798429215b83aaead608a37b82822abd8076dc2a40fe4d11a541b.mp3]	[sound:hypertts-ef9bcf4a50e2ddf7f3b13f79f42dfe6db7bf21b26bdd30a37fc2093e.mp3]	[sound:世界_セ＼カイ_1_NHK-2016.mp3]	世界	世界は大きいです。	"""<span style=""""box-shadow: inset -2px 2px 0 0px #FF6633;"""">セ</span><span style=""""box-shadow: inset 0px -2px 0 0px #FF6633;"""">カイ</span> <span class=""""pitch_number"""">1</span>, <span style=""""box-shadow: inset -2px -2px 0 0 #FF6633;"""">セ</span><span style=""""box-shadow: inset -2px 2px 0 0px #FF6633;"""">カ</span><span style=""""box-shadow: inset 0px -2px 0 0px #FF6633;"""">イ</span> <span class=""""pitch_number"""">2</span>"""
1777719811541	1782884618	Doki Doki1-6 female_voice	人口	人[じん] 口[こう]	じんこう	jinkō	populacja	日本[にほん]の人口[じんこう]は多[おお]いです。	Populacja Japonii jest duża.			rzeczownik	日本の人口は多いです。	人口	[sound:hypertts-dfd29b855a0f20c11fd22943d9fc503e11c7c7c1659012369ab29be0.mp3]	[sound:hypertts-0ec7d28f50821deee384736596fd8986575f54fed8e27f34afc08047.mp3]	[sound:人口_ジンコー━_0_NHK-2016.mp3]	人口	日本の人口は多いです。	"""<span style=""""box-shadow: inset -2px -2px 0 0 #FF6633;"""">ジ</span><span style=""""box-shadow: inset 0px 2px 0 0px #FF6633;"""">ンコー</span> <span class=""""pitch_number"""">0</span>"""
1777719811542	1782884618	Doki Doki1-6 male_voice	北口	北[きた] 口[ぐち]	きたぐち	kitaguchi	wyjście północne	北口[きたぐち]に喫茶店[きっさてん]があります。	Przy północnym wyjściu jest kawiarnia.			rzeczownik	北口に喫茶店があります。	北口	[sound:hypertts-fa3b03374118578fc349b97f8cfaba4c83fb6fb8886d57e9a7f891bb.mp3]	[sound:hypertts-90e5a0c0566f21713f2bed158b55bd4edbdab035f8a83e5100649c10.mp3]	[sound:北口_キタグチ_JapanesePod101.mp3] [sound:北口_キタグチ_JapanesePod101(1).mp3]	北口	北口に喫茶店があります。	"""<span style=""""box-shadow: inset -2px -2px 0 0 #FF6633;"""">キ</span><span style=""""box-shadow: inset 0px 2px 0 0px #FF6633;"""">タグチ</span> <span class=""""pitch_number"""">0</span>, <span style=""""box-shadow: inset -2px -2px 0 0 #FF6633;"""">キ</span><span style=""""box-shadow: inset -2px 2px 0 0px #FF6633;"""">タ</span><span style=""""box-shadow: inset 0px -2px 0 0px #FF6633;"""">グチ</span> <span class=""""pitch_number"""">2</span>"""
1777719811543	1782884618	Doki Doki1-6 female_voice	入口	入[いり] 口[ぐち]	いりぐち	iriguchi	wejście	デパートの入口[いりぐち]で待[ま]ちます。	Czekam przy wejściu do galerii handlowej.			rzeczownik	デパートの入口で待ちます。	入口	[sound:hypertts-08d542e92b33e82f6fc315961a58c21a9efaee7968cea49573b28a93.mp3]	[sound:hypertts-611055528549580f49559ac66e0ae20b81b38cfe96fd4d99e8721235.mp3]	[sound:入口_イリク゚チ━_0_NHK-2016.mp3]	入口	デパートの入口で待ちます。	"""<span style=""""box-shadow: inset -2px -2px 0 0 #FF6633;"""">イ</span><span style=""""box-shadow: inset 0px 2px 0 0px #FF6633;"""">リグチ</span> <span class=""""pitch_number"""">0</span>"""
1777719811544	1782884618	Doki Doki1-6 male_voice	東南アジア	東[とう] 南[なん]アジア	とうなんアジア	tōnan ajia	Azja Południowo-Wschodnia	東南[とうなん]アジアに行[い]きます。	Jadę do Azji Południowo-Wschodniej.			rzeczownik	東南アジアに行きます。	東南アジア	[sound:hypertts-12ec4c0dd295828f10568850f947e01f3dfe889c9dfb09c780b77dbc.mp3]	[sound:hypertts-beb09929d9735d7a80b0c6f9eaa9efcdf741ed45047abcca1469c536.mp3]	[sound:東南アジア_トーナンア＼ジア_5_NHK-2016.mp3]	東南アジア	東南アジアに行きます。	"""<span style=""""box-shadow: inset -2px -2px 0 0 #FF6633;"""">ト</span><span style=""""box-shadow: inset -2px 2px 0 0px #FF6633;"""">ウナンア</span><span style=""""box-shadow: inset 0px -2px 0 0px #FF6633;"""">ジア</span> <span class=""""pitch_number"""">5</span>"""
1777719811545	1777720170	Doki Doki1-6 female_voice	スロバキア	スロバキア	スロバキア	Surobakia	Słowacja	スロバキアはポーランドの南[みなみ]にあります。	Słowacja znajduje się na południe od Polski.			zapożyczenie	スロバキアはポーランドの南にあります。		[sound:hypertts-e98ebf808713b0c22048c646e73637b8290cb34f0dd4bc294794ca84.mp3]	[sound:hypertts-e189f594c508141f45324c271fd4f62fddd5dd8e38face3313f7df0a.mp3]	[sound:スロバキア_スロバキア━_0_NHK-2016.mp3] [sound:スロバキア_スロバ＼キア_3_NHK-2016.mp3]	スロバキア	スロバキアはポーランドの南にあります。	"""<span style=""""box-shadow: inset -2px -2px 0 0 #FF6633;"""">ス</span><span style=""""box-shadow: inset 0px 2px 0 0px #FF6633;"""">ロバキア</span> <span class=""""pitch_number"""">0</span>, <span style=""""box-shadow: inset -2px -2px 0 0 #FF6633;"""">ス</span><span style=""""box-shadow: inset -2px 2px 0 0px #FF6633;"""">ロバ</span><span style=""""box-shadow: inset 0px -2px 0 0px #FF6633;"""">キア</span> <span class=""""pitch_number"""">3</span>"""
1777719811546	1782884618	Doki Doki1-6 male_voice	南口	南[みなみ] 口[ぐち]	みなみぐち	minamiguchi	wyjście południowe	駅[えき]の南口[みなみぐち]はあそこです。	Południowe wyjście ze stacji jest tam.			rzeczownik	駅の南口はあそこです。	南口	[sound:hypertts-1d1eb625a806482651d4b806da4c939778b74356593c21e1d3ff6422.mp3]	[sound:hypertts-011c226d0ab4f4c17abe02521fd58cc1605648b103133aa07887cb64.mp3]	[sound:南口_ミナミグチ_TAAS.mp3] [sound:南口_ミナミグチ_TAAS(1).mp3]	南口	駅の南口はあそこです。	"""<span style=""""box-shadow: inset -2px -2px 0 0 #FF6633;"""">ミ</span><span style=""""box-shadow: inset 0px 2px 0 0px #FF6633;"""">ナミグチ</span> <span class=""""pitch_number"""">0</span>"""
1777719811547	1782884618	Doki Doki1-6 male_voice	東北地方	東[とう] 北[ほく] 地[ち] 方[ほう]	とうほくちほう	tōhoku chihō	region Tohoku	私[わたし]は東北地方[とうほくちほう]から来[き]ました。	Przyjechałem z regionu Tohoku.			rzeczownik	私は東北地方から来ました。	東 北地方[ほくちほう]	[sound:hypertts-e7440266c74f7dcedeb83eb831dcdc7530c382353978f091748bdc1c.mp3]	[sound:hypertts-3b89081b663c3e5726482bc1ac850028b0322189950ce4af2d1d7f7b.mp3]	[sound:東北地方_トーホクチ＼ホー_5_NHK-2016.mp3]	東北地方	私は東北地方から来ました。	"""<span style=""""box-shadow: inset -2px -2px 0 0 #FF6633;"""">ト</span><span style=""""box-shadow: inset -2px 2px 0 0px #FF6633;"""">ウホクチ</span><span style=""""box-shadow: inset 0px -2px 0 0px #FF6633;"""">ホウ</span> <span class=""""pitch_number"""">5</span>"""
1777719811548	1782884618	Doki Doki1-6 male_voice	地震	地[じ] 震[しん]	じしん	jishin	trzęsienie ziemi	日本[にほん]で 地震[じしん]があります。	W Japonii występują trzęsienia ziemi.			rzeczownik	日本で地震があります。		[sound:hypertts-7e1bd6545dafb25bbaf498cde981905626fc66ba5a270fd3e124c602.mp3]	[sound:hypertts-7f11dc585f629106edb4cef50d1bc87f4469ef2d2afd2d0875b5b707.mp3]	[sound:地震_ジシン━_0_NHK-2016.mp3]	地震	日本で地震があります。	"""<span style=""""box-shadow: inset -2px -2px 0 0 #FF6633;"""">ジ</span><span style=""""box-shadow: inset 0px 2px 0 0px #FF6633;"""">シン</span> <span class=""""pitch_number"""">0</span>"""
1777719811549	1777720170	Doki Doki1-6 female_voice	スウェーデン	スウェーデン	スウェーデン	Suwēden	Szwecja	スウェーデンの車[くるま]を買[か]います。	Kupuję szwedzki samochód.			zapożyczenie	スウェーデンの車を買います。		[sound:hypertts-25602dcc89462328c7431f0a5e0c6bd8f3d29df3d6b4898249da71f4.mp3]	[sound:hypertts-70e0a519a82fd4662f2ba821589c0da1305c50203acae30b3dda5349.mp3]	[sound:スウェーデン_スウェ＼ーデン_2_NHK-2016.mp3]	スウェーデン	スウェーデンの車を買います。	"""<span style=""""box-shadow: inset -2px -2px 0 0 #FF6633;"""">ス</span><span style=""""box-shadow: inset -2px 2px 0 0px #FF6633;"""">ウェ</span><span style=""""box-shadow: inset 0px -2px 0 0px #FF6633;"""">ーデン</span> <span class=""""pitch_number"""">2</span>"""
1777719811550	1782884618	Doki Doki1-6 male_voice	外出	外[がい] 出[しゅつ]	がいしゅつ	gaishutsu	wyjście z domu	週末[しゅうまつ]に外出[がいしゅつ]します。	Wychodzę z domu w weekend.			rzeczownik	週末に外出します。	外出	[sound:hypertts-2a495a9db18e7ca752ce6f64a715f7c0e47034bb713239339793565c.mp3]	[sound:hypertts-14f716feb79aa0e93d89a3a2d2dc2aa0f96c40611ace07cf5f57bbda.mp3]	[sound:外出_ガイシュツ━_0_NHK-2016.mp3]	外出	週末に外出します。	"""<span style=""""box-shadow: inset -2px -2px 0 0 #FF6633;"""">ガ</span><span style=""""box-shadow: inset 0px 2px 0 0px #FF6633;"""">イ<span style=""""color: royalblue;"""">シ</span>ュツ</span> <span class=""""pitch_number"""">0</span>"""
1777719811551	1782884618	Doki Doki1-6 male_voice	出席	出[しゅっ] 席[せき]	しゅっせき	shusseki	obecność	授業[じゅぎょう]に出席[しゅっせき]します。	Jestem obecny na zajęciach.			rzeczownik	授業に出席します。	出 席[せき]	[sound:hypertts-93c9e15f2db5565bae71eec4801264e0040df813887e9751fca3347b.mp3]	[sound:hypertts-1180175ecf150ec8fd90afe7b50a7dba93b48ea7b2ec33f017ec0319.mp3]	[sound:出席_シュッセキ━_0_NHK-2016.mp3]	出席	授業に出席します。	"""<span style=""""box-shadow: inset -2px -2px 0 0 #FF6633;"""">シュ</span><span style=""""box-shadow: inset 0px 2px 0 0px #FF6633;"""">ッセキ</span> <span class=""""pitch_number"""">0</span>"""
1777719811552	1782884618	Doki Doki1-6 female_voice	出口	出[で] 口[ぐち]	でぐち	deguchi	wyjście	出口[でぐち]はどこですか。	Gdzie jest wyjście?			rzeczownik	出口はどこですか。	出口	[sound:hypertts-3356592cd1007c534cc6da63ca2f8f92f0858d4884b9e7a05372d03d.mp3]	[sound:hypertts-d820ee76ef2ac1b43c5745fc5c9e7121d64eabec03623f501d022f06.mp3]	[sound:出口_デ＼ク゚チ_1_NHK-2016.mp3]	出口	出口はどこですか。	"""<span style=""""box-shadow: inset -2px 2px 0 0px #FF6633;"""">デ</span><span style=""""box-shadow: inset 0px -2px 0 0px #FF6633;"""">ク<span style=""""color: red;"""">°</span>チ</span> <span class=""""pitch_number"""">1</span>"""
1777719811553	1782884618	Doki Doki1-6 female_voice	入院	入[にゅう] 院[いん]	にゅういん	nyūin	hospitalizacja	病院[びょういん]に入院[にゅういん]します。	Zostaję przyjęty do szpitala.			rzeczownik	病院に入院します。	入 院[いん]	[sound:hypertts-c5771ed7ffc00f4e3c92056fe6de6d50f4455bed267cc5ceb466bf5c.mp3]	[sound:hypertts-925d2e99609c97710616448b0bdcfef5f7db7dda696c0e3bd2f69668.mp3]	[sound:入院_ニューイン━_0_NHK-2016.mp3]	入院	病院に入院します。	"""<span style=""""box-shadow: inset -2px -2px 0 0 #FF6633;"""">ニュ</span><span style=""""box-shadow: inset 0px 2px 0 0px #FF6633;"""">ーイン</span> <span class=""""pitch_number"""">0</span>"""
1777719811554	1791200480	Doki Doki1-6 female_voice	入れる	入[い]れる	いれる	ireru	wkładać, umieszczać	かばんに 本[ほん]を 入[い]れます。	Wkładam książkę do torby.	入[い]れます	入[い]れません	czasownik gr. 2. Oznacza włożyć lub umieścić coś wewnątrz.	かばんに本を入れます。	入れる	[sound:hypertts-c42cfed4b7e1680bf90dd0d828513c5acc12aa205483adae38fdf647.mp3]	[sound:hypertts-e1e01827b9bc6f933404adf2ad893cd00f468b1a81fa86089ad123bc.mp3]	[sound:入れる_イレル━_0_NHK-2016.mp3]	入れる	かばんに本を入れます。	"""<span style=""""box-shadow: inset -2px -2px 0 0 #FF6633;"""">イ</span><span style=""""box-shadow: inset 0px 2px 0 0px #FF6633;"""">レル</span> <span class=""""pitch_number"""">0</span>"""
1777719811556	1791200480	Doki Doki1-6 female_voice	先輩	先[せん] 輩[ぱい]	せんぱい	senpai	starszy kolega, bardziej doświadczona osoba	先輩[せんぱい]は大学[だいがく]にいます。	Starszy kolega jest na uniwersytecie.			rzeczownik. Osoba z dłuższym stażem w szkole, pracy lub klubie. Relacja przeciwna do 後輩.	先輩は大学にいます。	先 輩[ぱい]	[sound:hypertts-9f1f9aff24a0615e33945681eb33101dfc04aab87255d864f35948ee.mp3]	[sound:hypertts-af66dc5b3acac9e1ba44d6e0abf543003186db26bf9577a7ace22076.mp3]	[sound:先輩_センパイ━_0_NHK-2016.mp3]	先輩	先輩は大学にいます。	"""<span style=""""box-shadow: inset -2px -2px 0 0 #FF6633;"""">セ</span><span style=""""box-shadow: inset 0px 2px 0 0px #FF6633;"""">ンパイ</span> <span class=""""pitch_number"""">0</span>"""
1777719811557	1791198877	Doki Doki1-6 female_voice	先	先[さき]	さき	saki	przód, wcześniej, naprzód	先[さき]に行[い]きます。	Idę przodem.			rzeczownik	先に行きます。	先	[sound:hypertts-f986eabafac111093d59d06f0545a5971e370a9c523b8acb0bd25fad.mp3]	[sound:hypertts-0ed0744d8a8087d72570cec7028e498eb206731339365dd36358ce35.mp3]	[sound:先_サキ━_0_NHK-2016.mp3]	先	先に行きます。	"""<span style=""""box-shadow: inset -2px -2px 0 0 #FF6633;"""">サ</span><span style=""""box-shadow: inset 0px 2px 0 0px #FF6633;"""">キ</span> <span class=""""pitch_number"""">0</span>"""
1778319627132	1782884618	Doki Doki1-6 male_voice	文法	文[ぶん] 法[ぽう]	ぶんぽう	bunpō	gramatyka	私[わたし]は 文法[ぶんぽう]を 勉強[べんきょう]します。	Ja uczę się gramatyki.			rzeczownik	私は文法を勉強します。		[sound:hypertts-a5c5a180d3fdbfa803b5288e76277ede01bfadbec23bbbb21d981f94.mp3]	[sound:hypertts-e67148769f803c20fb0fb0023c3465ef703bdaa2d0c875e9992d55b9.mp3]	[sound:文法_ブンポー━_0_NHK-2016.mp3]	文法	私は文法を勉強します。	"""<span style=""""box-shadow: inset -2px -2px 0 0 #FF6633;"""">ブ</span><span style=""""box-shadow: inset 0px 2px 0 0px #FF6633;"""">ンポー</span> <span class=""""pitch_number"""">0</span>"""
1778319627133	1791209371	Doki Doki1-6 leech male_voice	復習	復[ふく] 習[しゅう]	ふくしゅう	fukushū	powtórka, powtórzenie materiału	私[わたし]は 復習[ふくしゅう]をします。	Ja robię powtórkę.			rzeczownik. Powtórzenie wcześniej przerobionego materiału.	私は復習をします。		[sound:hypertts-d685d5595201b585608b64199dc32e0b0446cfcc14d49b9b7deab3c6.mp3]	[sound:hypertts-ac961b06a2ad11f1a1e14564ae433ef0ea5fa02a443b533b1fb096f5.mp3]	[sound:復習_フクシュー━_0_NHK-2016.mp3]	復習	私は復習をします。	"""<span style=""""box-shadow: inset -2px -2px 0 0 #FF6633;""""><span style=""""color: royalblue;"""">フ</span></span><span style=""""box-shadow: inset 0px 2px 0 0px #FF6633;"""">クシュー</span> <span class=""""pitch_number"""">0</span>"""
1778319627134	1782884618	Doki Doki1-6 male_voice	単語	単[たん] 語[ご]	たんご	tango	słowo / słownictwo	日本語[にほんご]の 単語[たんご]を 勉強[べんきょう]します。	Uczę się japońskich słówek.			rzeczownik	日本語の単語を勉強します。		[sound:hypertts-8bd63c03d240a3e9ba2322ae4368ba3cd91259a6bbbeedb79396eda3.mp3]	[sound:hypertts-642183eff010437b9b6e5b345da45ba2e5df5a8c661f815078e91c0a.mp3]	[sound:単語_タンコ゚━_0_NHK-2016.mp3]	単語	日本語の単語を勉強します。	"""<span style=""""box-shadow: inset -2px -2px 0 0 #FF6633;"""">タ</span><span style=""""box-shadow: inset 0px 2px 0 0px #FF6633;"""">ンコ<span style=""""color: red;"""">°</span></span> <span class=""""pitch_number"""">0</span>"""
1778319627135	1782884618	Doki Doki1-6 male_voice	有名	有[ゆう] 名[めい]	ゆうめい	yūmei	sławny / znany	あの 人[ひと]は 有名[ゆうめい]です。	Tamta osoba jest sławna.			na-adj	あの人は有名です。		[sound:hypertts-341f4ed7751c766751b34f58898697a7647f198eb552ae6bb7d4ff76.mp3]	[sound:hypertts-54b79451e4f82934a7276f2fe50a387bd93fb67d0e5439a6906bdf06.mp3]	[sound:有名_ユーメー━_0_NHK-2016.mp3]	有名	あの人は有名です。	"""<span style=""""box-shadow: inset -2px -2px 0 0 #FF6633;"""">ユ</span><span style=""""box-shadow: inset 0px 2px 0 0px #FF6633;"""">ーメイ</span> <span class=""""pitch_number"""">0</span>"""
1778319627136	1782884618	Doki Doki1-6 male_voice	床屋	床[とこ] 屋[や]	とこや	tokoya	fryzjer męski / zakład fryzjerski	私[わたし]は 床屋[とこや]へ 行[い]きます。	Idę do fryzjera.			rzeczownik	私は床屋へ行きます。		[sound:hypertts-a1dfeddc51d860b3f5b95a26a4b7c66dddc49bf81e3216489b862f76.mp3]	[sound:hypertts-643acad7e76e5388d3d8b6e0929696b94066c0630548195b102a0b92.mp3]	[sound:床屋_トコヤ━_0_NHK-2016.mp3]	床屋	私は床屋へ行きます。	"""<span style=""""box-shadow: inset -2px -2px 0 0 #FF6633;"""">ト</span><span style=""""box-shadow: inset 0px 2px 0 0px #FF6633;"""">コヤ</span> <span class=""""pitch_number"""">0</span>"""
1778319627137	1782884618	Doki Doki1-6 male_voice	一週間	一[いっ] 週[しゅう] 間[かん]	いっしゅうかん	isshūkan	jeden tydzień	一週間[いっしゅうかん]ポーランドにいます。	Jestem w Polsce przez tydzień.			rzeczownik, określenie czasu	一週間ポーランドにいます。		[sound:hypertts-4ede0cf467b643eaae8ca4d381ff4efcad9f451b94f243990af7c7ef.mp3]	[sound:hypertts-159c37977408a3a397d7dde283bf45e97df22a6a989e6b95fd000b2c.mp3]	[sound:一週間_イッシュ＼ーカン_3_NHK-2016.mp3]	一週間	一週間ポーランドにいます。	"""<span style=""""box-shadow: inset -2px -2px 0 0 #FF6633;"""">イ</span><span style=""""box-shadow: inset -2px 2px 0 0px #FF6633;"""">ッシュ</span><span style=""""box-shadow: inset 0px -2px 0 0px #FF6633;"""">ーカン</span> <span class=""""pitch_number"""">3</span>"""
1778319627138	1778508610	Doki Doki1-6 male_voice	によって違います	~によって 違[ちが]います	によってちがいます	ni yotte chigaimasu	zależy od...	人[ひと]によって 違[ちが]います。	To zależy od człowieka.			wyrażenie	人によって違います。		[sound:hypertts-dd3f8261918ddaa2b0070dccb5eb287bf9ca480524c2ff8ac9ec2d52.mp3]	[sound:hypertts-cd92242f692b8ca015899dec5e00eed0a7357f5962cc8331037b901c.mp3]		によって違います	人によって違います。	
1778319627139	1778319920	Doki Doki1-6 male_voice	日によって違います	日[ひ]によって 違[ちが]います	ひによってちがいます	hi ni yotte chigaimasu	zależy od dnia	はい、 日[ひ]によって 違[ちが]います。	Tak, to zależy od dnia.			wyrażenie	はい、日によって違います。	日によって 違[ちが]います	[sound:hypertts-ba63986175de94c53581e0e7b612f7951535e1c49d17f0848c616593.mp3]	[sound:hypertts-c307137a3f227076ab64b79f36b7aca844c39960ac908a0f15892969.mp3]		日によって違います	はい、日によって違います。	
1778319627140	1784727359	Doki Doki1-6 male_voice	一年の中	一[いち] 年[ねん]の 中[なか]	いちねんのなか	ichinen no naka	w ciągu roku / w roku, spośród całego roku, w skali roku	一年[いちねん]の 中[なか]にたくさん 映画[えいが]を 見[み]ます。	W ciągu roku oglądam dużo filmów.			"""wyrażenie, prawie zasze występuje z partykułą で, Używane jako punkt odniesienia do tworzenia porównań i superlatywów. Traktuje rok jako zbiór mniejszych fragmentów (pór roku, miesięcy, dni), z których """"wyciągasz"""" jeden konkretny moment, który się czymś wyróżnia (np. jest najzimniejszy, najnudniejszy, najbardziej zapracowany)."""	一年の中にたくさん映画を見ます。	一 年[ねん]の中	[sound:hypertts-68c3181d257039ee3fb3e1c878b7b4c948fc2368d1cc9984357f6a79.mp3]	[sound:hypertts-7103e3bddb4347f310933e9aa8364b3057674c2de18e655a470bc954.mp3]		一年の中	一年の中にたくさん映画を見ます。	
1778319627141	1784903866	Doki Doki1-6 leech male_voice	態度が悪い	態[たい] 度[ど]が 悪[わる]い	たいどがわるい	taido ga warui	złe nastawienie / złe zachowanie	彼[かれ]の 態度[たいど]は 悪[わる]いです。	Jego zachowanie jest złe.			wyrażenie, i-adj	彼の態度は悪いです。		[sound:hypertts-6aa61f7d7c48f8e6c0bafb5a45c9aca055e93d637687ba711d50e56e.mp3]	[sound:hypertts-45042d9135c7b4b9f2ccd6111b62b7adbc87f05288b2464be12192ce.mp3]		態度が悪い	彼の態度は悪いです。	
1778319627142	1782884618	Doki Doki1-6 male_voice	郵便屋さん	郵[ゆう] 便[びん] 屋[や]さん	ゆうびんやさん	yūbin'yasan	listonosz	郵便屋[ゆうびんや]さんが 来[き]ました。	Przyszedł listonosz.			rzeczownik	郵便屋さんが来ました。		[sound:hypertts-10d2282c2f7e6172e4d8bf9784771d1494a476f21de95546a6a2423e.mp3]	[sound:hypertts-5ba88d72c34d605dc617dcab6a0d2c09ef4640efaede3235450ff4f9.mp3]	[sound:郵便屋さん_ユウビンヤサン_TAAS.mp3]	郵便屋さん	郵便屋さんが来ました。	
1778319627143	1778319814	Doki Doki1-6 male_voice	脳	脳[のう]	のう	nō	mózg	脳[のう]はとても 大切[たいせつ]です。	Mózg jest bardzo ważny.			rzeczownik	脳はとても大切です。		[sound:hypertts-628ffc99578db9ed7cf56692ed04c30c87f4a61f1c49c46e9719e483.mp3]	[sound:hypertts-20e0d441817ddb0bea5195377e2272031e2c1a22493305a8b76e828c.mp3]	[sound:脳_ノ＼ー_1_NHK-2016.mp3]	脳	脳はとても大切です。	"""<span style=""""box-shadow: inset -2px 2px 0 0px #FF6633;"""">ノ</span><span style=""""box-shadow: inset 0px -2px 0 0px #FF6633;"""">ー</span> <span class=""""pitch_number"""">1</span>"""
1778319627144	1782884618	Doki Doki1-6 male_voice	未来	未[み] 来[らい]	みらい	mirai	przyszłość (ogólna)	私達[わたしたち]の 未来[みらい]は 明[あか]るいです。	Nasza przyszłość jest jasna.			rzeczownik	私達の未来は明るいです。	未[み]来	[sound:hypertts-e6322fc1e83d8b7df73fa69c25dd8e694431104385695b7853a1e0e3.mp3]	[sound:hypertts-e618dbda86a13c6691b1879cdb524937a04a2b9ef9972e09ca9c99a5.mp3]	[sound:未来_ミ＼ライ_1_NHK-2016.mp3]	未来	私達の未来は明るいです。	"""<span style=""""box-shadow: inset -2px 2px 0 0px #FF6633;"""">ミ</span><span style=""""box-shadow: inset 0px -2px 0 0px #FF6633;"""">ライ</span> <span class=""""pitch_number"""">1</span>"""
1778319627145	1782884618	Doki Doki1-6 male_voice	追加	追[つい] 加[か]	ついか	tsuika	dodatek / uzupełnienie	料理[りょうり]の 追加[ついか]をお 願[ねが]いします。	Poproszę o dokładkę jedzenia.			rzeczownik	料理の追加をお願いします。		[sound:hypertts-75a90b35939ae775c8ad5e7597d341af95472882135ec21b0ac99f57.mp3]	[sound:hypertts-26f86d0c27ede27ced658d60189f72bd9503ed276ddbc4f520c0266a.mp3]	[sound:追加_ツイカ━_0_NHK-2016.mp3]	追加	料理の追加をお願いします。	"""<span style=""""box-shadow: inset -2px -2px 0 0 #FF6633;"""">ツ</span><span style=""""box-shadow: inset 0px 2px 0 0px #FF6633;"""">イカ</span> <span class=""""pitch_number"""">0</span>"""
1778319627146	1782884618	Doki Doki1-6 male_voice	例文	例[れい] 文[ぶん]	れいぶん	reibun	zdanie przykładowe	毎日[まいにち] 例文[れいぶん]を 読[よ]みます。	Codziennie czytam zdania przykładowe.			rzeczownik	毎日例文を読みます。		[sound:hypertts-51705ec0271ef8c2dbe35c41b8be897a06f0731014fb60abe3d9ac5c.mp3]	[sound:hypertts-9f5caf7e4cccf6eb6f3cdc345ce852934adea6dd9937d7d48a68df6e.mp3]	[sound:例文_レーブン━_0_NHK-2016.mp3]	例文	毎日例文を読みます。	"""<span style=""""box-shadow: inset -2px -2px 0 0 #FF6633;"""">レ</span><span style=""""box-shadow: inset 0px 2px 0 0px #FF6633;"""">イブン</span> <span class=""""pitch_number"""">0</span>"""
1778319627147	1778326036	Doki Doki1-6 male_voice	達	~達[たち]	たち	tachi	sufiks liczby mnogiej (do osób)	学生達[がくせいたち]が 学校[がっこう]へ 行[い]きます。	Uczniowie idą do szkoły.			sufiks	学生達が学校へ行きます。		[sound:hypertts-cccb57ece0ab3cb3eb0c0b28eca4fab775a591afdf0f1d38f29f6430.mp3]	[sound:hypertts-7cb7d7b1dda57f0bb2a5242083f9b041db4dba330071ddf857b00a87.mp3]		達	学生達が学校へ行きます。	
1778319627148	1782884618	Doki Doki1-6 male_voice	私達	私[わたし] 達[たち]	わたしたち	watashitachi	my	私達[わたしたち]は 日本語[にほんご]を 勉強[べんきょう]します。	My uczymy się języka japońskiego.			zaimek	私達は日本語を勉強します。	私 達[たち]	[sound:hypertts-f704bac111da452d028c4c2de79e83ae1dd192701bd09d28c7ad1c49.mp3]	[sound:hypertts-caecdfed138e6c43c2829c10659c9b38da4efe4fcbd08e786942422f.mp3]	[sound:私達_ワタシ＼タチ_3_NHK-2016.mp3]	私達	私達は日本語を勉強します。	"""<span style=""""box-shadow: inset -2px -2px 0 0 #FF6633;"""">ワ</span><span style=""""box-shadow: inset -2px 2px 0 0px #FF6633;"""">タ<span style=""""color: royalblue;"""">シ</span></span><span style=""""box-shadow: inset 0px -2px 0 0px #FF6633;"""">タチ</span> <span class=""""pitch_number"""">3</span>"""
1778428548817	1791198877	Doki Doki1-6	円	円[えん]	えん	en	jen	ラーメンは 千[せん] 円[えん]です。	Ramen kosztuje tysiąc jenów.			rzeczownik	ラーメンは千円です。	円	[sound:hypertts-13c148d7a83eec182235d79d1b1c1c78e3b8ee568b0a01f2de464cfe.mp3]	[sound:hypertts-04ca3487ffa1c70adfb3d31027da55ba49e42712d593713d1511cbdd.mp3]	[sound:円_エ＼ン_1_NHK-2016.mp3]	円	ラーメンは千円です。	"""<span style=""""box-shadow: inset -2px 2px 0 0px #FF6633;"""">エ</span><span style=""""box-shadow: inset 0px -2px 0 0px #FF6633;"""">ン</span> <span class=""""pitch_number"""">1</span>"""
1778428548818	1778428735	Doki Doki1-6	桐	桐[きり]	きり	kiri	kwiat paulowni	五[ご] 百[ひゃく] 円[えん]に 桐[きり]の 絵[え]があります。	Na monecie pięciuset jenów jest rysunek paulowni.			rzeczownik	五百円に桐の絵があります。		[sound:hypertts-c4a67300d4047964442cb0d478dcf5b3d5d9277b107f5cdf6786d8f6.mp3]	[sound:hypertts-cf66ad74a7b3f19baa6e1ab59a4562da5f1910de267397b7dd008216.mp3]	[sound:桐_キリ━_0_NHK-2016.mp3]	桐	五百円に桐の絵があります。	"""<span style=""""box-shadow: inset -2px -2px 0 0 #FF6633;"""">キ</span><span style=""""box-shadow: inset 0px 2px 0 0px #FF6633;"""">リ</span> <span class=""""pitch_number"""">0</span>"""
1778428548819	1791202866	Doki Doki1-6	竹	竹[たけ]	たけ	take	bambus	パンダは 竹[たけ]を 食[た]べます。	Panda je bambus.			rzeczownik	パンダは竹を食べます。		[sound:hypertts-24cfb9a5af6f0edbcff06742582ed250e74429595ea8932fa886ef40.mp3]	[sound:hypertts-b7ba75b81fca0966ddbe83ff5b1b2045b8e46d8fc91ecfd521a99a55.mp3]	[sound:竹_タケ━_0_NHK-2016.mp3]	竹	パンダは竹を食べます。	"""<span style=""""box-shadow: inset -2px -2px 0 0 #FF6633;"""">タ</span><span style=""""box-shadow: inset 0px 2px 0 0px #FF6633;"""">ケ</span> <span class=""""pitch_number"""">0</span>"""
1778428548820	1778428735	Doki Doki1-6	桜	桜[さくら]	さくら	sakura	kwiaty wiśni (sakura)	四[し] 月[がつ]に 桜[さくら]を 見[み]ます。	W kwietniu oglądam kwiaty wiśni.			rzeczownik	四月に桜を見ます。		[sound:hypertts-f3b91e5150cd5d9a656d89b1e71eac7a149bf230d7ed354420793252.mp3]	[sound:hypertts-52de0166de18eb71ff3ac2ebc2c4bf00f597c81e981229cc971a1951.mp3]	[sound:桜_サクラ━_0_NHK-2016.mp3]	桜	四月に桜を見ます。	"""<span style=""""box-shadow: inset -2px -2px 0 0 #FF6633;"""">サ</span><span style=""""box-shadow: inset 0px 2px 0 0px #FF6633;"""">クラ</span> <span class=""""pitch_number"""">0</span>"""
1778428548821	1781774749	Doki Doki1-6 leech	菊	菊[きく]	きく	kiku	chryzantema	五[ご] 十[じゅう] 円[えん]に 菊[きく]の 絵[え]があります。	Na monecie pięćdziesięciu jenów jest rysunek chryzantemy.			rzeczownik	五十円に菊の絵があります。		[sound:hypertts-acf37bb5c79cd95e45930875fc7308aa7b86d1f2a2d1a36224c04f0e.mp3]	[sound:hypertts-57a5b0ea24a4d771e4f88eb09fef08d698c345d37ece0905bdbe4b16.mp3]	[sound:菊_キク━_0_NHK-2016.mp3] [sound:菊_キク＼_2_NHK-2016.mp3]	菊	五十円に菊の絵があります。	"""<span style=""""box-shadow: inset -2px -2px 0 0 #FF6633;""""><span style=""""color: royalblue;"""">キ</span></span><span style=""""box-shadow: inset -2px 2px 0 0px #FF6633;"""">ク</span> <span class=""""pitch_number"""">2</span>"""
1778428548822	1782884618	Doki Doki1-6	常盤木	常[とき] 盤[わ] 木[ぎ]	ときわぎ	tokiwagi	liście laurowe	十[じゅう] 円[えん]に 常盤木[ときわぎ]があります。	Na monecie dziesięciu jenów są liście laurowe.			rzeczownik	十円に常盤木があります。		[sound:hypertts-197de36a24172d124c86ef908a14d6216de8542d7cc70f5ac1c6c7c2.mp3]	[sound:hypertts-e7b8930e0fce454a435b46b4067a3598fcb1596a7d00d1105c73b39b.mp3]	[sound:ときわぎ_トキワキ゚━_0_NHK-2016.mp3] [sound:ときわぎ_トキワ＼キ゚_3_NHK-2016.mp3]	常盤木	十円に常盤木があります。	"""<span style=""""box-shadow: inset -2px -2px 0 0 #FF6633;"""">ト</span><span style=""""box-shadow: inset 0px 2px 0 0px #FF6633;"""">キワギ</span> <span class=""""pitch_number"""">0</span>, <span style=""""box-shadow: inset -2px -2px 0 0 #FF6633;"""">ト</span><span style=""""box-shadow: inset -2px 2px 0 0px #FF6633;"""">キワ</span><span style=""""box-shadow: inset 0px -2px 0 0px #FF6633;"""">ギ</span> <span class=""""pitch_number"""">3</span>"""
1778428548823	1782884618	Doki Doki1-6	稲穂	稲[いな] 穂[ほ]	いなほ	inaho	sadzonka ryżu (kłos ryżu)	五[ご] 円[えん]に 稲穂[いなほ]の 絵[え]があります。	Na monecie pięciu jenów jest rysunek sadzonki ryżu.			rzeczownik	五円に稲穂の絵があります。		[sound:hypertts-a28e99985358bcd333295a068a8124ebb823834938ab931e7fc2c281.mp3]	[sound:hypertts-3aa9ee282c7d52efa2ff08fc8b807d394ca41bc1d29806e8ff90b323.mp3]	[sound:稲穂_イナホ━_0_NHK-2016.mp3]	稲穂	五円に稲穂の絵があります。	"""<span style=""""box-shadow: inset -2px -2px 0 0 #FF6633;"""">イ</span><span style=""""box-shadow: inset 0px 2px 0 0px #FF6633;"""">ナホ</span> <span class=""""pitch_number"""">0</span>"""
1778428548824	1782884618	Doki Doki1-6	歯車	歯[は] 車[ぐるま]	はぐるま	haguruma	koło zębate	時[と] 計[けい]に 歯車[はぐるま]があります。	W zegarku są koła zębate.			rzeczownik	時計に歯車があります。		[sound:hypertts-b042724fa0a3de20c1b95195d5334cc24ad0a53a0a801c47717dfb91.mp3]	[sound:hypertts-3c87a6e21ce96505382f0b672a6fad00d08c5a286e5c698088847e7a.mp3]	[sound:歯車_ハク゚＼ルマ_2_NHK-2016.mp3]	歯車	時計に歯車があります。	"""<span style=""""box-shadow: inset -2px -2px 0 0 #FF6633;"""">ハ</span><span style=""""box-shadow: inset -2px 2px 0 0px #FF6633;"""">ク<span style=""""color: red;"""">°</span></span><span style=""""box-shadow: inset 0px -2px 0 0px #FF6633;"""">ルマ</span> <span class=""""pitch_number"""">2</span>"""
1778428548825	1783677788	Doki Doki1-6 leech	双葉	双[ふた] 葉[ば]	ふたば	futaba	młode pędy (rośliny)	五[ご] 円[えん]に 双葉[ふたば]の 絵[え]もあります。	Na monecie pięciu jenów jest także rysunek młodych pędów.			rzeczownik	五円に双葉の絵もあります。		[sound:hypertts-93c781d30c467d0f406192692d631d5419a286c2be5d54c34907ac25.mp3]	[sound:hypertts-1d47479b8a4ca72ab0e7510efb73d8138d3bad2c60c74b03ea02fe65.mp3]	[sound:双葉_フタバ━_0_NHK-2016.mp3] [sound:双葉_フタ＼バ_2_NHK-2016.mp3]	双葉	五円に双葉の絵もあります。	"""<span style=""""box-shadow: inset -2px -2px 0 0 #FF6633;""""><span style=""""color: royalblue;"""">フ</span></span><span style=""""box-shadow: inset 0px 2px 0 0px #FF6633;"""">タバ</span> <span class=""""pitch_number"""">0</span>, <span style=""""box-shadow: inset -2px -2px 0 0 #FF6633;""""><span style=""""color: royalblue;"""">フ</span></span><span style=""""box-shadow: inset -2px 2px 0 0px #FF6633;"""">タ</span><span style=""""box-shadow: inset 0px -2px 0 0px #FF6633;"""">バ</span> <span class=""""pitch_number"""">2</span>"""
1778428548826	1782884618	Doki Doki1-6 leech	若木	若[わか] 木[ぎ]	わかぎ	wakagi	młode drzewko	一[いち] 円[えん]に 若木[わかぎ]があります。	Na monecie jednego jena jest młode drzewko.			rzeczownik	一円に若木があります。		[sound:hypertts-634ba3c385f437c1f6f58b9d98e98842d2eff41a40e472c646868e4e.mp3]	[sound:hypertts-3d918ad318044adb46b40d896f0fce524d1692af329c6c2ed57a6050.mp3]	[sound:若木_ワカキ゚━_0_NHK-2016.mp3] [sound:若木_ワカ＼キ゚_2_NHK-2016.mp3]	若木	一円に若木があります。	"""<span style=""""box-shadow: inset -2px -2px 0 0 #FF6633;"""">ワ</span><span style=""""box-shadow: inset 0px 2px 0 0px #FF6633;"""">カキ<span style=""""color: red;"""">°</span></span> <span class=""""pitch_number"""">0</span>, <span style=""""box-shadow: inset -2px -2px 0 0 #FF6633;"""">ワ</span><span style=""""box-shadow: inset -2px 2px 0 0px #FF6633;"""">カ</span><span style=""""box-shadow: inset 0px -2px 0 0px #FF6633;"""">キ<span style=""""color: red;"""">°</span></span> <span class=""""pitch_number"""">2</span>"""
1778428771613	1779198725	Doki Doki1-6	コラム	コラム	 コラム	koramu	kolumna (w gazecie, książce)	教[きょう] 科[か] 書[しょ]にコラムがあります。	W podręczniku znajduje się kolumna (artykuł).			zapożyczenie	教科書にコラムがあります。		[sound:hypertts-a2f8ab0b386c765133603d60aee0abcb3a9f87fa1a58e4edfb0b9d21.mp3]	[sound:hypertts-df0e3d5bc3806f5f5e24998ff996e4762e1c6c7e3edeb408d2dd7db3.mp3]	[sound:コラム_コ＼ラム_1_NHK-2016.mp3]	コラム	教科書にコラムがあります。	"""<span style=""""box-shadow: inset -2px 2px 0 0px #FF6633;"""">コ</span><span style=""""box-shadow: inset 0px -2px 0 0px #FF6633;"""">ラム</span> <span class=""""pitch_number"""">1</span>"""
1778924021480	1782884618	Doki Doki1-6 male_voice	病気	病[びょう] 気[き]	びょうき	byōki	choroba, chory ~の	私[わたし]は 病気[びょうき]です。	Jestem chory.			rzeczownik	私は病気です。	 病[びょう] 気	[sound:hypertts-746b6542fe4ecdaed728b9e034faceb564f634bc9cb070fcb671a27c.mp3]	[sound:hypertts-99613d6c46c6b14ed33583ea9723cb251addd93ba473ed2f4d8608fa.mp3]	[sound:病気_ビョーキ━_0_NHK-2016.mp3]	病気	私は病気です。	"""<span style=""""box-shadow: inset -2px -2px 0 0 #FF6633;"""">ビョ</span><span style=""""box-shadow: inset 0px 2px 0 0px #FF6633;"""">ーキ</span> <span class=""""pitch_number"""">0</span>"""
1778924021481	1782884618	Doki Doki1-6 male_voice	最近	最[さい] 近[きん]	さいきん	saikin	ostatnio	最近[さいきん]、 私[わたし]は 忙[いそが]しいです。	Ostatnio jestem zajęty.			rzeczownik/przysłówek	最近、私は忙しいです。		[sound:hypertts-3b0e796083479fa8b8dc6a544429f22a609bda0f66b031349eb40b34.mp3]	[sound:hypertts-545ca9269b6050a174e93a7e802fa316c3242c28d2333c9b931f232f.mp3]	[sound:最近_サイキン━_0_NHK-2016.mp3]	最近	最近、私は忙しいです。	"""<span style=""""box-shadow: inset -2px -2px 0 0 #FF6633;"""">サ</span><span style=""""box-shadow: inset 0px 2px 0 0px #FF6633;"""">イキン</span> <span class=""""pitch_number"""">0</span>"""
1778924021482	1778924326	Doki Doki1-6 male_voice	ベラルーシ	ベラルーシ	ベラルーシ	Berarūshi	Białoruś	彼[かれ]はベラルーシから 来[き]ました。	On pochodzi z Białorusi.			zapożyczenie	彼はベラルーシから来ました。		[sound:hypertts-1bbf49269d7d192c6d68d6de85fce4beb2891bbcf788f32bb21b3038.mp3]	[sound:hypertts-ed81d9d78df0153dcdda1969eb7a7cb53f02ed57e528a5c61e54215a.mp3]	[sound:ベラルーシ_ベラル＼ーシ_3_NHK-2016.mp3]	ベラルーシ	彼はベラルーシから来ました。	"""<span style=""""box-shadow: inset -2px -2px 0 0 #FF6633;"""">ベ</span><span style=""""box-shadow: inset -2px 2px 0 0px #FF6633;"""">ラル</span><span style=""""box-shadow: inset 0px -2px 0 0px #FF6633;"""">ーシ</span> <span class=""""pitch_number"""">3</span>"""
1778924021483	1782884618	Doki Doki1-6 male_voice	南西	南[なん] 西[せい]	なんせい	nansei	południowy zachód	あのデパートは 南西[なんせい]にあります。	Tamten dom towarowy znajduje się na południowym zachodzie.			rzeczownik	あのデパートは南西にあります。	南西	[sound:hypertts-c63076c31078e9383c60576efbbcab3a3617de6afcc2ce45d30426ba.mp3]	[sound:hypertts-353cc91f921240949cef6571db7164be2982a8bd5668962cbf9b85dd.mp3]	[sound:南西_ナンセー━_0_NHK-2016.mp3]	南西	あのデパートは南西にあります。	"""<span style=""""box-shadow: inset -2px -2px 0 0 #FF6633;"""">ナ</span><span style=""""box-shadow: inset 0px 2px 0 0px #FF6633;"""">ンセイ</span> <span class=""""pitch_number"""">0</span>"""
1778924021484	1790432195	Doki Doki1-6 leech male_voice	北東	北[ほく] 東[とう]	ほくとう	hokutō	północny wschód	北東[ほくとう]にレストランがあります。	Na północnym wschodzie jest restauracja.			rzeczownik	北東にレストランがあります。	北東	[sound:hypertts-f2f73832c9a27ad7d0f7b71652892f61b856d212dbb93e45afd8737b.mp3]	[sound:hypertts-4e255386a5e6467e3056b17745a6e9a69409cec4ab4422868c0cff23.mp3]	[sound:北東_ホクトー━_0_NHK-2016.mp3]	北東	北東にレストランがあります。	"""<span style=""""box-shadow: inset -2px -2px 0 0 #FF6633;"""">ホ</span><span style=""""box-shadow: inset 0px 2px 0 0px #FF6633;""""><span style=""""color: royalblue;"""">ク</span>トー</span> <span class=""""pitch_number"""">0</span>"""
1778924021485	1782884618	Doki Doki1-6 male_voice	南東	南[なん] 東[とう]	なんとう	nantō	południowy wschód	南東[なんとう]の 部屋[へや]は 大[おお]きいです。	Pokój na południowym wschodzie jest duży.			rzeczownik	南東の部屋は大きいです。	南東	[sound:hypertts-6a4624c3d6e2b8284b726843ea70a944c342c5b3de8e1ef1c805d1e5.mp3]	[sound:hypertts-bdd601e1d7ac7338c972adb4fd0c2ce3ad3eb45ada208dffc452bfc5.mp3]	[sound:南東_ナントー━_0_NHK-2016.mp3]	南東	南東の部屋は大きいです。	"""<span style=""""box-shadow: inset -2px -2px 0 0 #FF6633;"""">ナ</span><span style=""""box-shadow: inset 0px 2px 0 0px #FF6633;"""">ントー</span> <span class=""""pitch_number"""">0</span>"""
1778924021486	1791202866	Doki Doki1-6 male_voice	多い	多[おお]い	おおい	ōi	dużo, liczny	東京[とうきょう]は 人[ひと]が 多[おお]いです。	W Tokio jest dużo ludzi.			i-adj. Opisuje dużą liczbę lub ilość. Zwykle używa się konstrukcji Xが多い.	東京は人が多いです。		[sound:hypertts-9340069c2cc7fb97b49a255666bee4af4d38c8c51e291b1dc2207be1.mp3]	[sound:hypertts-0c937ca8939ab614341c232bf71d5fb4478e3286cead6f011f14fd5b.mp3]	[sound:多い_オ＼ーイ_1_NHK-2016.mp3] [sound:多い_オ＼ーイ_1_NHK-2016(1).mp3] [sound:多い_オオ＼イ_2_NHK-2016.mp3]	多い	東京は人が多いです。	"""<span style=""""box-shadow: inset -2px 2px 0 0px #FF6633;"""">オ</span><span style=""""box-shadow: inset 0px -2px 0 0px #FF6633;"""">ウイ</span> <span class=""""pitch_number"""">1</span>, <span style=""""box-shadow: inset -2px 2px 0 0px #FF6633;"""">オ</span><span style=""""box-shadow: inset 0px -2px 0 0px #FF6633;"""">ーイ</span> <span class=""""pitch_number"""">1</span>, <span style=""""box-shadow: inset -2px -2px 0 0 #FF6633;"""">オ</span><span style=""""box-shadow: inset -2px 2px 0 0px #FF6633;"""">オ</span><span style=""""box-shadow: inset 0px -2px 0 0px #FF6633;"""">イ</span> <span class=""""pitch_number"""">2</span>"""
1778924021487	1791198877	Doki Doki1-6 male_voice	歌	歌[うた]	うた	uta	piosenka	私[わたし]は 日本[にほん]の 歌[うた]が 好[す]きです。	Lubię japońskie piosenki.			rzeczownik	私は日本の歌が好きです。		[sound:hypertts-4606968190cdbdaf9aa89caa0311a51182a040ed5fb2623ac0ee1452.mp3]	[sound:hypertts-43593064ada89a7d775395366f8d057af8e747e198d43d7f13d4763f.mp3]	[sound:歌_ウタ＼_2_NHK-2016.mp3]	歌	私は日本の歌が好きです。	"""<span style=""""box-shadow: inset -2px -2px 0 0 #FF6633;"""">ウ</span><span style=""""box-shadow: inset -2px 2px 0 0px #FF6633;"""">タ</span> <span class=""""pitch_number"""">2</span>"""
1778924021488	1787923123	Doki Doki1-6 leech male_voice	化粧	化[け] 粧[しょう]	けしょう	keshō	makijaż	お 手洗[てあら]いで 化粧[けしょう]をします。	Robię makijaż w toalecie.			rzeczownik	お手洗いで化粧をします。		[sound:hypertts-8497a89e374a82aa5d69da87891507ee334401ca0c889315f433d332.mp3]	[sound:hypertts-766aa6f05cf1954431712dc9f8b347f940e637be64c87bcfea568367.mp3]	[sound:化粧_ケショ＼ー_2_NHK-2016.mp3]	化粧	お手洗いで化粧をします。	"""<span style=""""box-shadow: inset -2px -2px 0 0 #FF6633;"""">ケ</span><span style=""""box-shadow: inset -2px 2px 0 0px #FF6633;"""">ショ</span><span style=""""box-shadow: inset 0px -2px 0 0px #FF6633;"""">ー</span> <span class=""""pitch_number"""">2</span>"""
1778924021489	1778924326	Doki Doki1-6 male_voice	厚い	厚[あつ]い	あつい	atsui	gruby, gęsty	この 本[ほん]はとても 厚[あつ]いです。	Ta książka jest bardzo gruba.			i-adj	この本はとても厚いです。		[sound:hypertts-238e03c755d87e677cb16d21d106f37507fa3b2625f188fdcd5bee30.mp3]	[sound:hypertts-9c1bb3c442f6b6ce022c03f2a19d59c60cb62a8852e687e7c9e5cdb9.mp3]	[sound:厚い_アツイ━_0_NHK-2016.mp3]	厚い	この本はとても厚いです。	"""<span style=""""box-shadow: inset -2px -2px 0 0 #FF6633;"""">ア</span><span style=""""box-shadow: inset 0px 2px 0 0px #FF6633;"""">ツイ</span> <span class=""""pitch_number"""">0</span>"""
1778924021490	1791202866	Doki Doki1-6 male_voice	髭	髭[ひげ]	ひげ	hige	broda, zarost	私[わたし]の 父[ちち]は 髭[ひげ]があります。	Mój tata ma brodę.			rzeczownik. Ogólne określenie zarostu na twarzy.	私の父は髭があります。		[sound:hypertts-14bcdc718597fa329fbce1c37401e3e83c04a27479166b7381c795bf.mp3]	[sound:hypertts-6b67bb95e3fa12d7134ab8567527a612f89a52b9cdacca03e78655a7.mp3]	[sound:髭_ヒケ゚━_0_NHK-2016.mp3]	髭	私の父は髭があります。	"""<span style=""""box-shadow: inset -2px -2px 0 0 #FF6633;"""">ヒ</span><span style=""""box-shadow: inset 0px 2px 0 0px #FF6633;"""">ケ<span style=""""color: red;"""">°</span></span> <span class=""""pitch_number"""">0</span>"""
1778924021491	1778924246	Doki Doki1-6 male_voice	オーバーサイズ	オーバーサイズ	オーバーサイズ	ōbāsaizu	oversize (za duży)	オーバーサイズのトレーナーを 買[か]いました。	Kupiłem bluzę oversize.			zapożyczenie	オーバーサイズのトレーナーを買いました。		[sound:hypertts-1ad2b37e7f647d79db9b2026dde3e24eb6019b03df6790d9fe064b6d.mp3]	[sound:hypertts-18098af9b885f9e4ccb9da48f674439c44f7eb822e4f891129847043.mp3]		オーバーサイズ	オーバーサイズのトレーナーを買いました。	
1778924021492	1778924326	Doki Doki1-6 male_voice	葵	葵[あおい]	あおい	aoi	malwa	公園[こうえん]に 葵[あおい]の 花[はな]があります。	W parku są kwiaty malwy.			rzeczownik	公園に葵の花があります。		[sound:hypertts-4f3b7d45bcb02ce7a95d6f93b23332e35558393d985dbb541ba875ee.mp3]	[sound:hypertts-ffa36234423e2e9e8287722a5af63ea3044c2a6b99c3d88d551da0e4.mp3]	[sound:葵_アオイ━_0_NHK-2016.mp3]	葵	公園に葵の花があります。	"""<span style=""""box-shadow: inset -2px -2px 0 0 #FF6633;"""">ア</span><span style=""""box-shadow: inset 0px 2px 0 0px #FF6633;"""">オイ</span> <span class=""""pitch_number"""">0</span>"""
1778924931342	1782884618	Doki Doki1-6	手袋	手[て] 袋[ぶくろ]	てぶくろ	tebukuro	rękawiczki	冬[ふゆ]に 手袋[てぶくろ]を 買[か]います。	Zimą kupuję rękawiczki.			rzeczownik	冬に手袋を買います。		[sound:hypertts-159457b537a2adb8a2e15810bc49d67f2d5ba7e368a08adad59413d1.mp3]	[sound:hypertts-0f9c720ed323b11551bdbdbdfd95636909d8c80687fd355fbddeb740.mp3]	[sound:手袋_テブ＼クロ_2_NHK-2016.mp3]	手袋	冬に手袋を買います。	"""<span style=""""box-shadow: inset -2px -2px 0 0 #FF6633;"""">テ</span><span style=""""box-shadow: inset -2px 2px 0 0px #FF6633;"""">ブ</span><span style=""""box-shadow: inset 0px -2px 0 0px #FF6633;"""">クロ</span> <span class=""""pitch_number"""">2</span>"""
1778924931343	1782884618	Doki Doki1-6	靴下	靴[くつ] 下[した]	くつした	kutsushita	skarpetki	黒[くろ]い 靴下[くつした]を 履[は]きます。	Zakładam czarne skarpetki.			rzeczownik	黒い靴下を履きます。		[sound:hypertts-c7deacbd7afa268207901e068ba5467bb062facb9d09508ef6ca525f.mp3]	[sound:hypertts-c2b7f5871f678c64efb2a7db6a4218dfc36fa1f376312d442a16e296.mp3]	[sound:靴下_クツ＼シタ_2_NHK-2016.mp3] [sound:靴下_クツシタ＼_4_NHK-2016.mp3]	靴下	黒い靴下を履きます。	"""<span style=""""box-shadow: inset -2px -2px 0 0 #FF6633;""""><span style=""""color: royalblue;"""">ク</span></span><span style=""""box-shadow: inset -2px 2px 0 0px #FF6633;"""">ツ</span><span style=""""box-shadow: inset 0px -2px 0 0px #FF6633;""""><span style=""""color: royalblue;"""">シ</span>タ</span> <span class=""""pitch_number"""">2</span>, <span style=""""box-shadow: inset -2px -2px 0 0 #FF6633;""""><span style=""""color: royalblue;"""">ク</span></span><span style=""""box-shadow: inset -2px 2px 0 0px #FF6633;"""">ツ<span style=""""color: royalblue;"""">シ</span>タ</span> <span class=""""pitch_number"""">4</span>"""
1778924931344	1782884618	Doki Doki1-6	下着	下[した] 着[ぎ]	したぎ	shitagi	bielizna	デパートで 下着[したぎ]を 買[か]いました。	Kupiłem bieliznę w domu towarowym.			rzeczownik	デパートで下着を買いました。		[sound:hypertts-a6933ab18a64e7990ee0d7120330351e17f349aab952ab5f2dbc5ed1.mp3]	[sound:hypertts-49f51e7e1e3deb999f84a7c4d1a997f5563c931bbcf6cbf1db387570.mp3]	[sound:下着_シタキ゚━_0_NHK-2016.mp3]	下着	デパートで下着を買いました。	"""<span style=""""box-shadow: inset -2px -2px 0 0 #FF6633;""""><span style=""""color: royalblue;"""">シ</span></span><span style=""""box-shadow: inset 0px 2px 0 0px #FF6633;"""">タキ<span style=""""color: red;"""">°</span></span> <span class=""""pitch_number"""">0</span>"""
1778924931345	1782884618	Doki Doki1-6	水着	水[みず] 着[ぎ]	みずぎ	mizugi	strój kąpielowy	海[うみ]で 水着[みずぎ]を 着[き]ます。	Nad morzem noszę strój kąpielowy.			rzeczownik	海で水着を着ます。		[sound:hypertts-8fa17ebef3a74c9e879a5a77e891e7aea4935ca8f94fba7af6d897cc.mp3]	[sound:hypertts-93b35c66486690ac1b907afd1b118db491cffad0d991565c4fd31957.mp3]	[sound:水着_ミズキ゚━_0_NHK-2016.mp3]	水着	海で水着を着ます。	"""<span style=""""box-shadow: inset -2px -2px 0 0 #FF6633;"""">ミ</span><span style=""""box-shadow: inset 0px 2px 0 0px #FF6633;"""">ズキ<span style=""""color: red;"""">°</span></span> <span class=""""pitch_number"""">0</span>"""
1778924931346	1778925046	Doki Doki1-6	ベルト	ベルト	ベルト	beruto	pasek	父[ちち]のベルトは 高[たか]いです。	Pasek taty jest drogi.			zapożyczenie	父のベルトは高いです。		[sound:hypertts-d4ec5af2eda66fd89cb4e80ec6e0168e076d4c4966ae4f710d6d0577.mp3]	[sound:hypertts-076fc4c0eb63bd9fd360bfd18f850903849d0cf3f6d41a815421ebaf.mp3]	[sound:ベルト_ベルト━_0_NHK-2016.mp3]	ベルト	父のベルトは高いです。	"""<span style=""""box-shadow: inset -2px -2px 0 0 #FF6633;"""">ベ</span><span style=""""box-shadow: inset 0px 2px 0 0px #FF6633;"""">ルト</span> <span class=""""pitch_number"""">0</span>"""
1778924931347	1778925170	Doki Doki1-6	イヤリング	イヤリング	イヤリング	iyaringu	kolczyki	かわいいイヤリングをします。	Zakładam urocze kolczyki.			zapożyczenie	かわいいイヤリングをします。		[sound:hypertts-788a840f6d2acc6bf9e07c04632cf2e4982805220c54162bce9c6df8.mp3]	[sound:hypertts-40e89f7bddb1b43a31d79f0c904044a5051b0f8c8308231b8a7674ee.mp3]	[sound:イヤリング_イ＼ヤリンク゚_1_NHK-2016.mp3]	イヤリング	かわいいイヤリングをします。	"""<span style=""""box-shadow: inset -2px 2px 0 0px #FF6633;"""">イ</span><span style=""""box-shadow: inset 0px -2px 0 0px #FF6633;"""">ヤリンク<span style=""""color: red;"""">°</span></span> <span class=""""pitch_number"""">1</span>"""
1778924931348	1778925043	Doki Doki1-6	パジャマ	パジャマ	パジャマ	pajama	piżama	毎晩[まいばん]パジャマを 着[き]ます。	Co wieczór zakładam piżamę.			zapożyczenie	毎晩パジャマを着ます。		[sound:hypertts-5aea7df20f5a22e718f96dd44ff24040e8c683e27dbe533eb56e98dd.mp3]	[sound:hypertts-99861411c35053bbffbd4219b956a7aa8d867bb42f3d7d4d9cf82780.mp3]	[sound:パジャマ_パ＼ジャマ_1_NHK-2016.mp3]	パジャマ	毎晩パジャマを着ます。	"""<span style=""""box-shadow: inset -2px 2px 0 0px #FF6633;"""">パ</span><span style=""""box-shadow: inset 0px -2px 0 0px #FF6633;"""">ジャマ</span> <span class=""""pitch_number"""">1</span>"""
1778924931349	1778925041	Doki Doki1-6	スリッパ	スリッパ	スリッパ	surippa	kapcie	家[いえ]でスリッパを 履[は]きます。	W domu noszę kapcie.			zapożyczenie	家でスリッパを履きます。		[sound:hypertts-8855585134f6eb264e8e0d791e683c370dbfb2c14643456c041e3fdb.mp3]	[sound:hypertts-e72699af867e334e7669ca4e33001190ac0d7ce0321f76a93e311f1f.mp3]	[sound:スリッパ_ス＼リッパ_1_NHK-2016.mp3] [sound:スリッパ_スリ＼ッパ_2_NHK-2016.mp3]	スリッパ	家でスリッパを履きます。	"""<span style=""""box-shadow: inset -2px 2px 0 0px #FF6633;"""">ス</span><span style=""""box-shadow: inset 0px -2px 0 0px #FF6633;"""">リッパ</span> <span class=""""pitch_number"""">1</span>, <span style=""""box-shadow: inset -2px -2px 0 0 #FF6633;"""">ス</span><span style=""""box-shadow: inset -2px 2px 0 0px #FF6633;"""">リ</span><span style=""""box-shadow: inset 0px -2px 0 0px #FF6633;"""">ッパ</span> <span class=""""pitch_number"""">2</span>"""
1778924931350	1791202866	Doki Doki1-6 leech	脱ぐ	脱[ぬ]ぐ	ぬぐ	nugu	zdejmować (ubranie/buty)	部屋[へや]で 靴[くつ]を 脱[ぬ]ぎます。	Zdejmuję buty w pokoju.	脱[ぬ]ぎます	脱[ぬ]ぎません	czasownik gr. 1. Używany przy zdejmowaniu ubrania, butów itp.	部屋で靴を脱ぎます。		[sound:hypertts-4f9deb1ef058f534677724e8da560bd577fa9eb7c7e4e64d03917e00.mp3]	[sound:hypertts-4f25d06bb169b6448360d7d790595b3546197a86d875ac403c893479.mp3]	[sound:脱ぐ_ヌ＼ク゚_1_NHK-2016.mp3]	脱ぐ	部屋で靴を脱ぎます。	"""<span style=""""box-shadow: inset -2px 2px 0 0px #FF6633;"""">ヌ</span><span style=""""box-shadow: inset 0px -2px 0 0px #FF6633;"""">ク<span style=""""color: red;"""">°</span></span> <span class=""""pitch_number"""">1</span>"""
1778924931351	1782884618	Doki Doki1-6 leech	試着する	試[し] 着[ちゃく]する	しちゃくする	shichaku suru	przymierzać (ubrania)	デパートでワンピースを 試着[しちゃく]します。	Przymierzam sukienkę w domu towarowym.	試着[しちゃく]します	試着[しちゃく]しません	czasownik nieregularny (gr. 3)	デパートでワンピースを試着します。		[sound:hypertts-ea9b47f86be92c18d89d4d2d7d049546cfb8bbca768b213bf9efad0a.mp3]	[sound:hypertts-e98333497deb490e054facdf05435f04cf383fc1f4b42f735505f5b5.mp3]		試着する	デパートでワンピースを試着します。	"""<span style=""""box-shadow: inset -2px -2px 0 0 #FF6633;"""">シ</span><span style=""""box-shadow: inset 0px 2px 0 0px #FF6633;"""">チャクスル</span> <span class=""""pitch_number"""">0</span>"""
1778924931352	1778925037	Doki Doki1-6	ボクサーパンツ	ボクサーパンツ	ボクサーパンツ	bokusāpantsu	bokserki	五月[ごがつ]に 日本[にほん]でボクサーパンツを 買[か]います。	W maju kupuję bokserki w Japonii.			zapożyczenie	五月に日本でボクサーパンツを買います。		[sound:hypertts-65f739b4df62b64f19354818fd0fa61ba6e2eee39711727327b95ee7.mp3]	[sound:hypertts-8cb21eb5f736223c1b0c5c2ece99b9efd9d305f443ce740daaf6476b.mp3]		ボクサーパンツ	五月に日本でボクサーパンツを買います。	"""<span style=""""box-shadow: inset -2px -2px 0 0 #FF6633;"""">ボ</span><span style=""""box-shadow: inset -2px 2px 0 0px #FF6633;"""">クサーパ</span><span style=""""box-shadow: inset 0px -2px 0 0px #FF6633;"""">ンツ</span> <span class=""""pitch_number"""">5</span>"""
1778924931353	1778925035	Doki Doki1-6	ブリーフ	ブリーフ	ブリーフ	burīfu	slipki	毎日[まいにち]ブリーフを 履[は]きます。	Codziennie noszę slipki.			zapożyczenie	毎日ブリーフを履きます。		[sound:hypertts-9a28263faac36f0a439534615791e7bf8efaea5b00ad06e4d9d24d38.mp3]	[sound:hypertts-a554c9262ebb0d6b49458562d8cb68544481b50ab6c3e6aefb952580.mp3]	[sound:ブリーフ_ブリ＼ーフ_2_NHK-2016.mp3]	ブリーフ	毎日ブリーフを履きます。	"""<span style=""""box-shadow: inset -2px -2px 0 0 #FF6633;"""">ブ</span><span style=""""box-shadow: inset -2px 2px 0 0px #FF6633;"""">リ</span><span style=""""box-shadow: inset 0px -2px 0 0px #FF6633;"""">ーフ</span> <span class=""""pitch_number"""">2</span>"""
1778924931354	1778925033	Doki Doki1-6	ブラジャー	ブラジャー	ブラジャー	burajā	biustonosz	このブラジャーは 高[たか]いです。	Ten biustonosz jest drogi.			zapożyczenie	このブラジャーは高いです。		[sound:hypertts-f04aea03f4121a90dbc4ce98745de5256cdda42b2ffb1466e252048b.mp3]	[sound:hypertts-9c2cf866cd2e96f551c33eba32808d9342d78232f2622dbd4a98b115.mp3]	[sound:ブラジャー_ブラ＼ジャー_2_NHK-2016.mp3]	ブラジャー	このブラジャーは高いです。	"""<span style=""""box-shadow: inset -2px -2px 0 0 #FF6633;"""">ブ</span><span style=""""box-shadow: inset -2px 2px 0 0px #FF6633;"""">ラ</span><span style=""""box-shadow: inset 0px -2px 0 0px #FF6633;"""">ジャー</span> <span class=""""pitch_number"""">2</span>"""
1778924931355	1778925032	Doki Doki1-6	パンツ	パンツ	パンツ	pantsu	majtki	毎日[まいにち] 新[あたら]しいパンツを 履[は]きます。	Codziennie noszę nowe majtki.			zapożyczenie	毎日新しいパンツを履きます。		[sound:hypertts-99e31d6bf5cbab045f2d43590a3c0a83e45edf2670291fe638baf392.mp3]	[sound:hypertts-8d04f9926f681e135ddeed888fef6144706aa7fefa2324d95394e126.mp3]	[sound:パンツ_パンツ━_0_NHK-2016.mp3] [sound:パンツ_パ＼ンツ_1_NHK-2016.mp3]	パンツ	毎日新しいパンツを履きます。	"""<span style=""""box-shadow: inset -2px -2px 0 0 #FF6633;"""">パ</span><span style=""""box-shadow: inset 0px 2px 0 0px #FF6633;"""">ンツ</span> <span class=""""pitch_number"""">0</span>, <span style=""""box-shadow: inset -2px 2px 0 0px #FF6633;"""">パ</span><span style=""""box-shadow: inset 0px -2px 0 0px #FF6633;"""">ンツ</span> <span class=""""pitch_number"""">1</span>"""
1778924931356	1778925030	Doki Doki1-6	タイツ	タイツ	タイツ	taitsu	rajstopy	冬[ふゆ]にタイツを 履[は]きます。	Zimą noszę rajstopy.			zapożyczenie	冬にタイツを履きます。		[sound:hypertts-de18110dbff01027527f319b3a25c28aaadcbea33000fdb3a623824c.mp3]	[sound:hypertts-0ff5d934fac4e55bae57ef374c5a4cd131d9aeca8dc2dd9735e8af1d.mp3]	[sound:タイツ_タ＼イツ_1_NHK-2016.mp3]	タイツ	冬にタイツを履きます。	"""<span style=""""box-shadow: inset -2px 2px 0 0px #FF6633;"""">タ</span><span style=""""box-shadow: inset 0px -2px 0 0px #FF6633;"""">イツ</span> <span class=""""pitch_number"""">1</span>"""
1778924931357	1778925029	Doki Doki1-6	サングラス	サングラス	サングラス	sangurasu	okulary przeciwsłoneczne	夏[なつ]にサングラスをかけます。	W lecie noszę okulary przeciwsłoneczne.			zapożyczenie	夏にサングラスをかけます。		[sound:hypertts-f99947722d94c7ffb2a344de2ee87bc2a73e24e2cf21132b5675fa36.mp3]	[sound:hypertts-d628ccccd794ffcaed6ef5492318364ec013b5fb67f75c38a176b920.mp3]	[sound:サングラス_サング＼ラス_3_NHK-2016.mp3]	サングラス	夏にサングラスをかけます。	"""<span style=""""box-shadow: inset -2px -2px 0 0 #FF6633;"""">サ</span><span style=""""box-shadow: inset -2px 2px 0 0px #FF6633;"""">ング</span><span style=""""box-shadow: inset 0px -2px 0 0px #FF6633;"""">ラス</span> <span class=""""pitch_number"""">3</span>"""
1778924931358	1778925027	Doki Doki1-6	カーディガン	カーディガン	カーディガン	kādigan	kardigan	姉[あね]はカーディガンを 着[き]ています。	Moja starsza siostra ma na sobie kardigan.			zapożyczenie	姉はカーディガンを着ています。		[sound:hypertts-a6832bafbdecbd4d37bbcc5f02762ab598d91bd04b13bdc4f4cbd59e.mp3]	[sound:hypertts-7b4a7b9f5ea774876f44ff41c86950ba6636263d1b02822244379f0d.mp3]	[sound:カーディガン_カ＼ーディガン_1_NHK-2016.mp3] [sound:カーディガン_カーディ＼ガン_3_NHK-2016.mp3]	カーディガン	姉はカーディガンを着ています。	"""<span style=""""box-shadow: inset -2px 2px 0 0px #FF6633;"""">カ</span><span style=""""box-shadow: inset 0px -2px 0 0px #FF6633;"""">ーディガン</span> <span class=""""pitch_number"""">1</span>, <span style=""""box-shadow: inset -2px -2px 0 0 #FF6633;"""">カ</span><span style=""""box-shadow: inset -2px 2px 0 0px #FF6633;"""">ーディ</span><span style=""""box-shadow: inset 0px -2px 0 0px #FF6633;"""">ガン</span> <span class=""""pitch_number"""">3</span>"""
1778924931359	1778925025	Doki Doki1-6	レインコート	レインコート	レインコート	reinkōto	płaszcz przeciwdeszczowy	犬[いぬ]と 散歩[さんぽ]する 時[とき]、レインコートを 着[き]ます。	Kiedy spaceruję z psem, zakładam płaszcz przeciwdeszczowy.			zapożyczenie	犬と散歩する時、レインコートを着ます。		[sound:hypertts-32d767c59efab4dd73f004f771a5a6fafd3277c4015e7b2c6847542d.mp3]	[sound:hypertts-2276905f0f7ba2154cc411f42407fb16fa7063dae346f7f367134b35.mp3]	[sound:レインコート_レインコ＼ート_4_NHK-2016.mp3]	レインコート	犬と散歩する時、レインコートを着ます。	"""<span style=""""box-shadow: inset -2px -2px 0 0 #FF6633;"""">レ</span><span style=""""box-shadow: inset -2px 2px 0 0px #FF6633;"""">インコ</span><span style=""""box-shadow: inset 0px -2px 0 0px #FF6633;"""">ート</span> <span class=""""pitch_number"""">4</span>"""
1778924931360	1778925024	Doki Doki1-6	ブーツ	ブーツ	ブーツ	būtsu	kozaki	デパートでブーツを 買[か]いました。	Kupiłem kozaki w domu towarowym.			zapożyczenie	デパートでブーツを買いました。		[sound:hypertts-eaa33aeaae84ddce5fdef81f54f2467b5f3cab78b6065832a0cd6429.mp3]	[sound:hypertts-1c77d05f102e0506fe661f110aeac0b94331b57c3ee5d95b8e6bd8a7.mp3]	[sound:ブーツ_ブ＼ーツ_1_NHK-2016.mp3]	ブーツ	デパートでブーツを買いました。	"""<span style=""""box-shadow: inset -2px 2px 0 0px #FF6633;"""">ブ</span><span style=""""box-shadow: inset 0px -2px 0 0px #FF6633;"""">ーツ</span> <span class=""""pitch_number"""">1</span>"""
1778924931361	1778925022	Doki Doki1-6	パーカー	パーカー	パーカー	pākā	bluza z kapturem	犬[いぬ]と 公園[こうえん]に 行[い]く 時[とき]、パーカーを 着[き]ます。	Kiedy idę z psem do parku, zakładam bluzę z kapturem.			zapożyczenie	犬と公園に行く時、パーカーを着ます。		[sound:hypertts-75dd69b46e80a3f7f5728f0d6d420683061332855777486a43a25a61.mp3]	[sound:hypertts-957c8e7ec399eb00adb04a07e9a7e98c0eb3d28bc27d6e03eb4b71e0.mp3]	[sound:パーカー_パ＼ーカー_1_NHK-2016.mp3]	パーカー	犬と公園に行く時、パーカーを着ます。	"""<span style=""""box-shadow: inset -2px -2px 0 0 #FF6633;"""">パ</span><span style=""""box-shadow: inset 0px 2px 0 0px #FF6633;"""">ーカー</span> <span class=""""pitch_number"""">0</span>, <span style=""""box-shadow: inset -2px 2px 0 0px #FF6633;"""">パ</span><span style=""""box-shadow: inset 0px -2px 0 0px #FF6633;"""">ーカー</span> <span class=""""pitch_number"""">1</span>"""
1778924931362	1778925020	Doki Doki1-6	キャミソール	キャミソール	キャミソール	kyamisōru	koszulka na ramiączkach	夏[なつ]にキャミソールを 着[き]ます。	W lecie noszę koszulkę na ramiączkach.			zapożyczenie	夏にキャミソールを着ます。		[sound:hypertts-2e4229c7eca3786c689fcb682667fb1e15d04bb950a85a7c5fe337a6.mp3]	[sound:hypertts-ea1e5554aa1a4596332572847f7fbbc9fdd878c84c346b8f4303f9ff.mp3]	[sound:キャミソール_キャミソ＼ール_3_NHK-2016.mp3]	キャミソール	夏にキャミソールを着ます。	"""<span style=""""box-shadow: inset -2px -2px 0 0 #FF6633;"""">キャ</span><span style=""""box-shadow: inset -2px 2px 0 0px #FF6633;"""">ミソ</span><span style=""""box-shadow: inset 0px -2px 0 0px #FF6633;"""">ール</span> <span class=""""pitch_number"""">3</span>"""
1778924931363	1781535021	Doki Doki1-6 leech	バスローブ	バスローブ	バスローブ	basurōbu	szlafrok	お 風呂[ふろ]のあとで、バスローブを 着[き]ます。	Po kąpieli zakładam szlafrok.			zapożyczenie	お風呂のあとで、バスローブを着ます。		[sound:hypertts-4a8e9becd513265de83d5c63bb9b4b1806b9b9a4a6862a703b2aecd0.mp3]	[sound:hypertts-a74b19b20e02dbf5aec9a3d13ae3dbb396f600cba2f605d0ce6ad310.mp3]	[sound:バスローブ_バスロ＼ーブ_3_NHK-2016.mp3]	バスローブ	お風呂のあとで、バスローブを着ます。	"""<span style=""""box-shadow: inset -2px -2px 0 0 #FF6633;"""">バ</span><span style=""""box-shadow: inset -2px 2px 0 0px #FF6633;"""">スロ</span><span style=""""box-shadow: inset 0px -2px 0 0px #FF6633;"""">ーブ</span> <span class=""""pitch_number"""">3</span>"""
1778924931364	1778925017	Doki Doki1-6	ブレスレット	ブレスレット	ブレスレット	buresuretto	bransoletka	デパートでブレスレットを 買[か]いました。	Kupiłem bransoletkę w domu towarowym.			zapożyczenie	デパートでブレスレットを買いました。		[sound:hypertts-e17b8987411c7cdc719f2eec90d0873cc45b7e7c71a89457226c433e.mp3]	[sound:hypertts-8e026141da753d9726eba51d86e0dfb73a4aed68e7f681069917e7df.mp3]	[sound:ブレスレット_ブレ＼スレット_2_NHK-2016.mp3]	ブレスレット	デパートでブレスレットを買いました。	"""<span style=""""box-shadow: inset -2px -2px 0 0 #FF6633;"""">ブ</span><span style=""""box-shadow: inset -2px 2px 0 0px #FF6633;"""">レ</span><span style=""""box-shadow: inset 0px -2px 0 0px #FF6633;"""">スレット</span> <span class=""""pitch_number"""">2</span>"""
1779523778974	1782884618	Doki Doki1-6 leech	臨床心理士	臨[りん] 床[しょう] 心[しん] 理[り] 士[し]	りんしょうしんりし	rinshōshinrishi	psycholog kliniczny	私[わたし]は 臨床心理士[りんしょうしんりし]です。	Jestem psychologiem klinicznym.			rzeczownik	私は臨床心理士です。		[sound:hypertts-2df1ef8aa6411c33140a2eefd89c6848d3ba474ce6f9c047f72ae1bb.mp3]	[sound:hypertts-c22a3d6a0442eb89038e791e185f4a28d79d63b17a5339cc88c27658.mp3]		臨床心理士	私は臨床心理士です。	"""<span style=""""box-shadow: inset -2px -2px 0 0 #FF6633;"""">リ</span><span style=""""box-shadow: inset -2px 2px 0 0px #FF6633;"""">ンショウシンリ</span><span style=""""box-shadow: inset 0px -2px 0 0px #FF6633;"""">シ</span> <span class=""""pitch_number"""">7</span>"""
1779523778976	1787837019	Doki Doki1-6 leech	かもしれない	かもしれない	かもしれない	kamoshirenai	być może, możliwe że, prawdopodobnie (wyrażenie)	明日[あした]、 雨[あめ]が 降[ふ]るかもしれません。	Być może jutro będzie padać deszcz.			wyrażenie, Prawdopodobieństwo: Niskie do średniego (ok. 30–50%). Używasz go, gdy coś jest możliwe, ale wcale nie masz pewności. Pokazuje, że istnieje szansa na taki scenariusz. (Bardziej formalna wersja to kamoshiremasen). Gramatyka: Jest to wyrażenie, które dokleja się na samym końcu zdania – bezpośrednio do czasowników, przymiotników i rzeczowników w formie prostej (casual).	明日、雨が降るかもしれません。		[sound:hypertts-b8facaa2afc848506f3e4c42c1c87cfebfa915d1a8ba54bce33f7d8f.mp3]	[sound:hypertts-3a2229ae38ff5ce5e7574c90581c1ca52ff1be2e8936d684177c5a1e.mp3]	[sound:かもしれない_カモシレナイ_1-0_Shinmeikai-8.mp3]	かもしれない	明日、雨が降るかもしれません。	"""<span style=""""box-shadow: inset -2px 2px 0 0px #FF6633;"""">カ</span><span style=""""box-shadow: inset 0px -2px 0 0px #FF6633;"""">モシレナイ</span> <span class=""""pitch_number"""">1</span>"""
1779523778977	1781031349	Doki Doki1-6	口に合う	口[くち]に 合[あ]う	くちにあう	kuchi ni au	smakować (komuś), trafiać w (czyjś) gust	この 日本[にほん]の 食[た]べ 物[もの]は 私[わたし]の 口[くち]に 合[あ]います。	To japońskie jedzenie trafia w mój gust.	口に合います	口に合いません	wyrażenie, czasownik gr. 1	この日本の食べ物は私の口に合います。	口に 合[あ]う	[sound:hypertts-44bdf26a380e5f9099bf88d84e5016b1e52aaf2f0b5eb03ce5bab47b.mp3]	[sound:hypertts-a0e68911a8c155dcdc13b4f35b4fd266df46660ec519966fe855fa8f.mp3]	[sound:口に合う_クチニアウ_JapanesePod101.mp3] [sound:口に合う_クチニアウ_JapanesePod101(1).mp3]	口に合う	この日本の食べ物は私の口に合います。	"""<span style=""""box-shadow: inset -2px -2px 0 0 #FF6633;"""">ク</span><span style=""""box-shadow: inset 0px 2px 0 0px #FF6633;"""">チニアウ</span> <span class=""""pitch_number"""">0</span>"""
1779523778978	1779523925	Doki Doki1-6	ポケット	ポケット	ポケット	poketto	kieszeń	ポケットに 財布[さいふ]があります。	W kieszeni jest portfel.			zapożyczenie	ポケットに財布があります。		[sound:hypertts-ea714473c3e28dddee34d34f3e5c9233cc17091a0f38d23090bb501a.mp3]	[sound:hypertts-7e4bcbc2cdc9284a8bb3612e961833208ffda9824b95fd160b20e56d.mp3]	[sound:ポケット_ポ＼ケット_1_NHK-2016.mp3] [sound:ポケット_ポケ＼ット_2_NHK-2016.mp3]	ポケット	ポケットに財布があります。	"""<span style=""""box-shadow: inset -2px 2px 0 0px #FF6633;"""">ポ</span><span style=""""box-shadow: inset 0px -2px 0 0px #FF6633;"""">ケット</span> <span class=""""pitch_number"""">1</span>, <span style=""""box-shadow: inset -2px -2px 0 0 #FF6633;"""">ポ</span><span style=""""box-shadow: inset -2px 2px 0 0px #FF6633;"""">ケ</span><span style=""""box-shadow: inset 0px -2px 0 0px #FF6633;"""">ット</span> <span class=""""pitch_number"""">2</span>"""
1779524063505	1782884618	Doki Doki1-6	退職者	退[たい] 職[しょく] 者[しゃ]	たいしょくしゃ	taishokusha	emeryt	私[わたし]の おじいさんは 退職者[たいしょくしゃ]です。	Mój dziadek jest emerytem.			rzeczownik	私のおじいさんは退職者です。		[sound:hypertts-2ced594350e68284fa4530d65bb0078f0cbcbdc49a7ba01620c35439.mp3]	[sound:hypertts-693f52eeaa9e37962ce4a6b899389efd753cf685422a2eda8327d4e9.mp3]	[sound:退職者_タイショクシャ_JapanesePod101.mp3]	退職者	私のおじいさんは退職者です。	"""<span style=""""box-shadow: inset -2px -2px 0 0 #FF6633;"""">タ</span><span style=""""box-shadow: inset 0px 2px 0 0px #FF6633;"""">イショクシャ</span> <span class=""""pitch_number"""">0</span>"""
1779524063507	1782884618	Doki Doki1-6	退職する	退[たい] 職[しょく]する	たいしょくする	taishoku suru	przejść na emeryturę, być na emeryturze	おかあさんは もう 退職[たいしょく]しています。	Moja mama jest już na emeryturze.	退職[たいしょく]します	退職[たいしょく]しません	"""czasownik gr. 3 (aby wyrazić stan """"być na emeryturze"""" używa się formy ～ています)"""	おかあさんはもう退職しています。		[sound:hypertts-4e18066303bd5f1fc465a1a642f64799c20f22bd3a6d6d13f4154f16.mp3]	[sound:hypertts-3e26d114fc35139772306340d3116c7193e9a58c60a681d7131b4194.mp3]		退職する	おかあさんはもう退職しています。	"""<span style=""""box-shadow: inset -2px -2px 0 0 #FF6633;"""">タ</span><span style=""""box-shadow: inset 0px 2px 0 0px #FF6633;"""">イショクスル</span> <span class=""""pitch_number"""">0</span>"""
1779524247873	1781520910	Doki Doki1-6	弾く	弾[ひ]く	ひく	hiku	grać (na instrumencie strunowym lub klawiszowym)	私[わたし]は ギターを 弾[ひ]きます。	Gram na gitarze.	弾[ひ]きます	弾[ひ]きません	czasownik gr. 1	私はギターを弾きます。		[sound:hypertts-e8ffaaefbf4db3b42ee04a4d0efca5a40b7b4ebca2b748a1539ade14.mp3]	[sound:hypertts-1c5e17ac4c60a05364c6f6c93f4cabffef1967a4517752efd27024c8.mp3]	[sound:弾く_ヒク━_0_NHK-2016.mp3]	弾く	私はギターを弾きます。	"""<span style=""""box-shadow: inset -2px -2px 0 0 #FF6633;""""><span style=""""color: royalblue;"""">ヒ</span></span><span style=""""box-shadow: inset 0px 2px 0 0px #FF6633;"""">ク</span> <span class=""""pitch_number"""">0</span>"""
1780984776076	1782884618	Doki Doki1-6	よく似合う	よく 似[に] 合[あ]う	よくにあう	yoku niau	pasować (np. ubiór, włosy)	この 服[ふく]はよく 似合[にあ]います。	To ubranie dobrze pasuje.	よく似合います	よく似合いません	czasownik gr. 1	この服はよく似合います。		[sound:hypertts-dc12e0f6ef6312d3d264f91942260be4db2a48f41450f23491b7975b.mp3]	[sound:hypertts-c25f8bb3d99e66e5c5d1fb1f4cde242a89a435c1d7273e254cf053dc.mp3]		よく似合う	この服はよく似合います。	
1780984776077	1780984977	Doki Doki1-6	風邪ですか	風邪[かぜ]ですか	かぜですか	kaze desu ka	czy to przeziębienie?	カロルさんは 風邪[かぜ]ですか。	Czy Karol jest przeziębiony?			wyrażenie	カロルさんは風邪ですか。		[sound:hypertts-8a7ead8b648675f543b82aa3adb82ae5f855f2f2142bcb8909aca547.mp3]	[sound:hypertts-3487a17044042b985a53481dbf507cee59f9eb53eccc00444b0303e3.mp3]		風邪ですか	カロルさんは風邪ですか。	
1780984776078	1788599487	Doki Doki1-6	問題	問[もん] 題[だい]	もんだい	mondai	problem, zagadnienie, ćwiczenie	それは 大[おお]きな 問題[もんだい]です。	To jest duży problem.			rzeczownik	それは大きな問題です。		[sound:hypertts-ca4529e658b7974f567843995a024147411ef8deafe17226eed072fd.mp3]	[sound:hypertts-6e9f6ff7d5ad1ed97c26080629fef0eb27f1017b1f3dbe8e2874c815.mp3]	[sound:問題_モンダイ━_0_NHK-2016.mp3]	問題	それは大きな問題です。	"""<span style=""""box-shadow: inset -2px -2px 0 0 #FF6633;"""">モ</span><span style=""""box-shadow: inset 0px 2px 0 0px #FF6633;"""">ンダイ</span> <span class=""""pitch_number"""">0</span>"""
1780984776079	1781599502	Doki Doki1-6	太い	太[ふと]い	ふとい	futoi	gruby	このペンは 太[ふと]いです。	Ten długopis jest gruby.			i-adj	このペンは太いです。		[sound:hypertts-7532fcf1fd9c9b9277177056417b3a1c3991abcbce6311d0268abbb8.mp3]	[sound:hypertts-dade777367e574429d84145cd258336678223d353d70f87ec7d429a0.mp3]	[sound:太い_フト＼イ_2_NHK-2016.mp3]	太い	このペンは太いです。	"""<span style=""""box-shadow: inset -2px -2px 0 0 #FF6633;""""><span style=""""color: royalblue;"""">フ</span></span><span style=""""box-shadow: inset -2px 2px 0 0px #FF6633;"""">ト</span><span style=""""box-shadow: inset 0px -2px 0 0px #FF6633;"""">イ</span> <span class=""""pitch_number"""">2</span>"""
1780984776080	1785418534	Doki Doki1-6 leech	人生	人[じん] 生[せい]	じんせい	jinsei	ludzkie życie	人生[じんせい]は 短[みじか]いです。	Ludzkie życie jest krótkie.			rzeczownik	人生は短いです。	人生	[sound:hypertts-193e118e6bb7cba12553b50de8f4ea5e2b57c47d8ba5787dbd76b086.mp3]	[sound:hypertts-178006a8af9fe65ca2cc0be584348a2d1523764ef64df6fb7bb84afb.mp3]	[sound:人生_ジ＼ンセー_1_NHK-2016.mp3]	人生	人生は短いです。	"""<span style=""""box-shadow: inset -2px 2px 0 0px #FF6633;"""">ジ</span><span style=""""box-shadow: inset 0px -2px 0 0px #FF6633;"""">ンセイ</span> <span class=""""pitch_number"""">1</span>"""
1780984776081	1782884618	Doki Doki1-6	卒業する	卒[そつ] 業[ぎょう]する	そつぎょうする	sotsugyō suru	kończyć szkołę	私[わたし]は 大学[だいがく]を 卒業[そつぎょう]します。	Ja kończę uniwersytet.	卒業します	卒業しません	czasownik nieregularny	私は大学を卒業します。		[sound:hypertts-9fb68fdcc06def123038ee0808ca3e4c7ca8c0ae37d28106519a1f98.mp3]	[sound:hypertts-66f227053704e15e46700343dff3f10fec601b8e8a63b5780e9e0379.mp3]	[sound:卒業する_ソツギョウスル_TAAS.mp3] [sound:卒業する_ソツギョウスル_TAAS(1).mp3]	卒業する	私は大学を卒業します。	"""<span style=""""box-shadow: inset -2px -2px 0 0 #FF6633;"""">ソ</span><span style=""""box-shadow: inset 0px 2px 0 0px #FF6633;"""">ツギョウスル</span> <span class=""""pitch_number"""">0</span>"""
1780984776082	1782884618	Doki Doki1-6	卒業式	卒[そつ] 業[ぎょう] 式[しき]	そつぎょうしき	sotsugyōshiki	ceremonia ukończenia szkoły	今日[きょう]は 卒業式[そつぎょうしき]です。	Dzisiaj jest ceremonia ukończenia szkoły.			rzeczownik	今日は卒業式です。		[sound:hypertts-94668e14304f15105a5af0c24c784b6811090ff5b36f7bf382c3630b.mp3]	[sound:hypertts-bc56db3970eaa0e9990a0e8ffb16a7eec6323c816ae7818f15e92af5.mp3]	[sound:卒業式_ソツキ゚ョ＼ーシキ_3_NHK-2016.mp3]	卒業式	今日は卒業式です。	"""<span style=""""box-shadow: inset -2px -2px 0 0 #FF6633;"""">ソ</span><span style=""""box-shadow: inset -2px 2px 0 0px #FF6633;"""">ツキ<span style=""""color: red;"""">°</span>ョ</span><span style=""""box-shadow: inset 0px -2px 0 0px #FF6633;"""">ー<span style=""""color: royalblue;"""">シ</span>キ</span> <span class=""""pitch_number"""">3</span>"""
1780984776083	1782884618	Doki Doki1-6	卒業生	卒[そつ] 業[ぎょう] 生[せい]	そつぎょうせい	sotsugyōsei	absolwent	彼[かれ]はこの 大学[だいがく]の 卒業生[そつぎょうせい]です。	On jest absolwentem tego uniwersytetu.			rzeczownik	彼はこの大学の卒業生です。	卒業[そつぎょう]生	[sound:hypertts-214a96ebc60976f17335d848d6bc9abf3f93ce6d42f03b3e41c3b900.mp3]	[sound:hypertts-1681ef14dccd045c60b698778a51fce75c9493d95f85fafedd639641.mp3]	[sound:卒業生_ソツキ゚ョ＼ーセー_3_NHK-2016.mp3]	卒業生	彼はこの大学の卒業生です。	"""<span style=""""box-shadow: inset -2px -2px 0 0 #FF6633;"""">ソ</span><span style=""""box-shadow: inset -2px 2px 0 0px #FF6633;"""">ツキ<span style=""""color: red;"""">°</span>ョ</span><span style=""""box-shadow: inset 0px -2px 0 0px #FF6633;"""">ーセイ</span> <span class=""""pitch_number"""">3</span>"""
1780984776084	1780984965	Doki Doki1-6	電話をかける	電話[でんわ]をかける	でんわをかける	denwa o kakeru	dzwonić	私[わたし]は 友達[ともだち]に 電話[でんわ]をかけます。	Dzwonię do przyjaciela.	電話をかけます	電話をかけません	czasownik gr. 2	私は友達に電話をかけます。		[sound:hypertts-152b741a1d19dec393264720757be56a8440f2683040fd14796ef934.mp3]	[sound:hypertts-6cd296a15b7528749f31b7c82a701323b2bfaae9797b967b78518eca.mp3]	[sound:電話をかける_デンワヲカケル_JapanesePod101.mp3] [sound:電話をかける_デンワヲカケル_JapanesePod101(1).mp3] [sound:電話をかける_デンワヲカケル_JapanesePod101(2).mp3] [sound:電話をかける_デンワヲカケル_JapanesePod101(3).mp3]	電話をかける	私は友達に電話をかけます。	
1780984776085	1780984964	Doki Doki1-6	リボン	リボン	リボン	ribon	wstążka	かわいいリボンを 買[か]いました。	Kupiłam uroczą wstążkę.			zapożyczenie	かわいいリボンを買いました。		[sound:hypertts-49bf98e2df10a141b0f30d4b9906b3abb201fd5c108b98b0574cfc6e.mp3]	[sound:hypertts-a73e32770592fdd1086b84fb4fb657d610b7b5dc591acdc4154a2936.mp3]	[sound:リボン_リ＼ボン_1_NHK-2016.mp3]	リボン	かわいいリボンを買いました。	"""<span style=""""box-shadow: inset -2px 2px 0 0px #FF6633;"""">リ</span><span style=""""box-shadow: inset 0px -2px 0 0px #FF6633;"""">ボン</span> <span class=""""pitch_number"""">1</span>"""
1780984776086	1780984962	Doki Doki1-6	オタク	オタク	オタク	otaku	otaku / nerd	彼[かれ]はアニメのオタクです。	On jest otaku anime.			zapożyczenie / rzeczownik	彼はアニメのオタクです。		[sound:hypertts-5b83c024928117bfd3658398a494ed5596ecd8da8fd1403ff8984814.mp3]	[sound:hypertts-f699cc063bd4a459286bcfcb070b1c4815713586d148c98ff63931f5.mp3]	[sound:オタク_オタク_JapanesePod101.mp3] [sound:おたく_オタク_JapanesePod101.mp3] [sound:おたく_オタク_JapanesePod101(1).mp3]	オタク	彼はアニメのオタクです。	"""<span style=""""box-shadow: inset -2px -2px 0 0 #FF6633;"""">オ</span><span style=""""box-shadow: inset 0px 2px 0 0px #FF6633;"""">タク</span> <span class=""""pitch_number"""">0</span>"""
1780984776087	1781597587	Doki Doki1-6	広い	広[ひろ]い	ひろい	hiroi	szeroki / przestronny	私[わたし]の 部屋[へや]は 広[ひろ]いです。	Mój pokój jest przestronny.			i-adj	私の部屋は広いです。		[sound:hypertts-a3d1083dc26c546a6aae4a9a839b774f4320691df8b7b076cb7f4ef1.mp3]	[sound:hypertts-335f26b566975e33fabddfdc0d2d8c598e7c2d4715bda2722041a8cc.mp3]	[sound:広い_ヒロ＼イ_2_NHK-2016.mp3]	広い	私の部屋は広いです。	"""<span style=""""box-shadow: inset -2px -2px 0 0 #FF6633;"""">ヒ</span><span style=""""box-shadow: inset -2px 2px 0 0px #FF6633;"""">ロ</span><span style=""""box-shadow: inset 0px -2px 0 0px #FF6633;"""">イ</span> <span class=""""pitch_number"""">2</span>"""
1780984776088	1780984959	Doki Doki1-6	ヘッドバンド	ヘッドバンド	ヘッドバンド	heddobando	opaska na głowę	ヘッドバンドをします。	Zakładam opaskę na głowę.			zapożyczenie	ヘッドバンドをします。		[sound:hypertts-6f40bbae8e0035ed122306f949cf0168f03c14e1f89c91124e2557bf.mp3]	[sound:hypertts-fc2fac1c1f4c02ff88ef10ab581d1d344398b18097c7d21a12d9c3c9.mp3]		ヘッドバンド	ヘッドバンドをします。	
1780984776089	1780984957	Doki Doki1-6	チェック	チェック	チェック	chekku	kratka / sprawdzać	テストをチェックします。	Sprawdzam test.			zapożyczenie	テストをチェックします。		[sound:hypertts-d1d88b4459e5ed3a68eb9ab8d7e4f8a8982dc7d84a432fc08fd2e81c.mp3]	[sound:hypertts-a4c25b50b289afa3b12931ed78df68a98c64c2a2b4850486c1653e99.mp3]	[sound:チェック_チェ＼ック_1_NHK-2016.mp3]	チェック	テストをチェックします。	"""<span style=""""box-shadow: inset -2px 2px 0 0px #FF6633;"""">チェ</span><span style=""""box-shadow: inset 0px -2px 0 0px #FF6633;"""">ック</span> <span class=""""pitch_number"""">1</span>"""
1780984776090	1791206769	Doki Doki1-6	ポスター	ポスター	ポスター	posutā	plakat	部屋[へや]にポスターがあります。	W pokoju jest plakat.			zapożyczenie	部屋にポスターがあります。		[sound:hypertts-b23fb105e4002dcfce8deeaddb09c3e1e19b2146b77ced76c7827f7f.mp3]	[sound:hypertts-385b616d1fb322514cf9c796da6e62476766735cc740c86700f95f8f.mp3]	[sound:ポスター_ポ＼スター_1_NHK-2016.mp3]	ポスター	部屋にポスターがあります。	"""<span style=""""box-shadow: inset -2px 2px 0 0px #FF6633;"""">ポ</span><span style=""""box-shadow: inset 0px -2px 0 0px #FF6633;""""><span style=""""color: royalblue;"""">ス</span>ター</span> <span class=""""pitch_number"""">1</span>"""
1780984776091	1780985341	Doki Doki1-6	禿げる	禿[は]げる	はげる	hageru	łysieć	彼[かれ]は 禿[は]げています。	On łysieje.	禿げます	禿げません	czasownik gr. 2	彼は禿げています。		[sound:hypertts-7609fe4c9f0a33fd59dc29778501fc4fb1210ab9eb6af7ccfa53d763.mp3]	[sound:hypertts-6a8cea43b675161733b9342d21b05c78d372002ed60fb564922184b0.mp3]	[sound:禿げる_ハゲ＼ル_2_NHK-1998.mp3]	禿げる	彼は禿げています。	"""<span style=""""box-shadow: inset -2px -2px 0 0 #FF6633;"""">ハ</span><span style=""""box-shadow: inset -2px 2px 0 0px #FF6633;"""">ケ<span style=""""color: red;"""">°</span></span><span style=""""box-shadow: inset 0px -2px 0 0px #FF6633;"""">ル</span> <span class=""""pitch_number"""">2</span>"""
1780984776092	1780984952	Doki Doki1-6	帯	帯[おび]	おび	obi	pas obi	私[わたし]は 帯[おび]を 買[か]います。	Kupuję pas obi.			rzeczownik	私は帯を買います。		[sound:hypertts-098d0946f5b88908c6049ba0ab326584ecb5da06062d90cbbb0092c4.mp3]	[sound:hypertts-840fefbbe9c80c92c5e63fcdfb004e1ef244b05a24af0698a2f1afeb.mp3]	[sound:帯_オ＼ビ_1_NHK-2016.mp3]	帯	私は帯を買います。	"""<span style=""""box-shadow: inset -2px 2px 0 0px #FF6633;"""">オ</span><span style=""""box-shadow: inset 0px -2px 0 0px #FF6633;"""">ビ</span> <span class=""""pitch_number"""">1</span>"""
1780984776093	1780984951	Doki Doki1-6	王	王[おう]	おう	ō	król	彼[かれ]は 王[おう]です。	On jest królem.			rzeczownik	彼は王です。		[sound:hypertts-7886b36fe371dbc65cf53e47e00473e29085b448a1742b4efc98529d.mp3]	[sound:hypertts-aa1154799d415f242b916d4dddbe4667a0189635ddec7b075a05701a.mp3]	[sound:王_オ＼ー_1_NHK-2016.mp3]	王	彼は王です。	"""<span style=""""box-shadow: inset -2px 2px 0 0px #FF6633;"""">オ</span><span style=""""box-shadow: inset 0px -2px 0 0px #FF6633;"""">ー</span> <span class=""""pitch_number"""">1</span>"""
1780984776094	1780984949	Doki Doki1-6	玉	玉[たま]	たま	tama	kula / klejnot	きれいな 玉[たま]を 見[み]ました。	Widziałem piękny klejnot.			rzeczownik	きれいな玉を見ました。		[sound:hypertts-7f40fbef6229a4b08b933f508d760b33c62ec41673d7a2fd7aa51a3f.mp3]	[sound:hypertts-b057369cad458614c4711cfe6bdbffb1afaedc7087d15a6d12d74d5d.mp3]	[sound:玉_タマ＼_2_NHK-2016.mp3]	玉	きれいな玉を見ました。	"""<span style=""""box-shadow: inset -2px -2px 0 0 #FF6633;"""">タ</span><span style=""""box-shadow: inset -2px 2px 0 0px #FF6633;"""">マ</span> <span class=""""pitch_number"""">2</span>"""
1780984776095	1791205492	Doki Doki1-6 leech	階段	階段[かいだん]	かいだん	kaidan	schody	階段[かいだん]を 降[お]ります。	Schodzę po schodach.			rzeczownik	階段を降ります。		[sound:hypertts-790d5aef1cb5f77b4808467a9d96209d9b06c1faa509a497c593d80d.mp3]	[sound:hypertts-cbf1145be295877a6e7a77aff8a1d0bfce1c85f2cdff272dee0930e9.mp3]	[sound:階段_カイダン━_0_NHK-2016.mp3]	階段	階段を降ります。	"""<span style=""""box-shadow: inset -2px -2px 0 0 #FF6633;"""">カ</span><span style=""""box-shadow: inset 0px 2px 0 0px #FF6633;"""">イダン</span> <span class=""""pitch_number"""">0</span>"""
1780984776096	1780984946	Doki Doki1-6	どうすればいい	どうすればいい	どうすればいい	dō sureba ii	co powinienem zrobić	どうすればいいですか。	Co powinienem zrobić?			wyrażenie	どうすればいいですか。		[sound:hypertts-c3c9ba6013425ee5545a7493d3e564fca6433b43fed11d1f89258e7c.mp3]	[sound:hypertts-48b1a9bb6dd9622b859c1c50bdfa0e8821ccc116b7bf4a5db712c132.mp3]		どうすればいい	どうすればいいですか。	
1780984776097	1780984944	Doki Doki1-6	イケメン	イケメン	イケメン	ikemen	przystojniak	彼[かれ]はイケメンですね。	On jest przystojniakiem, prawda?			zapożyczenie / rzeczownik	彼はイケメンですね。		[sound:hypertts-d7fea050e0db654f93faa86a18df6dcbb0e9fe1a16c088f08c65bf91.mp3]	[sound:hypertts-5058fdbf91dc21f8ae9408f132bfa6b60b646f1b268e7c1a12f707be.mp3]	[sound:イケメン_イケメン_JapanesePod101.mp3] [sound:イケメン_イケメン_JapanesePod101(1).mp3]	イケメン	彼はイケメンですね。	"""<span style=""""box-shadow: inset -2px -2px 0 0 #FF6633;"""">イ</span><span style=""""box-shadow: inset 0px 2px 0 0px #FF6633;"""">ケメン</span> <span class=""""pitch_number"""">0</span>"""
1780984776098	1791209371	Doki Doki1-6	ペラペラ	ペラペラ	ペラペラ	perapera	mówić płynnie, płynny w języku	ポーランド 語[ご]がペラペラです。	Mówię płynnie po polsku.			wyrażenie mimetyczne. O języku oznacza płynną mowę.	ポーランド語がペラペラです。		[sound:hypertts-66baa90022eecb926c844c84c00803de56809d5ddffbb652ecca62b6.mp3]	[sound:hypertts-935f0a407595304802713cc87046d57e36ff74f2d54bc1306e22db79.mp3]	[sound:ぺらぺら_ペラペラ━_0_NHK-2016.mp3] [sound:ぺらぺら_ペ＼ラペラ_1_NHK-2016.mp3]	ペラペラ	ポーランド語がペラペラです。	"""<span style=""""box-shadow: inset -2px -2px 0 0 #FF6633;"""">ペ</span><span style=""""box-shadow: inset 0px 2px 0 0px #FF6633;"""">ラペラ</span> <span class=""""pitch_number"""">0</span>, <span style=""""box-shadow: inset -2px 2px 0 0px #FF6633;"""">ペ</span><span style=""""box-shadow: inset 0px -2px 0 0px #FF6633;"""">ラペラ</span> <span class=""""pitch_number"""">1</span>"""
1780984776099	1784467691	Doki Doki1-6 leech	〜たばかり	〜たばかり	たばかり	...ta bakari	dopiero co (zrobiłem)	今[いま] 起[お]きたばかりです。	Dopiero co wstałem.			gramatyka	今起きたばかりです。		[sound:hypertts-231833687f79de6a0e82ede2f60e1d0fa9bb96c0d445fb758969c47f.mp3]	[sound:hypertts-d5740602c8e0bb1a378b436701b08d0934ec35bb35e0be7a4006c044.mp3]		〜たばかり	今起きたばかりです。	"""<span style=""""box-shadow: inset -2px -2px 0 0 #FF6633;"""">タ</span><span style=""""box-shadow: inset -2px 2px 0 0px #FF6633;"""">バカリ</span> <span class=""""pitch_number"""">4</span>"""
1780984776100	1791198877	Doki Doki1-6	心	心[こころ]	こころ	kokoro	serce	彼女[かのじょ]は 心[こころ]がきれいです。	Ona ma piękne serce.			rzeczownik	彼女は心がきれいです。		[sound:hypertts-4caab5ab1271554bb5c6dd2c0a2382a66ec8ff08b53283464550740c.mp3]	[sound:hypertts-73604094cae2b0c1ba644bba336b5c4b006653034c4b03a3b4eaf334.mp3]	[sound:心_ココ＼ロ_2_NHK-2016.mp3] [sound:心_ココロ＼_3_NHK-2016.mp3]	心	彼女は心がきれいです。	"""<span style=""""box-shadow: inset -2px -2px 0 0 #FF6633;"""">コ</span><span style=""""box-shadow: inset -2px 2px 0 0px #FF6633;"""">コ</span><span style=""""box-shadow: inset 0px -2px 0 0px #FF6633;"""">ロ</span> <span class=""""pitch_number"""">2</span>, <span style=""""box-shadow: inset -2px -2px 0 0 #FF6633;"""">コ</span><span style=""""box-shadow: inset -2px 2px 0 0px #FF6633;"""">コロ</span> <span class=""""pitch_number"""">3</span>"""
1780984776101	1780984938	Doki Doki1-6	よし	よし	よし	yoshi	dobra! / okay!	よし、 行[い]きます。	Dobra, idę.			wykrzyknik	よし、行きます。		[sound:hypertts-82c8b9350f2192641deb1b901fe9286368de41457c0fb9dbd7f9fc9f.mp3]	[sound:hypertts-12d84a2ed5bd882342c662b82018f3e30a3b4270892b17585d3a0099.mp3]	[sound:よし_ヨ＼シ_1_NHK-2016.mp3] [sound:よし_ヨシ＼_2_NHK-2016.mp3]	よし	よし、行きます。	"""<span style=""""box-shadow: inset -2px 2px 0 0px #FF6633;"""">ヨ</span><span style=""""box-shadow: inset 0px -2px 0 0px #FF6633;"""">シ</span> <span class=""""pitch_number"""">1</span>, <span style=""""box-shadow: inset -2px -2px 0 0 #FF6633;"""">ヨ</span><span style=""""box-shadow: inset -2px 2px 0 0px #FF6633;"""">シ</span> <span class=""""pitch_number"""">2</span>"""
1780984776102	1780984936	Doki Doki1-6	いいなあ	いいなあ	いいなあ	ii nā	ale fajnie / zazdroszczę	日本[にほん]に 行[い]きますか、いいなあ。	Jedziesz do Japonii, ale fajnie!			wyrażenie	日本に行きますか、いいなあ。		[sound:hypertts-0bd4d28e09431e363a486a6ac506360a3341b5322c791b93c453defb.mp3]	[sound:hypertts-40f24ba8225ecec084883fee9b6beb8604ff73feaa84ecfa4a2c9f39.mp3]		いいなあ	日本に行きますか、いいなあ。	
1780984776103	1782846313	Doki Doki1-6	頑張って	頑[がん] 張[ば]って	がんばって	ganbatte	powodzenia	テスト、 頑[がん]張[ば]ってください。	Powodzenia na teście.			wyrażenie	テスト、頑張ってください。		[sound:hypertts-e1fdd5cd0b0d05a224d18bc41c630aefeab509d1e126f97db11e749d.mp3]	[sound:hypertts-6a2f749c4e59d13060756d54cfbf524785e1423160965ac587a4ad46.mp3]	[sound:頑張って_ガンバッテ_JapanesePod101.mp3]	頑張って	テスト、頑張ってください。	
1780984776104	1780984933	Doki Doki1-6	こんな	こんな	こんな	konna	taki	こんな 車[くるま]が 欲[ほ]しいです。	Chcę taki samochód.			zaimek	こんな車が欲しいです。		[sound:hypertts-4d1d2f47dbb59786a0929cfbc4719c858a2cd3af417c5400a4865667.mp3]	[sound:hypertts-e2c0075a68526ecb5a110ae8bfc99ae41c50bd47e9a9242a191416e4.mp3]	[sound:こんな_コンナ━_0_NHK-2016.mp3]	こんな	こんな車が欲しいです。	"""<span style=""""box-shadow: inset -2px -2px 0 0 #FF6633;"""">コ</span><span style=""""box-shadow: inset 0px 2px 0 0px #FF6633;"""">ンナ</span> <span class=""""pitch_number"""">0</span>"""
1780984776105	1785595000	Doki Doki1-6 leech	良ければ	良[よ]ければ	よければ	yokereba	jeśli jest dobre / jeśli chcesz (bardziej formalnie)	良[よ]ければ、 一緒[いっしょ]に 食[た]べませんか。	Jeśli masz ochotę, zjemy razem?			wyrażenie	良ければ、一緒に食べませんか。		[sound:hypertts-3fb9ecefa562b04dfc28d352e80589a92fc4f1df8bca621473625338.mp3]	[sound:hypertts-fd9aa3d2eb4c29089e732c1e58d5e43aec88c2b4afa84593bb4f69ac.mp3]	[sound:良ければ_ヨケレバ_JapanesePod101.mp3]	良ければ	良ければ、一緒に食べませんか。	
1780984776106	1791205492	Doki Doki1-6	本当に	本[ほん] 当[とう]に	ほんとうに	hontō ni	naprawdę	本[ほん]当[とう]にありがとうございます。	Naprawdę bardzo dziękuję.			przysłówek. Wzmacnia ocenę lub stwierdzenie.	本当にありがとうございます。		[sound:hypertts-73d05e200458a0c9292b8004ef160319d77a7e89dfdebf44ec3f5e95.mp3]	[sound:hypertts-e03d0c90917c09b9be37dc850139fe98602ff9f512a4f2181557dd1a.mp3]	[sound:本当に_ホントウニ_TAAS.mp3] [sound:本当に_ホントウニ_TAAS(1).mp3] [sound:本当に_ホントウニ_TAAS(2).mp3]	本当に	本当にありがとうございます。	"""<span style=""""box-shadow: inset -2px -2px 0 0 #FF6633;"""">ホ</span><span style=""""box-shadow: inset 0px 2px 0 0px #FF6633;"""">ントウニ</span> <span class=""""pitch_number"""">0</span>, <span style=""""box-shadow: inset -2px -2px 0 0 #FF6633;"""">ホ</span><span style=""""box-shadow: inset -2px 2px 0 0px #FF6633;"""">ントウニ</span> <span class=""""pitch_number"""">5</span>"""
1780984776107	1788100503	Doki Doki1-6 leech	酔っぱらう	酔[よ]っぱらう	よっぱらう	yopparau	upijać się	父[ちち]はよく 酔[よ]っぱらいます。	Mój ojciec często się upija.	酔っぱらいます	酔っぱらいません	czasownik gr. 1	父はよく酔っぱらいます。		[sound:hypertts-8bc716e8f0284a43e889de06be517b909c86151c98ada64020de6a18.mp3]	[sound:hypertts-a549f7e710256df6aef70d73a372cd7f41902d7eb2f5d57d3f2adb0c.mp3]	[sound:酔っぱらう_ヨッパラウ━_0_NHK-2016.mp3] [sound:酔っぱらう_ヨッパラ＼ウ_4_NHK-2016.mp3]	酔っぱらう	父はよく酔っぱらいます。	"""<span style=""""box-shadow: inset -2px -2px 0 0 #FF6633;"""">ヨ</span><span style=""""box-shadow: inset 0px 2px 0 0px #FF6633;"""">ッパラウ</span> <span class=""""pitch_number"""">0</span>, <span style=""""box-shadow: inset -2px -2px 0 0 #FF6633;"""">ヨ</span><span style=""""box-shadow: inset -2px 2px 0 0px #FF6633;"""">ッパラ</span><span style=""""box-shadow: inset 0px -2px 0 0px #FF6633;"""">ウ</span> <span class=""""pitch_number"""">4</span>"""
1780984776108	1783671211	Doki Doki1-6	見える	見[み]える	みえる	mieru	wyglądać / być widocznym / widać	ここから 海[うみ]が 見[み]えます。	Stąd widać morze.	見えます	見えません	Czasownik gr. 2 (ru). Nieprzechodni. Wyraża potencjał wzrokowy, informuje, że coś samoistnie trafia do naszych oczu bez naszego intencjonalnego działania.	ここから海が見えます。		[sound:hypertts-bd63c498f8ae0e4236186adafcc8620f1bbcd97673f4b24c8f4a7dd7.mp3]	[sound:hypertts-21dddaa272e14811bf6a2532d8c8ef4c163e871c8845ffeea3fdc69b.mp3]	[sound:見える_ミエ＼ル_2_NHK-2016.mp3]	見える	ここから海が見えます。	"""<span style=""""box-shadow: inset -2px -2px 0 0 #FF6633;"""">ミ</span><span style=""""box-shadow: inset -2px 2px 0 0px #FF6633;"""">エ</span><span style=""""box-shadow: inset 0px -2px 0 0px #FF6633;"""">ル</span> <span class=""""pitch_number"""">2</span>"""
1780984776109	1782474100	Doki Doki1-6 leech	ことだよ	ことだよ	ことだよ	koto da yo	to znaczy, że... / chodzi o to, że...	勉強[べんきょう]することが 大事[だいじ]なことですよ。	Chodzi o to, że nauka jest ważna.			wyrażenie	勉強することが大事なことですよ。		[sound:hypertts-86fbc15914d8314ceaadbe7d1a8cbea6db86c3c3607f9953071a4ce7.mp3]	[sound:hypertts-f1670186dd4a6b878700bcd35cc4bd3781c180b2c048c1c7018f326b.mp3]		ことだよ	勉強することが大事なことですよ。	
1780984776110	1780984924	Doki Doki1-6	だよ	だよ	だよ	da yo	kopula (nieformalna)	私[わたし]は 学生[がくせい]だよ。	Jestem uczniem.			kopula	私は学生だよ。		[sound:hypertts-9a38739ba100f74325a75a59a23ee02617455752cb794cf74c80ebb1.mp3]	[sound:hypertts-d7704227ca06aa463ef2e3534f99bc38cf67bdb3bb0cf3f953f7f821.mp3]		だよ	私は学生だよ。	
1780984776111	1780985155	Doki Doki1-6	足す	足[た]す	たす	tasu	plus / dodawać	一[いち] 足[た]す 一[いち]は 二[に]です。	Jeden dodać jeden to dwa.	足します	足しません	czasownik gr. 1	一足す一は二です。		[sound:hypertts-389cc297cd27eb52c24fe26552b0ed05541271c15cc5486b96eca2e1.mp3]	[sound:hypertts-efeca269d72e2bdf1b2be560b58e99fe3a07f8862a1152b3124c40a0.mp3]	[sound:足す_タス━_0_NHK-2016.mp3]	足す	一足す一は二です。	"""<span style=""""box-shadow: inset -2px -2px 0 0 #FF6633;"""">タ</span><span style=""""box-shadow: inset 0px 2px 0 0px #FF6633;"""">ス</span> <span class=""""pitch_number"""">0</span>"""
1780984776113	1780984919	Doki Doki1-6	えっ	えっ	えっ	e	co? / hę?	えっ、 本[ほん]当[とう]ですか。	Co, naprawdę?			wykrzyknik	えっ、本当ですか。		[sound:hypertts-ede932ddcf876d0ae3b02633fb4820f4357904f2c906b6e1601d9f88.mp3]	[sound:hypertts-9c2622e41900e5828d2f914fb908b1e0fd0b4798435d0952a5bc512c.mp3]		えっ	えっ、本当ですか。	"""<span style=""""box-shadow: inset -2px 2px 0 0px #FF6633;"""">エ</span><span style=""""box-shadow: inset 0px -2px 0 0px #FF6633;"""">ッ</span> <span class=""""pitch_number"""">1</span>"""
1780984776114	1780984917	Doki Doki1-6	壁	壁[かべ]	かべ	kabe	ściana	壁[かべ]にポスターがあります。	Na ścianie jest plakat.			rzeczownik	壁にポスターがあります。		[sound:hypertts-9c6fad1a56c9b4011e1231eb4ad500540a753ec34c25fa8eb70ed472.mp3]	[sound:hypertts-61988dd32af2ba5fadb11c09a4502ebee2d839ef62b7bd17a53d7fbb.mp3]	[sound:壁_カベ━_0_NHK-2016.mp3]	壁	壁にポスターがあります。	"""<span style=""""box-shadow: inset -2px -2px 0 0 #FF6633;"""">カ</span><span style=""""box-shadow: inset 0px 2px 0 0px #FF6633;"""">ベ</span> <span class=""""pitch_number"""">0</span>"""
1780984776115	1780984916	Doki Doki1-6	枕	枕[まくら]	まくら	makura	poduszka	枕[まくら]を 買[か]います。	Kupuję poduszkę.			rzeczownik	枕を買います。		[sound:hypertts-552dc8b5d75d2bff693641f775f326027aff1c45728e3301d64d1bdb.mp3]	[sound:hypertts-7b932a38b9cea9aefc6fd276d5331995b4a388ed077a4387c83d0826.mp3]	[sound:枕_マ＼クラ_1_NHK-2016.mp3]	枕	枕を買います。	"""<span style=""""box-shadow: inset -2px 2px 0 0px #FF6633;"""">マ</span><span style=""""box-shadow: inset 0px -2px 0 0px #FF6633;"""">クラ</span> <span class=""""pitch_number"""">1</span>"""
1780984776116	1791200480	Doki Doki1-6	一日中	一日中[いちにちじゅう]	いちにちじゅう	ichinichijū	przez cały dzień	私[わたし]は 一日中[いちにちじゅう] 寝[ね]ました。	Spałem przez cały dzień.			wyrażenie czasu. ～中 czytane じゅう oznacza przez cały okres.	私は一日中寝ました。	 一日中	[sound:hypertts-fea59061c35393e1d6b9ec5757fe540c650087ed9b633435afaf7cb0.mp3]	[sound:hypertts-51a1580a5bc934747ca3307a02ad46ecfe5aac8b4d4c438e28239956.mp3]	[sound:一日中_イチニチジュー━_0_NHK-2016.mp3]	一日中	私は一日中寝ました。	"""<span style=""""box-shadow: inset -2px -2px 0 0 #FF6633;"""">イ</span><span style=""""box-shadow: inset 0px 2px 0 0px #FF6633;"""">チニチジュウ</span> <span class=""""pitch_number"""">0</span>"""
1781343185324	1781343293	Doki Doki1-6	思い出	思[おも]い 出[で]	おもいで	omoide	wspomnienie	これは 日[に] 本[ほん]の 思[おも]い 出[で]です。	To jest wspomnienie z Japonii.			rzeczownik	これは日本の思い出です。		[sound:hypertts-89a07a165d16341d845e146af87dc94b4af58d152dcda61dc6092809.mp3]	[sound:hypertts-308d210302da4c8f7c7eedaf6a06c5d498e886612900c81558a9de08.mp3]	[sound:思い出_オモイデ━_0_NHK-2016.mp3]	思い出	これは日本の思い出です。	"""<span style=""""box-shadow: inset -2px -2px 0 0 #FF6633;"""">オ</span><span style=""""box-shadow: inset 0px 2px 0 0px #FF6633;"""">モイデ</span> <span class=""""pitch_number"""">0</span>"""
1781343185325	1781343293	Doki Doki1-6	ウェーター	ウェーター	ウェーター	wētā	kelner	あの 人[ひと]はウェーターです。	Tamta osoba to kelner.			zapożyczenie	あの人はウェーターです。		[sound:hypertts-32294896422d87656f875303d7ce1ed637a971f91efd1f563e6c6a37.mp3]	[sound:hypertts-986c4abc6d99dc522411965effbcbc6726e6cdb62243260044c8d76f.mp3]	[sound:ウェーター_ウェーター_TAAS.mp3]	ウェーター	あの人はウェーターです。	"""<span style=""""box-shadow: inset -2px -2px 0 0 #FF6633;"""">ウェ</span><span style=""""box-shadow: inset 0px 2px 0 0px #FF6633;"""">ーター</span> <span class=""""pitch_number"""">0</span>"""
1781343185326	1791358881	Doki Doki1-6	食堂	食[しょく] 堂[どう]	しょくどう	shokudō	stołówka / jadalnia	食[しょく] 堂[どう]で 昼[ひる]ご 飯[はん]を 食[た]べます。	Jem obiad w stołówce.			rzeczownik. Jadalnia lub stołówka w szkole, firmie czy innym obiekcie.	食堂で昼ご飯を食べます。	 食 堂[どう]	[sound:hypertts-f3b3a4cd28b365c01d794496e7e60831598d4c3eddd8a22bb62de2ee.mp3]	[sound:hypertts-a61655494bb1600cfb914674d9942e0377ec5e7212eb458ffd52ac6d.mp3]	[sound:食堂_ショクドー━_0_NHK-2016.mp3]	食堂	食堂で昼ご飯を食べます。	"""<span style=""""box-shadow: inset -2px -2px 0 0 #FF6633;"""">ショ</span><span style=""""box-shadow: inset 0px 2px 0 0px #FF6633;"""">クドー</span> <span class=""""pitch_number"""">0</span>"""
1781343185327	1781351226	Doki Doki1-6	居心地	居[い] 心[ご] 地[こち]	いごこち	igokochi	samopoczucie (w jakimś miejscu)	学[がっ] 校[こう]の 居[い] 心[ご] 地[ち]はどうですか。	Jakie jest samopoczucie w szkole?			rzeczownik	学校の居心地はどうですか。		[sound:hypertts-ce3059ce723f068d36d08aa6383b61e2a7d85ceca76d6f76863cc21d.mp3]	[sound:hypertts-fe09a58e112dd4032908da96525fe38ec51f4a74374c84dc3e4da58d.mp3]	[sound:居心地_イコ゚コチ━_0_NHK-2016.mp3]	居心地	学校の居心地はどうですか。	
1781343185328	1781351246	Doki Doki1-6	居心地がいい	居[い] 心[ご] 地[こち]がいい	いごこちがいい	igokochi ga ii	przytulny / dobrze się czuć	この 部[へ] 屋[や]は 居[い] 心[ご] 地[こち]がいいです。	Ten pokój jest przytulny.			wyrażenie (i-adj)	この部屋は居心地がいいです。		[sound:hypertts-b5446492d36d96fab5c8a15bce963a584445cd7e0460d76cc764187b.mp3]	[sound:hypertts-a9bfad3666b11e4cbcbca09e56a0ff81e3abca61319974fb9c329720.mp3]		居心地がいい	この部屋は居心地がいいです。	
1781343185329	1791205492	Doki Doki1-6	寝室	寝[しん] 室[しつ]	しんしつ	shinshitsu	sypialnia	寝[しん] 室[しつ]にベッドがあります。	W sypialni znajduje się łóżko.			rzeczownik	寝室にベッドがあります。		[sound:hypertts-23b13c27886b1f914eefbcc660ab35471f4865dcd20d0bfb5ffbc173.mp3]	[sound:hypertts-c00e2616289d59b821d1af00a08512ef539714de1dc3138489a6e5ce.mp3]	[sound:寝室_シンシツ━_0_NHK-2016.mp3]	寝室	寝室にベッドがあります。	"""<span style=""""box-shadow: inset -2px -2px 0 0 #FF6633;"""">シ</span><span style=""""box-shadow: inset 0px 2px 0 0px #FF6633;"""">ン<span style=""""color: royalblue;"""">シ</span>ツ</span> <span class=""""pitch_number"""">0</span>"""
1781343185330	1791358881	Doki Doki1-6	地図	地[ち] 図[ず]	ちず	chizu	mapa	地[ち] 図[ず]を 買[か]います。	Kupuję mapę.			rzeczownik	地図を買います。		[sound:hypertts-271008041ffb8b14d94a3ded0d1896b68072e94f19ba9be145bba965.mp3]	[sound:hypertts-87d1269bea4315074ad6c4693ced0da50c54af17a2bbed4b09cc556e.mp3]	[sound:地図_チ＼ズ_1_NHK-2016.mp3]	地図	地図を買います。	"""<span style=""""box-shadow: inset -2px 2px 0 0px #FF6633;"""">チ</span><span style=""""box-shadow: inset 0px -2px 0 0px #FF6633;"""">ズ</span> <span class=""""pitch_number"""">1</span>"""
1781343185331	1781599502	Doki Doki1-6	ビーチ	ビーチ	ビーチ	bīchi	plaża	週[しゅう] 末[まつ]にビーチへ 行[い]きます。	W weekend jadę na plażę.			zapożyczenie	週末にビーチへ行きます。		[sound:hypertts-4551ad6ac95bc0a6e5455e42b9fb5a9a3181c81a0e47b4d79554d0df.mp3]	[sound:hypertts-14ed2d260573c3a208fe5db62ea6010138fc6598ff6ab5d20bda6738.mp3]	[sound:ビーチ_ビ＼ーチ_1_NHK-2016.mp3]	ビーチ	週末にビーチへ行きます。	"""<span style=""""box-shadow: inset -2px 2px 0 0px #FF6633;"""">ビ</span><span style=""""box-shadow: inset 0px -2px 0 0px #FF6633;"""">ーチ</span> <span class=""""pitch_number"""">1</span>"""
1781343185332	1781343293	Doki Doki1-6	お勧め	お 勧[すす]め	おすすめ	osusume	polecenie / rekomendacja	先[せん] 生[せい]のお 勧[すす]めは 何[なん]ですか。	Jakie jest polecenie nauczyciela?			rzeczownik	先生のお勧めは何ですか。		[sound:hypertts-06d898e47c2501dbbf0b425490cfc8c4abf8a8b970edf4e6cc8479ea.mp3]	[sound:hypertts-783de739a2e02a487bb487df4a147f6fe35ede41ee1f904df3e3445f.mp3]	[sound:お勧め_オススメ_JapanesePod101.mp3] [sound:お勧め_オススメ_JapanesePod101(1).mp3] [sound:お勧め_オススメ_JapanesePod101(2).mp3]	お勧め	先生のお勧めは何ですか。	"""<span style=""""box-shadow: inset -2px -2px 0 0 #FF6633;"""">オ</span><span style=""""box-shadow: inset 0px 2px 0 0px #FF6633;"""">ススメ</span> <span class=""""pitch_number"""">0</span>"""
1781343185333	1781343293	Doki Doki1-6	など	など	など	nado	i tak dalej / itp.	部[へ] 屋[や]に 机[つくえ]や 椅[い] 子[し]などがあります。	W pokoju znajdują się biurko, krzesło i tak dalej.			partykuła	部屋に机や椅子などがあります。		[sound:hypertts-5f9cf5b90f5c69c5b29bda624904af4a9331115e04aaf467b75efe69.mp3]	[sound:hypertts-93bd6e77f86ca506a43d532878da741c61540f22b34a453535694c82.mp3]	[sound:など_ナ＼ド_1_NHK-2016.mp3]	など	部屋に机や椅子などがあります。	"""<span style=""""box-shadow: inset -2px 2px 0 0px #FF6633;"""">ナ</span><span style=""""box-shadow: inset 0px -2px 0 0px #FF6633;"""">ド</span> <span class=""""pitch_number"""">1</span>"""
1781343185334	1781343293	Doki Doki1-6	モデル	モデル	モデル	moderu	model / modelka	彼[かの] 女[じょ]はモデルです。	Ona jest modelką.			zapożyczenie	彼女はモデルです。		[sound:hypertts-f658bc27042d45857a3fd754cc6c9f9aa90f09075c62b66df6dc57fc.mp3]	[sound:hypertts-b7f4765d2374fa6eac4b4729277259e852e741a7f7c8372f48c09758.mp3]	[sound:モデル_モデル━_0_NHK-2016.mp3] [sound:モデル_モ＼デル_1_NHK-2016.mp3]	モデル	彼女はモデルです。	"""<span style=""""box-shadow: inset -2px -2px 0 0 #FF6633;"""">モ</span><span style=""""box-shadow: inset 0px 2px 0 0px #FF6633;"""">デル</span> <span class=""""pitch_number"""">0</span>, <span style=""""box-shadow: inset -2px 2px 0 0px #FF6633;"""">モ</span><span style=""""box-shadow: inset 0px -2px 0 0px #FF6633;"""">デル</span> <span class=""""pitch_number"""">1</span>"""
1781343185335	1782195179	Doki Doki1-6	ついて	(に) ついて	について	tsuite	o (czymś) / na temat	日[に] 本[ほん]について 話[はな]します。	Rozmawiam o Japonii.			wyrażenie	日本について話します。		[sound:hypertts-6e3b69d6b76b61c0d35025003606b557d6b60bd72bf95cc4d377707c.mp3]	[sound:hypertts-0e0c507c3494ea61565aae20a013544e635a998557ed1add749fd5e0.mp3]	[sound:について_ニツイテ_JapanesePod101.mp3] [sound:について_ニツイテ_JapanesePod101(1).mp3] [sound:について_ニツイテ_JapanesePod101(2).mp3]	について	日本について話します。	
1781343185336	1789735315	Doki Doki1-6 leech	紹介する	紹[しょう] 介[かい]する	しょうかいする	shōkai suru	przedstawiać (coś lub kogoś)	友[とも] 達[だち]を 紹[しょう] 介[かい]します。	Przedstawiam przyjaciela.	紹[しょう] 介[かい]します	紹[しょう] 介[かい]しません	czasownik gr. 3	友達を紹介します。		[sound:hypertts-d531d441ff2170c67accd7c21e6e4abedb39fa188835e1b4920578bc.mp3]	[sound:hypertts-92427c29b49113a5e3f907f2caf2b40c30135e158b055d92530055f5.mp3]	[sound:紹介する_ショウカイスル_TAAS.mp3] [sound:紹介する_ショウカイスル_TAAS(1).mp3]	紹介する	友達を紹介します。	"""<span style=""""box-shadow: inset -2px -2px 0 0 #FF6633;"""">ショ</span><span style=""""box-shadow: inset 0px 2px 0 0px #FF6633;"""">ウカイスル</span> <span class=""""pitch_number"""">0</span>"""
1781343185337	1781343248	Doki Doki1-6	ユーチューバー	ユーチューバー	ユーチューバー	yūchūbā	youtuber	あのユーチューバーは 面[おも] 白[しろ]いです。	Tamten youtuber jest interesujący.			zapożyczenie	あのユーチューバーは面白いです。		[sound:hypertts-b17ff4a0a1c7b53129ce89bc289d649c3160ce5ad32b0dcc35825344.mp3]	[sound:hypertts-ddbff727dd53a8b86eb621ba8df6e5514426b33d6812b672f98bf6fb.mp3]		ユーチューバー	あのユーチューバーは面白いです。	"""<span style=""""box-shadow: inset -2px -2px 0 0 #FF6633;"""">ユ</span><span style=""""box-shadow: inset -2px 2px 0 0px #FF6633;"""">ーチュ</span><span style=""""box-shadow: inset 0px -2px 0 0px #FF6633;"""">ーバー</span> <span class=""""pitch_number"""">3</span>"""
1781343185338	1781343246	Doki Doki1-6	ネットフリックス	ネットフリックス	ネットフリックス	nettofurikkusu	Netflix	ネットフリックスで 映[えい] 画[が]を 見[み]ます。	Oglądam film na Netflixie.			zapożyczenie	ネットフリックスで映画を見ます。		[sound:hypertts-9704e4eaa2db84b3d7ef7b9766628dd04c49a7f7ebebff9410526b85.mp3]	[sound:hypertts-4403b72c9315fda13fe56f88eb48c8e59dc6f23673d73a65ccde6fdc.mp3]		ネットフリックス	ネットフリックスで映画を見ます。	
1781343185339	1781343293	Doki Doki1-6	洗濯	洗[せん] 濯[たく]	せんたく	sentaku	pranie	週[しゅう] 末[まつ]に 洗[せん] 濯[たく]をします。	W weekend robię pranie.			rzeczownik	週末に洗濯をします。		[sound:hypertts-74df28ae761172bc59a03142d683310d666516567d0eac4a30e72f15.mp3]	[sound:hypertts-a853f117d1dea68acc3297d049a6b2fc10f6c1703450d0f9267c68da.mp3]	[sound:洗濯_センタク━_0_NHK-2016.mp3]	洗濯	週末に洗濯をします。	"""<span style=""""box-shadow: inset -2px -2px 0 0 #FF6633;"""">セ</span><span style=""""box-shadow: inset 0px 2px 0 0px #FF6633;"""">ンタク</span> <span class=""""pitch_number"""">0</span>"""
