note_id	last modification time	tags	Kanji	Expression	Reading	Romaji	Polish	ExampleJP	ExamplePL	VerbFormAffirmative	VerbFormNegative	Notes	ExampleJPFurigana	KnownKanji	Audio	ExampleAudio	AudioDictionary	PitchAccent
1781519740957	1781521130	Doki Doki2-7	ピアノ	ピアノ	ピアノ	piano	pianino	カロルはピアノを弾きます。	Karol gra na pianinie.			zapożyczenie. Rzeczownik.	カロルは ピアノを 弾[ひ]きます。		[sound:hypertts-77c245767c31f9922f97c313c4e92e15b3c1e02aca9965ce689a517f.mp3]	[sound:hypertts-54090bc58cfd30ef3dfbab32645721545bc04d02494d1377108fa9f1.mp3]	[sound:ピアノ_ピアノ━_0_NHK-2016.mp3]	"""<span style=""""box-shadow: inset -2px -2px 0 0 #FF6633;"""">ピ</span><span style=""""box-shadow: inset 0px 2px 0 0px #FF6633;"""">アノ</span> <span class=""""pitch_number"""">0</span>"""
1781519740959	1781521132	Doki Doki2-7	ゴミ箱	ゴミ 箱[ばこ]	ごみばこ	gomibako	kosz na śmieci	ゴミをゴミ箱に捨てます。	Wyrzucam śmieci do kosza.			rzeczownik.	ゴミを ゴミ 箱[ばこ]に 捨[す]てます。		[sound:hypertts-2f781e7566b94de4df238879145c25eb7eda8be150015403c4b57fed.mp3]	[sound:hypertts-cfd12c6724c6993bd3f1610a02ac1b34b5e1e9538028a5b6f716e683.mp3]	[sound:ゴミ箱_ゴミバコ_TAAS.mp3] [sound:ゴミ箱_ゴミバコ_TAAS(1).mp3] [sound:ゴミ箱_ゴミバコ_TAAS(2).mp3] [sound:ゴミ箱_ゴミバコ_TAAS(3).mp3]	"""<span style=""""box-shadow: inset -2px -2px 0 0 #FF6633;"""">ゴ</span><span style=""""box-shadow: inset 0px 2px 0 0px #FF6633;"""">ミバコ</span> <span class=""""pitch_number"""">0</span>, <span style=""""box-shadow: inset -2px -2px 0 0 #FF6633;"""">ゴ</span><span style=""""box-shadow: inset -2px 2px 0 0px #FF6633;"""">ミ</span><span style=""""box-shadow: inset 0px -2px 0 0px #FF6633;"""">バコ</span> <span class=""""pitch_number"""">2</span>, <span style=""""box-shadow: inset -2px -2px 0 0 #FF6633;"""">ゴ</span><span style=""""box-shadow: inset -2px 2px 0 0px #FF6633;"""">ミバ</span><span style=""""box-shadow: inset 0px -2px 0 0px #FF6633;"""">コ</span> <span class=""""pitch_number"""">3</span>"""
1781519740960	1781521133	Doki Doki2-7	お弁当	お 弁[べん] 当[とう]	おべんとう	obentō	bento (japoński lunch)	けんごはお弁当を作ります。	Kengo robi bento.			rzeczownik.	けんごは お 弁[べん] 当[とう]を 作[つく]ります。		[sound:hypertts-ac59e7a556f212ea733c6723bffed5f2df0a5e6672ba73b114a63378.mp3]	[sound:hypertts-25055f104575c3f84c865e4e762e5e4d1b0498772b3d968ff179d175.mp3]	[sound:お弁当_オベントー━_0_NHK-2016.mp3]	"""<span style=""""box-shadow: inset -2px -2px 0 0 #FF6633;"""">オ</span><span style=""""box-shadow: inset 0px 2px 0 0px #FF6633;"""">ベントー</span> <span class=""""pitch_number"""">0</span>"""
1781519740961	1791208540	Doki Doki2-7	会議	会[かい] 議[ぎ]	かいぎ	kaigi	spotkanie, zebranie, konferencja	りなは会議があります。	Rina ma zebranie.			rzeczownik.	りなは 会[かい] 議[ぎ]が あります。		[sound:hypertts-bb5838a6681c842d77ef00a68b3807377d9f6ec53024561c36a1489e.mp3]	[sound:hypertts-d4c93e3d5fe177e6f17b749a41352f72c9afd123a2cdd58ee1bc58ef.mp3]	[sound:会議_カ＼イキ゚_1_NHK-2016.mp3] [sound:会議_カイキ゚＼_3_NHK-2016.mp3]	"""<span style=""""box-shadow: inset -2px 2px 0 0px #FF6633;"""">カ</span><span style=""""box-shadow: inset 0px -2px 0 0px #FF6633;"""">イキ<span style=""""color: red;"""">°</span></span> <span class=""""pitch_number"""">1</span>, <span style=""""box-shadow: inset -2px -2px 0 0 #FF6633;"""">カ</span><span style=""""box-shadow: inset -2px 2px 0 0px #FF6633;"""">イキ<span style=""""color: red;"""">°</span></span> <span class=""""pitch_number"""">3</span>"""
1781519740963	1781775521	Doki Doki2-7	今朝	今[け] 朝[さ]	けさ	kesa	dziś rano	今朝、美味しいコーヒーを飲みました。	Dziś rano wypiłem pyszną kawę.			rzeczownik określający czas.	今[け] 朝[さ]、 美[おい]しい コーヒーを 飲[の]みました。	 今 朝[さ]	[sound:hypertts-3655a1d0c479a70a21c07642b50736103c53f481d4f7aff2e68a67ff.mp3]	[sound:hypertts-cee960b9cf1ccf09ed5c9dbcbeb6beb8d539b73291d345c8ffd83e4b.mp3]	[sound:今朝_ケ＼サ_1_NHK-1998.mp3]	"""<span style=""""box-shadow: inset -2px 2px 0 0px #FF6633;"""">ケ</span><span style=""""box-shadow: inset 0px -2px 0 0px #FF6633;"""">サ</span> <span class=""""pitch_number"""">1</span>"""
1781519740964	1781521138	Doki Doki2-7	キャンプ	キャンプ	キャンプ	kyanpu	kemping	フィガとキャンプに行きます。	Jadę na kemping z Figą.			zapożyczenie. Rzeczownik.	フィガと キャンプに 行[い]きます。		[sound:hypertts-25c34a681d1bdeda9fb230961c13374ff176ae9e7e8a928b25f367e4.mp3]	[sound:hypertts-39de68d32b2d7cece290ef91d7270e4d36f637e8091cf78a8a10fb2a.mp3]	[sound:キャンプ_キャ＼ンプ_1_NHK-2016.mp3]	"""<span style=""""box-shadow: inset -2px 2px 0 0px #FF6633;"""">キャ</span><span style=""""box-shadow: inset 0px -2px 0 0px #FF6633;"""">ンプ</span> <span class=""""pitch_number"""">1</span>"""
1781519740965	1781521140	Doki Doki2-7	テレビニュース	テレビニュース	テレビニュース	terebinyūsu	wiadomości telewizyjne	カロルはテレビニュースを見ます。	Karol ogląda wiadomości w telewizji.			zapożyczenie. Rzeczownik.	カロルは テレビニュースを 見[み]ます。		[sound:hypertts-78c49a84ea09658e7bcf402db817bad08147c7daa5d947aecec77c0f.mp3]	[sound:hypertts-96c50722c1fa863b44310b67146d22f41ef494f5d9ed03483e756f40.mp3]	[sound:テレビニュース_テレビニュ＼ース_4_NHK-2016.mp3]	"""<span style=""""box-shadow: inset -2px -2px 0 0 #FF6633;"""">テ</span><span style=""""box-shadow: inset -2px 2px 0 0px #FF6633;"""">レビニュ</span><span style=""""box-shadow: inset 0px -2px 0 0px #FF6633;"""">ース</span> <span class=""""pitch_number"""">4</span>"""
1781519740966	1782022509	Doki Doki2-7	税金	税[ぜい] 金[きん]	ぜいきん	zeikin	podatek	税金を払います。	Płacę podatki.			rzeczownik.	税[ぜい] 金[きん]を 払[はら]います。	 税[ぜい] 金	[sound:hypertts-b5baf041c63e5fd2ef0cfdf5fe39ab62f3534350794cb20e1068643b.mp3]	[sound:hypertts-7e9fcba8bf8b06b542238ae2e76c9c60969b8100ed1ab2f74f3cbc58.mp3]	[sound:税金_ゼーキン━_0_NHK-2016.mp3]	"""<span style=""""box-shadow: inset -2px -2px 0 0 #FF6633;"""">ゼ</span><span style=""""box-shadow: inset 0px 2px 0 0px #FF6633;"""">イキン</span> <span class=""""pitch_number"""">0</span>"""
1781519740967	1781521143	Doki Doki2-7	どうして	どうして	どうして	dōshite	dlaczego	どうして京都に行きますか。	Dlaczego jedziesz do Kioto?			przysłówek / słowo pytające.	どうして 京[きょう] 都[と]に 行[い]きますか。		[sound:hypertts-4bf3f5fbc52b297b517955241e44914aac0d1ec4406be5c7886e69c7.mp3]	[sound:hypertts-b38cd39342aab3dd782920cace51bea93e66fa2300d15e852f4ff5d0.mp3]	[sound:どうして_ド＼ーシテ_1_NHK-2016.mp3]	"""<span style=""""box-shadow: inset -2px 2px 0 0px #FF6633;"""">ド</span><span style=""""box-shadow: inset 0px -2px 0 0px #FF6633;"""">ー<span style=""""color: royalblue;"""">シ</span>テ</span> <span class=""""pitch_number"""">1</span>, <span style=""""box-shadow: inset -2px 2px 0 0px #FF6633;"""">ド</span><span style=""""box-shadow: inset 0px -2px 0 0px #FF6633;"""">ウシテ</span> <span class=""""pitch_number"""">1</span>"""
1781519740968	1788508237	Doki Doki2-7	夜遅く	夜[よる] 遅[おそ]く	よるおそく	yoru osoku	późno w nocy, do późna w nocy	夜遅くに寝ます。	Idę spać późno w nocy.			przysłówek.	夜[よる] 遅[おそ]くに 寝[ね]ます。		[sound:hypertts-178069ce5a8f98b23b97190e986cc27bf2a58b9c4ecb301ba0bbe682.mp3]	[sound:hypertts-f2d47acc3f16b22619b3ec6754b59724b7498bd7f256bef1b3e7e521.mp3]	[sound:夜遅く_ヨルオソク_JapanesePod101.mp3]	
1781519740969	1781521146	Doki Doki2-7	朝早く	朝[あさ] 早[はや]く	あさはやく	asa hayaku	wcześnie rano	朝早く起きます。	Wstaję wcześnie rano.			przysłówek.	朝[あさ] 早[はや]く 起[お]きます。		[sound:hypertts-961d47503305d0b4e3521044f745ba257c66a8ed07dedbc55357c013.mp3]	[sound:hypertts-534a3fabe916a407d4755b6053c9711d037cb23977a50eedb1a6f055.mp3]	[sound:朝早く_アサハヤク_JapanesePod101.mp3]	
1781519740970	1781521148	Doki Doki2-7	ううん	ううん	ううん	uun	nie (potocznie)	ううん、違います。	Nie, to nie tak.			wykrzyknik, styl potoczny.	ううん、 違[ちが]います。		[sound:hypertts-296e398b41ed3f740652c1c608815384f03bd612da33a674bd006b89.mp3]	[sound:hypertts-0e6a755796d85b8df33ff95617addf049d4e309a84730f67899bc2b3.mp3]	[sound:ううん_ウウン_JapanesePod101.mp3]	"""<span style=""""box-shadow: inset -2px -2px 0 0 #FF6633;"""">ウ</span><span style=""""box-shadow: inset 0px 2px 0 0px #FF6633;"""">ウン</span> <span class=""""pitch_number"""">0</span>, <span style=""""box-shadow: inset -2px -2px 0 0 #FF6633;"""">ウ</span><span style=""""box-shadow: inset -2px 2px 0 0px #FF6633;"""">ウ</span><span style=""""box-shadow: inset 0px -2px 0 0px #FF6633;"""">ン</span> <span class=""""pitch_number"""">2</span>"""
1781519740971	1781521149	Doki Doki2-7	うん	うん	うん	un	tak (potocznie)	うん、分かります。	Tak, rozumiem.			wykrzyknik, styl potoczny.	うん、 分[わ]かります。		[sound:hypertts-1d17e73b174ecfe56ebfa9c27a347db30336131eb97b980e67d30857.mp3]	[sound:hypertts-6d3a911344ec3d7614149acb79fa6196bb246348876a37b4ef7e1f3f.mp3]	[sound:うん_ウ＼ン_1_NHK-2016.mp3]	"""<span style=""""box-shadow: inset -2px 2px 0 0px #FF6633;"""">ウ</span><span style=""""box-shadow: inset 0px -2px 0 0px #FF6633;"""">ン</span> <span class=""""pitch_number"""">1</span>"""
1781519740973	1781940530	Doki Doki2-7	ところで	ところで	ところで	tokorode	a przy okazji ..., świadoma/celowa zmiana tematu	ところで、フィガは元気ですか。	A przy okazji, czy Figa czuje się dobrze?			spójnik zmieniający temat rozmowy.	ところで、 フィガは 元[げん] 気[き]ですか。		[sound:hypertts-1554d01cc1810580172320735cfb3deabe48360070b6fe7deff486ad.mp3]	[sound:hypertts-2e97f5bf0011d69d898c00e4579baa46dd33357cc81fe2c1afc2f04a.mp3]	[sound:ところで_トコロ＼デ_3_NHK-2016.mp3]	"""<span style=""""box-shadow: inset -2px -2px 0 0 #FF6633;"""">ト</span><span style=""""box-shadow: inset -2px 2px 0 0px #FF6633;"""">コロ</span><span style=""""box-shadow: inset 0px -2px 0 0px #FF6633;"""">デ</span> <span class=""""pitch_number"""">3</span>"""
1781519740974	1781521154	Doki Doki2-7	みんなで	みんなで	みんなで	minnade	wszyscy razem	みんなで大阪に行きましょう。	Pojedźmy wszyscy razem do Osaki.			rzeczownik z partykułą.	みんなで 大[おお] 阪[さか]に 行[い]きましょう。		[sound:hypertts-ffd44eb973fd6c3d08300113c1e42cdb620d69e16c67e68ccea3f642.mp3]	[sound:hypertts-d127f584488f4efe66bc80f5cbbcae7efb08921656e0233154a544d1.mp3]		
1781519740977	1781521156	Doki Doki2-7	お礼	お 礼[れい]	おれい	orei	podziękowanie	先生にお礼を言います。	Dziękuję nauczycielowi.			rzeczownik, forma grzecznościowa.	先[せん] 生[せい]に お 礼[れい]を 言[い]います。		[sound:hypertts-a9de10c86f0d2d8f1e166a3838cc23b917d96afa7d2b031fb9886705.mp3]	[sound:hypertts-06dbc5f7ffafe06818e6b7dfe884783f2eb37a5014436be6058740e9.mp3]	[sound:お礼_オレー━_0_NHK-2016.mp3]	"""<span style=""""box-shadow: inset -2px -2px 0 0 #FF6633;"""">オ</span><span style=""""box-shadow: inset 0px 2px 0 0px #FF6633;"""">レイ</span> <span class=""""pitch_number"""">0</span>"""
1781519740978	1781521157	Doki Doki2-7	そろそろ	そろそろ	そろそろ	sorosoro	powoli (czas na coś), wkrótce	そろそろ帰ります。	Powoli będę wracać.			przysłówek, używany np. przy opuszczaniu spotkania.	そろそろ 帰[かえ]ります。		[sound:hypertts-a04d4422528362ab42537569bb8bb10fd25739873b8e4088ba4168cf.mp3]	[sound:hypertts-4d3730cc58267e41a341dd62d88eac70af9c0c384a28808d95f755b6.mp3]	[sound:そろそろ_ソ＼ロソロ_1_NHK-2016.mp3]	"""<span style=""""box-shadow: inset -2px 2px 0 0px #FF6633;"""">ソ</span><span style=""""box-shadow: inset 0px -2px 0 0px #FF6633;"""">ロソロ</span> <span class=""""pitch_number"""">1</span>"""
1781519740979	1781521159	Doki Doki2-7	文化	文[ぶん] 化[か]	ぶんか	bunka	kultura	日本の文化が好きです。	Lubię japońską kulturę.			rzeczownik.	日[に] 本[ほん]の 文[ぶん] 化[か]が 好[す]きです。		[sound:hypertts-e212a6a1959aec53e90350c9772e9dd5b326b9ef83978d6339c37211.mp3]	[sound:hypertts-df1959b8080c233b2fa96ebeafd89399ab510f48c3e7d3344daf49b3.mp3]	[sound:文化_ブ＼ンカ_1_NHK-2016.mp3]	"""<span style=""""box-shadow: inset -2px 2px 0 0px #FF6633;"""">ブ</span><span style=""""box-shadow: inset 0px -2px 0 0px #FF6633;"""">ンカ</span> <span class=""""pitch_number"""">1</span>"""
1781519740981	1782195737	Doki Doki2-7	よかったら	よかったら	よかったら	yokattara	jeśli masz ochotę (mniej formalnie)	よかったら、一緒に飲みませんか。	Jeśli masz ochotę, napijemy się razem?			zwrot, dosł. &quot;jeśli było by dobrze&quot;.	よかったら、 一[いっ] 緒[しょ]に 飲[の]みませんか。		[sound:hypertts-5cf5a004a127c87f66094f8a2fc734c9c8e25bbf2545dad8305d5305.mp3]	[sound:hypertts-f6726556d7a111db31d298d6fb0f7fb71b3fe13c056542faa39b54aa.mp3]	[sound:よかったら_ヨカッタラ_JapanesePod101.mp3] [sound:よかったら_ヨカッタラ_JapanesePod101(1).mp3]	
1781519740984	1781521162	Doki Doki2-7	動物園	動[どう] 物[ぶつ] 園[えん]	どうぶつえん	dōbutsuen	zoo	動物園に行きます。	Idę do zoo.			rzeczownik.	動[どう] 物[ぶつ] 園[えん]に 行[い]きます。		[sound:hypertts-7d1cab6b8269bafe3c86cd657524e6dabfaa6051d698df1c7a3a479e.mp3]	[sound:hypertts-d764ad9699e948c822b13ef5ed0a8ca137a42d70c6dd40a916c20cf4.mp3]	[sound:動物園_ドーブツ＼エン_4_NHK-2016.mp3]	"""<span style=""""box-shadow: inset -2px -2px 0 0 #FF6633;"""">ド</span><span style=""""box-shadow: inset -2px 2px 0 0px #FF6633;"""">ーブツ</span><span style=""""box-shadow: inset 0px -2px 0 0px #FF6633;"""">エン</span> <span class=""""pitch_number"""">4</span>"""
1781519740985	1781521163	Doki Doki2-7	交番	交[こう] 番[ばん]	こうばん	kōban	posterunek policji	交番で道を聞きます。	Pytam o drogę na posterunku policji.			rzeczownik.	交[こう] 番[ばん]で 道[みち]を 聞[き]きます。		[sound:hypertts-79ea56378e31796b9caee73670709e18084457e6866796b46fd85397.mp3]	[sound:hypertts-701a65d9193fe4514954a2024689038920a54b6430fefab7b8c4a08e.mp3]	[sound:交番_コーバン━_0_NHK-2016.mp3]	"""<span style=""""box-shadow: inset -2px -2px 0 0 #FF6633;"""">コ</span><span style=""""box-shadow: inset 0px 2px 0 0px #FF6633;"""">ーバン</span> <span class=""""pitch_number"""">0</span>"""
1781519740986	1781608493	Doki Doki2-11 Doki2-7	温泉	温[おん]泉[せん]	おんせん	onsen	gorące źródła	温泉に入ります。	Wchodzę do gorących źródeł.			Rzeczownik.	温[おん]泉[せん]に 入[はい]ります。		[sound:hypertts-e14d3b3b451f5b170794f7e4750cc89577e6633f805267490d138e40.mp3]	[sound:hypertts-58d2cb15cd156a849210e44c4ea90a03d6ac83fec5ea15c18ad4cc69.mp3]	[sound:温泉_オンセン━_0_NHK-2016.mp3]	"""<span style=""""box-shadow: inset -2px -2px 0 0 #FF6633;"""">オ</span><span style=""""box-shadow: inset 0px 2px 0 0px #FF6633;"""">ンセン</span> <span class=""""pitch_number"""">0</span>"""
1781519740987	1781947209	Doki Doki2-7	美容院	美[び] 容[よう] 院[いん]	びよういん	biyōin	salon fryzjerski (damski), salon urody damskiej	美容院に行きます。	Idę do salonu fryzjerskiego.			rzeczownik.	美[び] 容[よう] 院[いん]に 行[い]きます。		[sound:hypertts-db1cae5600c7a722ceaf74ff30aed6364928608677c51fd904e55839.mp3]	[sound:hypertts-431dc11a122957f16e05fd0fd6843db0e006401d8ec0e886484080a9.mp3]	[sound:美容院_ビヨ＼ーイン_2_NHK-2016.mp3]	"""<span style=""""box-shadow: inset -2px -2px 0 0 #FF6633;"""">ビ</span><span style=""""box-shadow: inset -2px 2px 0 0px #FF6633;"""">ヨ</span><span style=""""box-shadow: inset 0px -2px 0 0px #FF6633;"""">ーイン</span> <span class=""""pitch_number"""">2</span>"""
1781519740989	1781521168	Doki Doki2-7	コンビニ	コンビニ	コンビニ	konbini	sklep całodobowy	コンビニで水を買います。	Kupuję wodę w sklepie całodobowym.			zapożyczenie. Skrót od convenience store.	コンビニで 水[みず]を 買[か]います。		[sound:hypertts-88a602660891c0f8867f96ab38bc542148c96eb296dad2bb57894d4f.mp3]	[sound:hypertts-83bba17afac06b266e5a003639c663031c5f059a5fc3e128d2b57854.mp3]	[sound:コンビニ_コンビニ━_0_NHK-2016.mp3]	"""<span style=""""box-shadow: inset -2px -2px 0 0 #FF6633;"""">コ</span><span style=""""box-shadow: inset 0px 2px 0 0px #FF6633;"""">ンビニ</span> <span class=""""pitch_number"""">0</span>"""
1781519740990	1781619448	Doki Doki2-7	言う	言[い]う	いう	iu	mówić (!= はなす)	カロルはそう言いました。	Karol tak powiedział.	言[い]います	言[い]いません	czasownik gr. 1.	カロルは そう 言[い]いました。		[sound:hypertts-8864101f025be90b9a3e51831b4d4eb439556f02ea08fde72b591c95.mp3]	[sound:hypertts-6e321332fdc06c468ba2d52d5e19e57bec8215cd4600ae8c1b9bbe93.mp3]	[sound:言う_イウ━_0_NHK-1998.mp3]	"""<span style=""""box-shadow: inset -2px -2px 0 0 #FF6633;"""">イ</span><span style=""""box-shadow: inset 0px 2px 0 0px #FF6633;"""">ウ</span> <span class=""""pitch_number"""">0</span>"""
1781519740991	1781521171	Doki Doki2-7	思う	思[おも]う	おもう	omou	myśleć	渋谷は良いと思います。	Myślę, że Shibuya jest świetna.	思[おも]います	思[おも]いません	czasownik gr. 1.	渋[しぶ] 谷[や]は 良[い]いと 思[おも]います。		[sound:hypertts-b32a35ce77194249f2e379c7ee433b08f3b5dc03c0fefc0b7bd8c5d8.mp3]	[sound:hypertts-bf1517436311267197401da3060c9f4a6e6f09f70cf2ffd170782767.mp3]	[sound:思う_オモ＼ウ_2_NHK-2016.mp3]	"""<span style=""""box-shadow: inset -2px -2px 0 0 #FF6633;"""">オ</span><span style=""""box-shadow: inset -2px 2px 0 0px #FF6633;"""">モ</span><span style=""""box-shadow: inset 0px -2px 0 0px #FF6633;"""">ウ</span> <span class=""""pitch_number"""">2</span>"""
1781519740992	1781521173	Doki Doki2-7	切る	切[き]る	きる	kiru	ciąć, kroić	紙をハサミで切ります。	Tnę papier nożyczkami.	切[き]ります	切[き]りません	czasownik gr. 1 (wyjątek!).	紙[かみ]を ハサミで 切[き]ります。		[sound:hypertts-d621d8f9149490a52254ab220652cb6df4dcb1af9fa31a47caa92cd1.mp3]	[sound:hypertts-6619db90753f3fc961ac10e6f94d5549b98b011bb55de16071524f76.mp3]	[sound:切る_キ＼ル_1_NHK-2016.mp3]	"""<span style=""""box-shadow: inset -2px 2px 0 0px #FF6633;"""">キ</span><span style=""""box-shadow: inset 0px -2px 0 0px #FF6633;"""">ル</span> <span class=""""pitch_number"""">1</span>"""
1781519740994	1781521174	Doki Doki2-7	持っていく	持[も]って 行[い]く	もっていく	motteiku	zabrać ze sobą (rzecz)	カメラを持っていきます。	Zabieram ze sobą aparat.	持[も]って 行[い]きます	持[も]って 行[い]きません	czasownik gr. 1.	カメラを 持[も]って 行[い]きます。		[sound:hypertts-0f74b234e7b78f2e2a2f141bdedddc0c39dff97e9666baa36c54affe.mp3]	[sound:hypertts-68c6ed25e86cce3de41444b077c4c0c2d23edb807dc7481b1ee15810.mp3]	[sound:持って行く_モッテイク_TAAS.mp3]	"""<span style=""""box-shadow: inset -2px -2px 0 0 #FF6633;"""">モ</span><span style=""""box-shadow: inset 0px 2px 0 0px #FF6633;"""">ッテイク</span> <span class=""""pitch_number"""">0</span>"""
1781519740995	1781521176	Doki Doki2-7	捨てる	捨[す]てる	すてる	suteru	wyrzucać	古いペンを捨てます。	Wyrzucam stary długopis.	捨[す]てます	捨[す]てません	czasownik gr. 2.	古[ふる]い ペンを 捨[す]てます。		[sound:hypertts-bc013c764ab580610d75cb56a3ac1be283df1221d7d794daebb5af57.mp3]	[sound:hypertts-26df2d374bcedd18d27b5964ea7f6fcb8fc2f7b273f2228293eb212d.mp3]	[sound:捨てる_ステル━_0_NHK-2016.mp3]	"""<span style=""""box-shadow: inset -2px -2px 0 0 #FF6633;""""><span style=""""color: royalblue;"""">ス</span></span><span style=""""box-shadow: inset 0px 2px 0 0px #FF6633;"""">テル</span> <span class=""""pitch_number"""">0</span>"""
1781519740998	1781614316	Doki Doki2-7	泊まる	(に) 泊[と]まる	とまる	tomaru	zatrzymać się (na noc), nocować	東京のホテルに泊まります。	Zatrzymuję się w hotelu w Tokio.	泊[と]まります	泊[と]まりません	czasownik gr. 1.	東[とう] 京[きょう]の ホテルに 泊[と]まります。		[sound:hypertts-7cb6ad70251fa132eb3c528e0f839e96d5f8785b17a1f631c799ec5d.mp3]	[sound:hypertts-50136a4e7d317bf2cc7060c55b88606fab5e781fb9288ea60edb1ae8.mp3]	[sound:泊まる_トマル━_0_NHK-2016.mp3]	"""<span style=""""box-shadow: inset -2px -2px 0 0 #FF6633;"""">ト</span><span style=""""box-shadow: inset 0px 2px 0 0px #FF6633;"""">マル</span> <span class=""""pitch_number"""">0</span>"""
1781519740999	1781521179	Doki Doki2-7	置く	置[お]く	おく	oku	kłaść, położyć, zostawić	机の上にカメラを置きます。	Kładę aparat na biurku.	置[お]きます	置[お]きません	czasownik gr. 1.	机[つくえ]の 上[うえ]に カメラを 置[お]きます。		[sound:hypertts-c20ee229743b64fda1a3d9b9de4553a99343e7f1d0b7fb4c8003b30f.mp3]	[sound:hypertts-82b6cffbf6d92d842861c5073d0511c6071d34a03b3437359b478c28.mp3]	[sound:置く_オク━_0_NHK-2016.mp3]	"""<span style=""""box-shadow: inset -2px -2px 0 0 #FF6633;"""">オ</span><span style=""""box-shadow: inset 0px 2px 0 0px #FF6633;"""">ク</span> <span class=""""pitch_number"""">0</span>"""
1781519741001	1781610950	Doki Doki2-7	お腹がすく	お 腹[なか]が すく	おなかがすく	onaka ga suku	być głodnym, zgłodnieć	お腹がすきました。	Jestem głodny.	お 腹[なか]が すきます	お 腹[なか]が すきません	czasownik gr. 1, idiom.	お 腹[なか]が すきました。		[sound:hypertts-999a8c25ff7ea4aa4efa6b59cd6260b6b4185ec5bee0e669b8631f24.mp3]	[sound:hypertts-0402568c6d40a7406a68c2cf65268b1a8e57a0e63d9fbcc9fb11f058.mp3]		
1781519741002	1781521182	Doki Doki2-7	喉が渇く	喉[のど]が 渇[かわ]く	のどがかわく	nodo ga kawaku	być spragnionym	喉が渇きました。	Chce mi się pić.	喉[のど]が 渇[かわ]きます	喉[のど]が 渇[かわ]きません	czasownik gr. 1, idiom.	喉[のど]が 渇[かわ]きました。		[sound:hypertts-4a895acc80162adabe048e531d2603fa9afe6495713372055f7a8f5f.mp3]	[sound:hypertts-81e60cf830235138fe097ee858edf4747b792378390fe4c1554004f9.mp3]	[sound:喉が渇く_ノドガカワク_JapanesePod101.mp3] [sound:喉が渇く_ノドガカワク_JapanesePod101(1).mp3]	
1781519741003	1781521184	Doki Doki2-7	やる	やる	やる	yaru	robić (potocznie), dawać (zwierzętom)	スイッチでゲームをやります。	Gram w grę na Switchu.	やります	やりません	czasownik gr. 1.	スイッチで ゲームを やります。		[sound:hypertts-51df079aa07bfcdbb7c352aa165d8fb80ca8f1d98aaefcf5a5d07de0.mp3]	[sound:hypertts-35f4fb54e01cf11b24873685c47faa52bd418b8309ab7674d643dfd8.mp3]	[sound:やる_ヤル━_0_NHK-2016.mp3]	"""<span style=""""box-shadow: inset -2px -2px 0 0 #FF6633;"""">ヤ</span><span style=""""box-shadow: inset 0px 2px 0 0px #FF6633;"""">ル</span> <span class=""""pitch_number"""">0</span>, <span style=""""box-shadow: inset -2px 2px 0 0px #FF6633;"""">ヤ</span><span style=""""box-shadow: inset 0px -2px 0 0px #FF6633;"""">ル</span> <span class=""""pitch_number"""">1</span>"""
1781519741005	1781521185	Doki Doki2-7	連絡する	連[れん] 絡[らく]する	れんらくする	renrakusuru	kontaktować się	ポラに連絡します。	Kontaktuję się z Polą.	連[れん] 絡[らく]します	連[れん] 絡[らく]しません	czasownik nieregularny (gr. 3).	ポラに 連[れん] 絡[らく]します。		[sound:hypertts-0540a81a7f706dd6b7a792f8671a9e89e8c7c3641e9f9c9460e972ea.mp3]	[sound:hypertts-64ac79c2fa07798ab1bff4afff42cf7fcd05480bbbfe842efe7d9755.mp3]	[sound:連絡する_レンラクスル_TAAS.mp3] [sound:連絡する_レンラクスル_TAAS(1).mp3]	"""<span style=""""box-shadow: inset -2px -2px 0 0 #FF6633;"""">レ</span><span style=""""box-shadow: inset 0px 2px 0 0px #FF6633;"""">ンラクスル</span> <span class=""""pitch_number"""">0</span>"""
1781519741007	1781521187	Doki Doki2-7	運動する	運[うん] 動[どう]する	うんどうする	undōsuru	ćwiczyć fizycznie	毎日運動します。	Codziennie ćwiczę.	運[うん] 動[どう]します	運[うん] 動[どう]しません	czasownik nieregularny (gr. 3).	毎[まい] 日[にち] 運[うん] 動[どう]します。		[sound:hypertts-cacdfe29cb6a8778793d382505ff70316b0a2354b2ee1cf046715d19.mp3]	[sound:hypertts-95057d904bdc4ecab33fde2128388614dd8a7c0df52865043487bf87.mp3]		"""<span style=""""box-shadow: inset -2px -2px 0 0 #FF6633;"""">ウ</span><span style=""""box-shadow: inset 0px 2px 0 0px #FF6633;"""">ンドウスル</span> <span class=""""pitch_number"""">0</span>"""
1781519741009	1781521188	Doki Doki2-7	練習する	練[れん] 習[しゅう]する	れんしゅうする	renshūsuru	ćwiczyć (trenować)	漢字を練習します。	Trenuję kanji.	練[れん] 習[しゅう]します	練[れん] 習[しゅう]しません	czasownik nieregularny (gr. 3).	漢[かん] 字[じ]を 練[れん] 習[しゅう]します。		[sound:hypertts-26ef84a408078648c323e2e8a849f15f2c119a807187a8a4b308c419.mp3]	[sound:hypertts-4f322e38fcf7589ef81240a3a92849493b49b6bca1f600a17c520ea6.mp3]	[sound:練習する_レンシュウスル_TAAS.mp3] [sound:練習する_レンシュウスル_TAAS(1).mp3]	"""<span style=""""box-shadow: inset -2px -2px 0 0 #FF6633;"""">レ</span><span style=""""box-shadow: inset 0px 2px 0 0px #FF6633;"""">ンシュウスル</span> <span class=""""pitch_number"""">0</span>"""
1781519741010	1789563481	Doki Doki2-7 leech	予約する	予[よ] 約[やく]する	よやくする	yoyakusuru	rezerwować	レストランを予約します。	Rezerwuję restaurację.	予[よ] 約[やく]します	予[よ] 約[やく]しません	czasownik nieregularny (gr. 3).	レストランを 予[よ] 約[やく]します。		[sound:hypertts-1bd5e23873517708c66b71a700770301366972ce9b1c4e6ab31911f8.mp3]	[sound:hypertts-0af47efedbec324c305e41124df2f377d58da3d13afd985eba4f6f6a.mp3]		"""<span style=""""box-shadow: inset -2px -2px 0 0 #FF6633;"""">ヨ</span><span style=""""box-shadow: inset 0px 2px 0 0px #FF6633;"""">ヤクスル</span> <span class=""""pitch_number"""">0</span>"""
1781519741011	1781521192	Doki Doki2-7	笑う	笑[わら]う	わらう	warau	śmiać się	まりさはよく笑います。	Marisa często się śmieje.	笑[わら]います	笑[わら]いません	czasownik gr. 1.	まりさは よく 笑[わら]います。		[sound:hypertts-3ffdd165481163864fd1f74d23bfeea2560349c4a98c6c0e2db44db2.mp3]	[sound:hypertts-fb8adbac33dda7129415a4a64964f01feb0f8a8e1e818a2da6771665.mp3]	[sound:笑う_ワラウ━_0_NHK-2016.mp3]	"""<span style=""""box-shadow: inset -2px -2px 0 0 #FF6633;"""">ワ</span><span style=""""box-shadow: inset 0px 2px 0 0px #FF6633;"""">ラウ</span> <span class=""""pitch_number"""">0</span>"""
1781519741012	1781521193	Doki Doki2-7	けち	けち (な)	けち	kechi	skąpy	彼は少しけちです。	On jest trochę skąpy.			na-przymiotnik. Używany do określania charakteru.	彼[かれ]は 少[すこ]し けちです。		[sound:hypertts-08cf6ba05d923abd54cde89d1ab6025d19eebe6c0fa93d5849bf4c0c.mp3]	[sound:hypertts-48af177a2163373c319190a4cbb9779d7d26e69500ab18306de76a31.mp3]	[sound:けち_ケ＼チ_1_NHK-2016.mp3] [sound:な_ナ━_0_NHK-2016.mp3] [sound:な_ナ＼_1_NHK-2016.mp3]	"""<span style=""""box-shadow: inset -2px 2px 0 0px #FF6633;"""">ケ</span><span style=""""box-shadow: inset 0px -2px 0 0px #FF6633;"""">チ</span> <span class=""""pitch_number"""">1</span>"""
1781519741013	1781521463	Doki Doki2-7	ばか	ばか (な)	ばか	baka	głupi	ばかな事を言いません。	Nie mówię głupich rzeczy.			na-przymiotnik.	ばかな 事[こと]を 言[い]いません。		[sound:hypertts-09590fb7c9e35c28980b917300d36facc0025189abeb4eee6dafb8d0.mp3]	[sound:hypertts-e76d146d9dc03279863e0856f7a4d384ed43e23a7c0af8072b32c57d.mp3]	[sound:ばか_バ＼カ_1_NHK-2016.mp3]	"""<span style=""""box-shadow: inset -2px 2px 0 0px #FF6633;"""">バ</span><span style=""""box-shadow: inset 0px -2px 0 0px #FF6633;"""">カ</span> <span class=""""pitch_number"""">1</span>"""
1781519741014	1781521196	Doki Doki2-7	若い	若[わか]い	わかい	wakai	młody	けんごは若いです。	Kengo jest młody.			i-przymiotnik.	けんごは 若[わか]いです。		[sound:hypertts-af6624afe9df7750ec94c925e4e266b5d532bf63c9dfdd1b84de85eb.mp3]	[sound:hypertts-55689b8a3620c48d994cf002940d3dbcd6f628dbf8b0280b122e34df.mp3]	[sound:若い_ワカ＼イ_2_NHK-2016.mp3]	"""<span style=""""box-shadow: inset -2px -2px 0 0 #FF6633;"""">ワ</span><span style=""""box-shadow: inset -2px 2px 0 0px #FF6633;"""">カ</span><span style=""""box-shadow: inset 0px -2px 0 0px #FF6633;"""">イ</span> <span class=""""pitch_number"""">2</span>"""
1781519741015	1781521198	Doki Doki2-7	寂しい	寂[さび]しい	さびしい	sabishii	samotny, smutny	一人で寂しいです。	Jestem samotny w pojedynkę.			i-przymiotnik.	一[ひと] 人[り]で 寂[さび]しいです。		[sound:hypertts-33499e17486021f9f2cd4e24495b99dcfed164e52dfb1d5e57d631e7.mp3]	[sound:hypertts-e43b7dfcbe90297adc4b22bcb6d2423713dd108b6faa5fe12126fe9d.mp3]	[sound:寂しい_サビシ＼イ_3_NHK-2016.mp3]	"""<span style=""""box-shadow: inset -2px -2px 0 0 #FF6633;"""">サ</span><span style=""""box-shadow: inset -2px 2px 0 0px #FF6633;"""">ビシ</span><span style=""""box-shadow: inset 0px -2px 0 0px #FF6633;"""">イ</span> <span class=""""pitch_number"""">3</span>"""
1781519741017	1781521199	Doki Doki2-7	年とった	年[とし]とった	としとった	toshitotta	stary (o osobie)	年とった犬です。	To jest starszy pies.			wyrażenie z czasownikiem w czasie przeszłym (年をとる).	年[とし]とった 犬[いぬ]です。		[sound:hypertts-cd663e037e8f0c0aa531347b0fae3e8a9da6fbe27ae887b0bdfc090d.mp3]	[sound:hypertts-ff060fe6297917b2a1a68c2b0aa642052c7f3bf4042d5006870ef587.mp3]	[sound:年とった_トシトッタ_JapanesePod101.mp3]	
1781519741019	1781521490	Doki Doki2-7	楽しみ	楽[たの]しみ (な)	たのしみ	tanoshimi	czekający z niecierpliwością, wyczekiwany	日本が楽しみです。	Nie mogę się doczekać Japonii.			na-przymiotnik / rzeczownik.	日[に] 本[ほん]が 楽[たの]しみです。		[sound:hypertts-b1d049c1514fea472895bf387fce4cce679c64789eea174be27137c5.mp3]	[sound:hypertts-2a24e717a0d5183b58d079fd46707cf2778293d31aeb179a8611c27a.mp3]	[sound:楽しみ_タノシミ━_0_NHK-2016.mp3] [sound:楽しみ_タノシ＼ミ_3_NHK-2016.mp3] [sound:楽しみ_タノシミ＼_4_NHK-2016.mp3]	"""<span style=""""box-shadow: inset -2px -2px 0 0 #FF6633;"""">タ</span><span style=""""box-shadow: inset 0px 2px 0 0px #FF6633;"""">ノシミ</span> <span class=""""pitch_number"""">0</span>, <span style=""""box-shadow: inset -2px -2px 0 0 #FF6633;"""">タ</span><span style=""""box-shadow: inset -2px 2px 0 0px #FF6633;"""">ノシ</span><span style=""""box-shadow: inset 0px -2px 0 0px #FF6633;"""">ミ</span> <span class=""""pitch_number"""">3</span>, <span style=""""box-shadow: inset -2px -2px 0 0 #FF6633;"""">タ</span><span style=""""box-shadow: inset -2px 2px 0 0px #FF6633;"""">ノシミ</span> <span class=""""pitch_number"""">4</span>"""
1781519741020	1782152799	Doki Doki2-7	普通	普[ふ] 通[つう]	ふつう	futsū	zwykły, normalny	普通の自転車です。	To jest zwykły rower.			rzeczownik / na-przymiotnik.	普[ふ] 通[つう]の 自[じ] 転[てん] 車[しゃ]です。		[sound:hypertts-43cf00662346613971155a21ab7369137c2ab5c0963f6433a07386ec.mp3]	[sound:hypertts-bb823a48849967d1658f91c10f3bc9bc5eb41ecd984e143a2c4411fb.mp3]	[sound:普通_フツー━_0_NHK-2016.mp3]	"""<span style=""""box-shadow: inset -2px -2px 0 0 #FF6633;""""><span style=""""color: royalblue;"""">フ</span></span><span style=""""box-shadow: inset 0px 2px 0 0px #FF6633;"""">ツー</span> <span class=""""pitch_number"""">0</span>"""
1781519741021	1781521504	Doki Doki2-7	意地悪	意[い] 地[じ] 悪[わる] (な)	いじわる	ijiwaruna	złośliwy, okrutny	意地悪な人です。	To złośliwa osoba.			na-przymiotnik.	意[い] 地[じ] 悪[わる]な 人[ひと]です。		[sound:hypertts-ffd6de1bf19a0eb091b1d7c0f1f55ca9729621026575027b9eead7e3.mp3]	[sound:hypertts-5daf842bffe1b7a46ed0213646e07202b3333c564b0fda4da64e81ae.mp3]	[sound:意地悪_イジ＼ワル_2_NHK-2016.mp3] [sound:意地悪_イジワ＼ル_3_NHK-2016.mp3]	"""<span style=""""box-shadow: inset -2px -2px 0 0 #FF6633;"""">イ</span><span style=""""box-shadow: inset -2px 2px 0 0px #FF6633;"""">ジ</span><span style=""""box-shadow: inset 0px -2px 0 0px #FF6633;"""">ワル</span> <span class=""""pitch_number"""">2</span>, <span style=""""box-shadow: inset -2px -2px 0 0 #FF6633;"""">イ</span><span style=""""box-shadow: inset -2px 2px 0 0px #FF6633;"""">ジワ</span><span style=""""box-shadow: inset 0px -2px 0 0px #FF6633;"""">ル</span> <span class=""""pitch_number"""">3</span>"""
1781519741023	1781621427	Doki Doki2-7	不便	不[ふ] 便[べん] (な)	ふべん	fuben	niewygodny	ここは不便な町です。	To jest niewygodne miasto.			na-przymiotnik.	ここは 不[ふ] 便[べん]な 町[まち]です。		[sound:hypertts-ce4910a9c6423af4384c18e298d0f999349434d7205f92d140cced3e.mp3]	[sound:hypertts-9e55801fae60f8ac39babe3d9de6cb6eb7a22e584466aff0d92b085f.mp3]	[sound:不便_フ＼ベン_1_NHK-2016.mp3]	"""<span style=""""box-shadow: inset -2px 2px 0 0px #FF6633;"""">フ</span><span style=""""box-shadow: inset 0px -2px 0 0px #FF6633;"""">ベン</span> <span class=""""pitch_number"""">1</span>"""
1781519741024	1781521207	Doki Doki2-7	紙	紙[かみ]	かみ	kami	papier	白い紙を使います。	Używam białego papieru.			rzeczownik.	白[しろ]い 紙[かみ]を 使[つか]います。		[sound:hypertts-ab618ec928d27e77ad1bf737a31a9e96389a076382be93cd71307214.mp3]	[sound:hypertts-ec35207a11074f6c5a993e8a0c5dbd75565db9e6da67e6fafb56e4a5.mp3]	[sound:紙_カミ＼_2_NHK-2016.mp3]	"""<span style=""""box-shadow: inset -2px -2px 0 0 #FF6633;"""">カ</span><span style=""""box-shadow: inset -2px 2px 0 0px #FF6633;"""">ミ</span> <span class=""""pitch_number"""">2</span>"""
1781519741026	1781521210	Doki Doki2-7	ファイル	ファイル	ファイル	fairu	teczka, plik	ファイルを買います。	Kupuję teczkę.			zapożyczenie. Rzeczownik.	ファイルを 買[か]います。		[sound:hypertts-f5772f0c9b2979bdcaf0244200eaad8e250a01be63135b6cdf4fac53.mp3]	[sound:hypertts-4ed6404a9a82bb6df109bf0026a9bd6fcddad7842860f1ee8fef41d0.mp3]	[sound:ファイル_ファ＼イル_1_NHK-2016.mp3]	"""<span style=""""box-shadow: inset -2px 2px 0 0px #FF6633;"""">ファ</span><span style=""""box-shadow: inset 0px -2px 0 0px #FF6633;"""">イル</span> <span class=""""pitch_number"""">1</span>"""
1781519741027	1781521212	Doki Doki2-7	カレンダー	カレンダー	カレンダー	karendā	kalendarz	カレンダーを見ます。	Patrzę na kalendarz.			zapożyczenie. Rzeczownik.	カレンダーを 見[み]ます。		[sound:hypertts-a72039d36c7e66eda12f108afa951a45b01c1ce8cc0ac465a455cb1a.mp3]	[sound:hypertts-95dd336a4820830eb5c94e9111edfd350712777df861e7bc188a40c7.mp3]	[sound:カレンダー_カレ＼ンダー_2_NHK-2016.mp3]	"""<span style=""""box-shadow: inset -2px -2px 0 0 #FF6633;"""">カ</span><span style=""""box-shadow: inset -2px 2px 0 0px #FF6633;"""">レ</span><span style=""""box-shadow: inset 0px -2px 0 0px #FF6633;"""">ンダー</span> <span class=""""pitch_number"""">2</span>"""
1781519741028	1781521214	Doki Doki2-7	糊	糊[のり]	のり	nori	klej	糊で貼ります。	Przyklejam klejem.			rzeczownik.	糊[のり]で 貼[は]ります。		[sound:hypertts-22c1d764094ac90885980a9a617f84cccf836b9d4dbbf287a7f5f33d.mp3]	[sound:hypertts-34bc2754ef80ce055ff6aace823a34ff7dbfbe03a7f3c160b69fbfe8.mp3]	[sound:糊_ノリ＼_2_NHK-1998.mp3]	"""<span style=""""box-shadow: inset -2px -2px 0 0 #FF6633;"""">ノ</span><span style=""""box-shadow: inset -2px 2px 0 0px #FF6633;"""">リ</span> <span class=""""pitch_number"""">2</span>"""
1781519741029	1781521215	Doki Doki2-7	手帳	手[て] 帳[ちょう]	てちょう	techō	notes, kalendarzyk	手帳に書きます。	Piszę w notesie.			rzeczownik.	手[て] 帳[ちょう]に 書[か]きます。		[sound:hypertts-1127a64973de3c770500de51b96f16bce5c375698d058ed4b5620890.mp3]	[sound:hypertts-7dd648e44e62c68f3e9bd94ef0b1ed001e5d20d0570a9bddd21afcdd.mp3]	[sound:手帳_テチョー━_0_NHK-2016.mp3]	"""<span style=""""box-shadow: inset -2px -2px 0 0 #FF6633;"""">テ</span><span style=""""box-shadow: inset 0px 2px 0 0px #FF6633;"""">チョー</span> <span class=""""pitch_number"""">0</span>"""
1781519741030	1781521217	Doki Doki2-7	テープ	テープ	テープ	tēpu	taśma	テープを使います。	Używam taśmy.			zapożyczenie. Rzeczownik.	テープを 使[つか]います。		[sound:hypertts-f48e0285db6e2335a9655ebe571e363a4b1abb00f965378cc641a8a8.mp3]	[sound:hypertts-8783344aa8f05569b3d2a86b7f4bef05b02e225fc6a5560736942706.mp3]	[sound:テープ_テ＼ープ_1_NHK-2016.mp3]	"""<span style=""""box-shadow: inset -2px 2px 0 0px #FF6633;"""">テ</span><span style=""""box-shadow: inset 0px -2px 0 0px #FF6633;"""">ープ</span> <span class=""""pitch_number"""">1</span>"""
1781519741032	1781521218	Doki Doki2-7	封筒	封[ふう] 筒[とう]	ふうとう	fūtō	koperta	封筒に手紙を入れます。	Wkładam list do koperty.			rzeczownik.	封[ふう] 筒[とう]に 手[て] 紙[がみ]を 入[い]れます。		[sound:hypertts-d8c4fe101d85827e94accab9be9bc3d1171863ce8421402602a473ce.mp3]	[sound:hypertts-aff2ecfca35a009fec16c3114370ca91f4cb83106b58ab2da77c5d41.mp3]	[sound:封筒_フートー━_0_NHK-2016.mp3]	"""<span style=""""box-shadow: inset -2px -2px 0 0 #FF6633;"""">フ</span><span style=""""box-shadow: inset 0px 2px 0 0px #FF6633;"""">ートー</span> <span class=""""pitch_number"""">0</span>"""
1781519741034	1781521220	Doki Doki2-7	画用紙	画[が] 用[よう] 紙[し]	がようし	gayōshi	brystol, papier rysunkowy	画用紙に絵を描きます。	Rysuję obrazek na brystolu.			rzeczownik.	画[が] 用[よう] 紙[し]に 絵[え]を 描[か]きます。		[sound:hypertts-497b110aae47dddd52e9083e7c297130f711be3ad7fa177e7bf8391d.mp3]	[sound:hypertts-cd370037cd945dcc079e0579a8a32a2789aeaaedd59b12ae302d6349.mp3]	[sound:画用紙_ガヨ＼ーシ_2_NHK-2016.mp3]	"""<span style=""""box-shadow: inset -2px -2px 0 0 #FF6633;"""">ガ</span><span style=""""box-shadow: inset -2px 2px 0 0px #FF6633;"""">ヨ</span><span style=""""box-shadow: inset 0px -2px 0 0px #FF6633;"""">ーシ</span> <span class=""""pitch_number"""">2</span>"""
1781519741035	1781521221	Doki Doki2-7	クレヨン	クレヨン	クレヨン	kureyon	kredki świecowe	クレヨンで描きます。	Rysuję kredkami.			zapożyczenie. Rzeczownik.	クレヨンで 描[か]きます。		[sound:hypertts-acee23f8f3f654034cd2f424d4b3287404394ef08f9d3bd42cf3eea0.mp3]	[sound:hypertts-c7bae3936582124952d1ec315300c114678d108bd8283d871ad22567.mp3]	[sound:クレヨン_クレ＼ヨン_2_NHK-2016.mp3]	"""<span style=""""box-shadow: inset -2px -2px 0 0 #FF6633;"""">ク</span><span style=""""box-shadow: inset -2px 2px 0 0px #FF6633;"""">レ</span><span style=""""box-shadow: inset 0px -2px 0 0px #FF6633;"""">ヨン</span> <span class=""""pitch_number"""">2</span>"""
1781519741036	1781521223	Doki Doki2-7	カッター	カッター	カッター	kattā	nożyk tapicerski	カッターを使います。	Używam nożyka tapicerskiego.			zapożyczenie. Rzeczownik.	カッターを 使[つか]います。		[sound:hypertts-8273ed30ba9fdeb9307c2c0603907b047926df8c7221fa40425f5b20.mp3]	[sound:hypertts-45ac9f315f7c9496fc9eabefcf14418112918cdc49703314155d0973.mp3]	[sound:カッター_カ＼ッター_1_NHK-2016.mp3]	"""<span style=""""box-shadow: inset -2px 2px 0 0px #FF6633;"""">カ</span><span style=""""box-shadow: inset 0px -2px 0 0px #FF6633;"""">ッター</span> <span class=""""pitch_number"""">1</span>"""
1781519741037	1781521225	Doki Doki2-7	シャーペン	シャーペン	シャーペン	shāpen	ołówek automatyczny	シャーペンで書きます。	Piszę ołówkiem automatycznym.			zapożyczenie. Rzeczownik.	シャーペンで 書[か]きます。		[sound:hypertts-d29ae6281aea09ab1206647e2c0db10352c7a44533500aa9e390db20.mp3]	[sound:hypertts-02c2e9244c78b84ad798221787963cac806d0c08ad6c5469678e60bd.mp3]	[sound:シャーペン_シャーペン_JapanesePod101.mp3] [sound:シャーペン_シャーペン_JapanesePod101(1).mp3]	"""<span style=""""box-shadow: inset -2px -2px 0 0 #FF6633;"""">シャ</span><span style=""""box-shadow: inset 0px 2px 0 0px #FF6633;"""">ーペン</span> <span class=""""pitch_number"""">0</span>"""
1781519741038	1781521226	Doki Doki2-7	色鉛筆	色[いろ] 鉛[えん] 筆[ぴつ]	いろえんぴつ	iroenpitsu	kredki ołówkowe	色鉛筆を買います。	Kupuję kredki ołówkowe.			rzeczownik.	色[いろ] 鉛[えん] 筆[ぴつ]を 買[か]います。		[sound:hypertts-3488fc34c1ca2612ac6d48c38c277a466cdd9d133aa5284436b9173a.mp3]	[sound:hypertts-421207ae2aa7e85a041658fc2b72fdc6701a69925d239631298e6ae6.mp3]	[sound:色鉛筆_イロエ＼ンピツ_3_NHK-2016.mp3]	"""<span style=""""box-shadow: inset -2px -2px 0 0 #FF6633;"""">イ</span><span style=""""box-shadow: inset -2px 2px 0 0px #FF6633;"""">ロエ</span><span style=""""box-shadow: inset 0px -2px 0 0px #FF6633;"""">ン<span style=""""color: royalblue;"""">ピ</span>ツ</span> <span class=""""pitch_number"""">3</span>"""
1781519741039	1781521228	Doki Doki2-7	鉛筆削り	鉛[えん] 筆[ぴつ] 削[けず]り	えんぴつけずり	enpitsukezuri	temperówka	鉛筆削りを使います。	Używam temperówki.			rzeczownik.	鉛[えん] 筆[ぴつ] 削[けず]りを 使[つか]います。		[sound:hypertts-b7b9e6423028c4dfec6e3b83670dc47c95e12a995f981673f72e3ba5.mp3]	[sound:hypertts-1e1b018ccb61ba3f3327784df6ddfc8bf7beb28a13dd7be7a1225ff4.mp3]	[sound:鉛筆削り_エンピツケ＼ズリ_5_NHK-2016.mp3]	"""<span style=""""box-shadow: inset -2px -2px 0 0 #FF6633;"""">エ</span><span style=""""box-shadow: inset -2px 2px 0 0px #FF6633;"""">ン<span style=""""color: royalblue;"""">ピ</span>ツケ</span><span style=""""box-shadow: inset 0px -2px 0 0px #FF6633;"""">ズリ</span> <span class=""""pitch_number"""">5</span>"""
1781519741040	1781521229	Doki Doki2-7	ホチキス	ホチキス	ホチキス	hochikisu	zszywacz	ホチキスを貸してください。	Pożycz mi proszę zszywacz.			zapożyczenie. Rzeczownik.	ホチキスを 貸[か]して ください。		[sound:hypertts-d7a0ad32116122349d4f6b8ed20b6fb38bd165e3b8ee805b1e1e3fc0.mp3]	[sound:hypertts-f8c97aba10230e20ab204af3ea5963c4a4c746d93f6ac886ecd4433f.mp3]	[sound:ホチキス_ホ＼チキス_1_NHK-2016.mp3]	"""<span style=""""box-shadow: inset -2px 2px 0 0px #FF6633;"""">ホ</span><span style=""""box-shadow: inset 0px -2px 0 0px #FF6633;"""">チ<span style=""""color: royalblue;"""">キ</span>ス</span> <span class=""""pitch_number"""">1</span>"""
1781519741041	1781521231	Doki Doki2-7	芯	芯[しん]	しん	shin	wkład (np. do ołówka automatycznego)	芯がありません。	Nie mam wkładu do ołówka.			rzeczownik.	芯[しん]が ありません。		[sound:hypertts-5bae8e5d2d7de8ed5425bc65ed52aa8b7be53d17210fc954d205ba62.mp3]	[sound:hypertts-b5743ce165d539e38e6ba3c56d2ea685c4767c73c46b0ee1a324d4de.mp3]	[sound:芯_シ＼ン_1_NHK-2016.mp3]	"""<span style=""""box-shadow: inset -2px 2px 0 0px #FF6633;"""">シ</span><span style=""""box-shadow: inset 0px -2px 0 0px #FF6633;"""">ン</span> <span class=""""pitch_number"""">1</span>"""
1781519741042	1790082476	Doki Doki2-7 leech	定規	定[じょう] 規[ぎ]	じょうぎ	jōgi	linijka	長い定規を使います。	Używam długiej linijki.			rzeczownik.	長[なが]い 定[じょう] 規[ぎ]を 使[つか]います。		[sound:hypertts-5da954c21fc019e309f4d30c125fd3aabb99c07306944fcdf38e084b.mp3]	[sound:hypertts-afee85ac6d178ea02bc28dd5120dbf2966d6446de1aa48304f882abf.mp3]	[sound:定規_ジョ＼ーキ゚_1_NHK-2016.mp3]	"""<span style=""""box-shadow: inset -2px 2px 0 0px #FF6633;"""">ジョ</span><span style=""""box-shadow: inset 0px -2px 0 0px #FF6633;"""">ーキ<span style=""""color: red;"""">°</span></span> <span class=""""pitch_number"""">1</span>"""
1781519741043	1781521234	Doki Doki2-7	マーカー	マーカー	マーカー	mākā	marker	青いマーカーで書きます。	Piszę niebieskim markerem.			zapożyczenie. Rzeczownik.	青[あお]い マーカーで 書[か]きます。		[sound:hypertts-8aaf2b7e07a921e21c418e68f7b425c999a58889c11f2ab028d38377.mp3]	[sound:hypertts-7e10cbfe99dc954aa5e394685942378579e01d1ce7e0a674ff30c922.mp3]	[sound:マーカー_マーカー━_0_NHK-2016.mp3] [sound:マーカー_マ＼ーカー_1_NHK-2016.mp3]	"""<span style=""""box-shadow: inset -2px 2px 0 0px #FF6633;"""">マ</span><span style=""""box-shadow: inset 0px -2px 0 0px #FF6633;"""">ーカー</span> <span class=""""pitch_number"""">1</span>"""
1781519741044	1781521236	Doki Doki2-7	電子辞書	電[でん] 子[し] 辞[じ] 書[しょ]	でんしじしょ	denshijisho	słownik elektroniczny	電子辞書を使います。	Używam słownika elektronicznego.			rzeczownik.	電[でん] 子[し] 辞[じ] 書[しょ]を 使[つか]います。		[sound:hypertts-648bea79fc5a0234b4c8bf63b39863e3aef182f05ff00d7909507b57.mp3]	[sound:hypertts-408a0db5c3f49b6dcaebf6dad0fe17424477f168dfad9614963f0d7b.mp3]	[sound:電子辞書_デンシジ＼ショ_4_NHK-2016.mp3]	"""<span style=""""box-shadow: inset -2px -2px 0 0 #FF6633;"""">デ</span><span style=""""box-shadow: inset -2px 2px 0 0px #FF6633;"""">ンシジ</span><span style=""""box-shadow: inset 0px -2px 0 0px #FF6633;"""">ショ</span> <span class=""""pitch_number"""">4</span>"""
1781519741045	1781521237	Doki Doki2-7	タブレット	タブレット	タブレット	taburetto	tablet	タブレットで映画を見ます。	Oglądam film na tablecie.			zapożyczenie. Rzeczownik.	タブレットで 映[えい] 画[が]を 見[み]ます。		[sound:hypertts-bd7171e17b5da4fc5d6b7dd15af29e80cff18db20619ab11165c82d6.mp3]	[sound:hypertts-da8ebd36734ed12afd554c3a54c7edc2448750335d6c17bdb818d3c7.mp3]	[sound:タブレット_タ＼ブレット_1_NHK-2016.mp3] [sound:タブレット_タブレ＼ット_3_NHK-2016.mp3]	"""<span style=""""box-shadow: inset -2px 2px 0 0px #FF6633;"""">タ</span><span style=""""box-shadow: inset 0px -2px 0 0px #FF6633;"""">ブレット</span> <span class=""""pitch_number"""">1</span>, <span style=""""box-shadow: inset -2px -2px 0 0 #FF6633;"""">タ</span><span style=""""box-shadow: inset -2px 2px 0 0px #FF6633;"""">ブレ</span><span style=""""box-shadow: inset 0px -2px 0 0px #FF6633;"""">ット</span> <span class=""""pitch_number"""">3</span>"""
1781519741046	1781521239	Doki Doki2-7	ノートパソコン	ノートパソコン	ノートパソコン	nōtopasokon	laptop, notebook	ノートパソコンで仕事をします。	Pracuję na laptopie.			zapożyczenie (wasei-eigo).	ノートパソコンで 仕[し] 事[ごと]を します。		[sound:hypertts-5ad16f7b5ce1e790d809c9d5e554014aa06cc742227f0dc3f8ed801c.mp3]	[sound:hypertts-965479d8556948b4208dff6b2c1979d24bbda639d8985f14c6918539.mp3]	[sound:ノートパソコン_ノートパソコン_JapanesePod101.mp3]	"""<span style=""""box-shadow: inset -2px -2px 0 0 #FF6633;"""">ノ</span><span style=""""box-shadow: inset -2px 2px 0 0px #FF6633;"""">ートパ</span><span style=""""box-shadow: inset 0px -2px 0 0px #FF6633;"""">ソコン</span> <span class=""""pitch_number"""">4</span>"""
1781519741047	1782025408	Doki Doki2-7	電子レンジ	電[でん] 子[し] レンジ	でんしレンジ	denshirenji	mikrofalówka	電子レンジで温めます。	Podgrzewam w mikrofalówce.			rzeczownik + zapożyczenie.	電[でん] 子[し] レンジで 温[あたた]めます。		[sound:hypertts-8623c6e7960e828451907790a37f164394948819faa1c07202528833.mp3]	[sound:hypertts-e492196df306cebd036ebe88cdcad44f829952d9ae03c1dea084c0fa.mp3]	[sound:電子レンジ_デンシレ＼ンジ_4_NHK-2016.mp3]	"""<span style=""""box-shadow: inset -2px -2px 0 0 #FF6633;"""">デ</span><span style=""""box-shadow: inset -2px 2px 0 0px #FF6633;"""">ンシレ</span><span style=""""box-shadow: inset 0px -2px 0 0px #FF6633;"""">ンジ</span> <span class=""""pitch_number"""">4</span>"""
1781519741048	1781521242	Doki Doki2-7	携帯電話	携[けい] 帯[たい] 電[でん] 話[わ]	けいたいでんわ	keitaidenwa	telefon komórkowy	携帯電話に連絡します。	Kontaktuję się przez telefon komórkowy.			rzeczownik. Obecnie częściej używa się スマホ.	携[けい] 帯[たい] 電[でん] 話[わ]に 連[れん] 絡[らく]します。		[sound:hypertts-e8da1f58c216447375222d96c5c7ba294c1be125b38c38fc1db67fd6.mp3]	[sound:hypertts-1c00887338e7c11639403cddc3a47ef2a36798bdb0eb6139bc461f03.mp3]	[sound:携帯電話_ケータイデ＼ンワ_5_NHK-2016.mp3]	"""<span style=""""box-shadow: inset -2px -2px 0 0 #FF6633;"""">ケ</span><span style=""""box-shadow: inset -2px 2px 0 0px #FF6633;"""">イタイデ</span><span style=""""box-shadow: inset 0px -2px 0 0px #FF6633;"""">ンワ</span> <span class=""""pitch_number"""">5</span>"""
1781519741049	1781521244	Doki Doki2-7	エアコン	エアコン	エアコン	eakon	klimatyzacja	エアコンをつけます。	Włączam klimatyzację.			zapożyczenie. Rzeczownik.	エアコンを つけます。		[sound:hypertts-ed431457d4a9d57c2386b802c9edb469de122554dd0178addb8ccee3.mp3]	[sound:hypertts-ec30cc3fd37d262d639b03db7520cd63c912911e39e05042ca64dca2.mp3]	[sound:エアコン_エアコン━_0_NHK-2016.mp3]	"""<span style=""""box-shadow: inset -2px -2px 0 0 #FF6633;"""">エ</span><span style=""""box-shadow: inset 0px 2px 0 0px #FF6633;"""">アコン</span> <span class=""""pitch_number"""">0</span>"""
1781519741051	1781521245	Doki Doki2-7	洗濯機	洗[せん] 濯[たく] 機[き]	せんたくき	sentakuki	pralka	新しい洗濯機を買います。	Kupuję nową pralkę.			rzeczownik.	新[あたら]しい 洗[せん] 濯[たく] 機[き]を 買[か]います。		[sound:hypertts-2fe7f0647057e3d61ffc3de32c87777bc16cd4b7f3a44f6fc9e10c28.mp3]	[sound:hypertts-60d160aaa16bd385a16e1a8d9a35e27ecef21318e7f81366caf7e44d.mp3]	[sound:洗濯機_センタ＼クキ_3_NHK-2016.mp3] [sound:洗濯機_センタク＼キ_4_NHK-2016.mp3]	"""<span style=""""box-shadow: inset -2px -2px 0 0 #FF6633;"""">セ</span><span style=""""box-shadow: inset -2px 2px 0 0px #FF6633;"""">ンタ</span><span style=""""box-shadow: inset 0px -2px 0 0px #FF6633;""""><span style=""""color: royalblue;"""">ク</span>キ</span> <span class=""""pitch_number"""">3</span>, <span style=""""box-shadow: inset -2px -2px 0 0 #FF6633;"""">セ</span><span style=""""box-shadow: inset -2px 2px 0 0px #FF6633;"""">ンタ<span style=""""color: royalblue;"""">ク</span></span><span style=""""box-shadow: inset 0px -2px 0 0px #FF6633;"""">キ</span> <span class=""""pitch_number"""">4</span>"""
1781519741052	1781521247	Doki Doki2-7	掃除機	掃[そう] 除[じ] 機[き]	そうじき	sōjiki	odkurzacz	掃除機を使います。	Używam odkurzacza.			rzeczownik.	掃[そう] 除[じ] 機[き]を 使[つか]います。		[sound:hypertts-d97b4a8abbc163112f5c65f8df9aa8e56b570e2c21ab18aeeffc2778.mp3]	[sound:hypertts-aebc9899ca853631c48e553dd656efcbc425166ca7af872954978e83.mp3]	[sound:掃除機_ソージ＼キ_3_NHK-2016.mp3]	"""<span style=""""box-shadow: inset -2px -2px 0 0 #FF6633;"""">ソ</span><span style=""""box-shadow: inset -2px 2px 0 0px #FF6633;"""">ージ</span><span style=""""box-shadow: inset 0px -2px 0 0px #FF6633;"""">キ</span> <span class=""""pitch_number"""">3</span>"""
1781519741053	1781521249	Doki Doki2-7	充電器	充[じゅう] 電[でん] 器[き]	じゅうでんき	jūdenki	ładowarka	スマホの充電器はどこですか。	Gdzie jest ładowarka do smartfona?			rzeczownik.	スマホの 充[じゅう] 電[でん] 器[き]は どこですか。		[sound:hypertts-e117676bc8242d48c884ad4ebc79ef3cdfa8563b509b7828e5baa1b6.mp3]	[sound:hypertts-2671cf64bcafb57ebbbd6f9f1942559e51e0ab650aeb2ee0d9bb11ef.mp3]	[sound:充電器_ジューデ＼ンキ_3_NHK-2016.mp3]	"""<span style=""""box-shadow: inset -2px -2px 0 0 #FF6633;"""">ジュ</span><span style=""""box-shadow: inset -2px 2px 0 0px #FF6633;"""">ウデ</span><span style=""""box-shadow: inset 0px -2px 0 0px #FF6633;"""">ンキ</span> <span class=""""pitch_number"""">3</span>"""
1781519741054	1785659209	Doki Doki2-7 leech	電化製品	電[でん] 化[か] 製[せい] 品[ひん]	でんかせいひん	denkaseihin	sprzęt AGD/RTV	電化製品を買います。	Kupuję sprzęt elektryczny.			rzeczownik.	電[でん] 化[か] 製[せい] 品[ひん]を 買[か]います。		[sound:hypertts-73a631583125733a1d572253b7db16c3700f076ef5d16bbc1903af17.mp3]	[sound:hypertts-720adbc3780de527d3102f672f4bf48f557aaf6eaf63f8d0961fa307.mp3]	[sound:電化製品_デンカセ＼ーヒン_4_NHK-2016.mp3]	
1781519741055	1781521645	Doki Doki2-7	文房具	文[ぶん] 房[ぼう] 具[ぐ]	ぶんぼうぐ	bunbōgu	artykuły biurowe/papiernicze	文房具が好きです。	Lubię artykuły papiernicze.			rzeczownik.	文[ぶん] 房[ぼう] 具[ぐ]が 好[す]きです。		[sound:hypertts-f0fcabb36167643789e5a925874e5422edf97e2fb16409ad22354c57.mp3]	[sound:hypertts-1a575732a859d126e92d247464e6ad1d22164f69de94b6f820b2bed0.mp3]	[sound:文房具_ブンボ＼ーク゚_3_NHK-2016.mp3]	"""<span style=""""box-shadow: inset -2px -2px 0 0 #FF6633;"""">ブ</span><span style=""""box-shadow: inset -2px 2px 0 0px #FF6633;"""">ンボ</span><span style=""""box-shadow: inset 0px -2px 0 0px #FF6633;"""">ーク<span style=""""color: red;"""">°</span></span> <span class=""""pitch_number"""">3</span>"""
1781520569972	1781521254	Doki Doki2-7	飼う	飼[か]う	かう	kau	hodować, trzymać (zwierzę domowe)	犬を飼っています。	Trzymam psa.	飼[か]います	飼[か]いません	czasownik gr. 1. Używany w odniesieniu do trzymania zwierząt domowych. Często występuje w formie ciągłej (飼っています).	犬[いぬ]を 飼[か]っています。		[sound:hypertts-db6c6dc357d9a3d2f74a970f5bcc53d8dca96b0eb7ca64dd935dc4ec.mp3]	[sound:hypertts-aadb90be2e0b371011bfed2c46210d4a47acc30b28ab006a99ea71c0.mp3]	[sound:飼う_カ＼ウ_1_NHK-2016.mp3]	"""<span style=""""box-shadow: inset -2px 2px 0 0px #FF6633;"""">カ</span><span style=""""box-shadow: inset 0px -2px 0 0px #FF6633;"""">ウ</span> <span class=""""pitch_number"""">1</span>"""
1781520569973	1781521256	Doki Doki2-7	ごみ	ごみ	ごみ	gomi	śmieci	部屋にごみがあります。	W pokoju są śmieci.			rzeczownik. Słowo często zapisywane w hiraganie (ごみ) lub katakanie (ゴミ). Kanji (塵) istnieje, ale obecnie jest rzadko używane.	部[へ] 屋[や]に ごみが あります。		[sound:hypertts-4d7036cb01481cb5ee8c3213385b7d3c99ca84296c25f97c2570104f.mp3]	[sound:hypertts-1f8cab74a3ea51999b6e9446bab696bdbe2545566cc04c02542c542e.mp3]	[sound:ごみ_ゴミ＼_2_NHK-2016.mp3]	"""<span style=""""box-shadow: inset -2px -2px 0 0 #FF6633;"""">ゴ</span><span style=""""box-shadow: inset 0px 2px 0 0px #FF6633;"""">ミ</span> <span class=""""pitch_number"""">0</span>, <span style=""""box-shadow: inset -2px 2px 0 0px #FF6633;"""">ゴ</span><span style=""""box-shadow: inset 0px -2px 0 0px #FF6633;"""">ミ</span> <span class=""""pitch_number"""">1</span>, <span style=""""box-shadow: inset -2px -2px 0 0 #FF6633;"""">ゴ</span><span style=""""box-shadow: inset -2px 2px 0 0px #FF6633;"""">ミ</span> <span class=""""pitch_number"""">2</span>"""
1781545234685	1781545773	Doki Doki2-8	試験	試験[しけん]	しけん	shiken	egzamin	明日試験があります。	Jutro mam egzamin.			Rzeczownik.	明日[あした] 試験[しけん]が あります。		[sound:hypertts-6f919dd4d07fb1ce6a108eb1cbd8bb56f3020edc1576bbcb11f00352.mp3]	[sound:hypertts-789ff37b1b3580c29eab46ffe0a68f127f450288c1c1f4a07254106b.mp3]	[sound:試験_シケ＼ン_2_NHK-2016.mp3]	"""<span style=""""box-shadow: inset -2px -2px 0 0 #FF6633;""""><span style=""""color: royalblue;"""">シ</span></span><span style=""""box-shadow: inset -2px 2px 0 0px #FF6633;"""">ケ</span><span style=""""box-shadow: inset 0px -2px 0 0px #FF6633;"""">ン</span> <span class=""""pitch_number"""">2</span>"""
1781545234686	1781545774	Doki Doki2-8	電池	電池[でんち]	でんち	denchi	bateria	スーパーで電池を買います。	Kupuję baterię w supermarkecie.			Rzeczownik.	スーパーで 電池[でんち]を 買[か]います。		[sound:hypertts-3480187f8824caa6c364f02359676cf7e652703bcf19d4f965fc17b6.mp3]	[sound:hypertts-63cf2f7cd997ebd2ab902144568bd9781de1fc5c8b1c219de90196da.mp3]	[sound:電池_デ＼ンチ_1_NHK-2016.mp3]	"""<span style=""""box-shadow: inset -2px 2px 0 0px #FF6633;"""">デ</span><span style=""""box-shadow: inset 0px -2px 0 0px #FF6633;"""">ンチ</span> <span class=""""pitch_number"""">1</span>"""
1781545234687	1786021042	Doki Doki2-8 leech	成績	成績[せいせき]	せいせき	seiseki	oceny	私の成績はいいです。	Moje oceny są dobre.			Rzeczownik.	私[わたし]の 成績[せいせき]は いいです。		[sound:hypertts-401a800d40e03f6e1ae2315545d259891daaa5d299bb4805a9e6bdd1.mp3]	[sound:hypertts-127dcf280fc9ce3c63c1061abd00096a573c3f22a26d4074f9bbcd6a.mp3]	[sound:成績_セーセキ━_0_NHK-2016.mp3]	"""<span style=""""box-shadow: inset -2px -2px 0 0 #FF6633;"""">セ</span><span style=""""box-shadow: inset 0px 2px 0 0px #FF6633;"""">イセキ</span> <span class=""""pitch_number"""">0</span>"""
1781545234688	1781545778	Doki Doki2-8	咳	咳[せき]	せき	seki	kaszel	今日は咳が出ます。	Dzisiaj mam kaszel.			Rzeczownik. Często używane w wyrażeniu 咳が出る (kaszleć).	今日[きょう]は 咳[せき]が 出[で]ます。		[sound:hypertts-ad45d3d146130725150c6c8e99e53a7eebd29c476c94e79e0dcc4c65.mp3]	[sound:hypertts-53afbf5250f69afc4557e03adc059e10e795a82521586e86968bce35.mp3]	[sound:咳_セキ＼_2_NHK-2016.mp3]	"""<span style=""""box-shadow: inset -2px -2px 0 0 #FF6633;"""">セ</span><span style=""""box-shadow: inset -2px 2px 0 0px #FF6633;"""">キ</span> <span class=""""pitch_number"""">2</span>"""
1781545234690	1782849648	Doki Doki2-8	有名人	有[ゆう] 名[めい] 人[じん]	ゆうめいじん	yūmeijin	celebryta	あの人は有名な有名人です。	Tamta osoba to sławny celebryta.			Rzeczownik.	あの 人[ひと]は 有名[ゆうめい]な 有名人[ゆうめいじん]です。		[sound:hypertts-f23f8eb069c91d63dd704067c689407270b53e1d929a6d957a0b692c.mp3]	[sound:hypertts-be11233603073a7119e39973451d109c6a8f6def22dfdcd79539bd15.mp3]	[sound:有名人_ユーメ＼ージン_3_NHK-2016.mp3]	"""<span style=""""box-shadow: inset -2px -2px 0 0 #FF6633;"""">ユ</span><span style=""""box-shadow: inset -2px 2px 0 0px #FF6633;"""">ーメ</span><span style=""""box-shadow: inset 0px -2px 0 0px #FF6633;"""">イジン</span> <span class=""""pitch_number"""">3</span>"""
1781545234692	1782849648	Doki Doki2-8	お金持ち	お 金[かね] 持[も]ち	おかねもち	okanemochi	bogacz	彼は大きなお金持ちです。	On jest wielkim bogaczem.			Rzeczownik.	彼[かれ]は 大[おお]きな お 金持[かねも]ちです。	お金 持[も]ち	[sound:hypertts-7c5a12e8bf71a105d4936a6231a93119d1ef0010db8283a40d4b58e5.mp3]	[sound:hypertts-22633d68b4c1c690b5e965ec7048430173240cb08466c468107cf36c.mp3]		"""<span style=""""box-shadow: inset -2px -2px 0 0 #FF6633;"""">オ</span><span style=""""box-shadow: inset 0px 2px 0 0px #FF6633;"""">カネモチ</span> <span class=""""pitch_number"""">0</span>"""
1781545234693	1782849648	Doki Doki2-8	貧乏	貧[びん] 乏[ぼう]	びんぼう	binbō	ubogi	私は貧乏な学生です。	Jestem ubogim studentem.			Na-przymiotnik / Rzeczownik. Często używane z partykułą &quot;na&quot;.	私[わたし]は 貧乏[びんぼう]な 学生[がくせい]です。		[sound:hypertts-1597a4fd9c7a793eaead4f1379471d2bcc9a8a4f683e0aa8e7f585c5.mp3]	[sound:hypertts-82b0d7ab4384045151b4475f05ec980f461b7505431f4ccc7cec9318.mp3]	[sound:貧乏_ビ＼ンボー_1_NHK-2016.mp3]	"""<span style=""""box-shadow: inset -2px 2px 0 0px #FF6633;"""">ビ</span><span style=""""box-shadow: inset 0px -2px 0 0px #FF6633;"""">ンボー</span> <span class=""""pitch_number"""">1</span>"""
1781545234694	1791209153	Doki Doki2-8	生活	生[せい] 活[かつ]	せいかつ	seikatsu	życie, życie codzienne	ポーランドの生活は楽しいです。	Życie w Polsce jest radosne.			Rzeczownik. Oznacza codzienne życie.	ポーランドの 生活[せいかつ]は 楽[たの]しいです。		[sound:hypertts-58d5fc0a53a4ade912b9bc25605c093bb2cc44dfb6cbbfa8b2d5a301.mp3]	[sound:hypertts-6d9ddb95c623c86747ca322c674f6b037ead437cbb138a7a93335058.mp3]	[sound:生活_セーカツ━_0_NHK-2016.mp3]	"""<span style=""""box-shadow: inset -2px -2px 0 0 #FF6633;"""">セ</span><span style=""""box-shadow: inset 0px 2px 0 0px #FF6633;"""">イカツ</span> <span class=""""pitch_number"""">0</span>"""
1781545234695	1782849648	Doki Doki2-8	学期	学[がっ] 期[き]	がっき	gakki	semestr	新しい学期が始まります。	Rozpoczyna się nowy semestr.			Rzeczownik.	新[あたら]しい 学期[がっき]が 始[はじ]まります。		[sound:hypertts-300d7cb024552ca541fab7d19e30a407999397a681e50e024afbd1c3.mp3]	[sound:hypertts-e49f4b4919609809052978b111dddc5aefb8e26f2bb03dc7788500d5.mp3]	[sound:学期_ガッキ━_0_NHK-2016.mp3]	"""<span style=""""box-shadow: inset -2px -2px 0 0 #FF6633;"""">ガ</span><span style=""""box-shadow: inset 0px 2px 0 0px #FF6633;"""">ッキ</span> <span class=""""pitch_number"""">0</span>"""
1781545234696	1781545790	Doki Doki2-8	熱	熱[ねつ]	ねつ	netsu	gorączka	今日は熱があります。	Dzisiaj mam gorączkę.			Rzeczownik. Używane w konstrukcji 熱がある (mieć gorączkę).	今日[きょう]は 熱[ねつ]が あります。		[sound:hypertts-d2e2bcd1d8261cb8c4d6b2282e46e608c855b98894ec9b1cf838f879.mp3]	[sound:hypertts-bfa7fa37dbb6d6381e4b2e8b2bcda660287a928a012a1fb23a192d9e.mp3]	[sound:熱_ネツ＼_2_NHK-2016.mp3]	"""<span style=""""box-shadow: inset -2px -2px 0 0 #FF6633;"""">ネ</span><span style=""""box-shadow: inset -2px 2px 0 0px #FF6633;"""">ツ</span> <span class=""""pitch_number"""">2</span>"""
1781545234698	1781545793	Doki Doki2-8	アパート	アパート	アパート	apāto	mieszkanie	新しいアパートに住んでいます。	Mieszkam w nowym mieszkaniu.			Rzeczownik, zapożyczenie.	新[あたら]しい アパートに 住[す]んでいます。		[sound:hypertts-7315ea0c69228342d0e67d2319d86e7b734341958653e35a9b4f9e10.mp3]	[sound:hypertts-07bc83b94b173b5d079c5c1294102fa123570b3d548d4f393a575940.mp3]	[sound:アパート_アパ＼ート_2_NHK-2016.mp3]	"""<span style=""""box-shadow: inset -2px -2px 0 0 #FF6633;"""">ア</span><span style=""""box-shadow: inset -2px 2px 0 0px #FF6633;"""">パ</span><span style=""""box-shadow: inset 0px -2px 0 0px #FF6633;"""">ート</span> <span class=""""pitch_number"""">2</span>"""
1781545234699	1781545795	Doki Doki2-8	サークル	サークル	サークル	sākuru	koło zainteresowań	大学のサークルに入ります。	Wstępuję do uniwersyteckiego koła zainteresowań.			Rzeczownik, zapożyczenie.	大学[だいがく]の サークルに 入[はい]ります。		[sound:hypertts-a47f9006e6cf2e2a571f04ef4fbb8e919daf5db5bcf7a7d16c627cbf.mp3]	[sound:hypertts-fbdd2933774755343ea1154951d3c702d0f7d7aebf3363da1cd47f4a.mp3]	[sound:サークル_サークル━_0_NHK-2016.mp3] [sound:サークル_サ＼ークル_1_NHK-2016.mp3]	"""<span style=""""box-shadow: inset -2px -2px 0 0 #FF6633;"""">サ</span><span style=""""box-shadow: inset 0px 2px 0 0px #FF6633;"""">ークル</span> <span class=""""pitch_number"""">0</span>, <span style=""""box-shadow: inset -2px 2px 0 0px #FF6633;"""">サ</span><span style=""""box-shadow: inset 0px -2px 0 0px #FF6633;"""">ークル</span> <span class=""""pitch_number"""">1</span>"""
1781545234700	1781545797	Doki Doki2-8	シャワー	シャワー	シャワー	shawā	prysznic	毎朝シャワーを浴びます。	Codziennie rano biorę prysznic.			Rzeczownik, zapożyczenie.	毎朝[まいあさ] シャワーを 浴[あ]びます。		[sound:hypertts-42eaad5ac86e2652076acb8ff5e687173506d67fe8c2cb253c0c4e8b.mp3]	[sound:hypertts-7d675adc70a745e5c77c40cd19893824b1abb616a9bbca0979d85224.mp3]	[sound:シャワー_シャ＼ワー_1_NHK-2016.mp3]	"""<span style=""""box-shadow: inset -2px 2px 0 0px #FF6633;"""">シャ</span><span style=""""box-shadow: inset 0px -2px 0 0px #FF6633;"""">ワー</span> <span class=""""pitch_number"""">1</span>"""
1781545234701	1781545798	Doki Doki2-8	バーベキュー	バーベキュー	バーベキュー	bābekyū	grill, BBQ	友達とバーベキューをします。	Robię grilla z przyjaciółmi.			Rzeczownik, zapożyczenie.	友達[ともだち]と バーベキューを します。		[sound:hypertts-0d81b328899256b22371013159f9ebe1cfee2eda70ae5b5d9f27ed30.mp3]	[sound:hypertts-c9efa22e713df38168cef716992a5d81633c2b25983f9dce87ca371c.mp3]	[sound:バーベキュー_バーベ＼キュー_3_NHK-2016.mp3]	"""<span style=""""box-shadow: inset -2px -2px 0 0 #FF6633;"""">バ</span><span style=""""box-shadow: inset -2px 2px 0 0px #FF6633;"""">ーベ</span><span style=""""box-shadow: inset 0px -2px 0 0px #FF6633;"""">キュー</span> <span class=""""pitch_number"""">3</span>"""
1781545234702	1791203191	Doki Doki2-8	やっぱり	やっぱり	やっぱり	yappari	tak jak myślałem, jednak	やっぱり日本のカメラはいいです。	Tak jak myślałem, japońskie aparaty są dobre.			"""Przysłówek. Potoczna, częsta forma """"yahari""""."""	やっぱり 日本[にほん]の カメラは いいです。		[sound:hypertts-3d10b3dae7191680fac3c2b0837b6595390aa60338ac9a370c61bbfc.mp3]	[sound:hypertts-ddba46269892d9cf2936e1d3f82294cd397ae2b0a3f1de283984e7f1.mp3]	[sound:やっぱり_ヤッパ＼リ_3_NHK-2016.mp3]	"""<span style=""""box-shadow: inset -2px -2px 0 0 #FF6633;"""">ヤ</span><span style=""""box-shadow: inset -2px 2px 0 0px #FF6633;"""">ッパ</span><span style=""""box-shadow: inset 0px -2px 0 0px #FF6633;"""">リ</span> <span class=""""pitch_number"""">3</span>"""
1781545234703	1781545801	Doki Doki2-8	後	後[あと]	あと	ato	potem	後で図書館に行きます。	Potem idę do biblioteki.			Rzeczownik / Przysłówek. Często w konstrukcji 後で (później).	後[あと]で 図書館[としょかん]に 行[い]きます。		[sound:hypertts-da0ce197fcb7af7bd5f2d19b999db113e4d0ad3b412f9e501e7d156f.mp3]	[sound:hypertts-d42118eed45f34c5b878b57e0ce658c162aae80f206fa5a8fe8ee2a4.mp3]	[sound:後_ア＼ト_1_NHK-2016.mp3]	"""<span style=""""box-shadow: inset -2px 2px 0 0px #FF6633;"""">ア</span><span style=""""box-shadow: inset 0px -2px 0 0px #FF6633;"""">ト</span> <span class=""""pitch_number"""">1</span>"""
1781545234704	1782849648	Doki Doki2-8	乾杯	乾[かん] 杯[ぱい]	かんぱい	kanpai	na zdrowie!	お酒を飲んで乾杯します。	Pijemy alkohol i wznosimy toast.	乾杯[かんぱい]します	乾杯[かんぱい]しません	Rzeczownik / Czasownik gr. 3 (z する).	お 酒[さけ]を 飲[の]んで 乾杯[かんぱい]します。		[sound:hypertts-2cd867d0461e5869dd94ca3fe4de7df6557302aa38616c615ca638ba.mp3]	[sound:hypertts-9367479cc37ca73cc5b6465b70b7940c48a8fce166dbfeddb45ad2f4.mp3]	[sound:乾杯_カンパイ━_0_NHK-2016.mp3]	"""<span style=""""box-shadow: inset -2px -2px 0 0 #FF6633;"""">カ</span><span style=""""box-shadow: inset 0px 2px 0 0px #FF6633;"""">ンパイ</span> <span class=""""pitch_number"""">0</span>"""
1781545234706	1789736863	Doki Doki2-8 leech	他に	他[ほか]に	ほかに	hokani	poza tym	他に誰が来ますか。	Kto jeszcze (poza tym) przyjdzie?			Wyrażenie przysłupkowe.	他[ほか]に 誰[だれ]が 来[き]ますか。		[sound:hypertts-cde05c8de5f7f4663795f59866d595bd4409f71bb2c3df486a60495a.mp3]	[sound:hypertts-e7037f7b6a6fcb3229fcbe92192431bb576b67da8ea1d21456e8de26.mp3]	[sound:他に_ホカニ_JapanesePod101.mp3]	
1781545234707	1783844084	Doki Doki2-8	ホームステイ	ホームステイ	ホームステイ	hōmusutei	homestay, nocować (u kogoś)	日本でホームステイをします。	Będę nocować u kogoś w Japonii.	ホームステイします	ホームステイしません	Rzeczownik / Czasownik gr. 3 (zapożyczenie).	日本[にほん]で ホームステイを します。		[sound:hypertts-e77339455913807cda3ba9bf8ba2fcab2cf46b1afa30862b0d126625.mp3]	[sound:hypertts-d0c75baa18d61756e00fb7d2320d66e6a2f8c72aee2b0fe8c39ad12c.mp3]	[sound:ホームステイ_ホームステ＼イ_5_NHK-2016.mp3]	"""<span style=""""box-shadow: inset -2px -2px 0 0 #FF6633;"""">ホ</span><span style=""""box-shadow: inset -2px 2px 0 0px #FF6633;"""">ーム<span style=""""color: royalblue;"""">ス</span>テ</span><span style=""""box-shadow: inset 0px -2px 0 0px #FF6633;"""">イ</span> <span class=""""pitch_number"""">5</span>"""
1781545234708	1781545809	Doki Doki2-8	お疲れ様	お 疲[つか]れ 様[さま]	おつかれさま	otsukaresama	dziękuję za dzisiaj (dobra robota)	今日はお疲れ様でした。	Dziękuję za dzisiaj (dobra robota).			Zwrot grzecznościowy po zakończeniu pracy/zajęć. Często w formie お疲れ様です/でした。	今日[きょう]は お 疲[つか]れ 様[さま]でした。		[sound:hypertts-8bd34ce1a36b860d4f11df53b6978ced48bafa45c0e295d15f235d66.mp3]	[sound:hypertts-c4c86b4692eb40994af7a4cca8ce3ef4401f08bddcb4d735366a12bc.mp3]	[sound:お疲れ様_オツカレサマ_TAAS.mp3] [sound:お疲れ様_オツカレサマ_TAAS(1).mp3]	"""<span style=""""box-shadow: inset -2px -2px 0 0 #FF6633;"""">オ</span><span style=""""box-shadow: inset 0px 2px 0 0px #FF6633;"""">ツカレサマ</span> <span class=""""pitch_number"""">0</span>"""
1781545234709	1781545811	Doki Doki2-8	始まる	始[はじ]まる	はじまる	hajimaru	zaczynać się	四月に新しい学期が始まります。	W kwietniu zaczyna się nowy semestr.	始[はじ]まります	始[はじ]まりません	Czasownik gr. 1 (nieprzechodni).	四月[しがつ]に 新[あたら]しい 学期[がっき]が 始[はじ]まります。		[sound:hypertts-19156ae20d8ed7463d8fc91a506ce9a5b117ea0c09a98f899caac51e.mp3]	[sound:hypertts-87a69af2a3e626b52e6185ea2166d9fed3aa6affc8242577f0586e90.mp3]	[sound:始まる_ハジマル━_0_NHK-2016.mp3]	"""<span style=""""box-shadow: inset -2px -2px 0 0 #FF6633;"""">ハ</span><span style=""""box-shadow: inset 0px 2px 0 0px #FF6633;"""">ジマル</span> <span class=""""pitch_number"""">0</span>"""
1781545234710	1781545812	Doki Doki2-8	受ける	(を) 受[う]ける	うける	ukeru	podchodzić do egzaminu	明日、日本語の試験を受けます。	Jutro podchodzę do egzaminu z japońskiego.	受[う]けます	受[う]けません	Czasownik gr. 2.	明日[あした]、 日本語[にほんご]の 試験[しけん]を 受[う]けます。		[sound:hypertts-94a170b7884c382657333a35f08990aa23d750e2c833d731e562bcbb.mp3]	[sound:hypertts-62221da5822ee58644169f91ee904107c99c3ca2ad7f483066f405ee.mp3]	[sound:受ける_ウケ＼ル_2_NHK-2016.mp3]	"""<span style=""""box-shadow: inset -2px -2px 0 0 #FF6633;"""">ウ</span><span style=""""box-shadow: inset -2px 2px 0 0px #FF6633;"""">ケ</span><span style=""""box-shadow: inset 0px -2px 0 0px #FF6633;"""">ル</span> <span class=""""pitch_number"""">2</span>"""
1781545234711	1781545814	Doki Doki2-8	受かる	(に) 受[う]かる	うかる	ukaru	zdać egzamin	難しい試験に受かりました。	Zdałem trudny egzamin.	受[う]かります	受[う]かりません	Czasownik gr. 1. Zwykle z partykułą に.	難[むずか]しい 試験[しけん]に 受[う]かりました。		[sound:hypertts-d56a986336631818ed1c7ffb517dcfa5600fc0b2ea99bd3b0a4e8b6a.mp3]	[sound:hypertts-3f2341f04b74b4856b56d6cbfc55756e413254cd52b2ac8534fc4a23.mp3]	[sound:受かる_ウカ＼ル_2_NHK-2016.mp3]	"""<span style=""""box-shadow: inset -2px -2px 0 0 #FF6633;"""">ウ</span><span style=""""box-shadow: inset -2px 2px 0 0px #FF6633;"""">カ</span><span style=""""box-shadow: inset 0px -2px 0 0px #FF6633;"""">ル</span> <span class=""""pitch_number"""">2</span>"""
1781545234712	1781545815	Doki Doki2-8	要る	要[い]る	いる	iru	potrzebować	新しいパソコンが要ります。	Potrzebuję nowego komputera.	要[い]ります	要[い]りません	Czasownik gr. 1 (wyjątek!). Używany z partykułą が. Kanji rzadko używane w codziennym życiu.	新[あたら]しい パソコンが 要[い]ります。		[sound:hypertts-96f47e816756d52099c831ca836cca5aead8a94032099334ab8c24a4.mp3]	[sound:hypertts-958f10b588026046249825f7e7579689ad2df60d1f2013bace7d8965.mp3]	[sound:要る_イル━_0_NHK-2016.mp3]	"""<span style=""""box-shadow: inset -2px -2px 0 0 #FF6633;"""">イ</span><span style=""""box-shadow: inset 0px 2px 0 0px #FF6633;"""">ル</span> <span class=""""pitch_number"""">0</span>"""
1781545234713	1781545817	Doki Doki2-8	誘う	誘[さそ]う	さそう	sasou	zapraszać	友達をパーティーに誘います。	Zapraszam przyjaciela na imprezę.	誘[さそ]います	誘[さそ]いません	Czasownik gr. 1.	友達[ともだち]を パーティーに 誘[さそ]います。		[sound:hypertts-fb42e7b935214aa868f235761aa2804abecbb3744247b8ca5c22f45f.mp3]	[sound:hypertts-6eb3ac94e7d905d06bbec70a36ad7beac8944514ddc14826e92b2cd5.mp3]	[sound:誘う_サソウ━_0_NHK-2016.mp3]	"""<span style=""""box-shadow: inset -2px -2px 0 0 #FF6633;"""">サ</span><span style=""""box-shadow: inset 0px 2px 0 0px #FF6633;"""">ソウ</span> <span class=""""pitch_number"""">0</span>"""
1781545234715	1781545820	Doki Doki2-8	遅くなる	遅[おそ]くなる	おそくなる	osokunaru	robi się późno	夜遅くなります。	Robi się późno w nocy.	遅[おそ]くなります	遅[おそ]くなりません	Czasownik gr. 1. Złożenie przymiotnika 遅い i czasownika なる.	夜[よる] 遅[おそ]くなります。		[sound:hypertts-b8a9f6f5bdfa50546ef95f4467192470574a47b9faf2c5608373f791.mp3]	[sound:hypertts-bec6439274d4c831b09dc435a3255cec136e85848ac72afcbc91268d.mp3]		
1781545234716	1781545822	Doki Doki2-8	歯を磨く	歯[は]を 磨[みが]く	はをみがく	ha o migaku	myć zęby	毎朝歯を磨きます。	Codziennie rano myję zęby.	歯[は]を 磨[みが]きます	歯[は]を 磨[みが]きません	Wyrażenie z czasownikiem gr. 1.	毎朝[まいあさ] 歯[は]を 磨[みが]きます。		[sound:hypertts-e5554a40a0b0992de58e059bd6d0aab321ed3cd4c51b83445e800fc9.mp3]	[sound:hypertts-285dd78ad20b5c7449d61540c9d46e0b6788715618224475223db366.mp3]	[sound:歯を磨く_ハヲミガク_TAAS.mp3] [sound:歯を磨く_ハヲミガク_TAAS(1).mp3]	
1781545234717	1783761238	Doki Doki2-8	感動する	感[かん] 動[どう]する	かんどうする	kandō suru	być poruszonym, wzruszyć się	この映画を見て感動しました。	Byłem poruszony po obejrzeniu tego filmu.	感動[かんどう]します	感動[かんどう]しません	Czasownik gr. 3 (z する).	この 映画[えいが]を 見[み]て 感動[かんどう]しました。		[sound:hypertts-19ad7c32a0cec087c81dea9741038d632c19791c36531aad0230584e.mp3]	[sound:hypertts-9b703be188457364a3bc08fa1fd8cc6668202ed65aa53f3f15c26d01.mp3]	[sound:感動する_カンドウスル_TAAS.mp3] [sound:感動する_カンドウスル_TAAS(1).mp3]	"""<span style=""""box-shadow: inset -2px -2px 0 0 #FF6633;"""">カ</span><span style=""""box-shadow: inset 0px 2px 0 0px #FF6633;"""">ンドウスル</span> <span class=""""pitch_number"""">0</span>"""
1781545234718	1781545825	Doki Doki2-8	カンニングする	カンニングする	カンニングする	kanningu suru	ściągać od kogoś	試験でカンニングしてはいけません。	Nie wolno ściągać na egzaminie.	カンニングします	カンニングしません	Czasownik gr. 3 (zapożyczenie z ang. cunning).	試験[しけん]で カンニングしてはいけません。		[sound:hypertts-46d21b71feb5434454371a4d78452f162a126a206716041f877534ad.mp3]	[sound:hypertts-0911111c7d1291ddd56cf5d7ebcfd39195332b41f8d866717b73674c.mp3]		"""<span style=""""box-shadow: inset -2px -2px 0 0 #FF6633;"""">カ</span><span style=""""box-shadow: inset 0px 2px 0 0px #FF6633;"""">ンニングスル</span> <span class=""""pitch_number"""">0</span>"""
1781545234719	1781545827	Doki Doki2-8	探す	探[さが]す	さがす	sagasu	szukać	新しいアパートを探します。	Szukam nowego mieszkania.	探[さが]します	探[さが]しません	Czasownik gr. 1.	新[あたら]しい アパートを 探[さが]します。		[sound:hypertts-2de289ed10f81e0f77b21d82a422e9936be4a92910245f755080318c.mp3]	[sound:hypertts-ec767798129c937ad0a377b3a1bdc2ab083203492bf47ec61692d13f.mp3]	[sound:探す_サカ゚ス━_0_NHK-2016.mp3]	"""<span style=""""box-shadow: inset -2px -2px 0 0 #FF6633;"""">サ</span><span style=""""box-shadow: inset 0px 2px 0 0px #FF6633;"""">カ<span style=""""color: red;"""">°</span>ス</span> <span class=""""pitch_number"""">0</span>"""
1781545234720	1781545828	Doki Doki2-8	見つける	見[み]つける	みつける	mitsukeru	znaleźć	いい仕事を見つけました。	Znalazłem dobrą pracę.	見[み]つけます	見[み]つけません	Czasownik gr. 2.	いい 仕事[しごと]を 見[み]つけました。		[sound:hypertts-82ada04bf2bf2653fcde233589aeced22a5182fc583725e36f52fea3.mp3]	[sound:hypertts-f88636da1d8ffa4cbaedd050125e16e4778e025529993f99f6d42a00.mp3]	[sound:見つける_ミツケル━_0_NHK-2016.mp3]	"""<span style=""""box-shadow: inset -2px -2px 0 0 #FF6633;"""">ミ</span><span style=""""box-shadow: inset 0px 2px 0 0px #FF6633;""""><span style=""""color: royalblue;"""">ツ</span>ケル</span> <span class=""""pitch_number"""">0</span>"""
1781545234721	1781545830	Doki Doki2-8	直す	直[なお]す	なおす	naosu	naprawić	お父さんがパソコンを直しました。	Tata naprawił komputer.	直[なお]します	直[なお]しません	Czasownik gr. 1.	お 父[とう]さんが パソコンを 直[なお]しました。		[sound:hypertts-a21e61c864d9d2d8579cb0cb490d87589e9f944f7b034c364bc19cd6.mp3]	[sound:hypertts-b1a2e5161792e4aacb1514e9689ad6e6457ba09ce4eaf99218e84178.mp3]	[sound:直す_ナオ＼ス_2_NHK-2016.mp3]	"""<span style=""""box-shadow: inset -2px -2px 0 0 #FF6633;"""">ナ</span><span style=""""box-shadow: inset -2px 2px 0 0px #FF6633;"""">オ</span><span style=""""box-shadow: inset 0px -2px 0 0px #FF6633;"""">ス</span> <span class=""""pitch_number"""">2</span>"""
1781545234722	1781545831	Doki Doki2-8	壊れる	壊[こわ]れる	こわれる	kowareru	popsuć się	カメラが壊れました。	Aparat się popsuł.	壊[こわ]れます	壊[こわ]れません	Czasownik gr. 2 (nieprzechodni).	カメラが 壊[こわ]れました。		[sound:hypertts-ee378a900488f7bc86df9371978437220d4b7a9ce7e338f7957539bc.mp3]	[sound:hypertts-96161071dd6ce298831eb17f881d388ca1684c968d86fb8488f1cdff.mp3]	[sound:壊れる_コワレ＼ル_3_NHK-2016.mp3]	"""<span style=""""box-shadow: inset -2px -2px 0 0 #FF6633;"""">コ</span><span style=""""box-shadow: inset -2px 2px 0 0px #FF6633;"""">ワレ</span><span style=""""box-shadow: inset 0px -2px 0 0px #FF6633;"""">ル</span> <span class=""""pitch_number"""">3</span>"""
1781545234724	1781545835	Doki Doki2-8	咳が出る	咳[せき]が 出[で]る	せきがでる	seki ga deru	kaszleć	今日は咳が出ます。	Dzisiaj kaszlę.	咳[せき]が 出[で]ます	咳[せき]が 出[で]ません	Wyrażenie z czasownikiem gr. 2.	今日[きょう]は 咳[せき]が 出[で]ます。		[sound:hypertts-9226de3d6638f884b1f1b7cd900259aeab7435a79aeccceabb5a1bde.mp3]	[sound:hypertts-53afbf5250f69afc4557e03adc059e10e795a82521586e86968bce35.mp3]		
1781545234725	1781545836	Doki Doki2-8	決める	決[き]める	きめる	kimeru	decydować	大学を決めます。	Wybieram uniwersytet.	決[き]めます	決[き]めません	Czasownik gr. 2.	大学[だいがく]を 決[き]めます。		[sound:hypertts-23b1459e790977c33e43bd05d019433cee11c7252f57fba55ce3fe58.mp3]	[sound:hypertts-d266e0dda6d14ff66ba361987e37f86180d3073975a9459eefd22ec7.mp3]	[sound:決める_キメル━_0_NHK-2016.mp3]	"""<span style=""""box-shadow: inset -2px -2px 0 0 #FF6633;"""">キ</span><span style=""""box-shadow: inset 0px 2px 0 0px #FF6633;"""">メル</span> <span class=""""pitch_number"""">0</span>"""
1781545234726	1781545838	Doki Doki2-8	払う	払[はら]う	はらう	harau	płacić	レストランでお金を払います。	Płacę pieniądze w restauracji.	払[はら]います	払[はら]いません	Czasownik gr. 1.	レストランで お 金[かね]を 払[はら]います。		[sound:hypertts-1ca7b11072afb85449e40cfa2eff75feb556fa468bb32a83ab015ea9.mp3]	[sound:hypertts-c1d9e495f7d48750dc1cc4ced4fbac7654059234760555e90f86a0ac.mp3]	[sound:払う_ハラ＼ウ_2_NHK-2016.mp3]	"""<span style=""""box-shadow: inset -2px -2px 0 0 #FF6633;"""">ハ</span><span style=""""box-shadow: inset -2px 2px 0 0px #FF6633;"""">ラ</span><span style=""""box-shadow: inset 0px -2px 0 0px #FF6633;"""">ウ</span> <span class=""""pitch_number"""">2</span>"""
1781545234727	1781545839	Doki Doki2-8	無くす	無[な]くす	なくす	nakusu	zgubić	私は教科書を無くしました。	Zgubiłem podręcznik.	無[な]くします	無[な]くしません	Czasownik gr. 1. Często zapisywane tylko w hiraganie.	私[わたし]は 教科書[きょうかしょ]を 無[な]くしました。		[sound:hypertts-d447e2e83aff8c3e175326d4de86a58c321e90417122e3ea47a2bad7.mp3]	[sound:hypertts-3e0b22266cef6582728b2afad143c713dce8970de36e492f6afe1f7c.mp3]	[sound:無くす_ナクス━_0_NHK-2016.mp3]	"""<span style=""""box-shadow: inset -2px -2px 0 0 #FF6633;"""">ナ</span><span style=""""box-shadow: inset 0px 2px 0 0px #FF6633;""""><span style=""""color: royalblue;"""">ク</span>ス</span> <span class=""""pitch_number"""">0</span>"""
1781545234728	1790171149	Doki Doki2-8 leech	約束を守る	約[やく] 束[そく]を 守[まも]る	やくそくをまもる	yakusoku o mamoru	dotrzymać obietnicy	友達と約束を守ります。	Dotrzymuję obietnicy danej przyjacielowi.	約束[やくそく]を 守[まも]ります	約束[やくそく]を 守[まも]りません	Wyrażenie z czasownikiem gr. 1.	友達[ともだち]と 約束[やくそく]を 守[まも]ります。		[sound:hypertts-2eb609160bbe0872c9ad260a520273ca8a5497ec5c865505c464ade5.mp3]	[sound:hypertts-30d308af18822dc8dead093c3a0ae93355e78a9b3cbe108276e0fc62.mp3]		
1781545234729	1782849648	Doki Doki2-8	充電する	充[じゅう] 電[でん]する	じゅうでんする	jūden suru	ładować (baterie)	電池を充電します。	Ładuję baterię.	充電[じゅうでん]します	充電[じゅうでん]しません	Czasownik gr. 3 (z する).	電池[でんち]を 充電[じゅうでん]します。		[sound:hypertts-1d9821bcb50466c98ac9cbc461750bb56f79c7c7ee582f7d7298453c.mp3]	[sound:hypertts-61ac785aaa5d88064cc2e6d2a459ea6b1959e357a22b7951f017049c.mp3]	[sound:充電する_ジュウデンスル_TAAS.mp3] [sound:充電する_ジュウデンスル_TAAS(1).mp3]	"""<span style=""""box-shadow: inset -2px -2px 0 0 #FF6633;"""">ジュ</span><span style=""""box-shadow: inset 0px 2px 0 0px #FF6633;"""">ウデンスル</span> <span class=""""pitch_number"""">0</span>"""
1781545234731	1782849648	Doki Doki2-8	電池が切れる	電[でん] 池[ち]が 切[き]れる	でんちがきれる	denchi ga kireru	bateria się rozładowuje	スマホの電池が切れました。	Bateria w smartfonie się rozładowała.	電池[でんち]が 切[き]れます	電池[でんち]が 切[き]れません	Wyrażenie z czasownikiem gr. 2.	スマホの 電池[でんち]が 切[き]れました。		[sound:hypertts-29ccce25a875e74aa45c1c2de3f00ecee206639a89c8aa9399bb55f7.mp3]	[sound:hypertts-f06e898bd999083483d1e0b3a3d46ceea47f858201edff9f6ae7aeb8.mp3]		
1781545234737	1781545855	Doki Doki2-8	重い	重[おも]い	おもい	omoi	ciężki	この鞄は重いです。	Ta torba jest ciężka.			i-przymiotnik.	この 鞄[かばん]は 重[おも]いです。		[sound:hypertts-384d188f2ff0f045b757427f64c8c8ffa0444d378e02fcd45b4cbe76.mp3]	[sound:hypertts-5c32aeae9f973a654bee9a61a647ee4f565b03f2253d62b5490c4562.mp3]	[sound:重い_オモイ━_0_NHK-2016.mp3]	"""<span style=""""box-shadow: inset -2px -2px 0 0 #FF6633;"""">オ</span><span style=""""box-shadow: inset 0px 2px 0 0px #FF6633;"""">モイ</span> <span class=""""pitch_number"""">0</span>"""
1781545234738	1781545857	Doki Doki2-8	軽い	軽[かる]い	かるい	karui	lekki	この靴は軽いです。	Te buty są lekkie.			i-przymiotnik.	この 靴[くつ]は 軽[かる]いです。		[sound:hypertts-2a28dccaf5fda993c1f92e6fe53cca9f1aceb1adc053ef395a49b2fe.mp3]	[sound:hypertts-a282773f8d7aa1ab223bdbe353e2340c690cec38cd20c387493e5e0e.mp3]	[sound:軽い_カルイ━_0_NHK-2016.mp3]	"""<span style=""""box-shadow: inset -2px -2px 0 0 #FF6633;"""">カ</span><span style=""""box-shadow: inset 0px 2px 0 0px #FF6633;"""">ルイ</span> <span class=""""pitch_number"""">0</span>"""
1781545234741	1781545860	Doki Doki2-8	嬉しい	嬉[うれ]しい	うれしい	ureshii	zadowolony	プレゼントを貰って、嬉しいです。	Dostałem prezent i jestem zadowolony.			i-przymiotnik.	プレゼントを 貰[もら]って、 嬉[うれ]しいです。		[sound:hypertts-def733675e31bbdd31102b062efcc7fc437b17121be29dc62c3770d4.mp3]	[sound:hypertts-a788fa51f86b5510e3d8187bc61ab6b6f6c4305543f219439eaf5c94.mp3]	[sound:嬉しい_ウレシ＼イ_3_NHK-1998.mp3]	"""<span style=""""box-shadow: inset -2px -2px 0 0 #FF6633;"""">ウ</span><span style=""""box-shadow: inset -2px 2px 0 0px #FF6633;"""">レシ</span><span style=""""box-shadow: inset 0px -2px 0 0px #FF6633;"""">イ</span> <span class=""""pitch_number"""">3</span>"""
1781545234742	1781545861	Doki Doki2-8	悲しい	悲[かな]しい	かなしい	kanashii	smutny	悲しい映画を見ました。	Obejrzałem smutny film.			i-przymiotnik.	悲[かな]しい 映画[えいが]を 見[み]ました。		[sound:hypertts-43c1488371bbc5a8e05a84145095f7d76ed08f7fc6557b97af8bdd6c.mp3]	[sound:hypertts-81c9fac7a214b807cde1de294e8f63ec53b3546b6567bb8736383f5b.mp3]	[sound:悲しい_カナシイ━_0_NHK-2016.mp3] [sound:悲しい_カナシ＼イ_3_NHK-2016.mp3]	"""<span style=""""box-shadow: inset -2px -2px 0 0 #FF6633;"""">カ</span><span style=""""box-shadow: inset 0px 2px 0 0px #FF6633;"""">ナシイ</span> <span class=""""pitch_number"""">0</span>"""
1781545234743	1784359667	Doki Doki2-8	幸せ	幸[しあわ]せ	しあわせ	shiawase	szczęśliwy, szczęście	私はとても幸せです。	Jestem bardzo szczęśliwy.			na-przymiotnik.	私[わたし]は とても 幸[しあわ]せです。		[sound:hypertts-7f3cc1e7a161f1f7d7335d0aac2037944dd053afc419b7901b1ee559.mp3]	[sound:hypertts-c9b8cca608da1b60f0825abf64c023d6d3a2b544e52240f11bfb42db.mp3]	[sound:幸せ_シアワセ━_0_NHK-2016.mp3]	"""<span style=""""box-shadow: inset -2px -2px 0 0 #FF6633;"""">シ</span><span style=""""box-shadow: inset 0px 2px 0 0px #FF6633;"""">アワセ</span> <span class=""""pitch_number"""">0</span>"""
1781545234744	1783584350	Doki Doki2-8	大事	大[だい] 事[じ]	だいじ	daiji	ważny (obiektywnie)	これは大事なテストです。	To jest ważny test.			na-przymiotnik. Zastosowanie: Praca, zdrowie, egzaminy, ważne dokumenty.<div>Utarty zwrot お大事に (Odaiji ni), oznaczający „Zdrowiej!” lub „Dbaj o siebie”, bazuje właśnie na tym słowie (dosłownie: traktuj swoje zdrowie jako ważną sprawę).</div>	これは 大事[だいじ]な テストです。		[sound:hypertts-ace56d13582747a297ac6be8e88460f72f45d388b923a141099899a7.mp3]	[sound:hypertts-95f2cfa0f683f16ce1d4318acdbac843a74743c79654c54fbde2edcd.mp3]	[sound:大事_ダイジ━_0_NHK-2016.mp3] [sound:大事_ダ＼イジ_1_NHK-2016.mp3] [sound:大事_ダイジ＼_3_NHK-2016.mp3]	"""<span style=""""box-shadow: inset -2px -2px 0 0 #FF6633;"""">ダ</span><span style=""""box-shadow: inset 0px 2px 0 0px #FF6633;"""">イジ</span> <span class=""""pitch_number"""">0</span>, <span style=""""box-shadow: inset -2px 2px 0 0px #FF6633;"""">ダ</span><span style=""""box-shadow: inset 0px -2px 0 0px #FF6633;"""">イジ</span> <span class=""""pitch_number"""">1</span>, <span style=""""box-shadow: inset -2px -2px 0 0 #FF6633;"""">ダ</span><span style=""""box-shadow: inset -2px 2px 0 0px #FF6633;"""">イジ</span> <span class=""""pitch_number"""">3</span>"""
1781545234745	1782849648	Doki Doki2-8	駄目	駄[だ] 目[め]	だめ	dame	niedobry, niedozwolony	ここでタバコは駄目です。	Papierosy są tu niedozwolone.			na-przymiotnik. Często zapisywane tylko w hiraganie.	ここで タバコは 駄目[だめ]です。		[sound:hypertts-4d4a9a397968d62c009d42b9d78422bb2e45f0f8ed07348916781b93.mp3]	[sound:hypertts-d88135e51600c41cb4d766ba57c1b0e80ec39f3ab4f978e1330bc374.mp3]	[sound:駄目_ダメ＼_2_NHK-1998.mp3]	"""<span style=""""box-shadow: inset -2px -2px 0 0 #FF6633;"""">ダ</span><span style=""""box-shadow: inset -2px 2px 0 0px #FF6633;"""">メ</span> <span class=""""pitch_number"""">2</span>"""
1781545234746	1782849648	Doki Doki2-8	必要	必[ひつ] 要[よう]	ひつよう	hitsuyō	potrzebny	日本語の辞書は必要です。	Słownik japońskiego jest potrzebny.			na-przymiotnik.	日本語[にほんご]の 辞書[じしょ]は 必要[ひつよう]です。		[sound:hypertts-a6a50bb03ee5e6dc91a0e047e833045f1954287f40b04fc5fb850bef.mp3]	[sound:hypertts-e73d70e6c95d622ba428ab315df3e00f30e6472a0e2e1b5f89d44208.mp3]	[sound:必要_ヒツヨー━_0_NHK-2016.mp3]	"""<span style=""""box-shadow: inset -2px -2px 0 0 #FF6633;""""><span style=""""color: royalblue;"""">ヒ</span></span><span style=""""box-shadow: inset 0px 2px 0 0px #FF6633;"""">ツヨー</span> <span class=""""pitch_number"""">0</span>"""
1781545234747	1781545869	Doki Doki2-8	眠い	眠[ねむ]い	ねむい	nemui	śpiący	夜遅くて眠いです。	Jest późno w nocy i jestem śpiący.			i-przymiotnik.	夜[よる] 遅[おそ]くて 眠[ねむ]いです。		[sound:hypertts-ab5af13d4a630b8f418075c4313e456d7915bcebf31f497ea8a35887.mp3]	[sound:hypertts-436ce757fe042269df3fd224651474c9b40c1cbc1030cda75a9e6a95.mp3]	[sound:眠い_ネムイ━_0_NHK-2016.mp3] [sound:眠い_ネム＼イ_2_NHK-2016.mp3]	"""<span style=""""box-shadow: inset -2px -2px 0 0 #FF6633;"""">ネ</span><span style=""""box-shadow: inset 0px 2px 0 0px #FF6633;"""">ムイ</span> <span class=""""pitch_number"""">0</span>"""
1781545234749	1781545872	Doki Doki2-8	キャベツ	キャベツ	キャベツ	kyabetsu	kapusta	スーパーでキャベツを買います。	Kupuję kapustę w supermarkecie.			Rzeczownik, zapożyczenie.	スーパーで キャベツを 買[か]います。		[sound:hypertts-05b56222cc27044edc5cd516356dd8b77fd72236db922db086d2d872.mp3]	[sound:hypertts-052824401e7f5cf895a47e01cb50ac91d5e7a534b183c011a5ca0f14.mp3]	[sound:キャベツ_キャ＼ベツ_1_NHK-2016.mp3]	"""<span style=""""box-shadow: inset -2px 2px 0 0px #FF6633;"""">キャ</span><span style=""""box-shadow: inset 0px -2px 0 0px #FF6633;"""">ベツ</span> <span class=""""pitch_number"""">1</span>"""
1781545234750	1782849648	Doki Doki2-8	玉葱	玉[たま] 葱[ねぎ]	たまねぎ	tamanegi	cebula	玉葱を切ります。	Kroję cebulę.			Rzeczownik.	玉葱[たまねぎ]を 切[き]ります。		[sound:hypertts-b6a0853105910be620ad01efbe5227a43580b64e6fdde782b753cbc2.mp3]	[sound:hypertts-7d5f57b0073cd28775d30b00914256d7959ae7c7d116569cfaf0c32c.mp3]	[sound:玉葱_タマネ＼キ゚_3_NHK-2016.mp3]	"""<span style=""""box-shadow: inset -2px -2px 0 0 #FF6633;"""">タ</span><span style=""""box-shadow: inset -2px 2px 0 0px #FF6633;"""">マネ</span><span style=""""box-shadow: inset 0px -2px 0 0px #FF6633;"""">キ<span style=""""color: red;"""">°</span></span> <span class=""""pitch_number"""">3</span>"""
1781545234751	1781545876	Doki Doki2-8	トマト	トマト	トマト	tomato	pomidor	トマトはおいしいです。	Pomidor jest pyszny.			Rzeczownik, zapożyczenie.	トマトは おいしいです。		[sound:hypertts-bcb86eaa8996a4d09d35e0e9c53fe0ab083c26a70e0743225b764733.mp3]	[sound:hypertts-b846a3a4318aa130d5a7b8cbc6fa36945ba4d68c1035ae346228a624.mp3]	[sound:トマト_ト＼マト_1_NHK-2016.mp3]	"""<span style=""""box-shadow: inset -2px 2px 0 0px #FF6633;"""">ト</span><span style=""""box-shadow: inset 0px -2px 0 0px #FF6633;"""">マト</span> <span class=""""pitch_number"""">1</span>"""
1781545234752	1784363973	Doki Doki2-8	パプリカ	パプリカ	パプリカ	papurika	papryka czerwona, papryka (przyprawa)	パプリカは赤いです。	Papryka jest czerwona.			Rzeczownik, zapożyczenie.	パプリカは 赤[あか]いです。		[sound:hypertts-0880cc262147f1442e74d5ae856c9a9001863cbe0e3dff517b4edf0b.mp3]	[sound:hypertts-8b343710f286bc00c1890c767156ddbebd3f9e3077811f6ee2fce340.mp3]	[sound:パプリカ_パプ＼リカ_2_NHK-2016.mp3]	"""<span style=""""box-shadow: inset -2px -2px 0 0 #FF6633;"""">パ</span><span style=""""box-shadow: inset -2px 2px 0 0px #FF6633;"""">プ</span><span style=""""box-shadow: inset 0px -2px 0 0px #FF6633;"""">リカ</span> <span class=""""pitch_number"""">2</span>"""
1781545234753	1782849648	Doki Doki2-8	人参	人[にん] 参[じん]	にんじん	ninjin	marchewka	人参が好きです。	Lubię marchewkę.			Rzeczownik.	人参[にんじん]が 好[す]きです。		[sound:hypertts-1e8074ae8c7f0b04bec637292b8f2bddedf495afa61c714380f33584.mp3]	[sound:hypertts-be5932811c2e9f7041a830e12dfad300cdad5e319af011575ca9af39.mp3]	[sound:人参_ニンジン━_0_NHK-2016.mp3]	"""<span style=""""box-shadow: inset -2px -2px 0 0 #FF6633;"""">ニ</span><span style=""""box-shadow: inset 0px 2px 0 0px #FF6633;"""">ンジン</span> <span class=""""pitch_number"""">0</span>"""
1781545234754	1782885731	Doki Doki2-8	茄子	茄子[なす]	なす	nasu	bakłażan	茄子を買いました。	Kupiłem bakłażana.			Rzeczownik.	茄子[なす]を 買[か]いました。		[sound:hypertts-f04fbe3f3ad4323b779cd19fc330913d2cae73498e37b114c3ab08fb.mp3]	[sound:hypertts-c2315e606b507cbff972b04726f9aaf23d948ee66d9670defd13b3c3.mp3]	[sound:茄子_ナ＼ス_1_NHK-1998.mp3]	"""<span style=""""box-shadow: inset -2px 2px 0 0px #FF6633;"""">ナ</span><span style=""""box-shadow: inset 0px -2px 0 0px #FF6633;"""">ス</span> <span class=""""pitch_number"""">1</span>"""
1781545234755	1781545882	Doki Doki2-8	レタス	レタス	レタス	retasu	sałata	レタスを洗います。	Myję sałatę.			Rzeczownik, zapożyczenie.	レタスを 洗[あら]います。		[sound:hypertts-208f1a854599a6eed835a4bb2717c1da8cbb14e25ca93a3e6ff0159c.mp3]	[sound:hypertts-dcf1d5eb4797805b9c92f7ec95c7f4e4970bb1a4405800dec5fe5d6d.mp3]	[sound:レタス_レ＼タス_1_NHK-2016.mp3]	"""<span style=""""box-shadow: inset -2px 2px 0 0px #FF6633;"""">レ</span><span style=""""box-shadow: inset 0px -2px 0 0px #FF6633;"""">タス</span> <span class=""""pitch_number"""">1</span>"""
1781545234758	1781545885	Doki Doki2-8	バナナ	バナナ	バナナ	banana	banan	バナナを食べます。	Jem banana.			Rzeczownik, zapożyczenie.	バナナを 食[た]べます。		[sound:hypertts-da10efb034c9c36f538f16c93e0f1e345f805378862a130bc61577a3.mp3]	[sound:hypertts-8ae8a5b5782e6fbe57cfa3824b975440e40e4c8fbc0825f61823bd42.mp3]	[sound:バナナ_バ＼ナナ_1_NHK-2016.mp3]	"""<span style=""""box-shadow: inset -2px 2px 0 0px #FF6633;"""">バ</span><span style=""""box-shadow: inset 0px -2px 0 0px #FF6633;"""">ナナ</span> <span class=""""pitch_number"""">1</span>"""
1781545234759	1781545887	Doki Doki2-8	ぶどう	ぶどう	ぶどう	budō	winogrona	ぶどうを買います。	Kupuję winogrona.			Rzeczownik. Czasami zapisywane w kanji (葡萄).	ぶどうを 買[か]います。		[sound:hypertts-eb5a12f704640b0cb6ac27fad8e67d86dffcdd4c2f083d478902300f.mp3]	[sound:hypertts-fd8b1086f369b8f8f8a7a3e9901e38b1c47d8c68ccf87ea06dd35ebd.mp3]	[sound:ぶどう_ブドー━_0_NHK-2016.mp3] [sound:ぶどう_ブ＼ドー_1_NHK-2016.mp3]	"""<span style=""""box-shadow: inset -2px -2px 0 0 #FF6633;"""">ブ</span><span style=""""box-shadow: inset 0px 2px 0 0px #FF6633;"""">ドー</span> <span class=""""pitch_number"""">0</span>, <span style=""""box-shadow: inset -2px 2px 0 0px #FF6633;"""">ブ</span><span style=""""box-shadow: inset 0px -2px 0 0px #FF6633;"""">ドウ</span> <span class=""""pitch_number"""">1</span>, <span style=""""box-shadow: inset -2px 2px 0 0px #FF6633;"""">ブ</span><span style=""""box-shadow: inset 0px -2px 0 0px #FF6633;"""">ドー</span> <span class=""""pitch_number"""">1</span>"""
1781545234760	1781545888	Doki Doki2-8	桃	桃[もも]	もも	momo	brzoskwinia	桃はおいしいです。	Brzoskwinia jest pyszna.			Rzeczownik.	桃[もも]は おいしいです。		[sound:hypertts-20204fa1d6f4b79b0be63750a5ef01b96028d3cccaa1bdeca2421cc7.mp3]	[sound:hypertts-e5195fab14c815f7539a1834a7ea3b63b2be94d0e58da3220aaa95d0.mp3]	[sound:桃_モモ━_0_NHK-2016.mp3]	"""<span style=""""box-shadow: inset -2px -2px 0 0 #FF6633;"""">モ</span><span style=""""box-shadow: inset 0px 2px 0 0px #FF6633;"""">モ</span> <span class=""""pitch_number"""">0</span>"""
1781545234761	1782885731	Doki Doki2-8	林檎	林檎[りんご]	りんご	ringo	jabłko	林檎を一つください。	Poproszę jedno jabłko.			Rzeczownik. Często zapisywane tylko w hiraganie.	林檎[りんご]を 一つ[ひとつ] ください。		[sound:hypertts-ecfb2e9f2553185d34311ecd7d94c1bbcd26601f9f7f45b249798d76.mp3]	[sound:hypertts-ee1b948cb653d998759167ad925ce670f88f2003e01e3c04440685ec.mp3]	[sound:林檎_リンコ゚━_0_NHK-2016.mp3]	"""<span style=""""box-shadow: inset -2px -2px 0 0 #FF6633;"""">リ</span><span style=""""box-shadow: inset 0px 2px 0 0px #FF6633;"""">ンコ<span style=""""color: red;"""">°</span></span> <span class=""""pitch_number"""">0</span>"""
1781545234762	1781545891	Doki Doki2-8	杏	杏[あんず]	あんず	anzu	morela	杏を食べます。	Jem morelę.			Rzeczownik.	杏[あんず]を 食[た]べます。		[sound:hypertts-91362df2fb730cfee3e32225a4b1a8feb1340bc37c7e1184aee2ee65.mp3]	[sound:hypertts-b9c67e6ce3e30125342535f5ada1eed914c26666aea3c91f7f5930af.mp3]	[sound:杏_アンズ━_0_NHK-2016.mp3]	"""<span style=""""box-shadow: inset -2px -2px 0 0 #FF6633;"""">ア</span><span style=""""box-shadow: inset 0px 2px 0 0px #FF6633;"""">ンズ</span> <span class=""""pitch_number"""">0</span>"""
1781545234763	1781545893	Doki Doki2-8	梅	梅[うめ]	うめ	ume	śliwka	梅の花が綺麗です。	Kwiaty śliwy są piękne.			Rzeczownik.	梅[うめ]の 花[はな]が 綺麗[きれい]です。		[sound:hypertts-8dabde58888f824e06b98e3060a4d2d6a645b3c9d1fc5aec30822b0e.mp3]	[sound:hypertts-87bc42ba9192c10a76dc9fb5a87a7d94dafbeed6557047665207831e.mp3]	[sound:梅_ウメ━_0_NHK-2016.mp3]	"""<span style=""""box-shadow: inset -2px -2px 0 0 #FF6633;"""">ウ</span><span style=""""box-shadow: inset 0px 2px 0 0px #FF6633;"""">メ</span> <span class=""""pitch_number"""">0</span>"""
1781545234764	1782849648	Doki Doki2-8	洋梨	洋[よう] 梨[なし]	ようなし	yōnashi	gruszka	洋梨は甘いです。	Gruszka jest słodka.			Rzeczownik.	洋梨[ようなし]は 甘[あま]いです。		[sound:hypertts-b3f932434944c782786a73d99c204570e3c4d74aa545679651d1bace.mp3]	[sound:hypertts-3bf2d571ea555871bf9e9840c90a237fc37e797265fe0c157f64490b.mp3]	[sound:洋梨_ヨーナシ━_0_NHK-2016.mp3]	"""<span style=""""box-shadow: inset -2px -2px 0 0 #FF6633;"""">ヨ</span><span style=""""box-shadow: inset 0px 2px 0 0px #FF6633;"""">ーナシ</span> <span class=""""pitch_number"""">0</span>"""
1781545234765	1782885731	Doki Doki2-8	西瓜	西瓜[すいか]	すいか	suika	arbuz	夏に西瓜を食べます。	Latem jem arbuza.			Rzeczownik. Często zapisywane tylko w hiraganie lub katakanie.	夏[なつ]に 西瓜[すいか]を 食[た]べます。		[sound:hypertts-179c2ef564b5a794fb1ca218d906e96b794dafeb720d536f926fdefa.mp3]	[sound:hypertts-d34f24266f65d789a53531cb89a45767517062a07bd2337f5a303a68.mp3]	[sound:西瓜_スイカ━_0_NHK-2016.mp3]	"""<span style=""""box-shadow: inset -2px -2px 0 0 #FF6633;"""">ス</span><span style=""""box-shadow: inset 0px 2px 0 0px #FF6633;"""">イカ</span> <span class=""""pitch_number"""">0</span>"""
1781545234766	1781545898	Doki Doki2-8	さくらんぼ	さくらんぼ	さくらんぼ	sakuranbo	wiśnia	さくらんぼは小さいです。	Wiśnia jest mała.			Rzeczownik.	さくらんぼは 小[ちい]さいです。		[sound:hypertts-b6ba7d1af42ef059c70366aa27aa665de6abfa70662bf124ad8966ba.mp3]	[sound:hypertts-108853999232c18542c039d68f0e0b781e15ea80d780877e65973fd6.mp3]	[sound:さくらんぼ_サクランボ━_0_NHK-2016.mp3]	"""<span style=""""box-shadow: inset -2px -2px 0 0 #FF6633;"""">サ</span><span style=""""box-shadow: inset 0px 2px 0 0px #FF6633;"""">クランボ</span> <span class=""""pitch_number"""">0</span>"""
1781545234767	1782885731	Doki Doki2-8	柚子	柚子[ゆず]	ゆず	yuzu	yuzu	柚子のお茶を飲みます。	Piję herbatę z yuzu.			Rzeczownik.	柚子[ゆず]の お 茶[ちゃ]を 飲[の]みます。		[sound:hypertts-38964a04bed7184748adad874ac17da6c82ec5bc3a5cc2c6c10a5354.mp3]	[sound:hypertts-015ae151bfb70724437ee232798e89b08f39fd30aff1097660e1f611.mp3]	[sound:柚子_ユ＼ズ_1_NHK-2016.mp3]	"""<span style=""""box-shadow: inset -2px 2px 0 0px #FF6633;"""">ユ</span><span style=""""box-shadow: inset 0px -2px 0 0px #FF6633;"""">ズ</span> <span class=""""pitch_number"""">1</span>"""
1781597269805	1781597733	Doki Doki2-9	今学期	今[こん]学[がっ]期[き]	こんがっき	kongakki	obecny semestr	今学期は日本語を勉強します。	W obecnym semestrze uczę się japońskiego.			rzeczownik	今[こん]学[がっ]期[き]は 日[に]本[ほん]語[ご]を 勉[べん]強[きょう]します。		[sound:hypertts-d2af9a3f85027d588525b3b95d9042241de74ad0cbf20962f357c0f0.mp3]	[sound:hypertts-0142ca4209f4a174ba886899f1dac6d5fba4fbdea89b59c24c60c7b5.mp3]		
1781597269806	1781597864	Doki Doki2-9	来学期	来[らい]学[がっ]期[き]	らいがっき	raigakki	przyszły semestr	来学期、日本へ行きます。	W przyszłym semestrze jadę do Japonii.			rzeczownik	来[らい]学[がっ]期[き]、 日[に]本[ほん]へ 行[い]きます。		[sound:hypertts-abc33b6c7c271e7c7ca0be4f18174b6bcfc5a526a8516e8468b2b49c.mp3]	[sound:hypertts-1b93e4330832173558e1ca50a04f3127fc636704b19a67e5d3770ec9.mp3]	[sound:来学期_ライカ゚＼ッキ_3_NHK-2016.mp3]	"""<span style=""""box-shadow: inset -2px -2px 0 0 #FF6633;"""">ラ</span><span style=""""box-shadow: inset -2px 2px 0 0px #FF6633;"""">イカ<span style=""""color: red;"""">°</span></span><span style=""""box-shadow: inset 0px -2px 0 0px #FF6633;"""">ッキ</span> <span class=""""pitch_number"""">3</span>"""
1781597269807	1781597854	Doki Doki2-9	先学期	先[せん]学[がっ]期[き]	せんがっき	sengakki	poprzedni semestr	先学期はとても忙しかったです。	Poprzedni semestr był bardzo zajęty.			rzeczownik	先[せん]学[がっ]期[き]はとても 忙[いそが]しかったです。		[sound:hypertts-5c7567f0c7ec574cbdba743a28254821ff3cb4355a7c7ba37fdcfe19.mp3]	[sound:hypertts-0b560e0972c104d8ce78813b2a7acc50cf38ee6f86f7b0250cbfc4a0.mp3]	[sound:先学期_センガッキ_JapanesePod101.mp3]	
1781597269808	1785597234	Doki Doki2-9	クラブ	クラブ	クラブ	kurabu	klub	テニスのクラブに入ります。	Dołączam do klubu tenisowego.			rzeczownik, zapożyczenie (club)	テニスのクラブに 入[はい]ります。		[sound:hypertts-0af7d6653f137c282777723d525bdfd0f6924ba184d5f129bec87925.mp3]	[sound:hypertts-1eea5576b3efd890cc7c1620a48f4b73c15802456266b43ff938ce83.mp3]	[sound:クラブ_クラブ━_0_NHK-2016.mp3] [sound:クラブ_ク＼ラブ_1_NHK-2016.mp3]	"""<span style=""""box-shadow: inset -2px 2px 0 0px #FF6633;"""">ク</span><span style=""""box-shadow: inset 0px -2px 0 0px #FF6633;"""">ラブ</span> <span class=""""pitch_number"""">1</span>"""
1781597269810	1781597854	Doki Doki2-9	社長	社[しゃ]長[ちょう]	しゃちょう	shachō	szef	私の社長は優しいです。	Mój szef jest miły.			rzeczownik	私[わたし]の 社[しゃ]長[ちょう]は 優[やさ]しいです。		[sound:hypertts-e7fdc68e8987a04bbc510f5be651b52aebb568d06b291a879566fb7a.mp3]	[sound:hypertts-19004c18ad54f3bff1d48d41b0c136d9cdf0915f3308b93a9d789432.mp3]	[sound:社長_シャチョー━_0_NHK-2016.mp3]	"""<span style=""""box-shadow: inset -2px -2px 0 0 #FF6633;"""">シャ</span><span style=""""box-shadow: inset 0px 2px 0 0px #FF6633;"""">チョー</span> <span class=""""pitch_number"""">0</span>"""
1781597269811	1781597854	Doki Doki2-9	歌手	歌[か]手[しゅ]	かしゅ	kashu	piosenkarz	あの人は有名な歌手です。	Tamta osoba to sławny piosenkarz.			rzeczownik	あの 人[ひと]は 有[ゆう]名[めい]な 歌[か]手[しゅ]です。		[sound:hypertts-36776e2e3618cd7308f1d7c4338f37b578b747b22ff144c62e2696ac.mp3]	[sound:hypertts-19c5a1c38d3511eb73995c11794f3803ccc1b133d33a1f9280988e14.mp3]	[sound:歌手_カ＼シュ_1_NHK-2016.mp3]	"""<span style=""""box-shadow: inset -2px 2px 0 0px #FF6633;"""">カ</span><span style=""""box-shadow: inset 0px -2px 0 0px #FF6633;"""">シュ</span> <span class=""""pitch_number"""">1</span>"""
1781597269814	1784906628	Doki Doki2-9	ピーマン	ピーマン	ピーマン	pīman	zielona papryka	ピーマンは苦いです。	Zielona papryka jest gorzka.			rzeczownik, zapożyczenie (piment)	ピーマンは 苦[にが]いです。		[sound:hypertts-1aa397ccd469bff881a4d86351063ed796e21fe7e3e43d31551ce870.mp3]	[sound:hypertts-7be5b6bae88e443f6272b953bfae4b74f845279b100f3b5f82dfeb7a.mp3]	[sound:ピーマン_ピ＼ーマン_1_NHK-2016.mp3]	"""<span style=""""box-shadow: inset -2px 2px 0 0px #FF6633;"""">ピ</span><span style=""""box-shadow: inset 0px -2px 0 0px #FF6633;"""">ーマン</span> <span class=""""pitch_number"""">1</span>"""
1781597269816	1781597854	Doki Doki2-9	歌舞伎	歌[か]舞[ぶ]伎[き]	かぶき	kabuki	teatr kabuki	週末に歌舞伎を見ました。	W weekend oglądałem teatr kabuki.			rzeczownik, tradycyjny teatr japoński	週[しゅう]末[まつ]に 歌[か]舞[ぶ]伎[き]を 見[み]ました。		[sound:hypertts-ffccd28df35ba1f2144df99313a621cd5da413943c4d8c412173b1c4.mp3]	[sound:hypertts-86e81171d01f1700f2df1194913ffc556cdab98b9e5bb237c232936c.mp3]	[sound:歌舞伎_カブキ━_0_NHK-2016.mp3]	"""<span style=""""box-shadow: inset -2px -2px 0 0 #FF6633;"""">カ</span><span style=""""box-shadow: inset 0px 2px 0 0px #FF6633;"""">ブキ</span> <span class=""""pitch_number"""">0</span>"""
1781597269817	1781597854	Doki Doki2-9	緑茶	緑[りょく]茶[ちゃ]	りょくちゃ	ryokucha	zielona herbata	毎日緑茶を飲みます。	Codziennie piję zieloną herbatę.			rzeczownik	毎[まい]日[にち] 緑[りょく]茶[ちゃ]を 飲[の]みます。		[sound:hypertts-3661df148091346d7a1a9f8e7ac1ea77b64ef0eab5cbb3f8277eaccc.mp3]	[sound:hypertts-2367fbff1e1a9b524965bf09d0b3f20eb6fab0c00f4c4c60dc022186.mp3]	[sound:緑茶_リョクチャ━_0_NHK-2016.mp3]	"""<span style=""""box-shadow: inset -2px -2px 0 0 #FF6633;"""">リョ</span><span style=""""box-shadow: inset 0px 2px 0 0px #FF6633;""""><span style=""""color: royalblue;"""">ク</span>チャ</span> <span class=""""pitch_number"""">0</span>"""
1781597269818	1785597013	Doki Doki2-9	チーズ	チーズ	チーズ	chīzu	ser	パンとチーズを買います。	Kupuję chleb i ser.			rzeczownik, zapożyczenie (cheese)	パンとチーズを 買[か]います。		[sound:hypertts-91522425e4ec8425d2c70b9c069be50c386f217413739b0a8c35c985.mp3]	[sound:hypertts-e68b54fecc773425739204d5cad78a02d0e65573806eb5c238ac84d1.mp3]	[sound:チーズ_チ＼ーズ_1_NHK-2016.mp3]	"""<span style=""""box-shadow: inset -2px 2px 0 0px #FF6633;"""">チ</span><span style=""""box-shadow: inset 0px -2px 0 0px #FF6633;"""">ーズ</span> <span class=""""pitch_number"""">1</span>"""
1781597269819	1781597854	Doki Doki2-9	花瓶	花[か]瓶[びん]	かびん	kabin	wazon	この花瓶は高いです。	Ten wazon jest drogi.			rzeczownik	この 花[か]瓶[びん]は 高[たか]いです。		[sound:hypertts-bd90db3645eea81a1369f71f24ff90a900fbeb99d9b15948ab2c494d.mp3]	[sound:hypertts-60a5533794e997bca6105b6059e2680ba42bbc4780274f209a033d4e.mp3]	[sound:花瓶_カビン━_0_NHK-2016.mp3]	"""<span style=""""box-shadow: inset -2px -2px 0 0 #FF6633;"""">カ</span><span style=""""box-shadow: inset 0px 2px 0 0px #FF6633;"""">ビン</span> <span class=""""pitch_number"""">0</span>"""
1781597269820	1791214647	Doki Doki2-9	こちら	こちら	こちら	kochira	tutaj (grzeczniej), ta osoba	こちらは私の友達です。	To (tutaj) jest mój przyjaciel.			zaimek, forma grzeczniejsza od ここ	こちらは 私[わたし]の 友[とも]達[だち]です。		[sound:hypertts-4236528ed3d4ff06f622500871cfa495895aa43eb1f8c0f789f15f2a.mp3]	[sound:hypertts-ea2d73659904775110eb3bd4229612105eb0d6b88fff328a244fed61.mp3]	[sound:こちら_コチラ━_0_NHK-2016.mp3]	"""<span style=""""box-shadow: inset -2px -2px 0 0 #FF6633;"""">コ</span><span style=""""box-shadow: inset 0px 2px 0 0px #FF6633;"""">チラ</span> <span class=""""pitch_number"""">0</span>"""
1781597269821	1785336970	Doki Doki2-9	そちら	そちら	そちら	sochira	tam&nbsp; (grzeczniej)	そちらは郵便局です。	Tam jest poczta.			zaimek, forma grzeczniejsza od そこ	そちらは 郵[ゆう]便[びん]局[きょく]です。		[sound:hypertts-d696139d5bb53ad73d69964da5f12869716937dac69a066b6f1520ea.mp3]	[sound:hypertts-0a2e61ba6396df4952e7724fe71293a16e129708689338bb8629b857.mp3]	[sound:そちら_ソチラ━_0_NHK-2016.mp3]	"""<span style=""""box-shadow: inset -2px -2px 0 0 #FF6633;"""">ソ</span><span style=""""box-shadow: inset 0px 2px 0 0px #FF6633;"""">チラ</span> <span class=""""pitch_number"""">0</span>"""
1781597269822	1785336980	Doki Doki2-9	あちら	あちら	あちら	achira	tam dalej  &nbsp;(grzeczniej)	あちらは美術館です。	Tam dalej jest muzeum sztuki.			zaimek, forma grzeczniejsza od あそこ	あちらは 美[び]術[じゅつ]館[かん]です。		[sound:hypertts-28fb35806dc0d4749508b84df00318c6d2cb27d11a2f4e39ffbef0ba.mp3]	[sound:hypertts-a08a300c32590a90b34c1a9a35360007d2f396c4d4ee228347cc5535.mp3]	[sound:あちら_アチラ━_0_NHK-2016.mp3]	"""<span style=""""box-shadow: inset -2px -2px 0 0 #FF6633;"""">ア</span><span style=""""box-shadow: inset 0px 2px 0 0px #FF6633;"""">チラ</span> <span class=""""pitch_number"""">0</span>"""
1781597269823	1781597854	Doki Doki2-9	だけ	だけ	だけ	dake	tylko	百円だけあります。	Mam tylko sto jenów.			partykuła	百[ひゃく]円[えん]だけあります。		[sound:hypertts-99f78593265fe5b461da45e1f9704ad1b2dc268d000a6ac5887cdf13.mp3]	[sound:hypertts-720379559cea5194597c95bb32b86a48eaad699b237296d696daf87a.mp3]	[sound:だけ_ダケ＼_2_Shinmeikai-8.mp3]	"""<span style=""""box-shadow: inset -2px -2px 0 0 #FF6633;"""">ダ</span><span style=""""box-shadow: inset -2px 2px 0 0px #FF6633;"""">ケ</span> <span class=""""pitch_number"""">2</span>"""
1781597269825	1781597954	Doki Doki2-9	言語	言[げん]語[ご]	げんご	gengo	język	色々な言語を習います。	Uczę się różnych języków.			rzeczownik	色[いろ]々[いろ]な 言[げん]語[ご]を 習[なら]います。		[sound:hypertts-3da5ed6d1074afdbc351e80d07a86e8615e708e31bbab885ef31efb8.mp3]	[sound:hypertts-0b9abea619014d073f4b3fa27aa99fdb92c5ec42808596687b5f63ec.mp3]	[sound:言語_ゲ＼ンコ゚_1_NHK-2016.mp3]	"""<span style=""""box-shadow: inset -2px 2px 0 0px #FF6633;"""">ゲ</span><span style=""""box-shadow: inset 0px -2px 0 0px #FF6633;"""">ンコ<span style=""""color: red;"""">°</span></span> <span class=""""pitch_number"""">1</span>"""
1781597269826	1781597854	Doki Doki2-9	了解	了[りょう]解[かい]	りょうかい	ryōkai	“rozumiem” , ”przyjąłem do wiadomości”, “zrozumiano!”	了解しました。	Przyjąłem do wiadomości.	了[りょう]解[かい]します	了[りょう]解[かい]しません	rzeczownik / czasownik nieregularny (suru)	了[りょう]解[かい]しました。		[sound:hypertts-483b44633be584c7ef94986c9db22b2c5467e8ef97cb71c735bab4f7.mp3]	[sound:hypertts-12e17767c29562d9a398f0ea51d33c553f1ee311df30b9abf445ac43.mp3]	[sound:了解_リョーカイ━_0_NHK-2016.mp3]	"""<span style=""""box-shadow: inset -2px -2px 0 0 #FF6633;"""">リョ</span><span style=""""box-shadow: inset 0px 2px 0 0px #FF6633;"""">ーカイ</span> <span class=""""pitch_number"""">0</span>"""
1781597269827	1781597854	Doki Doki2-9	覚える	覚[おぼ]える	おぼえる	oboeru	pamiętać	新しい単語を覚えます。	Zapamiętuję nowe słówka.	覚[おぼ]えます	覚[おぼ]えません	czasownik gr. 2	新[あたら]しい 単[たん]語[ご]を 覚[おぼ]えます。		[sound:hypertts-d05bdcbaf28ed171448ac3fdcb669874cc6686e9595f1acfde74ccbf.mp3]	[sound:hypertts-3178b05d1467b6583bff6718ff1fd9817d7e97c194198f91894813dc.mp3]	[sound:覚える_オボエ＼ル_3_NHK-2016.mp3]	"""<span style=""""box-shadow: inset -2px -2px 0 0 #FF6633;"""">オ</span><span style=""""box-shadow: inset -2px 2px 0 0px #FF6633;"""">ボエ</span><span style=""""box-shadow: inset 0px -2px 0 0px #FF6633;"""">ル</span> <span class=""""pitch_number"""">3</span>"""
1781597269828	1789582313	Doki Doki2-9	嘘を付く	嘘[うそ]を 付[つ]く	うそをつく	uso o tsuku	kłamać	彼は嘘を付きました。	On skłamał.	嘘[うそ]を 付[つ]きます	嘘[うそ]を 付[つ]きません	czasownik gr. 1	彼[かれ]は 嘘[うそ]を 付[つ]きました。		[sound:hypertts-2748eb1dda053e1b46833eb522c29c2b7d4f97bdb944d832814d9d47.mp3]	[sound:hypertts-a1218c49e762c8f30ce39b500616de593e7151e64cf86033d304b89f.mp3]		
1781597269829	1781597764	Doki Doki2-9	喧嘩する	喧[けん]嘩[か]する	けんかする	kenka suru	kłócić się	友達と喧嘩しました。	Pokłóciłem się z przyjacielem.	喧[けん]嘩[か]します	喧[けん]嘩[か]しません	czasownik nieregularny (suru)	友[とも]達[だち]と 喧[けん]嘩[か]しました。		[sound:hypertts-52abdeaba79a221cefe00d501754e869686e5951db0c3687b71657b4.mp3]	[sound:hypertts-db974eba180081eb5959ed4f649fb07d8d978f3b46e191dedc987202.mp3]		"""<span style=""""box-shadow: inset -2px -2px 0 0 #FF6633;"""">ケ</span><span style=""""box-shadow: inset 0px 2px 0 0px #FF6633;"""">ンカスル</span> <span class=""""pitch_number"""">0</span>"""
1781597269832	1781614336	Doki Doki2-9	怒る	怒[おこ]る	おこる	okoru	wściekać się, zezłościć się / zdenerwować się	お母さんが怒っています。	Mama się wścieka (jest zła).	怒[おこ]ります	怒[おこ]りません	czasownik gr. 1	お 母[かあ]さんが 怒[おこ]っています。		[sound:hypertts-7c6efdc3647e93ee9661c712fa6bbf725b63d02a5df524e162b04b49.mp3]	[sound:hypertts-0ebd0ebeaa184ccffe64aa78b0459217864de80d5c8a10590cff1641.mp3]	[sound:怒る_オコ＼ル_2_NHK-2016.mp3]	"""<span style=""""box-shadow: inset -2px -2px 0 0 #FF6633;"""">オ</span><span style=""""box-shadow: inset -2px 2px 0 0px #FF6633;"""">コ</span><span style=""""box-shadow: inset 0px -2px 0 0px #FF6633;"""">ル</span> <span class=""""pitch_number"""">2</span>"""
1781597269833	1786180845	Doki Doki2-9	取る	取[と]る	とる	toru	brać, wziąć	その本を取ってください。	Proszę weź tamtą książkę.	取[と]ります	取[と]りません	czasownik gr. 1	その 本[ほん]を 取[と]ってください。		[sound:hypertts-79ef9efe13103e31e9c8d7c612f94037ac461f31f559493c5a5d3242.mp3]	[sound:hypertts-3dd11e096de4fe0210d8a1e9c3eadb19795ac27df07d8bd4115f63cf.mp3]	[sound:取る_ト＼ル_1_NHK-2016.mp3]	"""<span style=""""box-shadow: inset -2px 2px 0 0px #FF6633;"""">ト</span><span style=""""box-shadow: inset 0px -2px 0 0px #FF6633;"""">ル</span> <span class=""""pitch_number"""">1</span>"""
1781597269834	1785420711	Doki Doki2-9	習う	習[なら]う	ならう	narau	uczyć się, zdobywać umiejętność (od kogoś)	日本語を習います。	Uczę się japońskiego.	習[なら]います	習[なら]いません	czasownik gr. 1	日[に]本[ほん]語[ご]を 習[なら]います。		[sound:hypertts-d8da54a2437020716d9f6e99a6742d6b44918df8a829f7204644cdc1.mp3]	[sound:hypertts-61461294d117d81da137243d96a0a51254845f5dca4ffe24ea70a06c.mp3]	[sound:習う_ナラ＼ウ_2_NHK-2016.mp3]	"""<span style=""""box-shadow: inset -2px -2px 0 0 #FF6633;"""">ナ</span><span style=""""box-shadow: inset -2px 2px 0 0px #FF6633;"""">ラ</span><span style=""""box-shadow: inset 0px -2px 0 0px #FF6633;"""">ウ</span> <span class=""""pitch_number"""">2</span>"""
1781597269835	1785939128	Doki Doki2-9	ダイエットする	ダイエットする	 ダイエットする	daietto suru	odchudzać się	明日からダイエットします。	Od jutra się odchudzam.	ダイエットします	ダイエットしません	czasownik nieregularny (suru), zapożyczenie	明[あし]日[た]からダイエットします。		[sound:hypertts-9496d0ff1723aabc239479b090adf49d06ee94b0f83e849793b535fd.mp3]	[sound:hypertts-fc250bb9c795c57d9bd4b8a4bae59b7e954c53fea6b9da11a9291eea.mp3]		"""<span style=""""box-shadow: inset -2px 2px 0 0px #FF6633;"""">ダ</span><span style=""""box-shadow: inset 0px -2px 0 0px #FF6633;"""">イエットスル</span> <span class=""""pitch_number"""">1</span>"""
1781597269836	1781597854	Doki Doki2-9	観光する	観[かん]光[こう]する	かんこうする	kankō suru	zwiedzać	京都を観光します。	Zwiedzam Kioto.	観[かん]光[こう]します	観[かん]光[こう]しません	czasownik nieregularny (suru)	京[きょう]都[と]を 観[かん]光[こう]します。		[sound:hypertts-0299b5afda7e88e5643a59526a2e29738add49ffeddb8774a7bbd94a.mp3]	[sound:hypertts-73d5722d61fe63eaabb4f961c496cff9347fcba53e466ddeb926c340.mp3]	[sound:かんこうする_カンコウスル_TAAS.mp3] [sound:かんこうする_カンコウスル_TAAS(1).mp3]	"""<span style=""""box-shadow: inset -2px -2px 0 0 #FF6633;"""">カ</span><span style=""""box-shadow: inset 0px 2px 0 0px #FF6633;"""">ンコウスル</span> <span class=""""pitch_number"""">0</span>"""
1781597269837	1785939169	Doki Doki2-9	サボる	サボる	サボる	saboru	wagarować, opuszać (szkołę)	授業をサボってはいけません。	Nie wolno wagarować na zajęciach.	サボります	サボりません	czasownik gr. 1	授[じゅ]業[ぎょう]をサボってはいけません。		[sound:hypertts-e0d97afafefa49ef3ccfcae377b107664918e2cd6f02cbc43f4fb48a.mp3]	[sound:hypertts-0f97eb4a400fb06ff8292c65e0644c56fc1dca94ba4672c6b3d03022.mp3]	[sound:さぼる_サボ＼ル_2_NHK-2016.mp3]	"""<span style=""""box-shadow: inset -2px -2px 0 0 #FF6633;"""">サ</span><span style=""""box-shadow: inset -2px 2px 0 0px #FF6633;"""">ボ</span><span style=""""box-shadow: inset 0px -2px 0 0px #FF6633;"""">ル</span> <span class=""""pitch_number"""">2</span>"""
1781597269838	1781597777	Doki Doki2-9	留学する	留[りゅう]学[がく]する	りゅうがくする	ryūgaku suru	być na wymianie zagranicznej	日本に留学したいです。	Chcę pojechać na wymianę do Japonii.	留[りゅう]学[がく]します	留[りゅう]学[がく]しません	czasownik nieregularny (suru)	日[に]本[ほん]に 留[りゅう]学[がく]したいです。		[sound:hypertts-f26f738bdf08f8f8984fc8f1c1d14544d592a356df3b38fae4854e2e.mp3]	[sound:hypertts-82d7076298a05aef8bf5540e2a5b56adeefe0701569514b38eb80077.mp3]		"""<span style=""""box-shadow: inset -2px -2px 0 0 #FF6633;"""">リュ</span><span style=""""box-shadow: inset 0px 2px 0 0px #FF6633;"""">ウガクスル</span> <span class=""""pitch_number"""">0</span>"""
1781597269840	1781597854	Doki Doki2-9	楽しむ	楽[たの]しむ	たのしむ	tanoshimu	bawić się dobrze	週末を楽しみます。	Będę dobrze się bawić w weekend.	楽[たの]しみます	楽[たの]しみません	czasownik gr. 1	週[しゅう]末[まつ]を 楽[たの]しみます。		[sound:hypertts-43e20d245da69434012d7f0b9b37604fefbdaa1cacc1216f51ac8cde.mp3]	[sound:hypertts-a4908a03c1b50122c2f83b34dc8511ef732229c706cb20d44da06516.mp3]	[sound:楽しむ_タノシ＼ム_3_NHK-2016.mp3]	"""<span style=""""box-shadow: inset -2px -2px 0 0 #FF6633;"""">タ</span><span style=""""box-shadow: inset -2px 2px 0 0px #FF6633;"""">ノシ</span><span style=""""box-shadow: inset 0px -2px 0 0px #FF6633;"""">ム</span> <span class=""""pitch_number"""">3</span>"""
1781597269841	1781597854	Doki Doki2-9	付き合う	付[つ]き 合[あ]う	つきあう	tsukiau	chodzić z… towarzyszyć	彼氏と付き合っています。	Chodzę z moim chłopakiem.	付[つ]き 合[あ]います	付[つ]き 合[あ]いません	czasownik gr. 1	彼[かれ]氏[し]と 付[つ]き 合[あ]っています。		[sound:hypertts-b4d0e2541cc47ee9be839a04532cb1c011b556564a75b3672d4d106c.mp3]	[sound:hypertts-3489e4d815919c3f6f0cb4c879e28109decdd17f10b3ba492324af90.mp3]	[sound:付き合う_ツキア＼ウ_3_NHK-1998.mp3]	"""<span style=""""box-shadow: inset -2px -2px 0 0 #FF6633;""""><span style=""""color: royalblue;"""">ツ</span></span><span style=""""box-shadow: inset -2px 2px 0 0px #FF6633;"""">キア</span><span style=""""box-shadow: inset 0px -2px 0 0px #FF6633;"""">ウ</span> <span class=""""pitch_number"""">3</span>"""
1781597269844	1781597854	Doki Doki2-9	厳しい	厳[きび]しい	きびしい	kibishii	surowy, wymagający	あの先生は厳しいです。	Tamten nauczyciel jest surowy.			i-adj	あの 先[せん]生[せい]は 厳[きび]しいです。		[sound:hypertts-3af442d672f98961f1dde424947e4ce82ec48eb09d3c1d8ce55242c1.mp3]	[sound:hypertts-08580d2efc00caf4508439ece638199624714c16290e1729e5f3b820.mp3]	[sound:厳しい_キビシ＼イ_3_NHK-2016.mp3]	"""<span style=""""box-shadow: inset -2px -2px 0 0 #FF6633;"""">キ</span><span style=""""box-shadow: inset -2px 2px 0 0px #FF6633;"""">ビシ</span><span style=""""box-shadow: inset 0px -2px 0 0px #FF6633;"""">イ</span> <span class=""""pitch_number"""">3</span>"""
1781597269845	1781597854	Doki Doki2-9	素敵(な)	素[す]敵[てき]	すてき	suteki	uroczy, wspaniały	素敵な花瓶ですね。	To wspaniały wazon.			na-adj	素[す]敵[てき]な 花[か]瓶[びん]ですね。		[sound:hypertts-e3d5618396133d667ec273074fc708be4ce04140fb5cbaeb3cb9489c.mp3]	[sound:hypertts-06cf78b1036bec97f103df16bdff71419da31f5d8379c3e045657f11.mp3]	[sound:素敵_ステキ━_0_NHK-1998.mp3]	"""<span style=""""box-shadow: inset -2px -2px 0 0 #FF6633;""""><span style=""""color: royalblue;"""">ス</span></span><span style=""""box-shadow: inset 0px 2px 0 0px #FF6633;"""">テキ</span> <span class=""""pitch_number"""">0</span>"""
1781597269847	1781597854	Doki Doki2-9	狭い	狭[せま]い	せまい	semai	wąski	私の部屋は狭いです。	Mój pokój jest wąski.			i-adj	私[わたし]の 部[へ]屋[や]は 狭[せま]いです。		[sound:hypertts-d4122980fd1537285abe702fcc536d51a4f72ec919c9e152bc624e63.mp3]	[sound:hypertts-4e0a3f7664d40001e436a29a9efc0f1a5bfcf0be7a6197959d5b07ce.mp3]	[sound:狭い_セマ＼イ_2_NHK-2016.mp3]	"""<span style=""""box-shadow: inset -2px -2px 0 0 #FF6633;"""">セ</span><span style=""""box-shadow: inset -2px 2px 0 0px #FF6633;"""">マ</span><span style=""""box-shadow: inset 0px -2px 0 0px #FF6633;"""">イ</span> <span class=""""pitch_number"""">2</span>"""
1781597269848	1781597787	Doki Doki2-9	都合がいい	都[つ]合[ごう]がいい	つごうがいい	tsugō ga ii	dosł. “warunki są ok” : pasujący(np. termin)	明日は都合がいいです。	Jutro termin mi pasuje.			wyrażenie, i-adj	明[あし]日[た]は 都[つ]合[ごう]がいいです。		[sound:hypertts-6115fd60dd0186824162fdd8b0e376e5f918b4b49b6afacd6813918a.mp3]	[sound:hypertts-997c968a5ef21cf2165d7b08580f5377305097d22a2234afbbfa266b.mp3]		
1781597269849	1781597788	Doki Doki2-9	都合が悪い	都[つ]合[ごう]が 悪[わる]い	つごうがわるい	tsugō ga warui	dosł. “warunki są złe” : Niepasujący (np. termin)	来週は都合が悪いです。	W przyszłym tygodniu termin mi nie pasuje.			wyrażenie, i-adj	来[らい]週[しゅう]は 都[つ]合[ごう]が 悪[わる]いです。		[sound:hypertts-4a954d2e95edd459d9735f06259f7a99be7f3a9743aec9b36209a472.mp3]	[sound:hypertts-7117b40782ae36c4ee2dda43526fca8c8e20ffbd5167fd7a7113b0f7.mp3]		
1781597269851	1786025834	Doki Doki2-9	セール	セール	セール	sēru	wyprzedaż	今はセール中です。	Teraz trwa wyprzedaż.			rzeczownik, zapożyczenie	今[いま]はセール 中[ちゅう]です。		[sound:hypertts-66daffa373b6a46ab1d8180e9f53c38f2c0c5121d68034dfbb1989b7.mp3]	[sound:hypertts-1d135bc7f2ec5a232e17b5098d5727e4e2c06266aa435b2552d17bae.mp3]	[sound:セール_セ＼ール_1_NHK-2016.mp3]	"""<span style=""""box-shadow: inset -2px 2px 0 0px #FF6633;"""">セ</span><span style=""""box-shadow: inset 0px -2px 0 0px #FF6633;"""">ール</span> <span class=""""pitch_number"""">1</span>"""
1781597269852	1786113002	Doki Doki2-9	レジ (に並ぶ)	レジ (に 並[なら]ぶ)	レジにならぶ	reji ni narabu	kasa (ustawiać się do kasy)	スーパーでレジに並びます。	Ustawiam się do kasy w supermarkecie.	レジに 並[なら]びます	レジに 並[なら]びません	czasownik gr. 1	スーパーでレジに 並[なら]びます。		[sound:hypertts-bc54e1898f5ad87a409464d1d00e881ecf3cd09bdd4baafd0083df68.mp3]	[sound:hypertts-79f4305a85a646ecf16206ad9bc9e60e8d3ad7bac1fe03ed6e594f32.mp3]	[sound:レジ_レ＼ジ_1_NHK-2016.mp3]	"""<span style=""""box-shadow: inset -2px 2px 0 0px #FF6633;"""">レ</span><span style=""""box-shadow: inset 0px -2px 0 0px #FF6633;"""">ジ</span> <span class=""""pitch_number"""">1</span>"""
1781597269853	1786458281	Doki Doki2-9	レジ袋	レジ 袋[ぶくろ]	レジぶくろ	rejibukuro	torba na zakupy	レジ袋を買います。	Kupuję reklamówkę.			rzeczownik	レジ 袋[ぶくろ]を 買[か]います。		[sound:hypertts-f6b092cff134238adbe71a0be5d9dba1c27ec0bff51f4c0875ee5721.mp3]	[sound:hypertts-36d0111783f8b9abb73f6550f57d917713d60564561ef044d9f8edc7.mp3]	[sound:レジ袋_レジブ＼クロ_3_NHK-2016.mp3]	"""<span style=""""box-shadow: inset -2px -2px 0 0 #FF6633;"""">レ</span><span style=""""box-shadow: inset -2px 2px 0 0px #FF6633;"""">ジブ</span><span style=""""box-shadow: inset 0px -2px 0 0px #FF6633;"""">クロ</span> <span class=""""pitch_number"""">3</span>"""
1781597269854	1781597854	Doki Doki2-9	自動販売機	自[じ]動[どう]販[はん]売[ばい]機[き]	じどうはんばいき	jidōhanbaiki	automat do sprzedaży	自動販売機でジュースを買います。	Kupuję sok w automacie do sprzedaży.			rzeczownik	自[じ]動[どう]販[はん]売[ばい]機[き]でジュースを 買[か]います。		[sound:hypertts-c26bb3d6a99ea6e436acf03818c1838283016461b9c5cac72675ceb9.mp3]	[sound:hypertts-61a2addf57388a936a627a26eab2497bc242e908a4a11d17996bb1a9.mp3]	[sound:自動販売機_ジドーハンバ＼イキ_6_NHK-2016.mp3]	"""<span style=""""box-shadow: inset -2px -2px 0 0 #FF6633;"""">ジ</span><span style=""""box-shadow: inset -2px 2px 0 0px #FF6633;"""">ドーハンバ</span><span style=""""box-shadow: inset 0px -2px 0 0px #FF6633;"""">イキ</span> <span class=""""pitch_number"""">6</span>"""
1781597269855	1781598069	Doki Doki2-9	商店街	商[しょう]店[てん]街[がい]	しょうてんがい	shōtengai	pasaż handlowy	商店街を散歩します。	Spaceruję po pasażu handlowym.			rzeczownik	商[しょう]店[てん]街[がい]を 散[さん]歩[ぽ]します。		[sound:hypertts-155a3e7324cedfa9938e7f15a30a1bc2ae8f6cb4cd85a3ced6c958b1.mp3]	[sound:hypertts-00b70f706e53cba0e536393a84f9dcc9f8f2ce558b16f9b0153f2f98.mp3]	[sound:商店街_ショーテ＼ンカ゚イ_3_NHK-2016.mp3]	"""<span style=""""box-shadow: inset -2px -2px 0 0 #FF6633;"""">ショ</span><span style=""""box-shadow: inset -2px 2px 0 0px #FF6633;"""">ーテ</span><span style=""""box-shadow: inset 0px -2px 0 0px #FF6633;"""">ンカ<span style=""""color: red;"""">°</span>イ</span> <span class=""""pitch_number"""">3</span>"""
1781597269856	1786025869	Doki Doki2-9	レシート	レシート	レシート	reshīto	rachunek (zapożyczenie)	レシートをください。	Poproszę o paragon.			rzeczownik, zapożyczenie	レシートをください。		[sound:hypertts-6d8bd4118503a2bb2870976b00fc287d11d0020c1d800a15394980c0.mp3]	[sound:hypertts-85ce3c63652b31d3163e44744a55ef4badb06734ab7f48abed2de2ce.mp3]	[sound:レシート_レシ＼ート_2_NHK-2016.mp3]	"""<span style=""""box-shadow: inset -2px -2px 0 0 #FF6633;"""">レ</span><span style=""""box-shadow: inset -2px 2px 0 0px #FF6633;"""">シ</span><span style=""""box-shadow: inset 0px -2px 0 0px #FF6633;"""">ート</span> <span class=""""pitch_number"""">2</span>"""
1781597269857	1781597854	Doki Doki2-9	行列	行[ぎょう]列[れつ]	ぎょうれつ	gyōretsu	kolejka	長い行列があります。	Jest długa kolejka.			rzeczownik	長[なが]い 行[ぎょう]列[れつ]があります。		[sound:hypertts-c6116e492f6cf87cac1357a36278bddddd9f506070979c921ba60dc3.mp3]	[sound:hypertts-4d66b8eca8c2640c1b14a2c0c30561c9362bbb01b664bb365b669cba.mp3]	[sound:行列_ギョーレツ━_0_NHK-2016.mp3]	"""<span style=""""box-shadow: inset -2px -2px 0 0 #FF6633;"""">ギョ</span><span style=""""box-shadow: inset 0px 2px 0 0px #FF6633;"""">ーレツ</span> <span class=""""pitch_number"""">0</span>"""
1781597269858	1785939217	Doki Doki2-9	ATM	ATM	ATM	ē-tī-emu	bankomat	ATMでお金をおろします。	Wybieram pieniądze z bankomatu.			rzeczownik, zapożyczenie	ATMでお 金[かね]をおろします。		[sound:hypertts-0f29eca5bc17533780afc967ce35bb6859b634232b37b6f8fb14c851.mp3]	[sound:hypertts-825500212afd556a7d4b9aba1fdfe6d8401646c6b6f28442e6690507.mp3]	[sound:ATM_エーティーエ＼ム_5_Shinmeikai-8.mp3]	"""<span style=""""box-shadow: inset -2px -2px 0 0 #FF6633;"""">エ</span><span style=""""box-shadow: inset -2px 2px 0 0px #FF6633;"""">ーティーエ</span><span style=""""box-shadow: inset 0px -2px 0 0px #FF6633;"""">ム</span> <span class=""""pitch_number"""">5</span>"""
1781597269859	1781597803	Doki Doki2-9	お金をおろす	お 金[かね]をおろす	おかねをおろす	okane o orosu	wyciągać pieniądze	銀行でお金をおろします。	Wypłacam pieniądze w banku.	お 金[かね]をおろします	お 金[かね]をおろしません	czasownik gr. 1	銀[ぎん]行[こう]でお 金[かね]をおろします。		[sound:hypertts-cf2ef63cb3d6d3cec3f8315666530b5c77ed3be809a4861f2d6e457f.mp3]	[sound:hypertts-7a06ededc2df3068555af9e75e36c5c372a00c547130e1c174db98fd.mp3]		
1781597269860	1781597854	Doki Doki2-9	硬貨	硬[こう]貨[か]	こうか	kōka	moneta	硬貨がありますか。	Czy masz monety?			rzeczownik	硬[こう]貨[か]がありますか。		[sound:hypertts-49417e134a327e275a5b4273080af48d3b55c452d82829e653cf1247.mp3]	[sound:hypertts-fc187f721e25075d36d4b8ff62293681aa8529585632e12c1f71cdb2.mp3]	[sound:硬貨_コ＼ーカ_1_NHK-2016.mp3]	"""<span style=""""box-shadow: inset -2px 2px 0 0px #FF6633;"""">コ</span><span style=""""box-shadow: inset 0px -2px 0 0px #FF6633;"""">ーカ</span> <span class=""""pitch_number"""">1</span>"""
1781597269861	1781597854	Doki Doki2-9	小銭	小[こ]銭[ぜに]	こぜに	kozeni	drobne	小銭をたくさん持っています。	Mam dużo drobnych.			rzeczownik	小[こ]銭[ぜに]をたくさん 持[も]っています。		[sound:hypertts-9086edfa8d6c182ded0554845719eb23f6cb9059381d51c328890324.mp3]	[sound:hypertts-5425300235d1e593664e01df3b78bb4c424eebee5ed4989f989d213d.mp3]	[sound:小銭_コゼニ━_0_NHK-2016.mp3]	"""<span style=""""box-shadow: inset -2px -2px 0 0 #FF6633;"""">コ</span><span style=""""box-shadow: inset 0px 2px 0 0px #FF6633;"""">ゼニ</span> <span class=""""pitch_number"""">0</span>"""
1781597269862	1781597854	Doki Doki2-9	お札	お 札[さつ]	おさつ	osatsu	banknot	千円のお札を出します。	Wyciągam banknot tysiącjenowy.			rzeczownik	千[せん]円[えん]のお 札[さつ]を 出[だ]します。		[sound:hypertts-4eccb46fd39ab2c4c2211dbff0841e1d486c092e3a51bdd70a671a87.mp3]	[sound:hypertts-314d667cb2c6463851c5d1e7bd11c3a1621b0f37c4dccb26de02ce2c.mp3]	[sound:お札_オサツ━_0_NHK-2016.mp3]	"""<span style=""""box-shadow: inset -2px -2px 0 0 #FF6633;"""">オ</span><span style=""""box-shadow: inset 0px 2px 0 0px #FF6633;"""">サツ</span> <span class=""""pitch_number"""">0</span>"""
1781597269863	1781598097	Doki Doki2-9	両替	両[りょう]替[がえ]	りょうがえ	ryōgae	wymiana waluty	銀行で両替します。	Wymieniam walutę w banku.	両[りょう]替[がえ]します	両[りょう]替[がえ]しません	rzeczownik / czasownik nieregularny (suru)	銀[ぎん]行[こう]で 両[りょう]替[がえ]します。		[sound:hypertts-5ccdcbcb74767395f10971bc7ec76bcaca17ab197731d1b9ecd147c6.mp3]	[sound:hypertts-1c103ee353b388e3c1aae37a64282dc885ed95c96bb18564cc2c012d.mp3]	[sound:両替_リョーカ゚エ━_0_NHK-2016.mp3]	"""<span style=""""box-shadow: inset -2px -2px 0 0 #FF6633;"""">リョ</span><span style=""""box-shadow: inset 0px 2px 0 0px #FF6633;"""">ーカ<span style=""""color: red;"""">°</span>エ</span> <span class=""""pitch_number"""">0</span>"""
1781597269864	1781597854	Doki Doki2-9	送金	送[そう]金[きん]	そうきん	sōkin	przekaz pieniężny, przelew	家族に送金します。	Wysyłam pieniądze rodzinie.	送[そう]金[きん]します	送[そう]金[きん]しません	rzeczownik / czasownik nieregularny (suru)	家[か]族[ぞく]に 送[そう]金[きん]します。		[sound:hypertts-6e680d207fd9b6c1d9e886e83a68eeb9c692f76fc12c070f91ee9063.mp3]	[sound:hypertts-e1b6910162387a3558a8042b9db14977b919c216f019cc97f6c0c3e6.mp3]	[sound:送金_ソーキン━_0_NHK-2016.mp3]	"""<span style=""""box-shadow: inset -2px -2px 0 0 #FF6633;"""">ソ</span><span style=""""box-shadow: inset 0px 2px 0 0px #FF6633;"""">ーキン</span> <span class=""""pitch_number"""">0</span>"""
1781597269865	1781597854	Doki Doki2-9	貯金	貯[ちょ]金[きん]	ちょきん	chokin	oszczędności, oszczędzanie pieniędzy	毎月貯金します。	Co miesiąc odkładam pieniądze.	貯[ちょ]金[きん]します	貯[ちょ]金[きん]しません	rzeczownik / czasownik nieregularny (suru)	毎[まい]月[つき] 貯[ちょ]金[きん]します。		[sound:hypertts-db5ff6408e0d55f901cea81a6be654ea077bac605b6c4bb8b0609c11.mp3]	[sound:hypertts-d0dba18474d45668fd01817eeaaacf8a76f29d869ec381f5f3051d9d.mp3]	[sound:貯金_チョキン━_0_NHK-2016.mp3]	"""<span style=""""box-shadow: inset -2px -2px 0 0 #FF6633;"""">チョ</span><span style=""""box-shadow: inset 0px 2px 0 0px #FF6633;"""">キン</span> <span class=""""pitch_number"""">0</span>"""
1781597269866	1781597854	Doki Doki2-9	口座	口[こう]座[ざ]	こうざ	kōza	konto bankowe	銀行の口座を開きます。	Otwieram konto w banku.			rzeczownik	銀[ぎん]行[こう]の 口[こう]座[ざ]を 開[ひら]きます。		[sound:hypertts-03d028b3685eaadf73bc7e6c3086ac5ad18a52d2fe492b496deea538.mp3]	[sound:hypertts-64a9ec0e17bc8f265fcbf7ce1c94ad830c63513baff088f219a162a2.mp3]	[sound:口座_コーザ━_0_NHK-2016.mp3]	"""<span style=""""box-shadow: inset -2px -2px 0 0 #FF6633;"""">コ</span><span style=""""box-shadow: inset 0px 2px 0 0px #FF6633;"""">ーザ</span> <span class=""""pitch_number"""">0</span>"""
1781597269867	1781598165	Doki Doki2-9	無駄遣い	無[む]駄[だ]遣[づか]い	むだづかい	mudazukai	marnowanie pieniędzy, rozrzutność	無駄遣いをしてはいけません。	Nie wolno marnować pieniędzy.	無[む]駄[だ]遣[づか]いします	無[む]駄[だ]遣[づか]いしません	rzeczownik / czasownik nieregularny (suru), odnosi się głównie do wydawania pieniędzy na niepotrzebne rzeczy	無[む]駄[だ]遣[づか]いをしてはいけません。		[sound:hypertts-14e6adbf8f4437c4268302114b6186c9f17d29aadd603b8785873999.mp3]	[sound:hypertts-02424603685f14d30a5592678f5cb5f7ff77f02f4a9f0b8c141aca84.mp3]	[sound:無駄遣い_ムダズ＼カイ_3_Shinmeikai-8.mp3]	"""<span style=""""box-shadow: inset -2px -2px 0 0 #FF6633;"""">ム</span><span style=""""box-shadow: inset -2px 2px 0 0px #FF6633;"""">ダヅ</span><span style=""""box-shadow: inset 0px -2px 0 0px #FF6633;"""">カイ</span> <span class=""""pitch_number"""">3</span>"""
1781597269868	1786265210	Doki Doki2-9	銀行カード	銀[ぎん]行[こう]カード	ぎんこうカード	ginkō kādo	karta bankowa	銀行カードをなくしました。	Zgubiłem kartę bankową.			rzeczownik	銀[ぎん]行[こう]カードを なくしました。		[sound:hypertts-7e85ead2153816c1e0909e26efeba73d5f90f11462ac7232ebdcda8a.mp3]	[sound:hypertts-94fbe47a82acb3252c3c9910ce82648207dea68746da0e80d9a7f59e.mp3]		
1781597269869	1786378887	Doki Doki2-9	スーツケース	スーツケース	 スーツケース<br>	sūtsukēsu	walizka	新しいスーツケースを買いました。	Kupiłem nową walizkę.			rzeczownik, zapożyczenie (suitcase)	新[あたら]しい スーツケースを 買[か]いました。		[sound:hypertts-c95ce3458a3ace4b54edba17e665a6e38e3feecbeb8261b4bfc6e710.mp3]	[sound:hypertts-ae5e411bdd6f7b838ad4e2d3e601ec0ba905dc8608878a6f89c74a6d.mp3]	[sound:スーツケース_スーツケ＼ース_4_NHK-2016.mp3]	"""<span style=""""box-shadow: inset -2px -2px 0 0 #FF6633;"""">ス</span><span style=""""box-shadow: inset -2px 2px 0 0px #FF6633;"""">ー<span style=""""color: royalblue;"""">ツ</span>ケ</span><span style=""""box-shadow: inset 0px -2px 0 0px #FF6633;"""">ース</span> <span class=""""pitch_number"""">4</span>"""
1781597269870	1786265255	Doki Doki2-9	リュックサック	リュックサック	 リュックサック	ryukkusakku	plecak	リュックサックに荷物を入れます。	Wkładam rzeczy do plecaka.			rzeczownik, zapożyczenie (niemieckie Rucksack), w mowie potocznej często skracane do リュック	リュックサックに 荷[に]物[もつ]を 入[い]れます。		[sound:hypertts-5e1bda7df76bbedb61c51450966168b98a9a3de5df3489bd208c3cdf.mp3]	[sound:hypertts-d3fc5528fa0954c0e288faf0666b7366096daf3e01b3ea956dd63f22.mp3]	[sound:リュックサック_リュックサ＼ック_4_NHK-2016.mp3]	"""<span style=""""box-shadow: inset -2px -2px 0 0 #FF6633;"""">リュ</span><span style=""""box-shadow: inset -2px 2px 0 0px #FF6633;"""">ッ<span style=""""color: royalblue;"""">ク</span>サ</span><span style=""""box-shadow: inset 0px -2px 0 0px #FF6633;"""">ック</span> <span class=""""pitch_number"""">4</span>"""
1781597269871	1787749824	Doki Doki2-9	パスポート	パスポート	パスポート	pasupōto	paszport (zapożyczenie)	空港でパスポートを見せます。	Pokazuję paszport na lotnisku.			rzeczownik, zapożyczenie (passport)	空[くう]港[こう]で パスポートを 見[み]せます。		[sound:hypertts-00767259bf06d8a4bd7439fd2d45589634d527a5365c22ef2f2e5126.mp3]	[sound:hypertts-29c6a2f11675316b6fbe486bf3e2213f7294ec49ba11f0398dd76c04.mp3]	[sound:パスポート_パスポ＼ート_3_NHK-2016.mp3]	"""<span style=""""box-shadow: inset -2px -2px 0 0 #FF6633;"""">パ</span><span style=""""box-shadow: inset -2px 2px 0 0px #FF6633;""""><span style=""""color: royalblue;"""">ス</span>ポ</span><span style=""""box-shadow: inset 0px -2px 0 0px #FF6633;"""">ート</span> <span class=""""pitch_number"""">3</span>"""
1781597269875	1781597854	Doki Doki2-9	案内	案[あん]内[ない]	あんない	annai	informacja, oprowadzanie	先生が町を案内します。	Nauczyciel oprowadza po mieście.	案[あん]内[ない]します	案[あん]内[ない]しません	rzeczownik / czasownik nieregularny (suru)	先[せん]生[せい]が 町[まち]を 案[あん]内[ない]します。		[sound:hypertts-f4ddd6e50a1959787b103b6fa4e4c8ebf47adc8ef4d56925681a62dd.mp3]	[sound:hypertts-a392fc11c9cba594671ebe0bef9db50cd302f6266d4555c6dc6a4fca.mp3]	[sound:案内_アンナ＼イ_3_NHK-2016.mp3]	"""<span style=""""box-shadow: inset -2px -2px 0 0 #FF6633;"""">ア</span><span style=""""box-shadow: inset -2px 2px 0 0px #FF6633;"""">ンナ</span><span style=""""box-shadow: inset 0px -2px 0 0px #FF6633;"""">イ</span> <span class=""""pitch_number"""">3</span>"""
1781597269876	1781597826	Doki Doki2-9	荷物をまとめる	荷[に]物[もつ]を まとめる	にもつをまとめる	nimotsu o matomeru	pakować bagaż, zbierać rzeczy	旅行の前に荷物をまとめます。	Przed podróżą pakuję bagaż.	荷[に]物[もつ]を まとめます	荷[に]物[もつ]を まとめません	wyrażenie, czasownik まとめる to czasownik gr. 2	旅[りょ]行[こう]の 前[まえ]に 荷[に]物[もつ]を まとめます。		[sound:hypertts-abdf3c7f1c18628da6c106b38b719f5ed640b2b7aabf1ebd34be7637.mp3]	[sound:hypertts-39678b9a6a06c21687505604d467856298ac08e12316608aaeda7991.mp3]		
1781597269877	1786196448	Doki Doki2-9	ドライブ	ドライブ	ドライブ	doraibu	przejażdżka samochodem	週末にドライブに行きます。	W weekend jadę na przejażdżkę.	ドライブします	ドライブしません	rzeczownik / czasownik nieregularny (suru), zapożyczenie (drive)	週[しゅう]末[まつ]に ドライブに 行[い]きます。		[sound:hypertts-8725cad05f0a519766ba514cd868443211d812cc888578485918acbb.mp3]	[sound:hypertts-0a3e144c9f1b17210db4814ccc00d61be1a7d7927812a2c8ff7a27b7.mp3]	[sound:ドライブ_ドラ＼イブ_2_NHK-2016.mp3]	"""<span style=""""box-shadow: inset -2px -2px 0 0 #FF6633;"""">ド</span><span style=""""box-shadow: inset -2px 2px 0 0px #FF6633;"""">ラ</span><span style=""""box-shadow: inset 0px -2px 0 0px #FF6633;"""">イブ</span> <span class=""""pitch_number"""">2</span>"""
1781597269878	1781598270	Doki Doki2-9	遠足	遠[えん]足[そく]	えんそく	ensoku	wycieczka szkolna, piesza wycieczka	明日は学校の遠足です。	Jutro jest szkolna wycieczka.			rzeczownik; odnosi się zazwyczaj do pieszych, jednodniowych wycieczek szkolnych	明日[あした]は 学校[がっこう]の 遠[えん]足[そく]です。		[sound:hypertts-c74e6c31bafc3d1f5afa29e02798121005c81ce77a260482b9de3afe.mp3]	[sound:hypertts-092b5ca3ba1f2e524807954d872fbb658a853a4fdc8bdfc57b4b7679.mp3]	[sound:遠足_エンソク━_0_NHK-2016.mp3]	"""<span style=""""box-shadow: inset -2px -2px 0 0 #FF6633;"""">エ</span><span style=""""box-shadow: inset 0px 2px 0 0px #FF6633;"""">ンソク</span> <span class=""""pitch_number"""">0</span>"""
1781599221295	1782849648	Doki Doki2-10	意味	意[い] 味[み]	いみ	imi	znaczenie	言葉の意味が分かりません。	Nie rozumiem znaczenia tego słowa.			rzeczownik	 言葉[ことば]の 意味[いみ]が 分[わ]かりません。		[sound:hypertts-8102ef597d57d6d4a531831faf036591300d73a1a994cec7f6f3c38f.mp3]	[sound:hypertts-632b8ca0d8e0bdffd203bc6228feaf19a30db7c810dbd7d206968342.mp3]	[sound:意味_イ＼ミ_1_NHK-2016.mp3]	"""<span style=""""box-shadow: inset -2px 2px 0 0px #FF6633;"""">イ</span><span style=""""box-shadow: inset 0px -2px 0 0px #FF6633;"""">ミ</span> <span class=""""pitch_number"""">1</span>"""
1781599221301	1781600117	Doki Doki2-10	体	 体[からだ]	からだ	karada	ciało	体は大切です。	Ciało jest ważne.			rzeczownik	 体[からだ]は 大切[たいせつ]です。		[sound:hypertts-12d1ecd137c9233f4d887453cb2d5b2a1bd5e04b1835e976e474409f.mp3]	[sound:hypertts-a5dbe5a9b970588d6910f3d2f8b87142c407c76d6b420029db2ed402.mp3]	[sound:体_カラダ━_0_NHK-2016.mp3]	"""<span style=""""box-shadow: inset -2px -2px 0 0 #FF6633;"""">カ</span><span style=""""box-shadow: inset 0px 2px 0 0px #FF6633;"""">ラダ</span> <span class=""""pitch_number"""">0</span>"""
1781599221303	1782849648	Doki Doki2-10	試合	試[し] 合[あい]	しあい	shiai	mecz	友達とテニスの試合を見ます。	Oglądam z przyjacielem mecz tenisa.			rzeczownik	 友達[ともだち]とテニスの 試合[しあい]を 見[み]ます。		[sound:hypertts-3b5e92eff076340611b0c3ca1884e33aa353a5017f0f41f1b32a914b.mp3]	[sound:hypertts-c4a8b06fa0ed180eb9de821a2cdb6eef59428c5533a6acb738389074.mp3]	[sound:試合_シアイ━_0_NHK-2016.mp3]	"""<span style=""""box-shadow: inset -2px -2px 0 0 #FF6633;"""">シ</span><span style=""""box-shadow: inset 0px 2px 0 0px #FF6633;"""">アイ</span> <span class=""""pitch_number"""">0</span>"""
1781599221304	1788525656	Doki Doki2-10	絶対に	絶[ぜっ] 対[たい]に	ぜったいに	zettaini	koniecznie (absolutnie, na 100%, pod żadnym pozorem)	絶対に日本に行きます。	Koniecznie pojadę do Japonii.			przysłówek, &nbsp;Używasz tego słowa, aby podkreślić całkowitą pewność, że coś się wydarzy (lub nie), a także przy twardych zasadach, zakazach czy ostrzeżeniach. Jest to stwierdzenie kategoryczne i nie ma tu miejsca na dyskusję.<div>Bardzo często występuje z przeczeniami (～ない / ～ません) oraz silnymi zakazami.</div><div>&nbsp;絶対に忘れません。 (Zettai ni wasuremasen.) – Absolutnie (nigdy) tego nie zapomnę.</div><div>&nbsp;絶対にダメです。 (Zettai ni dame desu.) – Absolutnie nie / Zdecydowanie nie wolno.</div>	 絶対[ぜったい]に 日本[にほん]に 行[い]きます。		[sound:hypertts-0f29b1e2c10a590125ed4d6f8be66fdc20eb639a8422b6e507ba3b5f.mp3]	[sound:hypertts-74df64c310ddc6c34eb017c02e8fa6276131ab21f1e00d5267410230.mp3]	[sound:絶対に_ゼッタイニ_TAAS.mp3]	
1781599221306	1781600159	Doki Doki2-10	この前	この 前[まえ]	このまえ	kono mae	jakiś czas temu	この前、映画を見ました。	Jakiś czas temu oglądałem film.			wyrażenie czasu	この 前[まえ]、 映画[えいが]を 見[み]ました。		[sound:hypertts-c686a44dd1775dc6b79b1358d46249f6e31e96abe8ea48eccd67999c.mp3]	[sound:hypertts-8b2c3620119ff373b10d6a9d15744d84400edd99a4573b79222bc292.mp3]		"""<span style=""""box-shadow: inset -2px -2px 0 0 #FF6633;"""">コ</span><span style=""""box-shadow: inset -2px 2px 0 0px #FF6633;"""">ノマ</span><span style=""""box-shadow: inset 0px -2px 0 0px #FF6633;"""">エ</span> <span class=""""pitch_number"""">3</span>"""
1781599221308	1781600117	Doki Doki2-10	おめでとうございます	おめでとうございます	おめでとうございます	omedetou gozaimasu	gratulacje!	誕生日おめでとうございます。	Wszystkiego najlepszego z okazji urodzin.			wyrażenie	 誕生日[たんじょうび]おめでとうございます。		[sound:hypertts-34c5dd9a56755b2fac4a89b13ec3ca524284e7f0d257b05d5eecb5a1.mp3]	[sound:hypertts-49ff54e0a3cece025205b3a0944d827bf763dd4fb9a9f3731f6a5db5.mp3]	[sound:おめでとうございます_オメデトウゴザイマス_JapanesePod101.mp3]	"""<span style=""""box-shadow: inset -2px -2px 0 0 #FF6633;"""">オ</span><span style=""""box-shadow: inset -2px 2px 0 0px #FF6633;"""">メデトウゴザイマ</span><span style=""""box-shadow: inset 0px -2px 0 0px #FF6633;"""">ス</span> <span class=""""pitch_number"""">9</span>"""
1781599221310	1782885731	Doki Doki2-10	言葉	言葉[ことば]	ことば	kotoba	język, słowa, wyraz	日本語の言葉を覚えます。	Uczę się japońskich słówek.			rzeczownik	 日本語[にほんご]の 言葉[ことば]を 覚[おぼ]えます。		[sound:hypertts-6c2b9cc3978a3975c447726ef48c41e15d13aa1ef01a7ac05e6a9a1d.mp3]	[sound:hypertts-ac8a8e007362e967ca45aa85cc386f13eea21b71b8497e2b7c0c3f11.mp3]	[sound:言葉_コトバ＼_3_NHK-1998.mp3]	"""<span style=""""box-shadow: inset -2px -2px 0 0 #FF6633;"""">コ</span><span style=""""box-shadow: inset -2px 2px 0 0px #FF6633;"""">トバ</span> <span class=""""pitch_number"""">3</span>"""
1781599221311	1782849648	Doki Doki2-10	最低気温	最[さい] 低[てい] 気[き] 温[おん]	さいていきおん	saitei kion	najniższa temperatura	今日の最低気温は五度です。	Dzisiejsza najniższa temperatura to pięć stopni.			rzeczownik	 今日[きょう]の 最低気温[さいていきおん]は 五度[ごど]です。		[sound:hypertts-9f826a25b90ea5a03829c876df33bf2f0e349a5a086b22ab31a8aa8c.mp3]	[sound:hypertts-04d1f023130d19deb1f0d99e3836c34e45c558fb5a21835bfd70483b.mp3]		"""<span style=""""box-shadow: inset -2px -2px 0 0 #FF6633;"""">サ</span><span style=""""box-shadow: inset -2px 2px 0 0px #FF6633;"""">イテイキ</span><span style=""""box-shadow: inset 0px -2px 0 0px #FF6633;"""">オン</span> <span class=""""pitch_number"""">5</span>"""
1781599221312	1782849648	Doki Doki2-10	最高気温	最[さい] 高[こう] 気[き] 温[おん]	さいこうきおん	saikou kion	najwyższa temperatura	明日の最高気温は三十度です。	Jutrzejsza najwyższa temperatura to trzydzieści stopni.			rzeczownik	 明日[あした]の 最高気温[さいこうきおん]は 三十度[さんじゅうど]です。		[sound:hypertts-6882f3da28ff82047d39ffb6ce01d9dab0d06c0aebf5e92ddf354876.mp3]	[sound:hypertts-1155e3179e224cea4b316434019507b3d1eb0660206a9e84386a8c08.mp3]		"""<span style=""""box-shadow: inset -2px -2px 0 0 #FF6633;"""">サ</span><span style=""""box-shadow: inset -2px 2px 0 0px #FF6633;"""">イコウキ</span><span style=""""box-shadow: inset 0px -2px 0 0px #FF6633;"""">オン</span> <span class=""""pitch_number"""">5</span>"""
1781599221313	1781600117	Doki Doki2-10	調べる	 調[しら]べる	しらべる	shiraberu	sprawdzić	辞書で漢字を調べます。	Sprawdzam kanji w słowniku.	 調[しら]べます	 調[しら]べません	czasownik gr. 2 (ru)	 辞書[じしょ]で 漢字[かんじ]を 調[しら]べます。		[sound:hypertts-7f2e960fd4b672922db1a8f5fe22511ba4c39b206f5fcb8fa9776d8b.mp3]	[sound:hypertts-84114cddb11e45325ad9d0f82901d6bb3af340d609aa3965e19b48fb.mp3]	[sound:調べる_シラベ＼ル_3_NHK-2016.mp3]	"""<span style=""""box-shadow: inset -2px -2px 0 0 #FF6633;"""">シ</span><span style=""""box-shadow: inset -2px 2px 0 0px #FF6633;"""">ラベ</span><span style=""""box-shadow: inset 0px -2px 0 0px #FF6633;"""">ル</span> <span class=""""pitch_number"""">3</span>"""
1781599221314	1781600117	Doki Doki2-10	答える	 答[こた]える	こたえる	kotaeru	odpowiadać	先生の質問に答えます。	Odpowiadam na pytanie nauczyciela.	 答[こた]えます	 答[こた]えません	czasownik gr. 2 (ru)	 先生[せんせい]の 質問[しつもん]に 答[こた]えます。		[sound:hypertts-f7cb90ddbc7dba06e271bf41ce00e74f671fb7bb920189e192a4c9cb.mp3]	[sound:hypertts-a27dbae147b690a122050345a89a9a542b7819df6e243f5038b04946.mp3]	[sound:答える_コタ＼エル_2_NHK-2016.mp3] [sound:答える_コタエ＼ル_3_NHK-2016.mp3]	"""<span style=""""box-shadow: inset -2px -2px 0 0 #FF6633;"""">コ</span><span style=""""box-shadow: inset -2px 2px 0 0px #FF6633;"""">タ</span><span style=""""box-shadow: inset 0px -2px 0 0px #FF6633;"""">エル</span> <span class=""""pitch_number"""">2</span>, <span style=""""box-shadow: inset -2px -2px 0 0 #FF6633;"""">コ</span><span style=""""box-shadow: inset -2px 2px 0 0px #FF6633;"""">タエ</span><span style=""""box-shadow: inset 0px -2px 0 0px #FF6633;"""">ル</span> <span class=""""pitch_number"""">3</span>"""
1781599221315	1788599556	Doki Doki2-10	困る	 困[こま]る	こまる	komaru	martwić się (o coś, co już się stało)	お金がなくて困ります。	Martwię się, bo nie mam pieniędzy.	 困[こま]ります	 困[こま]りません	czasownik gr. 1 (u)	お 金[かね]がなくて 困[こま]ります。		[sound:hypertts-90598f2f23d9d78743ebbaf668711c527dfd69c3453aea1ec68f41ea.mp3]	[sound:hypertts-64834acac1faf52232d407740b509c7fb95c4fc04635a65b8fe01bc2.mp3]	[sound:困る_コマ＼ル_2_NHK-2016.mp3]	"""<span style=""""box-shadow: inset -2px -2px 0 0 #FF6633;"""">コ</span><span style=""""box-shadow: inset -2px 2px 0 0px #FF6633;"""">マ</span><span style=""""box-shadow: inset 0px -2px 0 0px #FF6633;"""">ル</span> <span class=""""pitch_number"""">2</span>"""
1781599221316	1781600117	Doki Doki2-10	頼む	 頼[たの]む	たのむ	tanomu	prosić, zamawiać	レストランでピザを頼みます。	Zamawiam pizzę w restauracji.	 頼[たの]みます	 頼[たの]みません	czasownik gr. 1 (u)	レストランでピザを 頼[たの]みます。		[sound:hypertts-ad9cc103d55fde3b6c860c39be61d52ef75d666782c33d438b5e0c27.mp3]	[sound:hypertts-a7b9789cf660b0e6f880992acf3c4542df46107e4c8da00b42be9165.mp3]	[sound:頼む_タノ＼ム_2_NHK-2016.mp3]	"""<span style=""""box-shadow: inset -2px -2px 0 0 #FF6633;"""">タ</span><span style=""""box-shadow: inset -2px 2px 0 0px #FF6633;"""">ノ</span><span style=""""box-shadow: inset 0px -2px 0 0px #FF6633;"""">ム</span> <span class=""""pitch_number"""">2</span>"""
1781599221317	1781600117	Doki Doki2-10	祈る	 祈[いの]る	いのる	inoru	modlić się	お寺で祈ります。	Modlę się w świątyni.	 祈[いの]ります	 祈[いの]りません	czasownik gr. 1 (u)	お 寺[てら]で 祈[いの]ります。		[sound:hypertts-777f207d523ddc63891f52e21882de33a6ad47893bf84da26d0fdab1.mp3]	[sound:hypertts-151c84b8379e845b3e2efbe6f68c39478f49e74e4d4b75227b09aec6.mp3]	[sound:祈る_イノ＼ル_2_NHK-2016.mp3]	"""<span style=""""box-shadow: inset -2px -2px 0 0 #FF6633;"""">イ</span><span style=""""box-shadow: inset -2px 2px 0 0px #FF6633;"""">ノ</span><span style=""""box-shadow: inset 0px -2px 0 0px #FF6633;"""">ル</span> <span class=""""pitch_number"""">2</span>"""
1781599221319	1781600117	Doki Doki2-10	見せる	 見[み]せる	みせる	miseru	pokazywać	友達に写真を見せます。	Pokazuję zdjęcie przyjacielowi.	 見[み]せます	 見[み]せません	czasownik gr. 2 (ru)	 友達[ともだち]に 写真[しゃしん]を 見[み]せます。		[sound:hypertts-756c834e1b1d49db082b5c1422f913889e41f461387b173ac7f99dfc.mp3]	[sound:hypertts-7b03c306664309213b9fa69767b565a706c96c6d69b78da0f9150b81.mp3]	[sound:見せる_ミセ＼ル_2_NHK-2016.mp3]	"""<span style=""""box-shadow: inset -2px -2px 0 0 #FF6633;"""">ミ</span><span style=""""box-shadow: inset -2px 2px 0 0px #FF6633;"""">セ</span><span style=""""box-shadow: inset 0px -2px 0 0px #FF6633;"""">ル</span> <span class=""""pitch_number"""">2</span>"""
1781599221322	1781600117	Doki Doki2-10	聞こえる	 聞[き]こえる	きこえる	kikoeru	być słyszalnym	音楽が聞こえます。	Słychać muzykę.	 聞[き]こえます	 聞[き]こえません	czasownik gr. 2 (ru), nieprzechodni (używa partykuły が)	 音楽[おんがく]が 聞[き]こえます。		[sound:hypertts-f5aa57ca8c1f2e5077af0ea0464aaac0a0435766593b6531f97fc563.mp3]	[sound:hypertts-b401c4c757a1d195fa1844c00f1512d5a301679ec8fc0694683008bd.mp3]	[sound:聞こえる_キコエル━_0_NHK-2016.mp3]	"""<span style=""""box-shadow: inset -2px -2px 0 0 #FF6633;""""><span style=""""color: royalblue;"""">キ</span></span><span style=""""box-shadow: inset 0px 2px 0 0px #FF6633;"""">コエル</span> <span class=""""pitch_number"""">0</span>"""
1781599221323	1782849648	Doki Doki2-10	興味がある	興[きょう] 味[み]がある	きょうみがある	kyoumi ga aru	interesować się	私は日本の歴史に興味があります。	Interesuję się historią Japonii.	 興味[きょうみ]があります	 興味[きょうみ]がありません	wyrażenie (łączy się z partykułą に)	 私[わたし]は 日本[にほん]の 歴史[れきし]に 興味[きょうみ]があります。		[sound:hypertts-6e4cd77a3ff7f6bbfb9bb1d135ffa4545c500d6e6b2dcca8ed7ad7d6.mp3]	[sound:hypertts-6e6c9bb9aea0876131e4cc71f4f9433b156266fb6a5e69f9ca1729b6.mp3]		
1781599221324	1782849648	Doki Doki2-10	緊張する	緊[きん] 張[ちょう]する	きんちょうする	kinchou suru	stresować się	テストの前は緊張します。	Stresuję się przed testem.	 緊張[きんちょう]します	 緊張[きんちょう]しません	czasownik gr. 3 (nieregularny)	テストの 前[まえ]は 緊張[きんちょう]します。		[sound:hypertts-c36983cbb1f83c7d725150fb863bcf2ca7ce40cd85b582f1571ddb97.mp3]	[sound:hypertts-1dcc21eeaa4ecde7b16d77c2cff9a449207b93dff4bd782df5d69a58.mp3]	[sound:緊張する_キンチョウスル_TAAS.mp3] [sound:緊張する_キンチョウスル_TAAS(1).mp3]	"""<span style=""""box-shadow: inset -2px -2px 0 0 #FF6633;"""">キ</span><span style=""""box-shadow: inset 0px 2px 0 0px #FF6633;"""">ンチョウスル</span> <span class=""""pitch_number"""">0</span>"""
1781599221325	1782849648	Doki Doki2-10	質問する	質[しつ] 問[もん]する	しつもんする	shitsumon suru	zadawać pytanie	先生に質問します。	Zadaję pytanie nauczycielowi.	 質問[しつもん]します	 質問[しつもん]しません	czasownik gr. 3 (nieregularny)	 先生[せんせい]に 質問[しつもん]します。		[sound:hypertts-b53f572336e8f6370b7ec9fef3cba5e1d7e43892f384422687f5fc92.mp3]	[sound:hypertts-7cc5b4b01a73e33e487d9b33df987a96ffff5b5b6123c6966fa88854.mp3]		"""<span style=""""box-shadow: inset -2px -2px 0 0 #FF6633;"""">シ</span><span style=""""box-shadow: inset 0px 2px 0 0px #FF6633;"""">ツモンスル</span> <span class=""""pitch_number"""">0</span>"""
1781599221326	1782849648	Doki Doki2-10	風邪を引く	風邪[かぜ]を 引[ひ]く	かぜをひく	kaze o hiku	przeziębić się	昨日、風邪を引きました。	Wczoraj się przeziębiłem.	 風邪[かぜ]を 引[ひ]きます	 風邪[かぜ]を 引[ひ]きません	wyrażenie z czasownikiem gr. 1 (u)	 昨日[きのう]、 風邪[かぜ]を 引[ひ]きました。		[sound:hypertts-181c911ade2fe4bd851290c3ef912c0330e5073ee82ad2f4a05851ad.mp3]	[sound:hypertts-10776483ccc8e3ab050798c48aeb630f43affdf7a11435bdb1049c5e.mp3]	[sound:風邪を引く_カゼヲヒク_JapanesePod101.mp3] [sound:風邪を引く_カゼヲヒク_JapanesePod101(1).mp3] [sound:風邪を引く_カゼヲヒク_JapanesePod101(2).mp3]	
1781599221327	1781600117	Doki Doki2-10	喋る	 喋[しゃべ]る	しゃべる	shaberu	rozmawiać / pogadać	友達と喋ります。	Rozmawiam z przyjacielem.	 喋[しゃべ]ります	 喋[しゃべ]りません	czasownik gr. 1 (u) (wyjątek kończący się na -eru)	 友達[ともだち]と 喋[しゃべ]ります。		[sound:hypertts-d516c0c53cd889eb07ce0a7d86280c8614ffb1fe31c3c5ede6ffb42d.mp3]	[sound:hypertts-7c8499fd0774120d0f43ac2840c447ca17fbaca7aaf96ef07ab451ff.mp3]	[sound:喋る_シャベ＼ル_2_NHK-1998.mp3]	"""<span style=""""box-shadow: inset -2px -2px 0 0 #FF6633;"""">シャ</span><span style=""""box-shadow: inset -2px 2px 0 0px #FF6633;"""">ベ</span><span style=""""box-shadow: inset 0px -2px 0 0px #FF6633;"""">ル</span> <span class=""""pitch_number"""">2</span>"""
1781599221330	1781600117	Doki Doki2-10	細い	 細[ほそ]い	ほそい	hosoi	cienki	足が細いです。	Nogi są cienkie.			i-adj	 足[あし]が 細[ほそ]いです。		[sound:hypertts-df0f7d0c8919cadbd9a780fe92701b8b3e84aeb8de797b8c38b6d374.mp3]	[sound:hypertts-34a4219c7b59cb74ae9c1e3908a5946a0e9d3ec4fd3f95232b2c63ea.mp3]	[sound:細い_ホソ＼イ_2_NHK-2016.mp3]	"""<span style=""""box-shadow: inset -2px -2px 0 0 #FF6633;"""">ホ</span><span style=""""box-shadow: inset -2px 2px 0 0px #FF6633;"""">ソ</span><span style=""""box-shadow: inset 0px -2px 0 0px #FF6633;"""">イ</span> <span class=""""pitch_number"""">2</span>"""
1781599221332	1781600117	Doki Doki2-10	丸い	 丸[まる]い	まるい	marui	okrągły	丸いテーブルを買います。	Kupuję okrągły stół.			i-adj	 丸[まる]いテーブルを 買[か]います。		[sound:hypertts-28a8a270b538c31106233b76c37207aac9082b7af7c33923005b48b5.mp3]	[sound:hypertts-88a88d5de6fe5cc8c750931b1115da0c1145d78a6a28cf1b24269c5e.mp3]	[sound:丸い_マルイ━_0_NHK-2016.mp3]	"""<span style=""""box-shadow: inset -2px -2px 0 0 #FF6633;"""">マ</span><span style=""""box-shadow: inset 0px 2px 0 0px #FF6633;"""">ルイ</span> <span class=""""pitch_number"""">0</span>"""
1781599221333	1782849648	Doki Doki2-10	四角い	四[し] 角[かく]い	しかくい	shikakui	kwadratowy	四角い時計です。	Kwadratowy zegar.			i-adj	 四角[しかく]い 時計[とけい]です。		[sound:hypertts-178f26e242153529840a18dd99ebc083c73cf649b6aadcf94fab4d56.mp3]	[sound:hypertts-862b1907aac0414c87116f012d7df50fae8ea89fdde80133c9ce7e82.mp3]	[sound:四角い_シカクイ━_0_NHK-2016.mp3] [sound:四角い_シカク＼イ_3_NHK-2016.mp3]	"""<span style=""""box-shadow: inset -2px -2px 0 0 #FF6633;""""><span style=""""color: royalblue;"""">シ</span></span><span style=""""box-shadow: inset 0px 2px 0 0px #FF6633;"""">カクイ</span> <span class=""""pitch_number"""">0</span>, <span style=""""box-shadow: inset -2px -2px 0 0 #FF6633;""""><span style=""""color: royalblue;"""">シ</span></span><span style=""""box-shadow: inset -2px 2px 0 0px #FF6633;"""">カク</span><span style=""""box-shadow: inset 0px -2px 0 0px #FF6633;"""">イ</span> <span class=""""pitch_number"""">3</span>"""
1781599221334	1781600117	Doki Doki2-10	強い	 強[つよ]い	つよい	tsuyoi	silny	今日は風が強いです。	Dzisiaj wiatr jest silny.			i-adj	 今日[きょう]は 風[かぜ]が 強[つよ]いです。		[sound:hypertts-81f1d40155f8bd117de9d22c4bd7c0fcfb83148f191910b4f1b0410c.mp3]	[sound:hypertts-da203c89503a4cd3e354e9d8e53425f7ea0b81d5ceee65c841764a26.mp3]	[sound:強い_ツヨ＼イ_2_NHK-2016.mp3]	"""<span style=""""box-shadow: inset -2px -2px 0 0 #FF6633;"""">ツ</span><span style=""""box-shadow: inset -2px 2px 0 0px #FF6633;"""">ヨ</span><span style=""""box-shadow: inset 0px -2px 0 0px #FF6633;"""">イ</span> <span class=""""pitch_number"""">2</span>"""
1781599221335	1781600117	Doki Doki2-10	弱い	 弱[よわ]い	よわい	yowai	słaby	私はスポーツが弱いです。	Jestem słaby w sporcie.			i-adj	 私[わたし]はスポーツが 弱[よわ]いです。		[sound:hypertts-566eb5849c569f0f44e68e290d7bb946172a2c31e05824edded10d37.mp3]	[sound:hypertts-e3466efb2bd9ba5f73e05eec850448b0d8682336cd4676c8cac6b7bb.mp3]	[sound:弱い_ヨワ＼イ_2_NHK-2016.mp3]	"""<span style=""""box-shadow: inset -2px -2px 0 0 #FF6633;"""">ヨ</span><span style=""""box-shadow: inset -2px 2px 0 0px #FF6633;"""">ワ</span><span style=""""box-shadow: inset 0px -2px 0 0px #FF6633;"""">イ</span> <span class=""""pitch_number"""">2</span>"""
1781599221336	1781600117	Doki Doki2-10	晴れ	 晴[は]れ	はれ	hare	słoneczny	明日は晴れです。	Jutro będzie słonecznie.			rzeczownik (czasownik: 晴れる)	 明日[あした]は 晴[は]れです。		[sound:hypertts-0cf58a79694d895ef18db59251e9d5bf375ff0c539b65ad4511fc1ef.mp3]	[sound:hypertts-a38235ad59ada04eae582312fc2bad0ae50ffb80288cfbd25cc3c766.mp3]	[sound:晴れ_ハレ＼_2_NHK-2016.mp3]	"""<span style=""""box-shadow: inset -2px -2px 0 0 #FF6633;"""">ハ</span><span style=""""box-shadow: inset -2px 2px 0 0px #FF6633;"""">レ</span> <span class=""""pitch_number"""">2</span>"""
1781599221337	1781600117	Doki Doki2-10	晴れ時々曇り	 晴[は]れ 時々[ときどき] 曇[くも]り	はれときどきくもり	hare tokidoki kumori	pochmurno z przejaśnieniami	明日は晴れ時々曇りです。	Jutro będzie pochmurno z przejaśnieniami.			rzeczownik	 明日[あした]は 晴[は]れ 時々[ときどき] 曇[くも]りです。		[sound:hypertts-c664d67004f7ee01cf47798d8de4ef6fd6330072e63196d018be2396.mp3]	[sound:hypertts-4f36abe499489b8dba5fb452e1c37fba0cb16883721b7cb012fea76d.mp3]		
1781599221338	1781600117	Doki Doki2-10	曇り	 曇[くも]り	くもり	kumori	pochmurno	今日は曇りです。	Dzisiaj jest pochmurno.			rzeczownik (czasownik: 曇る)	 今日[きょう]は 曇[くも]りです。		[sound:hypertts-9e1facacb164707a2c537299ddaf23957ee1613b012886f0448cdd1c.mp3]	[sound:hypertts-3cd0e9e875a92962e5f8a0eea87e8dd08f169bbb418e656b0a9e4de6.mp3]	[sound:曇り_クモリ＼_3_NHK-2016.mp3]	"""<span style=""""box-shadow: inset -2px -2px 0 0 #FF6633;"""">ク</span><span style=""""box-shadow: inset -2px 2px 0 0px #FF6633;"""">モリ</span> <span class=""""pitch_number"""">3</span>"""
1781599221341	1781600117	Doki Doki2-10	風	 風[かぜ]	かぜ	kaze	wiatr	風が吹きます。	Wieje wiatr.			rzeczownik	 風[かぜ]が 吹[ふ]きます。		[sound:hypertts-a5cbe369166e417a3dc40c16c95bf540640c18f151120785e1eb8f80.mp3]	[sound:hypertts-176b69406ab412f150857106dfd461f1e457825fc3de65aa24da151e.mp3]	[sound:風_カゼ━_0_NHK-2016.mp3]	"""<span style=""""box-shadow: inset -2px -2px 0 0 #FF6633;"""">カ</span><span style=""""box-shadow: inset 0px 2px 0 0px #FF6633;"""">ゼ</span> <span class=""""pitch_number"""">0</span>"""
1781599221342	1781600117	Doki Doki2-10	嵐	 嵐[あらし]	あらし	arashi	burza	昨日は嵐でした。	Wczoraj była burza.			rzeczownik	 昨日[きのう]は 嵐[あらし]でした。		[sound:hypertts-9c4ea6b82846efb7b8e87b5484c0d03b4f49295a7b7b358ed23fcc12.mp3]	[sound:hypertts-e31ccd10ba167582006ef54787d528adea740a8e611bc88e5dc38b76.mp3]	[sound:嵐_ア＼ラシ_1_NHK-2016.mp3]	"""<span style=""""box-shadow: inset -2px 2px 0 0px #FF6633;"""">ア</span><span style=""""box-shadow: inset 0px -2px 0 0px #FF6633;"""">ラシ</span> <span class=""""pitch_number"""">1</span>"""
1781599221343	1783158163	Doki Doki2-10 Doki2-7	天気予報	天[てん] 気[き] 予[よ] 報[ほう]	てんきよほう	tenki yohō	prognoza pogody	今日の朝、天気予報を見ました。	Dziś rano oglądałem prognozę pogody.			"""rzeczownik. W podręczniku Doki Doki pojawia się jako źródło informacji przy konstrukcji """"według""""."""	今[きょう] 日[の] 朝[あさ]、 天[てん] 気[き] 予[よ] 報[ほう]を 見[み]ました。		[sound:hypertts-9488f7d5292987e46ce6de65cd6caf493031f1693979a9bedd7db3df.mp3]	[sound:hypertts-5cedc005124f8121a266905f9f434b2624d428d48b80e22334db29e0.mp3]	[sound:天気予報_テンキヨ＼ホー_4_NHK-2016.mp3]	"""<span style=""""box-shadow: inset -2px -2px 0 0 #FF6633;"""">テ</span><span style=""""box-shadow: inset -2px 2px 0 0px #FF6633;"""">ンキヨ</span><span style=""""box-shadow: inset 0px -2px 0 0px #FF6633;"""">ホー</span> <span class=""""pitch_number"""">4</span>"""
1781599221344	1782849648	Doki Doki2-10	砂漠	砂[さ] 漠[ばく]	さばく	sabaku	pustynia	砂漠は暑いです。	Pustynia jest gorąca.			rzeczownik	 砂漠[さばく]は 暑[あつ]いです。		[sound:hypertts-b86d583de95c3b7f8cda5e0e960a35e95e3b852ed2ffffcb38d35a53.mp3]	[sound:hypertts-a86e6cd0aac632814e3b93aec0a678fae4b7b3bfc4566da7d58f3a5f.mp3]	[sound:砂漠_サバク━_0_NHK-2016.mp3]	"""<span style=""""box-shadow: inset -2px -2px 0 0 #FF6633;"""">サ</span><span style=""""box-shadow: inset 0px 2px 0 0px #FF6633;"""">バク</span> <span class=""""pitch_number"""">0</span>"""
1781599221347	1781600117	Doki Doki2-10	滝	 滝[たき]	たき	taki	wodospad	きれいな滝を見ました。	Widziałem piękny wodospad.			rzeczownik	きれいな 滝[たき]を 見[み]ました。		[sound:hypertts-b6f49aa0c71b98501b64e137d3e5ccaefad02c0acd4a119ceed93396.mp3]	[sound:hypertts-6b3ad189991567cebe5723982363faa18a46e43bd0721f9e5dc3d74c.mp3]	[sound:滝_タキ━_0_NHK-2016.mp3]	"""<span style=""""box-shadow: inset -2px -2px 0 0 #FF6633;"""">タ</span><span style=""""box-shadow: inset 0px 2px 0 0px #FF6633;"""">キ</span> <span class=""""pitch_number"""">0</span>"""
1781599221349	1781600117	Doki Doki2-10	池	 池[いけ]	いけ	ike	staw	公園の池に魚がいます。	W stawie w parku są ryby.			rzeczownik	 公園[こうえん]の 池[いけ]に 魚[さかな]がいます。		[sound:hypertts-614f3f099f64512d024ffd93a3754446513f1630c8561529153b86eb.mp3]	[sound:hypertts-7fdfd5d76635ff583df3d53fc6871ce3ddfb67deca8d8765d1aaa59e.mp3]	[sound:池_イケ＼_2_NHK-2016.mp3]	"""<span style=""""box-shadow: inset -2px -2px 0 0 #FF6633;"""">イ</span><span style=""""box-shadow: inset -2px 2px 0 0px #FF6633;"""">ケ</span> <span class=""""pitch_number"""">2</span>"""
1781599221350	1782849648	Doki Doki2-10	植物	植[しょく] 物[ぶつ]	しょくぶつ	shokubutsu	roślinność	植物を育てます。	Hoduję rośliny.			rzeczownik	 植物[しょくぶつ]を 育[そだ]てます。		[sound:hypertts-a0a9ff5a3bd029d4beaeadeb1ee0efb90af6f1db797dbb9039cceeaf.mp3]	[sound:hypertts-775932e4427a8828dab5fd55d09f02df33abbe52a53c15ddbb0eb5ea.mp3]	[sound:植物_ショク＼ブツ_2_NHK-2016.mp3]	"""<span style=""""box-shadow: inset -2px -2px 0 0 #FF6633;"""">ショ</span><span style=""""box-shadow: inset -2px 2px 0 0px #FF6633;"""">ク</span><span style=""""box-shadow: inset 0px -2px 0 0px #FF6633;"""">ブツ</span> <span class=""""pitch_number"""">2</span>"""
1781599221353	1781600117	Doki Doki2-10	林	 林[はやし]	はやし	hayashi	zagajnik	林の中を歩きます。	Spaceruję po zagajniku.			rzeczownik	 林[はやし]の 中[なか]を 歩[ある]きます。		[sound:hypertts-d600828341f553547899180c9ce460aec3877480151f97d413c705df.mp3]	[sound:hypertts-1286825b1baac86db4d14d7decfa47ff3cfd7ca2d9d6db552cf3ba62.mp3]	[sound:林_ハヤシ━_0_NHK-2016.mp3] [sound:林_ハヤシ＼_3_NHK-2016.mp3]	"""<span style=""""box-shadow: inset -2px -2px 0 0 #FF6633;"""">ハ</span><span style=""""box-shadow: inset 0px 2px 0 0px #FF6633;"""">ヤシ</span> <span class=""""pitch_number"""">0</span>, <span style=""""box-shadow: inset -2px -2px 0 0 #FF6633;"""">ハ</span><span style=""""box-shadow: inset -2px 2px 0 0px #FF6633;"""">ヤシ</span> <span class=""""pitch_number"""">3</span>"""
1781599221354	1781600117	Doki Doki2-10	丘	 丘[おか]	おか	oka	wzgórze	丘の上に家があります。	Na wzgórzu jest dom.			rzeczownik	 丘[おか]の 上[うえ]に 家[いえ]があります。		[sound:hypertts-501e74743e779c2f36fc2bda07631717a0bd1ac1602299bb30ed304a.mp3]	[sound:hypertts-a68e2fbf2087570f7ba150d872c58cc94d5defc5c4d884711bfda9f8.mp3]	[sound:丘_オカ━_0_NHK-2016.mp3]	"""<span style=""""box-shadow: inset -2px -2px 0 0 #FF6633;"""">オ</span><span style=""""box-shadow: inset 0px 2px 0 0px #FF6633;"""">カ</span> <span class=""""pitch_number"""">0</span>"""
1781599221355	1782849648	Doki Doki2-10	山脈	山[さん] 脈[みゃく]	さんみゃく	sanmyaku	łańcuch górski	南に山脈があります。	Na południu jest łańcuch górski.			rzeczownik	 南[みなみ]に 山脈[さんみゃく]があります。		[sound:hypertts-d2839de85ed3b74aa1bce5e572c3018a36ca75dd1c6b57b9dcc8a0e3.mp3]	[sound:hypertts-32d483afc23f4fa02e663a7ca172f7dcf8488bb00dbe5085a9efb8d2.mp3]	[sound:山脈_サンミャク━_0_NHK-2016.mp3]	"""<span style=""""box-shadow: inset -2px -2px 0 0 #FF6633;"""">サ</span><span style=""""box-shadow: inset 0px 2px 0 0px #FF6633;"""">ンミャク</span> <span class=""""pitch_number"""">0</span>"""
1781599221356	1782849648	Doki Doki2-10	画家	画[が] 家[か]	がか	gaka	malarz	有名な画家です。	Jest słynnym malarzem.			rzeczownik	 有名[ゆうめい]な 画家[がか]です。		[sound:hypertts-85363fc95f05d0fc35bb6edd4adf62b5903b7e21324ccae6dc260ccb.mp3]	[sound:hypertts-edcca35a2c8825c34a7965a061647ab3921489af25edce4c980ebdb3.mp3]	[sound:画家_ガカ━_0_NHK-2016.mp3]	"""<span style=""""box-shadow: inset -2px -2px 0 0 #FF6633;"""">ガ</span><span style=""""box-shadow: inset 0px 2px 0 0px #FF6633;"""">カ</span> <span class=""""pitch_number"""">0</span>"""
1781599221357	1782849648	Doki Doki2-10	店員	店[てん] 員[いん]	てんいん	ten&#x27;in	sprzedawca	スーパーの店員です。	Jestem sprzedawcą w supermarkecie.			rzeczownik	スーパーの 店員[てんいん]です。		[sound:hypertts-473eab71f97310623ea7685bc7f907b150d0716b3bd406e09e46becc.mp3]	[sound:hypertts-5b002f688ccf04256c7f8683aa6712c7feef41ed1d1357e983a0426e.mp3]	[sound:店員_テンイン━_0_NHK-2016.mp3]	"""<span style=""""box-shadow: inset -2px -2px 0 0 #FF6633;"""">テ</span><span style=""""box-shadow: inset 0px 2px 0 0px #FF6633;"""">ンイン</span> <span class=""""pitch_number"""">0</span>"""
1781599221359	1782849648	Doki Doki2-10	教授	教[きょう] 授[じゅ]	きょうじゅ	kyouju	wykładowca, profesor	大学の教授です。	Jest profesorem na uniwersytecie.			rzeczownik	 大学[だいがく]の 教授[きょうじゅ]です。		[sound:hypertts-fb46402646e3205f1ca18043f3584fef0d9e0a4e1befdc5662a2fa88.mp3]	[sound:hypertts-5acffb956cbc5c6b1861ea686ef8c834b277c484933b1fcbb0abedbf.mp3]	[sound:教授_キョージュ━_0_NHK-2016.mp3] [sound:教授_キョ＼ージュ_1_NHK-2016.mp3]	"""<span style=""""box-shadow: inset -2px -2px 0 0 #FF6633;"""">キョ</span><span style=""""box-shadow: inset 0px 2px 0 0px #FF6633;"""">ージュ</span> <span class=""""pitch_number"""">0</span>, <span style=""""box-shadow: inset -2px 2px 0 0px #FF6633;"""">キョ</span><span style=""""box-shadow: inset 0px -2px 0 0px #FF6633;"""">ージュ</span> <span class=""""pitch_number"""">1</span>"""
1781599221360	1781600117	Doki Doki2-10	コック	コック	コック	kokku	kucharz	彼はレストランのコックです。	On jest kucharzem w restauracji.			rzeczownik, zapożyczenie (gairaigo)	 彼[かれ]はレストランのコックです。		[sound:hypertts-8ba38621ee24df2345d580bf28fc6e6b6df846c914bed45763210a00.mp3]	[sound:hypertts-f57ea34a6d299e7510cec09bf881cb488df9901af034ce2402d6f0e5.mp3]	[sound:コック_コ＼ック_1_NHK-2016.mp3]	"""<span style=""""box-shadow: inset -2px 2px 0 0px #FF6633;"""">コ</span><span style=""""box-shadow: inset 0px -2px 0 0px #FF6633;"""">ック</span> <span class=""""pitch_number"""">1</span>"""
1781599221361	1789902777	Doki Doki2-10 leech	通訳	通[つう] 訳[やく]	つうやく	tsuuyaku	tłumacz	通訳の仕事をします。	Pracuję jako tłumacz.			rzeczownik	 通訳[つうやく]の 仕事[しごと]をします。		[sound:hypertts-64d097386d0d99c33ac7b5b74f396abeea40b00fb95f5d671f22aa3e.mp3]	[sound:hypertts-a01d6529a74528ff41f2484d0c5e2393c6f0a5f2c1cbdfe5d06498fd.mp3]	[sound:通訳_ツ＼ーヤク_1_NHK-2016.mp3]	"""<span style=""""box-shadow: inset -2px 2px 0 0px #FF6633;"""">ツ</span><span style=""""box-shadow: inset 0px -2px 0 0px #FF6633;"""">ーヤク</span> <span class=""""pitch_number"""">1</span>"""
1781599221363	1781600117	Doki Doki2-10	お坊さん	お 坊[ぼう]さん	おぼうさん	obousan	kapłan buddyjski	お寺でお坊さんと話します。	Rozmawiam z kapłanem w świątyni.			rzeczownik	お 寺[てら]でお 坊[ぼう]さんと 話[はな]します。		[sound:hypertts-bc745fd93a2bb7eceb5e0f9af74acdffed6f10aafdd0ad521d4bb2fa.mp3]	[sound:hypertts-efb879b92d0383faaa13c4097318cd7d51b96236b5efca44f85d5bdd.mp3]	[sound:ぼうさん_ボーサン━_0_NHK-2016.mp3]	
1781599221364	1782849648	Doki Doki2-10	声優	声[せい] 優[ゆう]	せいゆう	seiyuu	osoba podkładająca głos do filmów	有名な声優に会いました。	Spotkałem znanego aktora głosowego.			rzeczownik	 有名[ゆうめい]な 声優[せいゆう]に 会[あ]いました。		[sound:hypertts-b8fbfbc8b70102e39018ca126c71f3cbbd443d33b95d2e8d3133eb23.mp3]	[sound:hypertts-8c6596ec5baf4a7bbdfae31e52542b97450febd998e94f1e0afc2102.mp3]	[sound:声優_セーユー━_0_NHK-2016.mp3]	"""<span style=""""box-shadow: inset -2px -2px 0 0 #FF6633;"""">セ</span><span style=""""box-shadow: inset 0px 2px 0 0px #FF6633;"""">イユー</span> <span class=""""pitch_number"""">0</span>"""
1781599221365	1788716966	Doki Doki2-10	俳優	俳[はい] 優[ゆう]	はいゆう	haiyuu	aktor	彼は有名な俳優です。	On jest sławnym aktorem.			rzeczownik	 彼[かれ]は 有名[ゆうめい]な 俳優[はいゆう]です。		[sound:hypertts-9f5d084f00574544c49e6959a3fbbdfe4ef4c9412750fc3175a27f2d.mp3]	[sound:hypertts-e8b5197ca6eaf7ccaf59c2f6545d126a5641b4de09264194229f6873.mp3]	[sound:俳優_ハイユー━_0_NHK-2016.mp3]	"""<span style=""""box-shadow: inset -2px -2px 0 0 #FF6633;"""">ハ</span><span style=""""box-shadow: inset 0px 2px 0 0px #FF6633;"""">イユー</span> <span class=""""pitch_number"""">0</span>"""
1781599221366	1782849648	Doki Doki2-10	職業	職[しょく] 業[ぎょう]	しょくぎょう	shokugyou	zawód	あなたの職業は何ですか。	Jaki jest twój zawód?			rzeczownik	あなたの 職業[しょくぎょう]は 何[なん]ですか。		[sound:hypertts-168a7ded4dc38977103e2c4edfc6b7ad9501337c38d917646397fe2e.mp3]	[sound:hypertts-6d2c4c8b36effa1157984b58caaefd98d0df8d3695d4c23fa25205e4.mp3]	[sound:職業_ショク＼キ゚ョー_2_NHK-2016.mp3]	"""<span style=""""box-shadow: inset -2px -2px 0 0 #FF6633;"""">ショ</span><span style=""""box-shadow: inset -2px 2px 0 0px #FF6633;"""">ク</span><span style=""""box-shadow: inset 0px -2px 0 0px #FF6633;"""">キ<span style=""""color: red;"""">°</span>ョー</span> <span class=""""pitch_number"""">2</span>"""
1781600553996	1791214660	Doki Doki2-10	晴れる	晴[は]れる	はれる	hareru	wypogadzać się, przejaśniać się, ładna pogoda	明日は晴れます。	Jutro się wypogodzi.	晴[は]れます	晴[は]れません	czasownik gr. 2 (ru), opisuje zmianę pogody na słoneczną	明日[あした]は 晴[は]れます。		[sound:hypertts-1b24db9dbf5aa14e16fd5c10c39fdca82b45e6a0baa42ccc4857cdc4.mp3]	[sound:hypertts-8f94827ad8925cfcbbe5e35e34834b14bc2be6dddfb565469de0def4.mp3]	[sound:晴れる_ハレ＼ル_2_NHK-2016.mp3]	"""<span style=""""box-shadow: inset -2px -2px 0 0 #FF6633;"""">ハ</span><span style=""""box-shadow: inset -2px 2px 0 0px #FF6633;"""">レ</span><span style=""""box-shadow: inset 0px -2px 0 0px #FF6633;"""">ル</span> <span class=""""pitch_number"""">2</span>"""
1781600553997	1781600679	Doki Doki2-10	曇る	曇[くも]る	くもる	kumoru	zachmurzyć się	今日は午後から曇ります。	Dzisiaj od popołudnia się zachmurzy.	曇[くも]ります	曇[くも]りません	czasownik gr. 1 (u), opisuje proces pojawiania się chmur na niebie	今日[きょう]は 午後[ごご]から 曇[くも]ります。		[sound:hypertts-a238730e443f2f28db3844fcb220431eefd09592d52ed0d6ef56c749.mp3]	[sound:hypertts-24f44c36a2004eba76466a15bdd4db5418239904e29a96aa098cca92.mp3]	[sound:曇る_クモ＼ル_2_NHK-2016.mp3]	"""<span style=""""box-shadow: inset -2px -2px 0 0 #FF6633;"""">ク</span><span style=""""box-shadow: inset -2px 2px 0 0px #FF6633;"""">モ</span><span style=""""box-shadow: inset 0px -2px 0 0px #FF6633;"""">ル</span> <span class=""""pitch_number"""">2</span>"""
1781607717731	1790613623	Doki Doki2-11	ウェイター	ウェイター	 ウェイター	weitā	kelner (=/=ウェーター)	あのウェイターはポーランド人です。	Tamten kelner jest Polakiem.			zapożyczenie (gairaigo)	あの ウェイターは ポーランド 人[じん]です。		[sound:hypertts-e0c29a82d9c2045f1e18867a45dfead3d6f00604af22d140676a6025.mp3]	[sound:hypertts-b0268e486e819540236ee83d2fb30d28cc5a35cee853ebe401a9e4b1.mp3]		"""<span style=""""box-shadow: inset -2px -2px 0 0 #FF6633;"""">ウェ</span><span style=""""box-shadow: inset -2px 2px 0 0px #FF6633;"""">イ</span><span style=""""box-shadow: inset 0px -2px 0 0px #FF6633;"""">ター</span> <span class=""""pitch_number"""">2</span>"""
1781607717732	1781609557	Doki Doki2-11	お爺さん	お 爺[じい]さん	おじいさん	ojiisan	starszy pan / Dziadek	お爺さんは部屋にいます。	Dziadek jest w pokoju.			Rzeczownik. Często zapisywane samą hiraganą. Używane w stosunku do cudzego dziadka.	お 爺[じい]さんは 部[へ]屋[や]に います。		[sound:hypertts-7871d8f754d48194faf7d636920e13a26b93b6c6082fe61fb18755b1.mp3]	[sound:hypertts-b49614993a9217db14dd7f8c10e4c635a4f81329b2405f83970cc580.mp3]	[sound:お爺さん_オジ＼ーサン_2_NHK-1998.mp3]	"""<span style=""""box-shadow: inset -2px -2px 0 0 #FF6633;"""">オ</span><span style=""""box-shadow: inset -2px 2px 0 0px #FF6633;"""">ジ</span><span style=""""box-shadow: inset 0px -2px 0 0px #FF6633;"""">ーサン</span> <span class=""""pitch_number"""">2</span>"""
1781607717733	1781609686	Doki Doki2-11	お婆さん	お 婆[ばあ]さん	おばあさん	obaasan	starsza pani, babcia&nbsp;	お婆さんと話します。	Rozmawiam z babcią.			Rzeczownik. Często zapisywane samą hiraganą. Używane w stosunku do cudzej babci.	お 婆[ばあ]さんと 話[はな]します。		[sound:hypertts-344a16c142fcc9d07ffc6b11a58f396a442b5ccb065000d6727517af.mp3]	[sound:hypertts-9d515518fa076cb7afc3b733558288d050f909226cb4bae9e9d4f8f1.mp3]	[sound:お婆さん_オバ＼ーサン_2_NHK-1998.mp3]	"""<span style=""""box-shadow: inset -2px -2px 0 0 #FF6633;"""">オ</span><span style=""""box-shadow: inset -2px 2px 0 0px #FF6633;"""">バ</span><span style=""""box-shadow: inset 0px -2px 0 0px #FF6633;"""">ーサン</span> <span class=""""pitch_number"""">2</span>"""
1781607717734	1781609712	Doki Doki2-11	外国語	外[がい]国[こく]語[ご]	がいこくご	gaikokugo	język obcy	外国語を勉強します。	Uczę się języka obcego.			Rzeczownik.	外[がい]国[こく]語[ご]を 勉[べん]強[きょう]します。		[sound:hypertts-16ae2151159044e1f53aae3ceaf4ced807d62a9c29dcb15d00ce6e33.mp3]	[sound:hypertts-bee70cb94224c7c56b20861190c1a7e585e7d7ee4bbbcd8ba39d1640.mp3]	[sound:外国語_ガイコクコ゚━_0_NHK-2016.mp3]	"""<span style=""""box-shadow: inset -2px -2px 0 0 #FF6633;"""">ガ</span><span style=""""box-shadow: inset 0px 2px 0 0px #FF6633;"""">イコクコ<span style=""""color: red;"""">°</span></span> <span class=""""pitch_number"""">0</span>"""
1781607717735	1781608524	Doki Doki2-11	空手	空[から]手[て]	からて	karate	karate	空手を練習します。	Ćwiczę karate.			Rzeczownik.	空[から]手[て]を 練[れん]習[しゅう]します。		[sound:hypertts-83ecece951dda30a21b5eca4bb9787665e7f67648d3863c40d7a6d06.mp3]	[sound:hypertts-7f9e20c7885f79cde3fe54cac40fc373e4efb2b55643114e649d9057.mp3]	[sound:空手_カラテ━_0_NHK-2016.mp3]	"""<span style=""""box-shadow: inset -2px -2px 0 0 #FF6633;"""">カ</span><span style=""""box-shadow: inset 0px 2px 0 0px #FF6633;"""">ラテ</span> <span class=""""pitch_number"""">0</span>"""
1781607717736	1782116587	Doki Doki2-11	カレー	カレー	 カレー	karē	curry	レストランでカレーを食べます。	Jem curry w restauracji.			zapożyczenie (gairaigo)	レストランで カレーを 食[た]べます。		[sound:hypertts-5c029c75a732a848a5e76c9a935278233442cee4db4db1e10c444ba6.mp3]	[sound:hypertts-c58e97987d21a5f86097d6f5b90db36923811efc50591592fb55c6ba.mp3]	[sound:カレー_カレー━_0_NHK-2016.mp3] [sound:カレー_カ＼レー_1_NHK-2016.mp3]	"""<span style=""""box-shadow: inset -2px -2px 0 0 #FF6633;"""">カ</span><span style=""""box-shadow: inset 0px 2px 0 0px #FF6633;"""">レー</span> <span class=""""pitch_number"""">0</span>"""
1781607717737	1781608528	Doki Doki2-11	着物	着[き]物[もの]	きもの	kimono	kimono	着物を買います。	Kupuję kimono.			Rzeczownik.	着[き]物[もの]を 買[か]います。		[sound:hypertts-97f07e7125229d905e953cb4abea84b3a735c1a4c967479f0638e52e.mp3]	[sound:hypertts-b9e23954ad077d64f180de6065fc0949c048db52c0ac5208799e4a75.mp3]	[sound:着物_キモノ━_0_NHK-2016.mp3]	"""<span style=""""box-shadow: inset -2px -2px 0 0 #FF6633;"""">キ</span><span style=""""box-shadow: inset 0px 2px 0 0px #FF6633;"""">モノ</span> <span class=""""pitch_number"""">0</span>"""
1781607717739	1781608531	Doki Doki2-11	紅茶	紅[こう]茶[ちゃ]	こうちゃ	kōcha	czarna herbata	紅茶を飲みます。	Piję czarną herbatę.			Rzeczownik.	紅[こう]茶[ちゃ]を 飲[の]みます。		[sound:hypertts-52b0f50e483e0879266f446e3175a5e37df0e4e4382fc793142a8230.mp3]	[sound:hypertts-f999215613608e1f542ee046c04b5ad8503c2ea25b0a095d397501af.mp3]	[sound:紅茶_コーチャ━_0_NHK-2016.mp3]	"""<span style=""""box-shadow: inset -2px -2px 0 0 #FF6633;"""">コ</span><span style=""""box-shadow: inset 0px 2px 0 0px #FF6633;"""">ーチャ</span> <span class=""""pitch_number"""">0</span>"""
1781607717740	1781608533	Doki Doki2-11	広告	広[こう]告[こく]	こうこく	kōkoku	reklama	新聞の広告を読みます。	Czytam reklamę w gazecie.			Rzeczownik.	新[しん]聞[ぶん]の 広[こう]告[こく]を 読[よ]みます。		[sound:hypertts-7e866c8299766e380e766aba9e54e27fe4c5895887d5e03bbff594f3.mp3]	[sound:hypertts-dc0cb37173932fb0098871be87fc23d0e53a2c44aa49cec9b4d8465d.mp3]	[sound:広告_コーコク━_0_NHK-2016.mp3]	"""<span style=""""box-shadow: inset -2px -2px 0 0 #FF6633;"""">コ</span><span style=""""box-shadow: inset 0px 2px 0 0px #FF6633;"""">ーコク</span> <span class=""""pitch_number"""">0</span>"""
1781607717741	1790792919	Doki Doki2-11	ゴルフ	ゴルフ	 ゴルフ	gorufu	golf	休みの日にゴルフをします。	W dzień wolny gram w golfa.			zapożyczenie (gairaigo)	休[やす]みの 日[ひ]に ゴルフを します。		[sound:hypertts-1131f3bdcceb741f3f3cd6f14cc1822c441660e30ff3870e793a0de7.mp3]	[sound:hypertts-4ed34e4ddd0f4beaecd3d97c63cd4a9558c633eb16400ceef32375a1.mp3]	[sound:ゴルフ_ゴ＼ルフ_1_NHK-2016.mp3]	"""<span style=""""box-shadow: inset -2px 2px 0 0px #FF6633;"""">ゴ</span><span style=""""box-shadow: inset 0px -2px 0 0px #FF6633;"""">ルフ</span> <span class=""""pitch_number"""">1</span>"""
1781607717743	1790697987	Doki Doki2-11	バイオリン	バイオリン	 バイオリン	baiorin	skrzypce	バイオリンを弾きます。	Gram na skrzypcach.			zapożyczenie (gairaigo)	バイオリンを 弾[ひ]きます。		[sound:hypertts-c96e109c0433321728db5491146c603304bcc8831745e54d0ec31914.mp3]	[sound:hypertts-89a10049c969e6fa0a0c8bb6ad058cc29f3851409d32f4a07905e357.mp3]	[sound:バイオリン_バイオリン━_0_NHK-2016.mp3]	"""<span style=""""box-shadow: inset -2px -2px 0 0 #FF6633;"""">バ</span><span style=""""box-shadow: inset 0px 2px 0 0px #FF6633;"""">イオリン</span> <span class=""""pitch_number"""">0</span>"""
1781607717744	1790867828	Doki Doki2-11	バイク	バイク	 バイク	baiku	motocykl	バイクに乗ります。	Jeżdżę na motocyklu.			zapożyczenie (gairaigo)	バイクに 乗[の]ります。		[sound:hypertts-dd07b481ee62071faf146aa61d96360af6ad893e4a64110c30302337.mp3]	[sound:hypertts-610ba47ddab05ddc68ef4e2edccd2e9b37f73fb22aad12d215e1baa1.mp3]	[sound:バイク_バ＼イク_1_NHK-2016.mp3]	"""<span style=""""box-shadow: inset -2px 2px 0 0px #FF6633;"""">バ</span><span style=""""box-shadow: inset 0px -2px 0 0px #FF6633;"""">イク</span> <span class=""""pitch_number"""">1</span>"""
1781607717745	1781608541	Doki Doki2-11	楽器	楽[がっ]器[き]	がっき	gakki	instrument muzyczny	新しい楽器を買います。	Kupuję nowy instrument muzyczny.			Rzeczownik.	新[あたら]しい 楽[がっ]器[き]を 買[か]います。		[sound:hypertts-c97e175e09547b4e5cca21e3a98c27a523a5b720e51901f01bf00f2a.mp3]	[sound:hypertts-91361e7731e0571389a097cd6fced55462a1b98da2a938fd86b06333.mp3]	[sound:楽器_ガッキ━_0_NHK-2016.mp3]	"""<span style=""""box-shadow: inset -2px -2px 0 0 #FF6633;"""">ガ</span><span style=""""box-shadow: inset 0px 2px 0 0px #FF6633;"""">ッキ</span> <span class=""""pitch_number"""">0</span>"""
1781607717746	1781608542	Doki Doki2-11	～さえ	～さえ	さえ	sae	nawet	水さえ飲みません。	Nie piję nawet wody.			Partykuła dodająca nacisk, np. w przeczeniach.	水[みず]さえ 飲[の]みません。		[sound:hypertts-0601ce9a1dbd4950d12ea7517088a9dd6402762b72170347b0294036.mp3]	[sound:hypertts-0ffb5d8647ae8cad37de241a9b5cb321538e5ddad955bf5d70511066.mp3]	[sound:さえ_サエ＼_2_NHK-2016.mp3]	"""<span style=""""box-shadow: inset -2px -2px 0 0 #FF6633;"""">サ</span><span style=""""box-shadow: inset -2px 2px 0 0px #FF6633;"""">エ</span> <span class=""""pitch_number"""">2</span>"""
1781607717747	1781608544	Doki Doki2-11	発音	発[はつ]音[おん]	はつおん	hatsuon	wymowa	発音が難しいです。	Wymowa jest trudna.			Rzeczownik.	発[はつ]音[おん]が 難[むずか]しいです。		[sound:hypertts-3599ee39d390360c10b81b23405544a70bd4b256613aaf4d7eb1a78c.mp3]	[sound:hypertts-05d13a49239c95f4d8000f0fcbb59df202f2eb0b1bf4eaa4b633279c.mp3]	[sound:発音_ハツオン━_0_NHK-2016.mp3]	"""<span style=""""box-shadow: inset -2px -2px 0 0 #FF6633;"""">ハ</span><span style=""""box-shadow: inset 0px 2px 0 0px #FF6633;"""">ツオン</span> <span class=""""pitch_number"""">0</span>"""
1781607717748	1781608546	Doki Doki2-11	物価	物[ぶっ]価[か]	ぶっか	bukka	cena detaliczna	日本の物価は高いです。	Ceny detaliczne w Japonii są wysokie.			Rzeczownik.	日[に]本[ほん]の 物[ぶっ]価[か]は 高[たか]いです。		[sound:hypertts-3de7b9efe587ba9b2619839f9c707054a32e4adcd437369d54619939.mp3]	[sound:hypertts-a7c575d9583928d012bdf39f015cff91a8baa18bf6feed5facd5ae19.mp3]	[sound:物価_ブッカ━_0_NHK-2016.mp3]	"""<span style=""""box-shadow: inset -2px -2px 0 0 #FF6633;"""">ブ</span><span style=""""box-shadow: inset 0px 2px 0 0px #FF6633;"""">ッカ</span> <span class=""""pitch_number"""">0</span>"""
1781607717751	1781608550	Doki Doki2-11	保険	保[ほ]険[けん]	ほけん	hoken	ubezpieczenie	保険に入ります。	Kupuję ubezpieczenie.			Rzeczownik.	保[ほ]険[けん]に 入[はい]ります。		[sound:hypertts-46b4e253d9f26d9d418d0c6696ad35a7301b3331a53eaefed08e113d.mp3]	[sound:hypertts-6021d8523cb909e8a87c9c0514bc47c23afb4c30c5d8d6fb5b47ef71.mp3]	[sound:保険_ホケン━_0_NHK-2016.mp3]	"""<span style=""""box-shadow: inset -2px -2px 0 0 #FF6633;"""">ホ</span><span style=""""box-shadow: inset 0px 2px 0 0px #FF6633;"""">ケン</span> <span class=""""pitch_number"""">0</span>"""
1781607717752	1781608552	Doki Doki2-11	募集	募[ぼ]集[しゅう]	ぼしゅう	boshū	nabór/rekrutacja	募集の広告を読みます。	Czytam ogłoszenie o naborze.			Rzeczownik.	募[ぼ]集[しゅう]の 広[こう]告[こく]を 読[よ]みます。		[sound:hypertts-2e1c9dfa191111f247e4c8c657d18920d7d1d14c35e7775d2f99f60f.mp3]	[sound:hypertts-9870d6f0f383cfc01d1c719ed3e035ae39e11688cf35b2905898a21c.mp3]	[sound:募集_ボシュー━_0_NHK-2016.mp3]	"""<span style=""""box-shadow: inset -2px -2px 0 0 #FF6633;"""">ボ</span><span style=""""box-shadow: inset 0px 2px 0 0px #FF6633;"""">シュー</span> <span class=""""pitch_number"""">0</span>"""
1781607717754	1781608555	Doki Doki2-11	やくざ	やくざ	やくざ	yakuza	yakuza	やくざの映画を見ます。	Oglądam film o yakuzie.			Rzeczownik. Zapisywane hiraganą lub katakaną.	やくざの 映[えい]画[が]を 見[み]ます。		[sound:hypertts-3c66da6a461ac3c18a57a391cdec7d64aab35504f749a4da4d0534b2.mp3]	[sound:hypertts-57f5bc725fa1da645f4db3ab8fb9f52cc6deb07107c4529f0cc38bf6.mp3]	[sound:やくざ_ヤ＼クザ_1_NHK-2016.mp3]	"""<span style=""""box-shadow: inset -2px 2px 0 0px #FF6633;"""">ヤ</span><span style=""""box-shadow: inset 0px -2px 0 0px #FF6633;"""">クザ</span> <span class=""""pitch_number"""">1</span>"""
1781607717755	1781608557	Doki Doki2-11	約束	約[やく]束[そく]	やくそく	yakusoku	obietnica	約束を守ります。	Dotrzymuję obietnicy.			Rzeczownik.	約[やく]束[そく]を 守[まも]ります。		[sound:hypertts-b6905d5a26b4dd2356b4826e2494b3ff4d2aa539afbd0b5b730d795c.mp3]	[sound:hypertts-733e0ecc8814ff9319a30a7646ef358a5b9a3a1c2cd156d76d77de57.mp3]	[sound:約束_ヤクソク━_0_NHK-2016.mp3]	"""<span style=""""box-shadow: inset -2px -2px 0 0 #FF6633;"""">ヤ</span><span style=""""box-shadow: inset 0px 2px 0 0px #FF6633;""""><span style=""""color: royalblue;"""">ク</span>ソク</span> <span class=""""pitch_number"""">0</span>"""
1781607717756	1791046922	Doki Doki2-11	レポート	レポート	 レポート	repōto	esej	大学でレポートを書きます。	Piszę esej na uniwersytecie.			zapożyczenie (gairaigo)	大[だい]学[がく]で レポートを 書[か]きます。		[sound:hypertts-cb2c2a8305464d1a0bf601d8eea51b56071ed4e4e12085e88241f7ea.mp3]	[sound:hypertts-9381454c1b1e7da70e51d59c8b4d89bb66253fc3e3f915b234426228.mp3]	[sound:レポート_レポート━_0_Shinmeikai-8.mp3] [sound:レポート_レポ＼ート_2_Shinmeikai-8.mp3]	"""<span style=""""box-shadow: inset -2px -2px 0 0 #FF6633;"""">レ</span><span style=""""box-shadow: inset 0px 2px 0 0px #FF6633;"""">ポート</span> <span class=""""pitch_number"""">0</span>, <span style=""""box-shadow: inset -2px -2px 0 0 #FF6633;"""">レ</span><span style=""""box-shadow: inset -2px 2px 0 0px #FF6633;"""">ポ</span><span style=""""box-shadow: inset 0px -2px 0 0px #FF6633;"""">ート</span> <span class=""""pitch_number"""">2</span>"""
1781607717757	1781609793	Doki Doki2-11	私[わたくし]	私[わたくし]	わたくし	watakushi	ja (oficjalnie)	私は学生です。	Ja jestem uczniem.			Zaimki. Bardzo oficjalna wersja słowa &quot;watashi&quot;.	私[わたくし]は 学[がく]生[せい]です。		[sound:hypertts-7449684500a3745dc00fefda134b05f36732ac32cfde8c473fdb3b3f.mp3]	[sound:hypertts-be0ed584895ed35fa4c0465965a6694e2d2e9991b747fa30eb196705.mp3]	[sound:私_ワタクシ━_0_NHK-2016.mp3]	
1781607717758	1781608560	Doki Doki2-11	実は	実[じつ]は	じつは	jitsuwa	tak naprawdę	実は、お金がありません。	Tak naprawdę nie mam pieniędzy.			Wyrażenie, często używane na początku zdania dla wprowadzania wyjaśnienia.	実[じつ]は、 お 金[かね]が ありません。		[sound:hypertts-abd8e422456339c4881ff869d549deb5f859359424f4fed3d895d215.mp3]	[sound:hypertts-055510686093c7b8ac8e43e5dfe3ca4a9bc67ea5a3399a85365049b3.mp3]	[sound:実は_ジツ＼ハ_2_Shinmeikai-8.mp3]	"""<span style=""""box-shadow: inset -2px -2px 0 0 #FF6633;"""">ジ</span><span style=""""box-shadow: inset -2px 2px 0 0px #FF6633;"""">ツ</span><span style=""""box-shadow: inset 0px -2px 0 0px #FF6633;"""">ハ</span> <span class=""""pitch_number"""">2</span>"""
1781607717760	1781608561	Doki Doki2-11	景色	景[けい]色[しき]	けしき	keshiki	widok	山の景色はきれいです。	Widok na góry jest piękny.			Rzeczownik.	山[やま]の 景[けい]色[しき]は きれいです。		[sound:hypertts-44b9731d451ee03feff6afe5470e424022f5f6b74b8b252992aa1e5e.mp3]	[sound:hypertts-cc0a0167925d656c390f5b7173efbac6a872c0a5c4c31d06e676d2eb.mp3]	[sound:けいしき_ケーシキ━_0_NHK-2016.mp3]	
1781607717761	1781608563	Doki Doki2-11	天道虫	天[てん]道[とう]虫[むし]	てんとうむし	tentōmushi	biedronka	天道虫は小さいです。	Biedronka jest mała.			Rzeczownik. Często zapisywane samą hiraganą jako てんとうむし.	天[てん]道[とう]虫[むし]は 小[ちい]さいです。		[sound:hypertts-e0064fa942a6cdc0a9ca8429bf0bd04bf6a9e8e01807d1b4908ea294.mp3]	[sound:hypertts-8b7af7acd73c3ff7917338eb2c5bef10a3921caf1f1ec309bbed7dc6.mp3]	[sound:天道虫_テント＼ームシ_3_NHK-1998.mp3]	"""<span style=""""box-shadow: inset -2px -2px 0 0 #FF6633;"""">テ</span><span style=""""box-shadow: inset -2px 2px 0 0px #FF6633;"""">ント</span><span style=""""box-shadow: inset 0px -2px 0 0px #FF6633;"""">ームシ</span> <span class=""""pitch_number"""">3</span>"""
1781607717762	1781608565	Doki Doki2-11	～せいで	～せいで	せいで	seide	z powodu	雨のせいで、学校に行きません。	Z powodu deszczu nie idę do szkoły.			Gramatyka. Oznacza &quot;z powodu&quot;, zawsze z negatywnym skutkiem.	雨[あめ]の せいで、 学[がっ]校[こう]に 行[い]きません。		[sound:hypertts-18c9d1a45786b3bec5e98cf5bde06cd3dc14967d580210032d816f9d.mp3]	[sound:hypertts-2d81b2a1e56e142dabea2481ad9c5a866651c549ae9fcea3884c872b.mp3]	[sound:せいで_セ＼ーデ_1_NHK-2016.mp3]	
1781607717765	1781608568	Doki Doki2-11	待ち合わせ	待[ま]ち 合[あ]わせ	まちあわせ	machiawase	spotkanie(w umówionym miejscu)	待ち合わせに遅れました。	Spóźniłem się na umówione spotkanie.			Rzeczownik odczasownikowy.	待[ま]ち 合[あ]わせに 遅[おく]れました。		[sound:hypertts-8c95f4cf40e618398fdae0cfb0fffeca5379df6b8362b5d5bbcf95de.mp3]	[sound:hypertts-73ea1b6cf5a183fa4644989211f000cec76bd365419bee23721f429f.mp3]	[sound:待ち合わせ_マチアワセ━_0_NHK-2016.mp3]	"""<span style=""""box-shadow: inset -2px -2px 0 0 #FF6633;"""">マ</span><span style=""""box-shadow: inset 0px 2px 0 0px #FF6633;"""">チアワセ</span> <span class=""""pitch_number"""">0</span>"""
1781607717766	1781608570	Doki Doki2-11	諦める	諦[あきら]める	あきらめる	akirameru	poddać się	私は諦めません。	Ja się nie poddam.	諦[あきら]めます	諦[あきら]めません	Czasownik gr. 2. Znak kanji rzadko używany, często spotykane w hiraganie.	私[わたし]は 諦[あきら]めません。		[sound:hypertts-63bb1a38385415bcb0cef540b058f1a7284dfe8055f2e36a20a9f415.mp3]	[sound:hypertts-be6a6746a1cf47e5083b30116c162a5d2ab5eeef9b2bf270fdd47bb6.mp3]	[sound:諦める_アキラメ＼ル_4_NHK-2016.mp3]	"""<span style=""""box-shadow: inset -2px -2px 0 0 #FF6633;"""">ア</span><span style=""""box-shadow: inset -2px 2px 0 0px #FF6633;"""">キラメ</span><span style=""""box-shadow: inset 0px -2px 0 0px #FF6633;"""">ル</span> <span class=""""pitch_number"""">4</span>"""
1781607717767	1781608571	Doki Doki2-11	売る	売[う]る	うる	uru	sprzedawać	店で本を売ります。	Sprzedaję książki w sklepie.	売[う]ります	売[う]りません	Czasownik gr. 1.	店[みせ]で 本[ほん]を 売[う]ります。		[sound:hypertts-fed708e19546b2698545616cfed4c4c9a9f7e17e6dde978d0e51e07b.mp3]	[sound:hypertts-3c7bf10430f44731be1447822ff4cef454fc2ca61d59c4c20adc887a.mp3]	[sound:売る_ウル━_0_NHK-2016.mp3]	"""<span style=""""box-shadow: inset -2px -2px 0 0 #FF6633;"""">ウ</span><span style=""""box-shadow: inset 0px 2px 0 0px #FF6633;"""">ル</span> <span class=""""pitch_number"""">0</span>"""
1781607717768	1781608573	Doki Doki2-11	触る	触[さわ]る	さわる	sawaru	dotykać	カメラに触りません。	Nie dotykam aparatu.	触[さわ]ります	触[さわ]りません	Czasownik gr. 1.	カメラに 触[さわ]りません。		[sound:hypertts-37c3034af5822282b5f5330582433e2ea29e07df89fc364e11881895.mp3]	[sound:hypertts-aa00f15b6907b364bb7c30b7cac43204afe1a086f2cbc456722165e1.mp3]	[sound:触る_サワル━_0_NHK-2016.mp3]	"""<span style=""""box-shadow: inset -2px -2px 0 0 #FF6633;"""">サ</span><span style=""""box-shadow: inset 0px 2px 0 0px #FF6633;"""">ワル</span> <span class=""""pitch_number"""">0</span>"""
1781607717770	1781608576	Doki Doki2-11	遅らせる	遅[おく]らせる	おくらせる	okuraseru	opóźniać coś	時間を遅らせます。	Opóźniam czas.	遅[おく]らせます	遅[おく]らせません	Czasownik gr. 2.	時[じ]間[かん]を 遅[おく]らせます。		[sound:hypertts-20321118eb59f8138907c2fb3ce90028694796155f24727273834b48.mp3]	[sound:hypertts-7a9d89537786d3e43b53f88510c2bd30a922022252f62f0db417d165.mp3]	[sound:遅らせる_オクラセル━_0_NHK-2016.mp3]	"""<span style=""""box-shadow: inset -2px -2px 0 0 #FF6633;"""">オ</span><span style=""""box-shadow: inset 0px 2px 0 0px #FF6633;"""">クラセル</span> <span class=""""pitch_number"""">0</span>"""
1781607717773	1781608581	Doki Doki2-11	着く	着[つ]く	つく	tsuku	dotrzeć	駅に着きます。	Docieram na stację.	着[つ]きます	着[つ]きません	Czasownik gr. 1.	駅[えき]に 着[つ]きます。		[sound:hypertts-f0ac64f52f73113e9f12dedb3713a3f4f3890b08640c8700fe425794.mp3]	[sound:hypertts-4a3b88c6bbb17d1cfd0e73eb1c9b841ddd836975f5e9bdf153d0d814.mp3]	[sound:着く_ツ＼ク_1_NHK-2016.mp3] [sound:着く_ツク＼_2_NHK-2016.mp3]	"""<span style=""""box-shadow: inset -2px 2px 0 0px #FF6633;""""><span style=""""color: royalblue;"""">ツ</span></span><span style=""""box-shadow: inset 0px -2px 0 0px #FF6633;"""">ク</span> <span class=""""pitch_number"""">1</span>, <span style=""""box-shadow: inset -2px -2px 0 0 #FF6633;""""><span style=""""color: royalblue;"""">ツ</span></span><span style=""""box-shadow: inset -2px 2px 0 0px #FF6633;"""">ク</span> <span class=""""pitch_number"""">2</span>"""
1781607717774	1781608583	Doki Doki2-11	邪魔する	邪[じゃ]魔[ま]する	じゃまする	jamasuru	przeszkadzać	勉強を邪魔します。	Przeszkadzam w nauce.	邪[じゃ]魔[ま]します	邪[じゃ]魔[ま]しません	Czasownik nieregularny (złożenie z suru).	勉[べん]強[きょう]を 邪[じゃ]魔[ま]します。		[sound:hypertts-8cafdcf0f208d5a5c128d0ceb91264fb70952bfa859150970f7a277c.mp3]	[sound:hypertts-4dd4c05fb501ce67fc24e50996c5da1d36808e32a9c9625db24c2683.mp3]		"""<span style=""""box-shadow: inset -2px -2px 0 0 #FF6633;"""">ジャ</span><span style=""""box-shadow: inset 0px 2px 0 0px #FF6633;"""">マスル</span> <span class=""""pitch_number"""">0</span>"""
1781607717775	1781608584	Doki Doki2-11	似合う	似[に]合[あ]う	にあう	niau	pasować	この服は似合います。	To ubranie (ci) pasuje.	似[に]合[あ]います	似[に]合[あ]いません	Czasownik gr. 1.	この 服[ふく]は 似[に]合[あ]います。		[sound:hypertts-ef13fef2f9bbd8eb5496b3e0e0ec9946cef91106d6f163920a4dfc6b.mp3]	[sound:hypertts-1e2a2dfc87b3040cc7f4e500e8201edda344395e108ac99204bed276.mp3]	[sound:似合う_ニア＼ウ_2_NHK-2016.mp3]	"""<span style=""""box-shadow: inset -2px -2px 0 0 #FF6633;"""">ニ</span><span style=""""box-shadow: inset -2px 2px 0 0px #FF6633;"""">ア</span><span style=""""box-shadow: inset 0px -2px 0 0px #FF6633;"""">ウ</span> <span class=""""pitch_number"""">2</span>"""
1781607717776	1781608586	Doki Doki2-11	謝る	謝[あやま]る	あやまる	ayamaru	przepraszać	先生に謝ります。	Przepraszam nauczyciela.	謝[あやま]ります	謝[あやま]りません	Czasownik gr. 1.	先[せん]生[せい]に 謝[あやま]ります。		[sound:hypertts-d9fec4cfc1e5475babf7187764a7e17f084c8c867256f4cc4b762036.mp3]	[sound:hypertts-98d585a2259ca2113a6728369a1cf17bb10cdbe0f9ac019879278be9.mp3]	[sound:謝る_アヤマ＼ル_3_NHK-2016.mp3]	"""<span style=""""box-shadow: inset -2px -2px 0 0 #FF6633;"""">ア</span><span style=""""box-shadow: inset -2px 2px 0 0px #FF6633;"""">ヤマ</span><span style=""""box-shadow: inset 0px -2px 0 0px #FF6633;"""">ル</span> <span class=""""pitch_number"""">3</span>"""
1781607717777	1781608587	Doki Doki2-11	断る	断[ことわ]る	ことわる	kotowaru	odmawiać	デートを断ります。	Odmawiam randki.	断[ことわ]ります	断[ことわ]りません	Czasownik gr. 1.	デートを 断[ことわ]ります。		[sound:hypertts-c7d553d2a0a1c7be53a28b29694ab09cc094991dcaa871e98fde9b24.mp3]	[sound:hypertts-097ec0c6678ae48c356d13ece572616bfd7a62e1e7df55834b5d83f8.mp3]	[sound:断る_コトワ＼ル_3_NHK-2016.mp3]	"""<span style=""""box-shadow: inset -2px -2px 0 0 #FF6633;"""">コ</span><span style=""""box-shadow: inset -2px 2px 0 0px #FF6633;"""">トワ</span><span style=""""box-shadow: inset 0px -2px 0 0px #FF6633;"""">ル</span> <span class=""""pitch_number"""">3</span>"""
1781607717778	1781608589	Doki Doki2-11	相談する	相[そう]談[だん]する	そうだんする	sōdansuru	konsultować się	友達と相談します。	Konsultuję się z przyjacielem.	相[そう]談[だん]します	相[そう]談[だん]しません	Czasownik nieregularny (złożenie z suru).	友[とも]達[だち]と 相[そう]談[だん]します。		[sound:hypertts-2288a3753ad7e523966cb567f47d4e4d8e5cc95f70148c1e138ecea2.mp3]	[sound:hypertts-8d94f02479fcf36ea860188ac110e4027758df37ec73f38fc9562d8b.mp3]		"""<span style=""""box-shadow: inset -2px -2px 0 0 #FF6633;"""">ソ</span><span style=""""box-shadow: inset 0px 2px 0 0px #FF6633;"""">ウダンスル</span> <span class=""""pitch_number"""">0</span>"""
1781607717779	1781608590	Doki Doki2-11	編む	編[あ]む	あむ	amu	robić na drutach	セーターを編みます。	Robię sweter na drutach.	編[あ]みます	編[あ]みません	Czasownik gr. 1.	セーターを 編[あ]みます。		[sound:hypertts-711641deff0b07d1359c55eb25b8e3ce6904f448a82f494906e0f070.mp3]	[sound:hypertts-b9112593fd82a64c7b18b0e392463b8a4487155f7a3f780fa6f6182e.mp3]	[sound:編む_ア＼ム_1_NHK-2016.mp3]	"""<span style=""""box-shadow: inset -2px 2px 0 0px #FF6633;"""">ア</span><span style=""""box-shadow: inset 0px -2px 0 0px #FF6633;"""">ム</span> <span class=""""pitch_number"""">1</span>"""
1781607717780	1790263338	Doki Doki2-11	保険に入る	保[ほ]険[けん]に 入[はい]る	ほけんにはいる	hoken ni hairu&nbsp;	ubezpieczyć się	車のために保険に入ります。	Dla samochodu kupuję ubezpieczenie.	保[ほ]険[けん]に 入[はい]ります	保[ほ]険[けん]に 入[はい]りません	Wyrażenie czasownikowe (hairu = gr. 1).	車[くるま]の ために 保[ほ]険[けん]に 入[はい]ります。		[sound:hypertts-1dc264f0c6afef8f9500508737cff88d16d6859e13b9233af39dda6b.mp3]	[sound:hypertts-7a2992c30a7f92a1d3bbe01e073d6072c12be50f9a806a4ebf7ca574.mp3]		
1781607717781	1781608594	Doki Doki2-11	婚約する	婚[こん]約[やく]する	こんやくする	konyakusuru	zaręczyć się	彼女と婚約します。	Zaręczam się z nią.	婚[こん]約[やく]します	婚[こん]約[やく]しません	Czasownik nieregularny (złożenie z suru).	彼[かの]女[じょ]と 婚[こん]約[やく]します。		[sound:hypertts-a4b4193879cb6e5004857a252ffb4ea5a4ef2fb964333dc894de1145.mp3]	[sound:hypertts-1843347b138e746681acb4ad197fa5248d0577421e39f975eb8533bd.mp3]		"""<span style=""""box-shadow: inset -2px -2px 0 0 #FF6633;"""">コ</span><span style=""""box-shadow: inset 0px 2px 0 0px #FF6633;"""">ンヤクスル</span> <span class=""""pitch_number"""">0</span>"""
1781607717783	1781608597	Doki Doki2-11	プロポーズする	プロポーズする	ぷろぽーずする	puropōzusuru	oświadczyć się	彼氏がプロポーズします。	Chłopak się oświadcza.	プロポーズします	プロポーズしません	Czasownik nieregularny (złożenie z suru).	彼[かれ]氏[し]が プロポーズします。		[sound:hypertts-3606941d0c44584932aea18e6362d55737f5449a203e8886a3381e21.mp3]	[sound:hypertts-fc61fa8546117652337580e61024b4fb7792112df191b799103466c1.mp3]		"""<span style=""""box-shadow: inset -2px -2px 0 0 #FF6633;"""">プ</span><span style=""""box-shadow: inset -2px 2px 0 0px #FF6633;"""">ロポ</span><span style=""""box-shadow: inset 0px -2px 0 0px #FF6633;"""">ーズスル</span> <span class=""""pitch_number"""">3</span>"""
1781607717784	1781608598	Doki Doki2-11	訳す	訳[やく]す	やくす	yakusu	tłumaczyć	英語を訳します。	Tłumaczę język angielski.	訳[やく]します	訳[やく]しません	Czasownik gr. 1.	英[えい]語[ご]を 訳[やく]します。		[sound:hypertts-c5f2492d2d89685ce24040ac95bb92843e9ad40d4ad1a704cdc5606a.mp3]	[sound:hypertts-10f1ac71b12c9b5bdc44a484e7251d343e880d14bff6cb771ff002cd.mp3]	[sound:訳す_ヤク＼ス_2_NHK-2016.mp3]	"""<span style=""""box-shadow: inset -2px -2px 0 0 #FF6633;"""">ヤ</span><span style=""""box-shadow: inset -2px 2px 0 0px #FF6633;""""><span style=""""color: royalblue;"""">ク</span></span><span style=""""box-shadow: inset 0px -2px 0 0px #FF6633;"""">ス</span> <span class=""""pitch_number"""">2</span>"""
1781607717785	1781608600	Doki Doki2-11	通訳する	通[つう]訳[やく]する	つうやくする	tsūyakusuru	tłumaczyć ustnie	会議で通訳します。	Tłumaczę ustnie na zebraniu.	通[つう]訳[やく]します	通[つう]訳[やく]しません	Czasownik nieregularny (złożenie z suru).	会[かい]議[ぎ]で 通[つう]訳[やく]します。		[sound:hypertts-71c0dd879cefcabba680c1bfb5b39877f73b454c1cf9ba3b28fb279a.mp3]	[sound:hypertts-5d03cec64eed23cb1c1e12c65932bb52baebf172636c2bd2a926d9b6.mp3]		"""<span style=""""box-shadow: inset -2px 2px 0 0px #FF6633;"""">ツ</span><span style=""""box-shadow: inset 0px -2px 0 0px #FF6633;"""">ウヤクスル</span> <span class=""""pitch_number"""">1</span>"""
1781607717786	1781608602	Doki Doki2-11	翻訳する	翻[ほん]訳[やく]する	ほんやくする	honyakusuru	tłumaczyć pisemne	本を翻訳します。	Tłumaczę książkę pisemnie.	翻[ほん]訳[やく]します	翻[ほん]訳[やく]しません	Czasownik nieregularny (złożenie z suru).	本[ほん]を 翻[ほん]訳[やく]します。		[sound:hypertts-4c05a0322aac9981d9b609e547457c1a483686b6cf405eced6b497ce.mp3]	[sound:hypertts-e23fe706f31920a14f384bb07246677006cbafca6e20a0ad967058fe.mp3]		"""<span style=""""box-shadow: inset -2px -2px 0 0 #FF6633;"""">ホ</span><span style=""""box-shadow: inset 0px 2px 0 0px #FF6633;"""">ンヤクスル</span> <span class=""""pitch_number"""">0</span>"""
1781607717787	1781608603	Doki Doki2-11	混ぜる	混[ま]ぜる	まぜる	mazeru	mieszać	野菜を混ぜます。	Mieszam warzywa.	混[ま]ぜます	混[ま]ぜません	Czasownik gr. 2.	野[や]菜[さい]を 混[ま]ぜます。		[sound:hypertts-9d1bb71ccb40626e40ee99fed80a6e1fc9231a4925fe56bb53faf309.mp3]	[sound:hypertts-d0ed036d1dec17ade9558170f0eb12d60ff0e80914fa553248931d8b.mp3]	[sound:混ぜる_マゼ＼ル_2_NHK-2016.mp3]	"""<span style=""""box-shadow: inset -2px -2px 0 0 #FF6633;"""">マ</span><span style=""""box-shadow: inset -2px 2px 0 0px #FF6633;"""">ゼ</span><span style=""""box-shadow: inset 0px -2px 0 0px #FF6633;"""">ル</span> <span class=""""pitch_number"""">2</span>"""
1781607717788	1781608605	Doki Doki2-11	卓球する	卓[たっ]球[きゅう]する	たっきゅうする	takkyūsuru	grać w tenisa stołowego	友達と卓球します。	Gram ze znajomym w tenisa stołowego.	卓[たっ]球[きゅう]します	卓[たっ]球[きゅう]しません	Czasownik nieregularny (złożenie z suru).	友[とも]達[だち]と 卓[たっ]球[きゅう]します。		[sound:hypertts-c98defd67699f7da5a65404d6609f797efc4ba43e3cd192e2be9641a.mp3]	[sound:hypertts-ce93011a2a365216e9e80a964e72b102a072e1ad974d3b32839988f4.mp3]		
1781607717789	1781608606	Doki Doki2-11	明るい	明[あか]るい	あかるい	akarui	jasny	部屋は明るいです。	Pokój jest jasny.			i-adj.	部[へ]屋[や]は 明[あか]るいです。		[sound:hypertts-016e80de838de2393169c9cfa0a7a153ce928771dc7f430bbbfb4cf9.mp3]	[sound:hypertts-f059ee4ca7374888e6b22436ac25a0e91ad8ed067204e105d3204116.mp3]	[sound:明るい_アカルイ━_0_NHK-2016.mp3] [sound:明るい_アカル＼イ_3_NHK-2016.mp3]	"""<span style=""""box-shadow: inset -2px -2px 0 0 #FF6633;"""">ア</span><span style=""""box-shadow: inset 0px 2px 0 0px #FF6633;"""">カルイ</span> <span class=""""pitch_number"""">0</span>"""
1781607717790	1781608608	Doki Doki2-11	暗い	暗[くら]い	くらい	kurai	ciemny	外は暗いです。	Na zewnątrz jest ciemno.			i-adj.	外[そと]は 暗[くら]いです。		[sound:hypertts-539fec096141f479b548a649a334cfd6cb0365d00b0a92040e2b219c.mp3]	[sound:hypertts-8faf76ce35bdcdc97d1b780892ffc6a3588302dff1e52c7283ad025f.mp3]	[sound:暗い_クライ━_0_NHK-2016.mp3]	"""<span style=""""box-shadow: inset -2px -2px 0 0 #FF6633;"""">ク</span><span style=""""box-shadow: inset 0px 2px 0 0px #FF6633;"""">ライ</span> <span class=""""pitch_number"""">0</span>"""
1781607717791	1781608610	Doki Doki2-11	気分が悪い	気[き]分[ぶん]が 悪[わる]い	きぶんがわるい	kibun ga warui	czuć się źle	今日気分が悪いです。	Dzisiaj czuję się źle.			Wyrażenie (warui = i-adj).	今日[きょう] 気[き]分[ぶん]が 悪[わる]いです。		[sound:hypertts-334d3ca0f3986d830e33e9b1e389a2234cb9673e53c1d6a2fefde448.mp3]	[sound:hypertts-9e3cbb6a5fa4f2c39788a7ba964dda65821b2456f80fd2ea01f0dbbe.mp3]		
1781607717792	1781608611	Doki Doki2-11	気分がいい	気[き]分[ぶん]が いい	きぶんがいい	kibun ga ii	czuć się dobrze	今日気分がいいです。	Dzisiaj czuję się dobrze.			Wyrażenie (ii = i-adj).	今日[きょう] 気[き]分[ぶん]が いいです。		[sound:hypertts-b4b04d2418cf7ccb5e3b6755eef579c0445b80fa231fc47367b4be2f.mp3]	[sound:hypertts-dc31b7d5840d10bd922bc243cf5bbb87a7dafee919d92351b5df9f89.mp3]		
1781607717793	1781610095	Doki Doki2-11	安全	安[あん]全[ぜん] (な)	あんぜん	anzen	bezpieczny	ここは安全な町です。	Tu jest bezpieczne miasto.			na-adj.	ここは 安[あん]全[ぜん]な 町[まち]です。		[sound:hypertts-cb1980a62db93720322919503d7fdc41cb889d6a7b2772403a7c4096.mp3]	[sound:hypertts-7382389ba04a34c91b6fec47ee672975bb410d4018081c91a6b84aab.mp3]	[sound:安全_アンゼン━_0_NHK-2016.mp3]&nbsp;	"""<span style=""""box-shadow: inset -2px -2px 0 0 #FF6633;"""">ア</span><span style=""""box-shadow: inset 0px 2px 0 0px #FF6633;"""">ンゼン</span> <span class=""""pitch_number"""">0</span>"""
1781607717794	1781610109	Doki Doki2-11	危険	危[き]険[けん] (な)	きけん	kiken	niebezpieczny	夜は危険な時です。	Noc to niebezpieczny czas.			na-adj.	夜[よる]は 危[き]険[けん]な 時[とき]です。		[sound:hypertts-7c8a9af8f6cb1381b9ef9c5da4ed63c2388ffba88a46dc6f7c7bf790.mp3]	[sound:hypertts-672eebd295dc00c154486ed8622da67d91a3b5d65dc26c39bf7332b9.mp3]	[sound:危険_キケン━_0_NHK-2016.mp3]&nbsp;	"""<span style=""""box-shadow: inset -2px -2px 0 0 #FF6633;""""><span style=""""color: royalblue;"""">キ</span></span><span style=""""box-shadow: inset 0px 2px 0 0px #FF6633;"""">ケン</span> <span class=""""pitch_number"""">0</span>"""
1781607717795	1781610115	Doki Doki2-11	新鮮	新[しん]鮮[せん] (な)	しんせん	shinsen	świeży	新鮮な魚を食べます。	Jem świeżą rybę.			na-adj.	新[しん]鮮[せん]な 魚[さかな]を 食[た]べます。		[sound:hypertts-d0550ea47abfc737e8e2616696c14ad6e77c3ead74a40e581cdd0b2d.mp3]	[sound:hypertts-21afd64fa2724c8f3afeae9c0c58bbe8193a52048d9dfee120c2d37a.mp3]	[sound:新鮮_シンセン━_0_NHK-2016.mp3]&nbsp;	"""<span style=""""box-shadow: inset -2px -2px 0 0 #FF6633;"""">シ</span><span style=""""box-shadow: inset 0px 2px 0 0px #FF6633;"""">ンセン</span> <span class=""""pitch_number"""">0</span>"""
1781607717796	1781610124	Doki Doki2-11	気持ちがいい	気[き]持[も]ち (が) いい	きもちがいい	kimochi ga ii	przyjemny	温泉は気持ちがいいです。	Gorące źródła są przyjemne.			Wyrażenie (ii = i-adj).	温[おん]泉[せん]は 気[き]持[も]ちが いいです。		[sound:hypertts-7d4914d4b2930dbd344d6308ee72f043c7ad16aadb9e571031132f82.mp3]	[sound:hypertts-326774318755491c4bf96624c7c760e54770819a6372aa313c2b74b9.mp3]		"""<span style=""""box-shadow: inset -2px -2px 0 0 #FF6633;"""">キ</span><span style=""""box-shadow: inset 0px 2px 0 0px #FF6633;"""">モチ</span> <span class=""""pitch_number"""">0</span>; <span style=""""box-shadow: inset -2px -2px 0 0 #FF6633;"""">イ</span><span style=""""box-shadow: inset 0px 2px 0 0px #FF6633;"""">イ</span> <span class=""""pitch_number"""">0</span>, <span style=""""box-shadow: inset -2px 2px 0 0px #FF6633;"""">イ</span><span style=""""box-shadow: inset 0px -2px 0 0px #FF6633;"""">イ</span> <span class=""""pitch_number"""">1</span>"""
1781607717797	1781610127	Doki Doki2-11	気持ちが悪い	気[き]持[も]ち (が)&nbsp; 悪[わる]い	きもちがわるい	kimochi ga warui	ohydny	あの虫は気持ちが悪いです。	Tamten robak jest ohydny.			Wyrażenie (warui = i-adj).	あの 虫[むし]は 気[き]持[も]ちが 悪[わる]いです。		[sound:hypertts-30f859b3835eb2b954d9383ad31523fe12e55965273ba25987bbf0af.mp3]	[sound:hypertts-69191d2ddcb3db4c085350a322633f09566089ce18975de225fac3d9.mp3]		"""<span style=""""box-shadow: inset -2px -2px 0 0 #FF6633;"""">キ</span><span style=""""box-shadow: inset 0px 2px 0 0px #FF6633;"""">モチ</span> <span class=""""pitch_number"""">0</span>; <span style=""""box-shadow: inset -2px -2px 0 0 #FF6633;"""">ニ</span><span style=""""box-shadow: inset -2px 2px 0 0px #FF6633;"""">ク</span><span style=""""box-shadow: inset 0px -2px 0 0px #FF6633;"""">イ</span> <span class=""""pitch_number"""">2</span>, <span style=""""box-shadow: inset -2px -2px 0 0 #FF6633;"""">ワ</span><span style=""""box-shadow: inset -2px 2px 0 0px #FF6633;"""">ル</span><span style=""""box-shadow: inset 0px -2px 0 0px #FF6633;"""">イ</span> <span class=""""pitch_number"""">2</span>"""
1781607717798	1781610080	Doki Doki2-11	うるさい	うるさい	うるさい	urusai	głośny	音楽はうるさいです。	Muzyka jest głośna.			i-adj. Rzadko zapisywane w kanji (煩い).	音[おん]楽[がく]は うるさいです。		[sound:hypertts-c91a43747450148be6f0a3772411b560cb554dadc005afd08351c58c.mp3]	[sound:hypertts-352d8aa7d46f9d55372e082f5fde1ef01b31902d87c67e575cccdf94.mp3]	[sound:うるさい_ウルサ＼イ_3_NHK-2016.mp3]	"""<span style=""""box-shadow: inset -2px -2px 0 0 #FF6633;"""">ウ</span><span style=""""box-shadow: inset -2px 2px 0 0px #FF6633;"""">ルサ</span><span style=""""box-shadow: inset 0px -2px 0 0px #FF6633;"""">イ</span> <span class=""""pitch_number"""">3</span>"""
1781607717799	1781610080	Doki Doki2-11	恥ずかしい	恥[はず]かしい	はずかしい	hazukashii	wstydzić się	私は恥ずかしいです。	Wstydzę się (jest to dla mnie wstydliwe).			i-adj.	私[わたし]は 恥[はず]かしいです。		[sound:hypertts-0198bc0fa02d75857fd7298b147c737eca283b0bc4f69999f6911c25.mp3]	[sound:hypertts-f41bfcd6c35fa2f5b560358445a8f3ea6b862119dc3f75fb1d2ffa55.mp3]	[sound:恥かしい_ハズカシ＼イ_4_NHK-2016.mp3]	"""<span style=""""box-shadow: inset -2px -2px 0 0 #FF6633;"""">ハ</span><span style=""""box-shadow: inset -2px 2px 0 0px #FF6633;"""">ズカシ</span><span style=""""box-shadow: inset 0px -2px 0 0px #FF6633;"""">イ</span> <span class=""""pitch_number"""">4</span>"""
1781607717800	1781610080	Doki Doki2-11	筋肉	筋[きん]肉[にく]	きんにく	kinniku	mięsień	筋肉が痛いです。	Bolą mnie mięśnie.			Rzeczownik. Część ciała.	筋[きん]肉[にく]が 痛[いた]いです。		[sound:hypertts-ebbe4f2858f9e5e0f6e10d3becb299922e32e0d8ef1722cec167c100.mp3]	[sound:hypertts-3d157303401905b3f980e731702b956c120bad22f14b4f501de4a860.mp3]	[sound:筋肉_キ＼ンニク_1_NHK-2016.mp3]	"""<span style=""""box-shadow: inset -2px 2px 0 0px #FF6633;"""">キ</span><span style=""""box-shadow: inset 0px -2px 0 0px #FF6633;"""">ンニク</span> <span class=""""pitch_number"""">1</span>"""
1781607717801	1781608626	Doki Doki2-11	まつ毛	まつ 毛[げ]	まつげ	matsuge	rzęsy	まつ毛が長いです。	Rzęsy są długie.			Rzeczownik. Część ciała.	まつ 毛[げ]が 長[なが]いです。		[sound:hypertts-d7d3b7b865f6d50a8c67c77fe7352d7027124f5c173fee1190cde1d3.mp3]	[sound:hypertts-853abb06dd23eb1c8e6422c3cb16bc4c18335aff384fc0a2b9034aa7.mp3]	[sound:まつ毛_マ＼ツケ゚_1_NHK-2016.mp3]	"""<span style=""""box-shadow: inset -2px 2px 0 0px #FF6633;"""">マ</span><span style=""""box-shadow: inset 0px -2px 0 0px #FF6633;"""">ツゲ</span> <span class=""""pitch_number"""">1</span>"""
1781607717802	1781608627	Doki Doki2-11	骨	骨[ほね]	ほね	hone	kość	骨が痛いです。	Boli kość.			Rzeczownik. Część ciała.	骨[ほね]が 痛[いた]いです。		[sound:hypertts-69ff736ec8156d4ddce79f5cd933af1285d1dc0c872c141948120cc3.mp3]	[sound:hypertts-415fcf4a4ab7b2396b8f13da9b107e2a5d6233d1a0bb6ea72f2ba16f.mp3]	[sound:骨_ホネ＼_2_NHK-2016.mp3]	"""<span style=""""box-shadow: inset -2px -2px 0 0 #FF6633;"""">ホ</span><span style=""""box-shadow: inset -2px 2px 0 0px #FF6633;"""">ネ</span> <span class=""""pitch_number"""">2</span>"""
1781607717803	1781608629	Doki Doki2-11	指	指[ゆび]	ゆび	yubi	palec	指が短いです。	Palec jest krótki.			Rzeczownik. Część ciała.	指[ゆび]が 短[みじか]いです。		[sound:hypertts-1654a28b2f8b1398148247887c9b107e0556defe1bb45c2a97f0a7bd.mp3]	[sound:hypertts-b1966e8f208154b4d4fe39a8403a8a313ac195cecebb88572be12659.mp3]	[sound:指_ユビ＼_2_NHK-2016.mp3]	"""<span style=""""box-shadow: inset -2px -2px 0 0 #FF6633;"""">ユ</span><span style=""""box-shadow: inset -2px 2px 0 0px #FF6633;"""">ビ</span> <span class=""""pitch_number"""">2</span>"""
1781607717804	1781608630	Doki Doki2-11	爪	爪[つめ]	つめ	tsume	paznokieć	爪を切ります。	Obcinam paznokieć.			Rzeczownik. Część ciała.	爪[つめ]を 切[き]ります。		[sound:hypertts-73abf8afb049abc9419df9fb7c7af50364e073a5400104c7e8f8a649.mp3]	[sound:hypertts-c053966642745bc7acb9a52ff00f794894fc08e8c8fb7ab45071430b.mp3]	[sound:爪_ツメ━_0_NHK-2016.mp3]	"""<span style=""""box-shadow: inset -2px -2px 0 0 #FF6633;"""">ツ</span><span style=""""box-shadow: inset 0px 2px 0 0px #FF6633;"""">メ</span> <span class=""""pitch_number"""">0</span>"""
1781607717805	1781608632	Doki Doki2-11	髪の毛	髪[かみ]の 毛[け]	かみのけ	kaminoke	włosy	髪の毛がきれいです。	Włosy są piękne.			Rzeczownik. Część ciała.	髪[かみ]の 毛[け]が きれいです。		[sound:hypertts-275fe869dbf30041d8ffea7588f5ab49fa8f025b407f988cbf16fb5a.mp3]	[sound:hypertts-1f77a4cecea7872feda553219fbd61057224a5ae64c8da3cacd53924.mp3]	[sound:髪の毛_カミノ＼ケ_3_NHK-2016.mp3]	"""<span style=""""box-shadow: inset -2px -2px 0 0 #FF6633;"""">カ</span><span style=""""box-shadow: inset -2px 2px 0 0px #FF6633;"""">ミノ</span><span style=""""box-shadow: inset 0px -2px 0 0px #FF6633;"""">ケ</span> <span class=""""pitch_number"""">3</span>"""
1781607717806	1781610154	Doki Doki2-11	前髪	前[まえ]髪[がみ]	まえがみ	maegami	grzywka	前髪を切ります。	Obcinam grzywkę.			Rzeczownik. Część ciała.	前[まえ]髪[がみ]を 切[き]ります。		[sound:hypertts-a26c728f7727e6bee0c1ec84ec88b7fee7eeb2444a596ba9f88a0a12.mp3]	[sound:hypertts-fb14463530c8d6febc2d7be144102e363b5ad89add40000479199c0e.mp3]	[sound:前髪_マエカ゚ミ━_0_NHK-2016.mp3]	"""<span style=""""box-shadow: inset -2px -2px 0 0 #FF6633;"""">マ</span><span style=""""box-shadow: inset 0px 2px 0 0px #FF6633;"""">エカ<span style=""""color: red;"""">°</span>ミ</span> <span class=""""pitch_number"""">0</span>"""
1781607717809	1781608637	Doki Doki2-11	肩	肩[かた]	かた	kata	ramię	肩が痛いです。	Ramię boli.			Rzeczownik. Część ciała.	肩[かた]が 痛[いた]いです。		[sound:hypertts-684a65f4eb874d79818b7879b7f972d0a2020da81b4b15048887be5d.mp3]	[sound:hypertts-21d7d4a13b6b40bbab21adc1adcee7631ccde398216ec8b180d4a4cd.mp3]	[sound:肩_カ＼タ_1_NHK-2016.mp3]	"""<span style=""""box-shadow: inset -2px 2px 0 0px #FF6633;"""">カ</span><span style=""""box-shadow: inset 0px -2px 0 0px #FF6633;"""">タ</span> <span class=""""pitch_number"""">1</span>"""
1781607717810	1781608639	Doki Doki2-11	肘	肘[ひじ]	ひじ	hiji	łokieć	肘が痛いです。	Łokieć boli.			Rzeczownik. Część ciała.	肘[ひじ]が 痛[いた]いです。		[sound:hypertts-b937214e40c4376e3f420a2f509fb82167b72b072854ca490fb4c0c7.mp3]	[sound:hypertts-2c34a2b821ab11689abd7d773db8f015b6e1764a87fbb52589401d0d.mp3]	[sound:肘_ヒジ＼_2_NHK-1998.mp3]	"""<span style=""""box-shadow: inset -2px -2px 0 0 #FF6633;"""">ヒ</span><span style=""""box-shadow: inset -2px 2px 0 0px #FF6633;"""">ジ</span> <span class=""""pitch_number"""">2</span>"""
1781607717811	1781608641	Doki Doki2-11	手	手[て]	て	te	ręce	手を洗います。	Myję ręce.			Rzeczownik. Część ciała.	手[て]を 洗[あら]います。		[sound:hypertts-6a1b24463732266a541f35e7ee953d7b3b0b3b7483182dbd36813dee.mp3]	[sound:hypertts-ccee6183d7421b8e3cba60129495b8ae202a277f97f51ca56b6a50cd.mp3]	[sound:手_テ＼_1_NHK-2016.mp3]	"""<span style=""""box-shadow: inset -2px 2px 0 0px #FF6633;"""">テ</span> <span class=""""pitch_number"""">1</span>"""
1781607717812	1781608642	Doki Doki2-11	膝	膝[ひざ]	ひざ	hiza	kolana	膝が痛いです。	Kolano boli.			Rzeczownik. Część ciała.	膝[ひざ]が 痛[いた]いです。		[sound:hypertts-10a2aee7797e62fbc3dfb2ef9da62dccba61b276f345cb10e5265f5c.mp3]	[sound:hypertts-a358df27c1b8978d54f81ace73203cccfe9fea82ff96ca590e631575.mp3]	[sound:膝_ヒザ━_0_NHK-1998.mp3]	"""<span style=""""box-shadow: inset -2px -2px 0 0 #FF6633;"""">ヒ</span><span style=""""box-shadow: inset 0px 2px 0 0px #FF6633;"""">ザ</span> <span class=""""pitch_number"""">0</span>"""
1781607717815	1781610169	Doki Doki2-11	眉毛	眉[まゆ]毛[げ]	まゆげ	mayuge	brwi	眉毛が黒いです。	Brwi są czarne.			Rzeczownik. Część ciała.	眉[まゆ]毛[げ]が 黒[くろ]いです。		[sound:hypertts-fa6b215187fbf1436c12920b02b0b43b21dd3056b1dfc93cdb5bcde1.mp3]	[sound:hypertts-042ce93e1459790728cb1e1e5232c462971468e6968e010b52a4fd30.mp3]	[sound:眉毛_マ＼ユケ゚_1_NHK-2016.mp3]	"""<span style=""""box-shadow: inset -2px 2px 0 0px #FF6633;"""">マ</span><span style=""""box-shadow: inset 0px -2px 0 0px #FF6633;"""">ユケ<span style=""""color: red;"""">°</span></span> <span class=""""pitch_number"""">1</span>"""
1781607717817	1781608650	Doki Doki2-11	ほっぺた	ほっぺた	ほっぺた	hoppeta	policzki	ほっぺたが赤いです。	Policzki są czerwone.			Rzeczownik. Część ciała.	ほっぺたが 赤[あか]いです。		[sound:hypertts-a958955a29f390b3fc2c38603fe2ded547bd2d4933ca3a5310ed79d1.mp3]	[sound:hypertts-5575d021f8e7363bcdb947d77e3c42cae1a17344dd358525aaecdd26.mp3]	[sound:ほっぺた_ホッペ＼タ_3_NHK-2016.mp3]	"""<span style=""""box-shadow: inset -2px -2px 0 0 #FF6633;"""">ホ</span><span style=""""box-shadow: inset -2px 2px 0 0px #FF6633;"""">ッペ</span><span style=""""box-shadow: inset 0px -2px 0 0px #FF6633;"""">タ</span> <span class=""""pitch_number"""">3</span>"""
1781607717818	1781610174	Doki Doki2-11	顎	顎[あご]	あご	ago	szczęka	顎が痛いです。	Szczęka boli.			Rzeczownik. Część ciała.	顎[あご]が 痛[いた]いです。		[sound:hypertts-73992eed859655129efe7c65188636492f2a7c7e306802e5ebc75814.mp3]	[sound:hypertts-e600a156feae83934ec5f3a8e333ab235f2eb83e7edc77f28e09d3dc.mp3]	[sound:顎_アゴ＼_2_NHK-1998.mp3]	"""<span style=""""box-shadow: inset -2px -2px 0 0 #FF6633;"""">ア</span><span style=""""box-shadow: inset -2px 2px 0 0px #FF6633;"""">コ<span style=""""color: red;"""">°</span></span> <span class=""""pitch_number"""">2</span>"""
1781607717819	1781608653	Doki Doki2-11	首	首[くび]	くび	kubi	szyja	首が長いです。	Szyja jest długa.			Rzeczownik. Część ciała.	首[くび]が 長[なが]いです。		[sound:hypertts-3b4b5bbd3460252cef36942e5ea0b22ebac46ca73f70f6e09655ea54.mp3]	[sound:hypertts-6d9d4c212fd2c560667e807af6b5a555d4524e51f2a93d0ddec5958f.mp3]	[sound:首_クビ━_0_NHK-2016.mp3]	"""<span style=""""box-shadow: inset -2px -2px 0 0 #FF6633;"""">ク</span><span style=""""box-shadow: inset 0px 2px 0 0px #FF6633;"""">ビ</span> <span class=""""pitch_number"""">0</span>"""
1781607717820	1781608655	Doki Doki2-11	胸	胸[むね]	むね	mune	pierś, klatka piersiowa	胸が痛いです。	Klatka piersiowa boli.			Rzeczownik. Część ciała.	胸[むね]が 痛[いた]いです。		[sound:hypertts-35c3bb6b98303ee7c21098491bb3bd5d03e0fdd296be63b14dc6b5e9.mp3]	[sound:hypertts-1fd087094d9e549be0843caad04292ff7a88106f44423a667cc59608.mp3]	[sound:胸_ムネ＼_2_NHK-2016.mp3]	"""<span style=""""box-shadow: inset -2px -2px 0 0 #FF6633;"""">ム</span><span style=""""box-shadow: inset -2px 2px 0 0px #FF6633;"""">ネ</span> <span class=""""pitch_number"""">2</span>"""
1781607717821	1781608656	Doki Doki2-11	お腹	お 腹[なか]	おなか	onaka	brzuch	お腹が空きました。	Jestem głodny (dosł. brzuch opustoszał).			Rzeczownik. Część ciała.	お 腹[なか]が 空[す]きました。		[sound:hypertts-8ee83e337ae382c0e80a82bf14c0c283ace4dbf88a061ef72870d2a0.mp3]	[sound:hypertts-6c2f3f0f240adba3dc510a751518edbcf2c1727d145b547a21c0426c.mp3]	[sound:お腹_オナカ━_0_NHK-1998.mp3]	"""<span style=""""box-shadow: inset -2px -2px 0 0 #FF6633;"""">オ</span><span style=""""box-shadow: inset 0px 2px 0 0px #FF6633;"""">ナカ</span> <span class=""""pitch_number"""">0</span>"""
1781607717822	1791218431	Doki Doki2-11	腹	腹[はら]	はら	hara	brzuch (potoczniej)	腹が痛いです。	Brzuch boli.			Rzeczownik. Część ciała (bardziej potoczne od onaka).	腹[はら]が 痛[いた]いです。		[sound:hypertts-1bfaa9e18111e06c391985c7087725c4e44811d6a4c9d745d081b2f1.mp3]	[sound:hypertts-9a71d4ed6c37d682c369676a1bccb0b61399a07484e45deefe7a61f6.mp3]	[sound:腹_ハラ＼_2_NHK-2016.mp3]	"""<span style=""""box-shadow: inset -2px -2px 0 0 #FF6633;"""">ハ</span><span style=""""box-shadow: inset -2px 2px 0 0px #FF6633;"""">ラ</span> <span class=""""pitch_number"""">2</span>"""
1781607717823	1781608660	Doki Doki2-11	おへそ	おへそ	おへそ	oheso	pępek	おへそが見えます。	Widać pępek.			Rzeczownik. Część ciała. Same kana.	おへそが 見[み]えます。		[sound:hypertts-65a02ede6071cc51a658c507f060f9bb17077c66af6692d03212dd51.mp3]	[sound:hypertts-8286304d7cfd1ef7ffb542e5e39a0f957599d20a4a40845f0b5db4d2.mp3]	[sound:おへそ_オヘソ_JapanesePod101.mp3]	
1781607717824	1781608661	Doki Doki2-11	手首	手[て]首[くび]	てくび	tekubi	nadgarstek	手首が痛いです。	Boli nadgarstek.			Rzeczownik. Część ciała.	手[て]首[くび]が 痛[いた]いです。		[sound:hypertts-6819fe9eb72ce1cbd3bd1139f679b326d18721b92fa73d1d2bed6f6b.mp3]	[sound:hypertts-b9a859a0c730ef2bebfd2c29506c8bd9d1f6fc1aa21f9cca4cfbdac9.mp3]	[sound:手首_テ＼クビ_1_NHK-2016.mp3]	"""<span style=""""box-shadow: inset -2px 2px 0 0px #FF6633;"""">テ</span><span style=""""box-shadow: inset 0px -2px 0 0px #FF6633;"""">クビ</span> <span class=""""pitch_number"""">1</span>"""
1781607717825	1781608663	Doki Doki2-11	腰	腰[こし]	こし	koshi	biodra	腰が痛いです。	Boli w krzyżu (biodra).			Rzeczownik. Część ciała.	腰[こし]が 痛[いた]いです。		[sound:hypertts-5162345971821fc5a711e7098d1b049c080b5ddb84ba9690d432512b.mp3]	[sound:hypertts-664b40256e3bfb69df6aabab48cb54578223cabc576f9428c3a9a8e4.mp3]	[sound:腰_コシ━_0_NHK-2016.mp3]	"""<span style=""""box-shadow: inset -2px -2px 0 0 #FF6633;"""">コ</span><span style=""""box-shadow: inset 0px 2px 0 0px #FF6633;"""">シ</span> <span class=""""pitch_number"""">0</span>"""
1781607717826	1781608665	Doki Doki2-11	足首	足[あし]首[くび]	あしくび	ashikubi	kostka	足首が痛いです。	Boli kostka.			Rzeczownik. Część ciała.	足[あし]首[くび]が 痛[いた]いです。		[sound:hypertts-6a6442b4ec8586db9850e395f57b7cce8eb1effeaeeef1fc8c0c3966.mp3]	[sound:hypertts-ed6afa60b1ae9f469a2838346533e643ea6727439bb642b3fc05f069.mp3]	[sound:足首_アシ＼クビ_2_NHK-2016.mp3] [sound:足首_アシク＼ビ_3_NHK-2016.mp3]	"""<span style=""""box-shadow: inset -2px -2px 0 0 #FF6633;"""">ア</span><span style=""""box-shadow: inset -2px 2px 0 0px #FF6633;""""><span style=""""color: royalblue;"""">シ</span></span><span style=""""box-shadow: inset 0px -2px 0 0px #FF6633;"""">クビ</span> <span class=""""pitch_number"""">2</span>, <span style=""""box-shadow: inset -2px -2px 0 0 #FF6633;"""">ア</span><span style=""""box-shadow: inset -2px 2px 0 0px #FF6633;""""><span style=""""color: royalblue;"""">シ</span>ク</span><span style=""""box-shadow: inset 0px -2px 0 0px #FF6633;"""">ビ</span> <span class=""""pitch_number"""">3</span>"""
1781607717827	1781608666	Doki Doki2-11	つま先	つま 先[さき]	つまさき	tsumasaki	palec u nogi	つま先が痛いです。	Boli palec u nogi.			Rzeczownik. Część ciała.	つま 先[さき]が 痛[いた]いです。		[sound:hypertts-e13b3b915c817196731c7debf73091050c2d3ab37646b33aa85a93df.mp3]	[sound:hypertts-98ff0b7cc63e1952aa7391f6b4b68168d6fd0cc37def423d68f95732.mp3]	[sound:つま先_ツマサキ━_0_NHK-2016.mp3]	"""<span style=""""box-shadow: inset -2px -2px 0 0 #FF6633;"""">ツ</span><span style=""""box-shadow: inset 0px 2px 0 0px #FF6633;"""">マサキ</span> <span class=""""pitch_number"""">0</span>"""
1781610943047	1781611621	Doki Doki2-12	同じ	 同[おな]じ	おなじ	onaji	taki sam	私の車はあなたのと同じです。	Mój samochód jest taki sam jak twój.			"""specjalny przymiotnik-na / rzeczownik, używany bez partykuły """"na"""" przed rzeczownikiem."""	 私[わたし]の 車[くるま]はあなたのと 同[おな]じです。		[sound:hypertts-ea5f6406933cac55611b5ce467e8e403b30479896fa6dce13841e6fb.mp3]	[sound:hypertts-532ceae19fd132f8d74e30704c951d318fb412eeaa9b94770b4e9b2a.mp3]	[sound:同じ_オナジ━_0_NHK-2016.mp3]	"""<span style=""""box-shadow: inset -2px -2px 0 0 #FF6633;"""">オ</span><span style=""""box-shadow: inset 0px 2px 0 0px #FF6633;"""">ナジ</span> <span class=""""pitch_number"""">0</span>"""
1781610943050	1782849648	Doki Doki2-12	義理の母	義[ぎ] 理[り]の 母[はは]	ぎりのはは	giri no haha	teściowa	週末に義理の母が来ます。	W weekend przyjedzie teściowa.			rzeczownik, określenie matki z perspektywy powinowactwa.	 週末[しゅうまつ]に 義理[ぎり]の 母[はは]が 来[き]ます。		[sound:hypertts-44eb804548e5d95c2424778b872bb1633704ad60be63381d2dc62fef.mp3]	[sound:hypertts-45066f88c439c1cab1fb4adbd538884e4867e4b87624c966964b5d33.mp3]	[sound:義理の母_ギリノハハ_JapanesePod101.mp3] [sound:義理の母_ギリノハハ_JapanesePod101(1).mp3]	
1781610943051	1782849648	Doki Doki2-12	義理の父	義[ぎ] 理[り]の 父[ちち]	ぎりのちち	giri no chichi	teść	義理の父と車で出かけました。	Wyjechałem samochodem z teściem.			rzeczownik, określenie ojca z perspektywy powinowactwa.	 義理[ぎり]の 父[ちち]と 車[くるま]で 出[で]かけました。		[sound:hypertts-c651210d3a541d5ddedfa7702fd176d56823b9235d9d4cfc0493cbe2.mp3]	[sound:hypertts-e777c47a927aa98045ad04835995f270a77afcb9e94c60d26449f5aa.mp3]	[sound:義理の父_ギリノチチ_JapanesePod101.mp3] [sound:義理の父_ギリノチチ_JapanesePod101(1).mp3]	
1781610943052	1782849648	Doki Doki2-12	政府	政[せい] 府[ふ]	せいふ	seifu	rząd	政府は新しいルールを作りました。	Rząd stworzył nowe zasady.			rzeczownik	 政府[せいふ]は 新[あたら]しいルールを 作[つく]りました。		[sound:hypertts-d41ce9da33f37e156e3240ca6a41a4efaee5a6e566c5c6b6f6e464a5.mp3]	[sound:hypertts-af8d415e0b3088a1fdac3ec2d946bae8f763a8003141fd885365060a.mp3]	[sound:政府_セ＼ーフ_1_NHK-2016.mp3]	"""<span style=""""box-shadow: inset -2px 2px 0 0px #FF6633;"""">セ</span><span style=""""box-shadow: inset 0px -2px 0 0px #FF6633;"""">イフ</span> <span class=""""pitch_number"""">1</span>"""
1781610943054	1791206349	Doki Doki2-12	皿	 皿[さら]	さら	sara	talerz	このお皿を洗ってください。	Proszę umyć ten talerz.			"""rzeczownik, często używane z przedrostkiem """"o-"""""""	このお 皿[さら]を 洗[あら]ってください。		[sound:hypertts-560a1e106df0ae0bf61be45430f18a3e3d8a5c31edffadc9ffec5169.mp3]	[sound:hypertts-026bbe41762bb6b1b3d14f9a9878ce7940d9aa1f83e095361cf03d17.mp3]	[sound:皿_サラ━_0_NHK-2016.mp3]	"""<span style=""""box-shadow: inset -2px -2px 0 0 #FF6633;"""">サ</span><span style=""""box-shadow: inset 0px 2px 0 0px #FF6633;"""">ラ</span> <span class=""""pitch_number"""">0</span>"""
1781610943055	1781611621	Doki Doki2-12	ちょうど	ちょうど	ちょうど	chōdo	w sam raz	この靴はちょうどいいです。	Te buty są w sam raz.			przysłówek	この 靴[くつ]はちょうどいいです。		[sound:hypertts-91429ac7913a490e4522aee60f23a982f5b3295450cb0aedfb74af93.mp3]	[sound:hypertts-17ffbb63da945ad09e17230a57e89172bac6a0ed727f9a941fb4da83.mp3]	[sound:ちょうど_チョード━_0_NHK-2016.mp3] [sound:ちょうど_チョ＼ード_1_NHK-2016.mp3] [sound:ちょうど_チョード＼_3_NHK-2016.mp3]	"""<span style=""""box-shadow: inset -2px -2px 0 0 #FF6633;"""">チョ</span><span style=""""box-shadow: inset 0px 2px 0 0px #FF6633;"""">ード</span> <span class=""""pitch_number"""">0</span>, <span style=""""box-shadow: inset -2px -2px 0 0 #FF6633;"""">チョ</span><span style=""""box-shadow: inset 0px 2px 0 0px #FF6633;"""">ウド</span> <span class=""""pitch_number"""">0</span>, <span style=""""box-shadow: inset -2px 2px 0 0px #FF6633;"""">チョ</span><span style=""""box-shadow: inset 0px -2px 0 0px #FF6633;"""">ード</span> <span class=""""pitch_number"""">1</span>"""
1781610943058	1781613131	Doki Doki2-12	ぬいぐるみ	ぬいぐるみ	ぬいぐるみ	nuigurumi	pluszak	ベッドの上に犬のぬいぐるみがあります。	Na łóżku leży pluszowy pies.			rzeczownik, kanji 縫いぐるみ jest rzadko używane.	ベッドの 上[うえ]に 犬[いぬ]のぬいぐるみがあります。		[sound:hypertts-b0c7d5cf78355fc8fe4225f56ddae411c9d80ef5354228893db89915.mp3]	[sound:hypertts-987deb607982724cd180fffb71a55aafb432a6cb467cb1384d160433.mp3]	[sound:ぬいぐるみ_ヌイク゚ルミ━_0_NHK-2016.mp3]	"""<span style=""""box-shadow: inset -2px -2px 0 0 #FF6633;"""">ヌ</span><span style=""""box-shadow: inset 0px 2px 0 0px #FF6633;"""">イグルミ</span> <span class=""""pitch_number"""">0</span>, <span style=""""box-shadow: inset -2px -2px 0 0 #FF6633;"""">ヌ</span><span style=""""box-shadow: inset 0px 2px 0 0px #FF6633;"""">イク<span style=""""color: red;"""">°</span>ルミ</span> <span class=""""pitch_number"""">0</span>"""
1781610943059	1781611621	Doki Doki2-12	ティッシュ	ティッシュ	ティッシュ	tisshu	chusteczka	ティッシュを一枚ください。	Poproszę o jedną chusteczkę.			zapożyczenie z j. angielskiego	ティッシュを 一枚[いちまい]ください。		[sound:hypertts-693309fcb77a98165cda7cd8bc8d6de5aeb670f30b386be8fd22bb58.mp3]	[sound:hypertts-fadddbfb2a02cad3b4a5e0138168d6a4b0fcfefa12d4b44017d17470.mp3]	[sound:ティッシュ_ティ＼ッシュ_1_NHK-2016.mp3]	"""<span style=""""box-shadow: inset -2px 2px 0 0px #FF6633;"""">ティ</span><span style=""""box-shadow: inset 0px -2px 0 0px #FF6633;"""">ッシュ</span> <span class=""""pitch_number"""">1</span>"""
1781610943060	1782849648	Doki Doki2-12	従兄弟	従兄弟[いとこ]	いとこ	itoko	kuzyn	私の従兄弟は学生です。	Mój kuzyn jest studentem.			rzeczownik, kanji rzadko używane, częściej zapisywane hiraganą.	 私[わたし]の 従兄弟[いとこ]は 学生[がくせい]です。		[sound:hypertts-aa306c7314758dc1455ab0321294e78a843238593e8c2103fca8aadf.mp3]	[sound:hypertts-733af7e70ffcb59989094016309d2c04b060c1993f9eba747d078e7b.mp3]	[sound:従兄弟_イト＼コ_2_NHK-1998.mp3]	"""<span style=""""box-shadow: inset -2px -2px 0 0 #FF6633;"""">イ</span><span style=""""box-shadow: inset -2px 2px 0 0px #FF6633;"""">ト</span><span style=""""box-shadow: inset 0px -2px 0 0px #FF6633;"""">コ</span> <span class=""""pitch_number"""">2</span>"""
1781610943061	1782849648	Doki Doki2-12	給料	給[きゅう] 料[りょう]	きゅうりょう	kyūryō	pensja	明日、給料をもらいます。	Jutro dostanę pensję.			rzeczownik	 明日[あした]、 給料[きゅうりょう]をもらいます。		[sound:hypertts-c5553942a9cda2c97627a7e2782c5f6df96d43dd19ba3d4df66cbc12.mp3]	[sound:hypertts-b1fb1daae19f94c58a1d5f8c07bb13702ba85853dfd24ff536d460b9.mp3]	[sound:給料_キュ＼ーリョー_1_NHK-2016.mp3]	"""<span style=""""box-shadow: inset -2px 2px 0 0px #FF6633;"""">キュ</span><span style=""""box-shadow: inset 0px -2px 0 0px #FF6633;"""">ーリョー</span> <span class=""""pitch_number"""">1</span>"""
1781610943065	1781611621	Doki Doki2-12	バレンタインデー	バレンタインデー	バレンタインデー	barentaindē	Walentynki	バレンタインデーにチョコレートを食べます。	W Walentynki jem czekoladę.			zapożyczenie z j. angielskiego, przypada 14 lutego.	バレンタインデーにチョコレートを 食[た]べます。		[sound:hypertts-996f98bee7b77d1a88e4608ef4f62f0d340a266be754f709b13293ca.mp3]	[sound:hypertts-08b7627ac3fe421bc45afc9905d1347810420efeb63ffa7a9c1b615a.mp3]	[sound:バレンタインデー_バレンタイ＼ンデー_5_NHK-2016.mp3]	"""<span style=""""box-shadow: inset -2px -2px 0 0 #FF6633;"""">バ</span><span style=""""box-shadow: inset -2px 2px 0 0px #FF6633;"""">レンタイ</span><span style=""""box-shadow: inset 0px -2px 0 0px #FF6633;"""">ンデー</span> <span class=""""pitch_number"""">5</span>"""
1781610943066	1781611621	Doki Doki2-12	ホワイトデー	ホワイトデー	ホワイトデー	howaitodē	Biały Dzień	ホワイトデーにお返しをもらいました。	Dostałem prezent z okazji Białego Dnia.			zapożyczenie (wasei-eigo), japońskie święto 14 marca, w którym mężczyźni odwdzięczają się za Walentynki.	ホワイトデーにお 返[かえ]しをもらいました。		[sound:hypertts-06a933d7787819339ea72eddde1a3607e8f59145c67fafd8f309b016.mp3]	[sound:hypertts-b8eaf25ee7205836a717e5e0fc87f0a2a81cfc8dd77740dcbd183603.mp3]	[sound:ホワイトデー_ホワイト＼デー_4_NHK-2016.mp3]	"""<span style=""""box-shadow: inset -2px -2px 0 0 #FF6633;"""">ホ</span><span style=""""box-shadow: inset -2px 2px 0 0px #FF6633;"""">ワイト</span><span style=""""box-shadow: inset 0px -2px 0 0px #FF6633;"""">デー</span> <span class=""""pitch_number"""">4</span>"""
1781610943067	1781611621	Doki Doki2-12	ビデオカメラ	ビデオカメラ	ビデオカメラ	bideokamera	kamera wideo	新しいビデオカメラを買いました。	Kupiłem nową kamerę wideo.			zapożyczenie z j. angielskiego	 新[あたら]しいビデオカメラを 買[か]いました。		[sound:hypertts-4eba8762d46ab30af0d6e556b55112a1c39cd69dc13ec5e349281942.mp3]	[sound:hypertts-b2c32eb8195f4116d349695e2a733dbafc8b774d2c4e053244817e6f.mp3]	[sound:ビデオカメラ_ビデオカ＼メラ_4_NHK-2016.mp3]	"""<span style=""""box-shadow: inset -2px -2px 0 0 #FF6633;"""">ビ</span><span style=""""box-shadow: inset -2px 2px 0 0px #FF6633;"""">デオカ</span><span style=""""box-shadow: inset 0px -2px 0 0px #FF6633;"""">メラ</span> <span class=""""pitch_number"""">4</span>"""
1781610943068	1782849648	Doki Doki2-12	夫婦	夫[ふう] 婦[ふ]	ふうふ	fūfu	małżeństwo	あの二人は仲がいい夫婦です。	Tamta dwójka to bardzo zgrane małżeństwo.			rzeczownik	あの 二人[ふたり]は 仲[なか]がいい 夫婦[ふうふ]です。		[sound:hypertts-62460861eaef3f8b50bbc09c6d29d798f842307996efe92f532b8040.mp3]	[sound:hypertts-823134e64fd503f73ae43a8c51de893928156094d5713965c6963582.mp3]	[sound:夫婦_フ＼ーフ_1_NHK-2016.mp3]	"""<span style=""""box-shadow: inset -2px 2px 0 0px #FF6633;"""">フ</span><span style=""""box-shadow: inset 0px -2px 0 0px #FF6633;"""">ーフ</span> <span class=""""pitch_number"""">1</span>"""
1781610943071	1782849648	Doki Doki2-12	漫画	漫[まん] 画[が]	まんが	manga	manga	毎晩、漫画を読みます。	Każdego wieczoru czytam mangę.			rzeczownik	 毎晩[まいばん]、 漫画[まんが]を 読[よ]みます。		[sound:hypertts-d34dfc13ac665f79ecf758c0ccf98bdfc6f0320324eccd5cb1516afa.mp3]	[sound:hypertts-88f19d1b426f903fb8187052711c656ccf6ad3384eeb44d06e259ddb.mp3]	[sound:漫画_マンカ゚━_0_NHK-2016.mp3]	"""<span style=""""box-shadow: inset -2px -2px 0 0 #FF6633;"""">マ</span><span style=""""box-shadow: inset 0px 2px 0 0px #FF6633;"""">ンカ<span style=""""color: red;"""">°</span></span> <span class=""""pitch_number"""">0</span>"""
1781610943072	1781611621	Doki Doki2-12	マンション	マンション	マンション	manshon	mieszkanie	新しいマンションに引っ越しました。	Przeprowadziłem się do nowego mieszkania (bloku).			zapożyczenie z j. angielskiego (wasei-eigo), oznacza apartamentowiec lub mieszkanie w bloku.	 新[あたら]しいマンションに 引[ひ]っ 越[こ]しました。		[sound:hypertts-b0faf2cbd6f9306ff84fff5e7d71dd965f731e0d1a91850432ff7257.mp3]	[sound:hypertts-036140fad5a430bc46e1048bd4c0c20b0b718070303cb12cc47a6616.mp3]	[sound:マンション_マ＼ンション_1_NHK-2016.mp3]	"""<span style=""""box-shadow: inset -2px 2px 0 0px #FF6633;"""">マ</span><span style=""""box-shadow: inset 0px -2px 0 0px #FF6633;"""">ンション</span> <span class=""""pitch_number"""">1</span>"""
1781610943075	1782849648	Doki Doki2-12	履歴書	履[り] 歴[れき] 書[しょ]	りれきしょ	rirekisho	CV	会社に履歴書を送ります。	Wysyłam CV do firmy.			rzeczownik	 会社[かいしゃ]に 履歴書[りれきしょ]を 送[おく]ります。		[sound:hypertts-40f0813dbe2639f5cbec6ceec34c2ef41827a4d4d8611d97daafd849.mp3]	[sound:hypertts-8cf2525f3fcf81455a4e8fb76e4141b10bc44ec38e72b27fc0f24bf3.mp3]	[sound:履歴書_リレキショ━_0_NHK-2016.mp3] [sound:履歴書_リレキショ＼_4_NHK-2016.mp3]	"""<span style=""""box-shadow: inset -2px -2px 0 0 #FF6633;"""">リ</span><span style=""""box-shadow: inset 0px 2px 0 0px #FF6633;"""">レ<span style=""""color: royalblue;"""">キ</span>ショ</span> <span class=""""pitch_number"""">0</span>, <span style=""""box-shadow: inset -2px -2px 0 0 #FF6633;"""">リ</span><span style=""""box-shadow: inset -2px 2px 0 0px #FF6633;"""">レ<span style=""""color: royalblue;"""">キ</span>ショ</span> <span class=""""pitch_number"""">4</span>"""
1781610943077	1781611458	Doki Doki2-12	あなたたち	あなたたち	あなたたち	anatatachi	wy	あなたたちは学生ですか。	Czy wy jesteście studentami?			zaimek	あなたたちは 学生[がくせい]ですか。		[sound:hypertts-3a25d3b5e5c9b7b20181d97954fe7a5a96981c7fff86064c04cadcbe.mp3]	[sound:hypertts-de500f8c94f4984958fe3074d4b8d4eb2ddb28d6e36b5ab9def29f0f.mp3]		"""<span style=""""box-shadow: inset -2px -2px 0 0 #FF6633;"""">ア</span><span style=""""box-shadow: inset -2px 2px 0 0px #FF6633;"""">ナ</span><span style=""""box-shadow: inset 0px -2px 0 0px #FF6633;"""">タタチ</span> <span class=""""pitch_number"""">2</span>"""
1781610943078	1781611621	Doki Doki2-12	彼ら	 彼[かれ]ら	かれら	karera	oni	彼らは日本語を勉強しています。	Oni uczą się japońskiego.			zaimek	 彼[かれ]らは 日本語[にほんご]を 勉強[べんきょう]しています。		[sound:hypertts-dc7cf336a848eecad9117deb9dde440e348d79414b98702903e9635f.mp3]	[sound:hypertts-e94725fb97c65ddc1af1053d1a9af7e65ebc8d529e3a1b33604369b2.mp3]	[sound:彼ら_カ＼レラ_1_NHK-2016.mp3]	"""<span style=""""box-shadow: inset -2px 2px 0 0px #FF6633;"""">カ</span><span style=""""box-shadow: inset 0px -2px 0 0px #FF6633;"""">レラ</span> <span class=""""pitch_number"""">1</span>"""
1781610943079	1781611621	Doki Doki2-12	幾つ	 幾[いく]つ	いくつ	ikutsu	ile	りんごを幾つ買いましたか。	Ile jabłek kupiłeś?			rzeczownik pytający, kanji używane rzadko, przeważnie pisane hiraganą.	りんごを 幾[いく]つ 買[か]いましたか。		[sound:hypertts-a6cc3f261f6c874ae3b6146238e97fb4dc3531d74cddb506b57e4b2e.mp3]	[sound:hypertts-c88297b42bb7bb9abf81b499e0319625b3f9cc95b6ab9f4a3c418e0e.mp3]	[sound:幾つ_イ＼クツ_1_NHK-1998.mp3]	"""<span style=""""box-shadow: inset -2px 2px 0 0px #FF6633;"""">イ</span><span style=""""box-shadow: inset 0px -2px 0 0px #FF6633;""""><span style=""""color: royalblue;"""">ク</span>ツ</span> <span class=""""pitch_number"""">1</span>"""
1781610943080	1782849648	Doki Doki2-12	大家さん	大[おお] 家[や]さん	おおやさん	ōyasan	właściciel (nieruchomości)	大家さんはとても親切な人です。	Właściciel mieszkania to bardzo miła osoba.			rzeczownik, grzeczne określenie właściciela wynajmowanego mieszkania.	 大家[おおや]さんはとても 親切[しんせつ]な 人[ひと]です。		[sound:hypertts-15f49e779acefa8b72a250d216b5562ad75cebeb80242459883351b4.mp3]	[sound:hypertts-071a0a72182187277566ee4579291293313a0317466e55027d3fcf73.mp3]	[sound:大家さん_オオヤサン_JapanesePod101.mp3] [sound:大家さん_オオヤサン_JapanesePod101(1).mp3]	
1781610943082	1782849648	Doki Doki2-12	文句を言う	文[もん] 句[く]を 言[い]う	もんくをいう	monku o iu	narzekać / poskarżyć się	彼はいつも文句を言っています。	On zawsze narzeka.	 文句[もんく]を 言[い]います	 文句[もんく]を 言[い]いません	wyrażenie, czasownik 言う to gr. 1.	 彼[かれ]はいつも 文句[もんく]を 言[い]っています。		[sound:hypertts-76d8d94c94f8770a6eb83129121633822d5661d7c327e6100169c2ca.mp3]	[sound:hypertts-b4046291340c479428c45037fb7c61802afdd8fb195d1f3223df79f0.mp3]		
1781610943083	1781611621	Doki Doki2-12	飛ぶ	 飛[と]ぶ	とぶ	tobu	latać, skakać	鳥が空を飛んでいます。	Ptak leci po niebie.	 飛[と]びます	 飛[と]びません	czasownik gr. 1	 鳥[とり]が 空[そら]を 飛[と]んでいます。		[sound:hypertts-765da24054d52f89600122555689524b9ada16b2dea401ffdc640731.mp3]	[sound:hypertts-a99ea6b73229a777acaf69251d21a48378d2a30eaa658e5cedb2b74a.mp3]	[sound:飛ぶ_トブ━_0_NHK-2016.mp3]	"""<span style=""""box-shadow: inset -2px -2px 0 0 #FF6633;"""">ト</span><span style=""""box-shadow: inset 0px 2px 0 0px #FF6633;"""">ブ</span> <span class=""""pitch_number"""">0</span>"""
1781610943084	1781611621	Doki Doki2-12	くれる	くれる	くれる	kureru	dawać	母が私に時計をくれました。	Mama dała mi zegarek.	くれます	くれません	czasownik gr. 2, używany gdy ktoś obcy lub równy/wyższy statusem daje coś mówiącemu.	 母[はは]が 私[わたし]に 時計[とけい]をくれました。		[sound:hypertts-63449d4ee9998d44ece767d2194486fde7ecd68539261083442b1d0f.mp3]	[sound:hypertts-04930bd39557cf1a1407ebe4d1f6e81fb42ac064079773bf58e4edb0.mp3]	[sound:くれる_クレル━_0_NHK-2016.mp3]	"""<span style=""""box-shadow: inset -2px -2px 0 0 #FF6633;"""">ク</span><span style=""""box-shadow: inset 0px 2px 0 0px #FF6633;"""">レル</span> <span class=""""pitch_number"""">0</span>"""
1781610943085	1781611621	Doki Doki2-12	欲しい	 欲[ほし]しい	ほしい	hoshii	chcieć	私は新しい車が欲しいです。	Chcę nowy samochód.			i-przymiotnik, opisuje chęć posiadania rzeczy.	 私[わたし]は 新[あたら]しい 車[くるま]が 欲[ほし]しいです。		[sound:hypertts-d1b20480b1c374f04af678462ee9d0282c3519d65fdae765d61bc1a7.mp3]	[sound:hypertts-1344e66b6d59131d440081be1866ccf1380369cb215500d89dde06d5.mp3]	[sound:欲しい_ホシ＼イ_2_NHK-2016.mp3]	
1781610943086	1781611621	Doki Doki2-12	太っ腹	 太[ふと]っ 腹[ぱら]	ふとっぱら	futoppara	hojny	先輩は太っ腹です。	Mój starszy kolega z pracy jest hojny.			na-przymiotnik	 先輩[せんぱい]は 太[ふと]っ 腹[ぱら]です。		[sound:hypertts-d25cea6f0c48a3eab3490b655039f5e6da1d7cabe4cdcaa19788fe1c.mp3]	[sound:hypertts-4327341251c261e76b3effd0dbe12c660820556154a306e0d55bb12f.mp3]	[sound:太っ腹_フトッパラ━_0_NHK-2016.mp3] [sound:太っ腹_フトッパラ＼_5_NHK-2016.mp3]	"""<span style=""""box-shadow: inset -2px -2px 0 0 #FF6633;""""><span style=""""color: royalblue;"""">フ</span></span><span style=""""box-shadow: inset 0px 2px 0 0px #FF6633;"""">トッパラ</span> <span class=""""pitch_number"""">0</span>, <span style=""""box-shadow: inset -2px -2px 0 0 #FF6633;""""><span style=""""color: royalblue;"""">フ</span></span><span style=""""box-shadow: inset -2px 2px 0 0px #FF6633;"""">トッパラ</span> <span class=""""pitch_number"""">5</span>"""
1781610943087	1781611621	Doki Doki2-12	引っ越し	 引[ひ]っ 越[こ]し	ひっこし	hikkoshi	przeprowadzka	週末に引っ越しをします。	W weekend robię przeprowadzkę.			rzeczownik (rzeczownik odczasownikowy)	 週末[しゅうまつ]に 引[ひ]っ 越[こ]しをします。		[sound:hypertts-6384540b0f2c6b1ed37c4de930228b05b6614b5444ee901ef720b59e.mp3]	[sound:hypertts-7efbe314913d49f123079b55f224aa29ccee6f229e8d47624804191f.mp3]	[sound:引っ越し_ヒッコシ━_0_NHK-2016.mp3]	"""<span style=""""box-shadow: inset -2px -2px 0 0 #FF6633;""""><span style=""""color: royalblue;"""">ヒ</span></span><span style=""""box-shadow: inset 0px 2px 0 0px #FF6633;"""">ッコシ</span> <span class=""""pitch_number"""">0</span>"""
1781610943088	1782849648	Doki Doki2-12	運動会	運[うん] 動[どう] 会[かい]	うんどうかい	undōkai	zawody sportowe, dzień sportu	秋に学校で運動会があります。	Jesienią w szkole odbywają się zawody sportowe.			rzeczownik, szkolne zawody sportowe w Japonii.	 秋[あき]に 学校[がっこう]で 運動会[うんどうかい]があります。		[sound:hypertts-8facdff0dee2a0b7ba4c6c0599a93abc10e10cb1d55f37612d974bcc.mp3]	[sound:hypertts-20c516c6adb0660b60cbe02a22df68485fc1803b0ccfe3833df08e22.mp3]	[sound:運動会_ウンド＼ーカイ_3_NHK-2016.mp3]	"""<span style=""""box-shadow: inset -2px -2px 0 0 #FF6633;"""">ウ</span><span style=""""box-shadow: inset -2px 2px 0 0px #FF6633;"""">ンド</span><span style=""""box-shadow: inset 0px -2px 0 0px #FF6633;"""">ーカイ</span> <span class=""""pitch_number"""">3</span>"""
1781610943089	1782849648	Doki Doki2-12	忘年会	忘[ぼう] 年[ねん] 会[かい]	ぼうねんかい	bōnenkai	impreza na koniec roku, pożegnanie starego roku	会社の人と忘年会に行きます。	Idę na imprezę końcoworoczną z ludźmi z firmy.			rzeczownik, tradycyjna japońska impreza pożegnania starego roku.	 会社[かいしゃ]の 人[ひと]と 忘年会[ぼうねんかい]に 行[い]きます。		[sound:hypertts-8a01495b6a94274e7c6da189b0f5e535ec684e14b100c7902e28bb4d.mp3]	[sound:hypertts-51cfd313aa4890a40b5a81c3b9337bd7ef756ff3ecb5d9f58a55f757.mp3]	[sound:忘年会_ボーネ＼ンカイ_3_NHK-2016.mp3]	"""<span style=""""box-shadow: inset -2px -2px 0 0 #FF6633;"""">ボ</span><span style=""""box-shadow: inset -2px 2px 0 0px #FF6633;"""">ーネ</span><span style=""""box-shadow: inset 0px -2px 0 0px #FF6633;"""">ンカイ</span> <span class=""""pitch_number"""">3</span>"""
1781610943090	1782849648	Doki Doki2-12	入学式	入[にゅう] 学[がく] 式[しき]	にゅうがくしき	nyūgakushiki	ceremonia rozpoczęcia roku szkolnego	四月に入学式があります。	W kwietniu jest ceremonia rozpoczęcia roku szkolnego.			rzeczownik, w Japonii rok szkolny zaczyna się wiosną.	 四月[しがつ]に 入学式[にゅうがくしき]があります。		[sound:hypertts-fcd9069be34ff93aefe99fe429b95caf0c57e4560b23b4cc09483599.mp3]	[sound:hypertts-91982d698758951684c3c360c314e03fd814c9a9bcae39b6f91adb6b.mp3]	[sound:入学式_ニューカ゚ク＼シキ_4_NHK-2016.mp3]	"""<span style=""""box-shadow: inset -2px -2px 0 0 #FF6633;"""">ニュ</span><span style=""""box-shadow: inset -2px 2px 0 0px #FF6633;"""">ーカ<span style=""""color: red;"""">°</span>ク</span><span style=""""box-shadow: inset 0px -2px 0 0px #FF6633;""""><span style=""""color: royalblue;"""">シ</span>キ</span> <span class=""""pitch_number"""">4</span>"""
1781610943092	1782849648	Doki Doki2-12	花見	花[はな] 見[み]	はなみ	hanami	oglądanie kwiatów wiśni	週末に公園で花見をします。	W weekend będziemy oglądać kwiaty wiśni w parku.			rzeczownik, tradycyjny piknik pod kwitnącymi wiśniami (sakura).	 週末[しゅうまつ]に 公園[こうえん]で 花見[はなみ]をします。		[sound:hypertts-f8b1b163d8260ad0fd84b86b6a4c9762a25de2854cd05b8726428771.mp3]	[sound:hypertts-59e8aacf4d24d318ae49bc3fdecde9aee80eba14d76e191e1eae660e.mp3]	[sound:花見_ハナミ＼_3_NHK-2016.mp3]	"""<span style=""""box-shadow: inset -2px -2px 0 0 #FF6633;"""">ハ</span><span style=""""box-shadow: inset -2px 2px 0 0px #FF6633;"""">ナミ</span> <span class=""""pitch_number"""">3</span>"""
1781610943093	1781613534	Doki Doki2-12	祭り	 祭[まつ]り	まつり	matsuri	festiwal	夏に町で大きなお祭りがあります。	Latem w mieście odbywa się wielki festiwal.			rzeczownik, często z przedrostkiem &quot;o-&quot;	 夏[なつ]に 町[まち]で 大[おお]きなお 祭[まつ]りがあります。		[sound:hypertts-66a7575f63dd3592d7fdccbe35bbfc50275ad37654bc6358b43a0aaf.mp3]	[sound:hypertts-313a0c2b59c368613ed6e335916f45aea4344dd0ed3b0bbdd5d171d3.mp3]	[sound:祭り_マツリ━_0_NHK-2016.mp3]	"""<span style=""""box-shadow: inset -2px -2px 0 0 #FF6633;"""">マ</span><span style=""""box-shadow: inset 0px 2px 0 0px #FF6633;"""">ツリ</span> <span class=""""pitch_number"""">0</span>"""
1781610943094	1782849648	Doki Doki2-12	花火大会	花[はな] 火[び] 大[たい] 会[かい]	はなびたいかい	hanabitaikai	pokaz sztucznych ogni	浴衣を着て花火大会に行きました。	Poszedłem na pokaz sztucznych ogni ubrany w yukatę.			rzeczownik, letnia tradycja w Japonii.	 浴衣[ゆかた]を 着[き]て 花火大会[はなびたいかい]に 行[い]きました。		[sound:hypertts-69f6c31bbba4b77423cc7f22b11cb823c9daa424ab1589ea2ebbc0ef.mp3]	[sound:hypertts-b77f43a684084fa2127e59f877e1a6e8c03839356c81fa29b5eaf97c.mp3]	[sound:花火大会_ハナビタイカイ_JapanesePod101.mp3] [sound:花火大会_ハナビタイカイ_JapanesePod101(1).mp3]	
1781610943095	1782849648	Doki Doki2-12	結婚式	結[けっ] 婚[こん] 式[しき]	けっこんしき	kekkonshiki	ślub, ceremonia ślubu	友達の結婚式に出席します。	Biorę udział w ślubie przyjaciela.			rzeczownik	 友達[ともだち]の 結婚式[けっこんしき]に 出席[しゅっせき]します。		[sound:hypertts-314e95a89418b22a3e6f2e6b0179668198c1006d64662d1b34b06dc3.mp3]	[sound:hypertts-2cba284618e820a9b4d7dc233eabc32e0c9f99834b1996160dda1ee1.mp3]	[sound:結婚式_ケッコ＼ンシキ_3_NHK-2016.mp3]	"""<span style=""""box-shadow: inset -2px -2px 0 0 #FF6633;"""">ケ</span><span style=""""box-shadow: inset -2px 2px 0 0px #FF6633;"""">ッコ</span><span style=""""box-shadow: inset 0px -2px 0 0px #FF6633;"""">ン<span style=""""color: royalblue;"""">シ</span>キ</span> <span class=""""pitch_number"""">3</span>"""
1781610943096	1782849648	Doki Doki2-12	お葬式	お 葬[そう] 式[しき]	おそうしき	osōshiki	pogrzeb	昨日、お葬式がありました。	Wczoraj odbył się pogrzeb.			rzeczownik	 昨日[きのう]、お 葬式[そうしき]がありました。		[sound:hypertts-d8b41603ef6ad7169a9c3074cabef680f2377da81283c1c545ba541c.mp3]	[sound:hypertts-1bbd7d6d0aad5ad359e42a0607c2fd10b64d2744eb68107c5ed63204.mp3]	[sound:おそうしき_オソウシキ○_0_Daijisen.mp3]	"""<span style=""""box-shadow: inset -2px -2px 0 0 #FF6633;"""">オ</span><span style=""""box-shadow: inset 0px 2px 0 0px #FF6633;"""">ソウシキ</span> <span class=""""pitch_number"""">0</span>"""
1781610943097	1782849648	Doki Doki2-12	お月見	お 月[つき] 見[み]	おつきみ	otsukimi	oglądanie księżyca	秋にお月見をします。	Jesienią oglądamy księżyc.			rzeczownik, tradycja podziwiania jesiennego księżyca.	 秋[あき]にお 月見[つきみ]をします。		[sound:hypertts-866acc13a2a66f5d514251587c401838bb26f8683ef23ccc9f1fbf4f.mp3]	[sound:hypertts-e6918037cb8bef9ea415c8d52b42a6200cbada343c53c64cd33be09a.mp3]		
1781610943098	1781611621	Doki Doki2-12	お盆	お 盆[ぼん]	おぼん	obon	święto zmarłych	お盆に家族が集まります。	Podczas Obon zbiera się rodzina.			rzeczownik, japońskie letnie święto zmarłych.	お 盆[ぼん]に 家族[かぞく]が 集[あつ]まります。		[sound:hypertts-3b4ab6bd61db4e7d7aef921a3e4366c4b6a33649c878170b9f1e6563.mp3]	[sound:hypertts-172085bf33f6d464fadb0144f152724edb53b2f9eb9ce0cfbc553769.mp3]	[sound:お盆_オボン━_0_NHK-2016.mp3] [sound:お盆_オボ＼ン_2_NHK-2016.mp3]	"""<span style=""""box-shadow: inset -2px -2px 0 0 #FF6633;"""">オ</span><span style=""""box-shadow: inset -2px 2px 0 0px #FF6633;"""">ボ</span><span style=""""box-shadow: inset 0px -2px 0 0px #FF6633;"""">ン</span> <span class=""""pitch_number"""">2</span>"""
1781610943099	1782849648	Doki Doki2-12	成人式	成[せい] 人[じん] 式[しき]	せいじんしき	seijinshiki	ceremonia wejścia w dorosłość	一月に成人式が行われます。	W styczniu odbywa się ceremonia wejścia w dorosłość.			rzeczownik, święto osób kończących 20 (lub obecnie 18) lat.	 一月[いちがつ]に 成人式[せいじんしき]が 行[おこな]われます。		[sound:hypertts-8c2cc2cf0c4842c3e9702ab3889e18b1bf745d4786870c10d2c87f25.mp3]	[sound:hypertts-bbe2a4f02f8fb93dd565accf73ad641c14d008980367979775ff377e.mp3]	[sound:成人式_セージ＼ンシキ_3_NHK-2016.mp3]	"""<span style=""""box-shadow: inset -2px -2px 0 0 #FF6633;"""">セ</span><span style=""""box-shadow: inset -2px 2px 0 0px #FF6633;"""">イジ</span><span style=""""box-shadow: inset 0px -2px 0 0px #FF6633;"""">ン<span style=""""color: royalblue;"""">シ</span>キ</span> <span class=""""pitch_number"""">3</span>"""
1781610943100	1781611621	Doki Doki2-12	子どもの日	 子[こ]どもの 日[ひ]	こどものひ	kodomo no hi	Dzień Dziecka	五月五日は子どもの日です。	Piąty maja to Dzień Dziecka.			rzeczownik, narodowe święto w Japonii.	 五月[ごがつ] 五日[いつか]は 子[こ]どもの 日[ひ]です。		[sound:hypertts-b1965cc7f0b12aab75e28afcd2ea8f8243bcfde38bcbc5960021825f.mp3]	[sound:hypertts-18d5e5e144aaae44cc430b0653a85e31df70bad3a85205d643eebfd9.mp3]	[sound:こどものひ_コドモノヒ_0-1_Shinmeikai-8.mp3] [sound:こどものひ_コドモノヒ＼_5_Shinmeikai-8.mp3]	"""<span style=""""box-shadow: inset -2px -2px 0 0 #FF6633;"""">コ</span><span style=""""box-shadow: inset -2px 2px 0 0px #FF6633;"""">ドモノヒ</span> <span class=""""pitch_number"""">5</span>"""
1781610943101	1782849648	Doki Doki2-12	七五三	七[しち] 五[ご] 三[さん]	しちごさん	shichigosan	święto dzieci (7, 5, 3 lata)	神社で七五三のお祝いをします。	Świętujemy Shichi-Go-San w chramie.			rzeczownik, tradycyjne święto w listopadzie dla dziewczynek (3 i 7 lat) oraz chłopców (3 i 5 lat).	 神社[じんじゃ]で 七五三[しちごさん]のお 祝[いわ]いをします。		[sound:hypertts-dd664e270d3ef8d400c476048742f01eddbfafe889e6bdecd33b8ae5.mp3]	[sound:hypertts-cc1463358e8621d0c807b8a14c65d7a609ed7957f6696742000e7ef5.mp3]	[sound:七五三_シチコ゚サン━_0_NHK-2016.mp3] [sound:七五三_シチコ゚＼サン_3_NHK-2016.mp3]	
1781610943102	1781611621	Doki Doki2-12	ひな祭り	ひな 祭[まつ]り	ひなまつり	hinamatsuri	Święto Dziewczynek (Lalek)	三月三日はひな祭りです。	Trzeci marca to Święto Dziewczynek.			rzeczownik	 三月[さんがつ] 三日[みっか]はひな 祭[まつ]りです。		[sound:hypertts-9eed97680761791e448205161707a94797ab4f3585c01017c6a5dce9.mp3]	[sound:hypertts-323feb38cac86437d992fd8e37865c2ec8ed98543f60ee51b12208bf.mp3]	[sound:ひな祭り_ヒナマ＼ツリ_3_NHK-2016.mp3]	"""<span style=""""box-shadow: inset -2px -2px 0 0 #FF6633;"""">ヒ</span><span style=""""box-shadow: inset -2px 2px 0 0px #FF6633;"""">ナマ</span><span style=""""box-shadow: inset 0px -2px 0 0px #FF6633;"""">ツリ</span> <span class=""""pitch_number"""">3</span>"""
1781610943104	1782849648	Doki Doki2-12	お墓参り	お 墓[はか] 参[まい]り	おはかまいり	ohakamairi	odwiedzanie grobów	お盆にお墓参りに行きます。	Podczas Obon idziemy odwiedzić groby.			rzeczownik	お 盆[ぼん]にお 墓参[はかまい]りに 行[い]きます。		[sound:hypertts-4a133547a827d22470ede549f68458004574ed0db10451875da4386f.mp3]	[sound:hypertts-869e14935d59e87487eb674a302c98eb54c3b5a226063b7dc5ffef70.mp3]		"""<span style=""""box-shadow: inset -2px -2px 0 0 #FF6633;"""">オ</span><span style=""""box-shadow: inset -2px 2px 0 0px #FF6633;"""">ハカ</span><span style=""""box-shadow: inset 0px -2px 0 0px #FF6633;"""">マイリ</span> <span class=""""pitch_number"""">3</span>"""
1781610943105	1781611621	Doki Doki2-12	個	 個[こ]	こ	ko	klasyfikator małych rzeczy	りんごを何個買いましたか。	Ile jabłek kupiłeś?			klasyfikator	りんごを 何個[なんこ] 買[か]いましたか。		[sound:hypertts-0bd5257332553cf8f07ffcfa54c9bd8e85841cf8239bfdfaa99685d0.mp3]	[sound:hypertts-9a66f7c54b84d12aa63eeb0a3572e7551f9c605e428b90ce1b91332c.mp3]	[sound:個_コ＼_1_NHK-2016.mp3]	"""<span style=""""box-shadow: inset -2px 2px 0 0px #FF6633;"""">コ</span> <span class=""""pitch_number"""">1</span>"""
1781610943106	1782849648	Doki Doki2-12	一個	一[いっ] 個[こ]	いっこ	ikko	jedna mała rzecz	みかんを一個食べました。	Zjadłem jedną mandarynkę.			klasyfikator	みかんを 一個[いっこ] 食[た]べました。		[sound:hypertts-7d1c2e0c6a4fcb938d7f2a454f58956ffe8770651ce6f7a0f1aa5d4a.mp3]	[sound:hypertts-85482d55d26a07dc1c89bc2a91e917ac6d2437e74ba321b2b0720362.mp3]	[sound:一個_イ＼ッコ_1_NHK-2016.mp3]	"""<span style=""""box-shadow: inset -2px 2px 0 0px #FF6633;"""">イ</span><span style=""""box-shadow: inset 0px -2px 0 0px #FF6633;"""">ッコ</span> <span class=""""pitch_number"""">1</span>"""
1781610943107	1782849648	Doki Doki2-12	二個	二[に] 個[こ]	にこ	niko	dwie małe rzeczy	卵を二個買いました。	Kupiłem dwa jajka.			klasyfikator	 卵[たまご]を 二個[にこ] 買[か]いました。		[sound:hypertts-d9ef01db33cb167d89cb6490cee1cfd233ad2cdcfe888dc3c7ea01d4.mp3]	[sound:hypertts-868fcc82855f28df3ef9aa29173fce8a7188068b145a50cc9beda81b.mp3]	[sound:二個_ニ＼コ_1_NHK-2016.mp3]	"""<span style=""""box-shadow: inset -2px 2px 0 0px #FF6633;"""">ニ</span><span style=""""box-shadow: inset 0px -2px 0 0px #FF6633;"""">コ</span> <span class=""""pitch_number"""">1</span>"""
1781610943108	1782849648	Doki Doki2-12	三個	三[さん] 個[こ]	さんこ	sanko	trzy małe rzeczy	消しゴムを三個持っています。	Mam trzy gumki do ścierania.			klasyfikator	 消[け]しゴムを 三個[さんこ] 持[も]っています。		[sound:hypertts-7add5ea9cbd0b3b9502516f519837a4e16edc3622ad76310ecd75314.mp3]	[sound:hypertts-06c0e1b8ec61187e099defc6f4c12d656a840e28ab8d40cab5dff9ae.mp3]	[sound:三個_サ＼ンコ_1_NHK-2016.mp3]	"""<span style=""""box-shadow: inset -2px 2px 0 0px #FF6633;"""">サ</span><span style=""""box-shadow: inset 0px -2px 0 0px #FF6633;"""">ンコ</span> <span class=""""pitch_number"""">1</span>"""
1781610943109	1782849648	Doki Doki2-12	四個	四[よん] 個[こ]	よんこ	yonko	cztery małe rzeczy	箱が四個あります。	Są cztery pudełka.			klasyfikator	 箱[はこ]が 四個[よんこ]あります。		[sound:hypertts-4e6db3c24ce681fd8caaebb0173ef5273b3ecad2f4cad5515fa75421.mp3]	[sound:hypertts-e68fdf538104ad78bce7d541627da7a2668957a63304ff18b6632883.mp3]	[sound:四個_ヨ＼ンコ_1_NHK-2016.mp3]	
1781610943110	1782849648	Doki Doki2-12	五個	五[ご] 個[こ]	ごこ	goko	pięć małych rzeczy	飴を五個もらいました。	Dostałem pięć cukierków.			klasyfikator	 飴[あめ]を 五個[ごこ]もらいました。		[sound:hypertts-6bf571ee2f4efeb2ad4103fb19b9828838b2a005067c0da7ef3815f8.mp3]	[sound:hypertts-b08867013fff4eae6408bf34c0a9715241ea0ed776349ec5bbdd5086.mp3]	[sound:五個_ゴ＼コ_1_NHK-2016.mp3]	"""<span style=""""box-shadow: inset -2px 2px 0 0px #FF6633;"""">ゴ</span><span style=""""box-shadow: inset 0px -2px 0 0px #FF6633;"""">コ</span> <span class=""""pitch_number"""">1</span>"""
1781610943111	1782849648	Doki Doki2-12	六個	六[ろっ] 個[こ]	ろっこ	rokko	sześć małych rzeczy	りんごが六個あります。	Jest sześć jabłek.			klasyfikator	りんごが 六個[ろっこ]あります。		[sound:hypertts-de972215c254c37d07d46996396e6e8f54434d590412ac241b9c38ec.mp3]	[sound:hypertts-e493354bd4460b62c192fcddec486ffc36af4d9b07ce143ed80d5d53.mp3]	[sound:六個_ロ＼ッコ_1_NHK-2016.mp3]	
1781610943112	1782849648	Doki Doki2-12	七個	七[なな] 個[こ]	ななこ	nanako	siedem małych rzeczy	みかんを七個買いました。	Kupiłem siedem mandarynek.			klasyfikator	みかんを 七個[ななこ] 買[か]いました。		[sound:hypertts-88ee6bd77153f07b32e5121022d7a36beb7d10be6d93a3d67148d313.mp3]	[sound:hypertts-d69d6d81a2ca8d40855e2e57b6ab49e34d0e40ef7e6f83e881c4d65e.mp3]	[sound:七個_ナナ＼コ_2_NHK-2016.mp3]	"""<span style=""""box-shadow: inset -2px 2px 0 0px #FF6633;"""">ナ</span><span style=""""box-shadow: inset 0px -2px 0 0px #FF6633;"""">ナコ</span> <span class=""""pitch_number"""">1</span>, <span style=""""box-shadow: inset -2px -2px 0 0 #FF6633;"""">ナ</span><span style=""""box-shadow: inset -2px 2px 0 0px #FF6633;"""">ナ</span><span style=""""box-shadow: inset 0px -2px 0 0px #FF6633;"""">コ</span> <span class=""""pitch_number"""">2</span>"""
1781610943113	1782849648	Doki Doki2-12	八個	八[はっ] 個[こ]	はっこ	hakko	osiem małych rzeczy	グラスが八個あります。	Jest osiem szklanek.			klasyfikator	グラスが 八個[はっこ]あります。		[sound:hypertts-8bda67f4c53f80619ef0e48df18a281a1a846b4ccc0505ba26d9a3c7.mp3]	[sound:hypertts-43cd76f9581e347f8396bbc6a5414a9007346dd5509a2a7f766d8993.mp3]	[sound:八個_ハ＼ッコ_1_NHK-2016.mp3]	"""<span style=""""box-shadow: inset -2px 2px 0 0px #FF6633;"""">ハ</span><span style=""""box-shadow: inset 0px -2px 0 0px #FF6633;"""">ッコ</span> <span class=""""pitch_number"""">1</span>"""
1781610943114	1782849648	Doki Doki2-12	九個	九[きゅう] 個[こ]	きゅうこ	kyūko	dziewięć małych rzeczy	ケーキを九個作りました。	Zrobiłem dziewięć ciastek.			klasyfikator	ケーキを 九個[きゅうこ] 作[つく]りました。		[sound:hypertts-c9f663b52546b149b7a48d0188fa100c80478e10e4df56b3135e8d04.mp3]	[sound:hypertts-bee316f7658b07bde3d4d688af0e39524ae2194c30c447dfaa059515.mp3]	[sound:九個_キュ＼ーコ_1_NHK-2016.mp3]	"""<span style=""""box-shadow: inset -2px 2px 0 0px #FF6633;"""">キュ</span><span style=""""box-shadow: inset 0px -2px 0 0px #FF6633;"""">ウコ</span> <span class=""""pitch_number"""">1</span>"""
1781610943115	1782849648	Doki Doki2-12	十個	十[じゅっ] 個[こ]	じゅっこ	jukko	dziesięć małych rzeczy	クッキーを十個食べました。	Zjadłem dziesięć ciasteczek.			klasyfikator	クッキーを 十個[じゅっこ] 食[た]べました。		[sound:hypertts-db5889f141ed2f1a2ff4814f165d610ce5314ac9e5139fa10b04e49b.mp3]	[sound:hypertts-c4b7e8958598dcc90af7dadff20f3cf800added11521d6d06af0ad62.mp3]	[sound:十個_ジュ＼ッコ_1_NHK-2016.mp3]	
1781610943116	1782849648	Doki Doki2-12	何個	何[なん] 個[こ]	なんこ	nanko	ile (małych rzeczy)	鞄の中に何個ありますか。	Ile sztuk jest w torbie?			zaimek pytający do klasyfikatora	 鞄[かばん]の 中[なか]に 何個[なんこ]ありますか。		[sound:hypertts-60d9526d92426e6d6e17de750c03d8b7c72b209d941d18740f6e71c3.mp3]	[sound:hypertts-182b4b38025d38e8ed5cd1b8c5a86ba0ff395ad0ceb2b817cb30f508.mp3]	[sound:何個_ナ＼ンコ_1_NHK-2016.mp3]	"""<span style=""""box-shadow: inset -2px 2px 0 0px #FF6633;"""">ナ</span><span style=""""box-shadow: inset 0px -2px 0 0px #FF6633;"""">ンコ</span> <span class=""""pitch_number"""">1</span>"""
1781610943117	1781611621	Doki Doki2-12	冊	 冊[さつ]	さつ	satsu	klasyfikator publikacji	本を何冊買いましたか。	Ile książek kupiłeś?			klasyfikator (książki, zeszyty)	 本[ほん]を 何冊[なんさつ] 買[か]いましたか。		[sound:hypertts-663a4049500b57521c33e4b8e53ec3a2a42e769b1f3b471731d3285d.mp3]	[sound:hypertts-5a9e80f37dc96fcd4750db126b9b3d601965236d09cd6743754b46e1.mp3]	[sound:冊_サツ_TAAS.mp3] [sound:冊_サツ_TAAS(1).mp3]	"""<span style=""""box-shadow: inset -2px -2px 0 0 #FF6633;"""">サ</span><span style=""""box-shadow: inset 0px 2px 0 0px #FF6633;"""">ツ</span> <span class=""""pitch_number"""">0</span>"""
1781610943118	1782849648	Doki Doki2-12	一冊	一[いっ] 冊[さつ]	いっさつ	issatsu	jedna książka	本を一冊読みました。	Przeczytałem jedną książkę.			klasyfikator	 本[ほん]を 一冊[いっさつ] 読[よ]みました。		[sound:hypertts-76ace4345b94e42a9187b94bd87061a6feb69afbd2008a2143dd1e6a.mp3]	[sound:hypertts-8ec2df36d6734278fcaa293a09e28bdbf22fda0a817f635d181ef363.mp3]	[sound:一冊_イッサツ━_0_NHK-2016.mp3] [sound:一冊_イッサツ＼_4_NHK-2016.mp3] [sound:一冊_イッサツ＼_4_NHK-2016(1).mp3]	"""<span style=""""box-shadow: inset -2px -2px 0 0 #FF6633;"""">イ</span><span style=""""box-shadow: inset 0px 2px 0 0px #FF6633;"""">ッサツ</span> <span class=""""pitch_number"""">0</span>, <span style=""""box-shadow: inset -2px -2px 0 0 #FF6633;"""">イ</span><span style=""""box-shadow: inset -2px 2px 0 0px #FF6633;"""">ッサツ</span> <span class=""""pitch_number"""">4</span>"""
1781610943119	1782849648	Doki Doki2-12	二冊	二[に] 冊[さつ]	にさつ	nisatsu	dwie książki	ノートを二冊買いました。	Kupiłem dwa zeszyty.			klasyfikator	ノートを 二冊[にさつ] 買[か]いました。		[sound:hypertts-295ef18bd95e76aceea91d3098b5f944f6c1fad7a5c0deb3615e5b68.mp3]	[sound:hypertts-0c7005f7d8ea82c1f7a0b2a27d357deead867ff57dae45510a16df4c.mp3]	[sound:二冊_ニ＼サツ_1_NHK-2016.mp3]	
1781610943120	1782849648	Doki Doki2-12	三冊	三[さん] 冊[さつ]	さんさつ	sansatsu	trzy książki	辞書が三冊あります。	Są trzy słowniki.			klasyfikator	 辞書[じしょ]が 三冊[さんさつ]あります。		[sound:hypertts-b361abbae9da86701ea62e06d89c82005df1e7cc629d75c480eebbd8.mp3]	[sound:hypertts-0183a738af92e48235a2408549d011a1e75cdac0be24bf2ff13023c8.mp3]	[sound:三冊_サ＼ンサツ_1_NHK-2016.mp3]	
1781610943121	1782849648	Doki Doki2-12	四冊	四[よん] 冊[さつ]	よんさつ	yonsatsu	cztery książki	雑誌を四冊買いました。	Kupiłem cztery czasopisma.			klasyfikator	 雑誌[ざっし]を 四冊[よんさつ] 買[か]いました。		[sound:hypertts-9b9d8d0d9fc7b1b5130a09816260986a3b3bca1173726a99d8a0c297.mp3]	[sound:hypertts-1caa40d0733a05110f71e7d43c7005306f533520ad2122b40a74460d.mp3]	[sound:四冊_ヨ＼ンサツ_1_NHK-2016.mp3]	
1781610943122	1782849648	Doki Doki2-12	五冊	五[ご] 冊[さつ]	ごさつ	gosatsu	pięć książek	漫画を五冊持っています。	Mam pięć tomów mangi.			klasyfikator	 漫画[まんが]を 五冊[ごさつ] 持[も]っています。		[sound:hypertts-51d003de040f910ea06eec23a49bb7f84f762a764ebaa5080fb06c9c.mp3]	[sound:hypertts-2b92a71e9ddb1ba36d3796e9fbd1eff45f4a4f733b815d3c348ef4ab.mp3]	[sound:五冊_ゴ＼サツ_1_NHK-2016.mp3]	"""<span style=""""box-shadow: inset -2px -2px 0 0 #FF6633;"""">ゴ</span><span style=""""box-shadow: inset 0px 2px 0 0px #FF6633;"""">サツ</span> <span class=""""pitch_number"""">0</span>"""
1781610943123	1782849648	Doki Doki2-12	六冊	六[ろく] 冊[さつ]	ろくさつ	rokusatsu	sześć książek	本が六冊あります。	Jest sześć książek.			klasyfikator	 本[ほん]が 六冊[ろくさつ]あります。		[sound:hypertts-8e4260560ee9850eb5a7cf60938c008d2025c98df8f01951a1324986.mp3]	[sound:hypertts-362fa42203bbdbf75496bd9bd843b6e6f85d44afe333b7a65e8d6cb4.mp3]	[sound:六冊_ロク＼サツ_2_NHK-2016.mp3] [sound:六冊_ロクサツ＼_4_NHK-2016.mp3]	
1781610943124	1782849648	Doki Doki2-12	七冊	七[なな] 冊[さつ]	ななさつ	nanasatsu	siedem książek	ノートを七冊買いました。	Kupiłem siedem zeszytów.			klasyfikator	ノートを 七冊[ななさつ] 買[か]いました。		[sound:hypertts-7b5b09a44718abfb27174cc09c3a85480c991abc003e4a0adb555c77.mp3]	[sound:hypertts-1bf920d069ef14feb2b2b0b05cd2f83de0f049cbbd1daf65fff9c211.mp3]	[sound:七冊_ナナ＼サツ_2_NHK-2016.mp3]	
1781610943125	1782849648	Doki Doki2-12	八冊	八[はっ] 冊[さつ]	はっさつ	hassatsu	osiem książek	雑誌が八冊あります。	Jest osiem czasopism.			klasyfikator	 雑誌[ざっし]が 八冊[はっさつ]あります。		[sound:hypertts-ae7dc1ed426951632919f39ab61807858abbcbd816af5b31bf0f3870.mp3]	[sound:hypertts-28ca883ec080a0365abce57d1d39542b5d4f457c9e5e9747c4550409.mp3]	[sound:八冊_ハ＼ッサツ_1_NHK-2016.mp3] [sound:八冊_ハッサツ＼_4_NHK-2016.mp3]	
1781610943126	1782849648	Doki Doki2-12	九冊	九[きゅう] 冊[さつ]	きゅうさつ	kyūsatsu	dziewięć książek	漫画を九冊読みました。	Przeczytałem dziewięć tomów mangi.			klasyfikator	 漫画[まんが]を 九冊[きゅうさつ] 読[よ]みました。		[sound:hypertts-d9f879f9adf4840858bfb1dbe68fafc2214bac02670adfc2cebfea80.mp3]	[sound:hypertts-802fc1827c2dfb80df26bf9505c202c57c3248333b830f7cabe8af38.mp3]	[sound:九冊_キュ＼ーサツ_1_NHK-2016.mp3]	
1781610943127	1782849648	Doki Doki2-12	十冊	十[じゅっ] 冊[さつ]	じゅっさつ	jussatsu	dziesięć książek	本を十冊買いました。	Kupiłem dziesięć książek.			klasyfikator	 本[ほん]を 十冊[じゅっさつ] 買[か]いました。		[sound:hypertts-c28e67045bac1ad3ca4eb0326590eaba09443ef34af37ad10ba3eb14.mp3]	[sound:hypertts-3287fbfc8672756332ccca53a4e88ac8c1a3a94fc1ac631d68164b22.mp3]	[sound:十冊_ジュッサツ＼_4_NHK-2016.mp3]	
1781610943128	1782849648	Doki Doki2-12	何冊	何[なん] 冊[さつ]	なんさつ	nansatsu	ile książek	家に本が何冊ありますか。	Ile masz książek w domu?			zaimek pytający do klasyfikatora	 家[いえ]に 本[ほん]が 何冊[なんさつ]ありますか。		[sound:hypertts-182f4d4adae1f8c9cc47b0872358494f11bb6f21e66df0e9805903fb.mp3]	[sound:hypertts-fcb5a0aae00f6ea048ac1c472ca3b326935d08a082e25a37a338322b.mp3]	[sound:何冊_ナ＼ンサツ_1_NHK-2016.mp3]	
1781610943129	1781611621	Doki Doki2-12	台	 台[だい]	だい	dai	klasyfikator maszyn	車を何台持っていますか。	Ile masz samochodów?			klasyfikator (pojazdy, elektronika)	 車[くるま]を 何台[なんだい] 持[も]っていますか。		[sound:hypertts-1e0e2e6e4fb140599fc185ea4d802c20f7b2455fc5e7a9f768be5e84.mp3]	[sound:hypertts-841c9f44afb59857fa6bcf946b23aa58332882d55b0400f187106487.mp3]	[sound:台_ダ＼イ_1_NHK-2016.mp3]	"""<span style=""""box-shadow: inset -2px 2px 0 0px #FF6633;"""">ダ</span><span style=""""box-shadow: inset 0px -2px 0 0px #FF6633;"""">イ</span> <span class=""""pitch_number"""">1</span>"""
1781610943130	1782849648	Doki Doki2-12	一台	一[いち] 台[だい]	いちだい	ichidai	jedna maszyna	テレビが一台あります。	Jest jeden telewizor.			klasyfikator	テレビが 一台[いちだい]あります。		[sound:hypertts-1c442ddd1192dfad847e5557dca5b12d58ebd92eac10113311d6f386.mp3]	[sound:hypertts-3f98bfa848fd9ecc8bdc1e46b5adf4422f99dfd736a66df950046b23.mp3]	[sound:一台_イチ＼ダイ_2_NHK-2016.mp3]	"""<span style=""""box-shadow: inset -2px -2px 0 0 #FF6633;"""">イ</span><span style=""""box-shadow: inset -2px 2px 0 0px #FF6633;"""">チ</span><span style=""""box-shadow: inset 0px -2px 0 0px #FF6633;"""">ダイ</span> <span class=""""pitch_number"""">2</span>"""
1781610943131	1782849648	Doki Doki2-12	二台	二[に] 台[だい]	にだい	nidai	dwie maszyny	自転車を二台買いました。	Kupiłem dwa rowery.			klasyfikator	 自転車[じてんしゃ]を 二台[にだい] 買[か]いました。		[sound:hypertts-764854e7931beab33fe19b26367fe2edfaad6ae6a7cd3a7c47e1def1.mp3]	[sound:hypertts-b49810f34d735da4863eecde0a46cb05e17e2180025d8a1f22fb0de1.mp3]	[sound:二台_ニ＼ダイ_1_NHK-1998.mp3]	"""<span style=""""box-shadow: inset -2px 2px 0 0px #FF6633;"""">ニ</span><span style=""""box-shadow: inset 0px -2px 0 0px #FF6633;"""">ダイ</span> <span class=""""pitch_number"""">1</span>"""
1781610943132	1782849648	Doki Doki2-12	三台	三[さん] 台[だい]	さんだい	sandai	trzy maszyny	車が三台あります。	Są trzy samochody.			klasyfikator	 車[くるま]が 三台[さんだい]あります。		[sound:hypertts-6e3e22c38ebb2d835980cf13e2cb5edc5df5b58c4bc4122625ecae8f.mp3]	[sound:hypertts-c8fa019ab168a42a0df2d2d4ff7b96aff0208fce74b35b92a124de9f.mp3]	[sound:さんだい_サンダイ━_0_NHK-2016.mp3] [sound:さんだい_サ＼ンダイ_1_NHK-2016.mp3] [sound:サンダイ_サ＼ンダイ_1_NHK-2016.mp3]	"""<span style=""""box-shadow: inset -2px -2px 0 0 #FF6633;"""">サ</span><span style=""""box-shadow: inset 0px 2px 0 0px #FF6633;"""">ンダイ</span> <span class=""""pitch_number"""">0</span>, <span style=""""box-shadow: inset -2px 2px 0 0px #FF6633;"""">サ</span><span style=""""box-shadow: inset 0px -2px 0 0px #FF6633;"""">ンダイ</span> <span class=""""pitch_number"""">1</span>"""
1781610943133	1782849648	Doki Doki2-12	四台	四[よん] 台[だい]	よんだい	yondai	cztery maszyny	パソコンが四台あります。	Są cztery komputery.			klasyfikator	パソコンが 四台[よんだい]あります。		[sound:hypertts-6aaeac39ceb4f2a7640ecddf0cc9727346f1ab79590e18da4e8ebeef.mp3]	[sound:hypertts-bccb3375ec017eff77bfdd6ba24193b169941086dd756f7b576bb53a.mp3]	[sound:ヨンダイ_ヨ＼ンダイ_1_NHK-2016.mp3]	"""<span style=""""box-shadow: inset -2px -2px 0 0 #FF6633;"""">ヨ</span><span style=""""box-shadow: inset 0px 2px 0 0px #FF6633;"""">ンダイ</span> <span class=""""pitch_number"""">0</span>"""
1781610943134	1782849648	Doki Doki2-12	五台	五[ご] 台[だい]	ごだい	godai	pięć maszyn	カメラを五台持っています。	Mam pięć aparatów.			klasyfikator	カメラを 五台[ごだい] 持[も]っています。		[sound:hypertts-2751c53ca19f83936bfdefb2641f48d053c4e63cd28b64bd803e9940.mp3]	[sound:hypertts-ceeae0261382cee77efcb9de7330e83b98ffa4788a2a835edcab6a92.mp3]	[sound:五台_ゴダイ_TAAS.mp3] [sound:五台_ゴダイ_TAAS(1).mp3]	"""<span style=""""box-shadow: inset -2px -2px 0 0 #FF6633;"""">ゴ</span><span style=""""box-shadow: inset 0px 2px 0 0px #FF6633;"""">ダイ</span> <span class=""""pitch_number"""">0</span>, <span style=""""box-shadow: inset -2px 2px 0 0px #FF6633;"""">ゴ</span><span style=""""box-shadow: inset 0px -2px 0 0px #FF6633;"""">ダイ</span> <span class=""""pitch_number"""">1</span>"""
1781610943135	1782849648	Doki Doki2-12	六台	六[ろく] 台[だい]	ろくだい	rokudai	sześć maszyn	バイクが六台あります。	Jest sześć motocykli.			klasyfikator	バイクが 六台[ろくだい]あります。		[sound:hypertts-c1ce72cdc4785f633b7200fbc041362b8211b6c0e686a8386c79b5e6.mp3]	[sound:hypertts-5d7b383a85f4af549f0ec37fe7bc560793f1852c78d17f587a4242d7.mp3]	[sound:ロクダイ_ロク＼ダイ_2_NHK-2016.mp3]	"""<span style=""""box-shadow: inset -2px -2px 0 0 #FF6633;"""">ロ</span><span style=""""box-shadow: inset 0px 2px 0 0px #FF6633;"""">クダイ</span> <span class=""""pitch_number"""">0</span>, <span style=""""box-shadow: inset -2px -2px 0 0 #FF6633;"""">ロ</span><span style=""""box-shadow: inset -2px 2px 0 0px #FF6633;"""">ク</span><span style=""""box-shadow: inset 0px -2px 0 0px #FF6633;"""">ダイ</span> <span class=""""pitch_number"""">2</span>"""
1781610943136	1782849648	Doki Doki2-12	七台	七[なな] 台[だい]	ななだい	nanadai	siedem maszyn	バスが七台来ました。	Przyjechało siedem autobusów.			klasyfikator	バスが 七台[ななだい] 来[き]ました。		[sound:hypertts-27d25d91520aa02b40896ee750db2bf6a0ed662ed26d323433299919.mp3]	[sound:hypertts-41174af4234edf3a7b5692fe6c4fba46bc12be870085c5bfb29b668a.mp3]	[sound:ナナダイ_ナナ＼ダイ_2_NHK-2016.mp3]	
1781610943137	1782849648	Doki Doki2-12	八台	八[はち] 台[だい]	はちだい	hachidai	osiem maszyn	トラックが八台あります。	Jest osiem ciężarówek.			klasyfikator	トラックが 八台[はちだい]あります。		[sound:hypertts-eaad15f2c2d852223b96b1f1d2f1b231b886199f1a4bde7916284f45.mp3]	[sound:hypertts-00e1f81b4bb7b162895d3661f7f5cbad18a78fca1fa7917a8eeec544.mp3]	[sound:ハチダイ_ハチ＼ダイ_2_NHK-2016.mp3]	"""<span style=""""box-shadow: inset -2px -2px 0 0 #FF6633;"""">ハ</span><span style=""""box-shadow: inset -2px 2px 0 0px #FF6633;"""">チ</span><span style=""""box-shadow: inset 0px -2px 0 0px #FF6633;"""">ダイ</span> <span class=""""pitch_number"""">2</span>"""
1781610943138	1782849648	Doki Doki2-12	九台	九[きゅう] 台[だい]	きゅうだい	kyūdai	dziewięć maszyn	スマートフォンを九台見ました。	Widziałem dziewięć smartfonów.			klasyfikator	スマートフォンを 九台[きゅうだい] 見[み]ました。		[sound:hypertts-4585c5372d5784c4611b77834f0e976b753d47f14f6c24932fb4dd62.mp3]	[sound:hypertts-412cd144c89c01a4e8eb4347cc9a054db1bf839350c891776177d3bb.mp3]	[sound:きゅうだい_キューダイ━_0_NHK-2016.mp3]	"""<span style=""""box-shadow: inset -2px -2px 0 0 #FF6633;"""">キュ</span><span style=""""box-shadow: inset 0px 2px 0 0px #FF6633;"""">ウダイ</span> <span class=""""pitch_number"""">0</span>, <span style=""""box-shadow: inset -2px -2px 0 0 #FF6633;"""">キュ</span><span style=""""box-shadow: inset 0px 2px 0 0px #FF6633;"""">ーダイ</span> <span class=""""pitch_number"""">0</span>"""
1781610943139	1782849648	Doki Doki2-12	十台	十[じゅう] 台[だい]	じゅうだい	jūdai	dziesięć maszyn	車を十台売りました。	Sprzedałem dziesięć samochodów.			klasyfikator	 車[くるま]を 十台[じゅうだい] 売[う]りました。		[sound:hypertts-ff7d2f79638c9a57ee980e9cf7b38af71d7c15991485fee4e4e0e46a.mp3]	[sound:hypertts-c50546dd1ce13f34380233c47e89e020523d8d8d3d62d749d32b30d2.mp3]	[sound:十台_ジュウダイ_TAAS.mp3] [sound:十台_ジュウダイ_TAAS(1).mp3]	"""<span style=""""box-shadow: inset -2px -2px 0 0 #FF6633;"""">ジュ</span><span style=""""box-shadow: inset 0px 2px 0 0px #FF6633;"""">ーダイ</span> <span class=""""pitch_number"""">0</span>, <span style=""""box-shadow: inset -2px 2px 0 0px #FF6633;"""">ジュ</span><span style=""""box-shadow: inset 0px -2px 0 0px #FF6633;"""">ーダイ</span> <span class=""""pitch_number"""">1</span>, <span style=""""box-shadow: inset -2px 2px 0 0px #FF6633;"""">ジュ</span><span style=""""box-shadow: inset 0px -2px 0 0px #FF6633;"""">ウダイ</span> <span class=""""pitch_number"""">1</span>"""
1781610943140	1782849648	Doki Doki2-12	何台	何[なん] 台[だい]	なんだい	nandai	ile maszyn	駐車場に車が何台ありますか。	Ile samochodów jest na parkingu?			zaimek pytający do klasyfikatora	 駐車場[ちゅうしゃじょう]に 車[くるま]が 何台[なんだい]ありますか。		[sound:hypertts-f34ac1a5cf97ec62b0023c1176a583582c5534b2e14bb0256182d973.mp3]	[sound:hypertts-58b5485756eb098913c1516269c34ac190f7777a3773826d8957808a.mp3]	[sound:なんだい_ナンダイ━_0_NHK-2016.mp3] [sound:ナンダイ_ナ＼ンダイ_1_NHK-2016.mp3]	"""<span style=""""box-shadow: inset -2px 2px 0 0px #FF6633;"""">ナ</span><span style=""""box-shadow: inset 0px -2px 0 0px #FF6633;"""">ンダイ</span> <span class=""""pitch_number"""">1</span>"""
1781610943141	1781611621	Doki Doki2-12	枚	 枚[まい]	まい	mai	klasyfikator płaskich rzeczy	紙を何枚使いますか。	Ile kartek papieru użyjesz?			klasyfikator (papier, ubrania, talerze)	 紙[かみ]を 何枚[なんまい] 使[つか]いますか。		[sound:hypertts-302efe0d47a0c047346e4f3ee80a89ed031f456e14b520df7c8fc91f.mp3]	[sound:hypertts-d7ce279aa4f56094c0c3e3df581537c76d9e44659f6d33629dba5359.mp3]	[sound:枚_マ↓イ_1_Daijisen.mp3]	"""<span style=""""box-shadow: inset -2px 2px 0 0px #FF6633;"""">マ</span><span style=""""box-shadow: inset 0px -2px 0 0px #FF6633;"""">イ</span> <span class=""""pitch_number"""">1</span>"""
1781610943142	1782849648	Doki Doki2-12	一枚	一[いち] 枚[まい]	いちまい	ichimai	jedna płaska rzecz	紙を一枚ください。	Poproszę jedną kartkę papieru.			klasyfikator	 紙[かみ]を 一枚[いちまい]ください。		[sound:hypertts-5c6e1704cf56a8a31fd4df776a34a0614d366bab5036b9576b621d03.mp3]	[sound:hypertts-26b0b0890c83b3317c1a37890c306ac76e589daab4322c73579784dc.mp3]	[sound:一枚_イチ＼マイ_2_NHK-2016.mp3] [sound:一枚_イチ＼マイ_2_NHK-2016(1).mp3]	"""<span style=""""box-shadow: inset -2px -2px 0 0 #FF6633;"""">イ</span><span style=""""box-shadow: inset -2px 2px 0 0px #FF6633;"""">チ</span><span style=""""box-shadow: inset 0px -2px 0 0px #FF6633;"""">マイ</span> <span class=""""pitch_number"""">2</span>"""
1781610943143	1782849648	Doki Doki2-12	二枚	二[に] 枚[まい]	にまい	nimai	dwie płaskie rzeczy	切手を二枚買いました。	Kupiłem dwa znaczki pocztowe.			klasyfikator	 切手[きって]を 二枚[にまい] 買[か]いました。		[sound:hypertts-1f24c8014f14e00601b01d9eba9beb667d6f955f3cf1f7436a150756.mp3]	[sound:hypertts-deb543496b17dbace03845a81c01455c8f67f0e146eb8000b8c361a8.mp3]	[sound:二枚_ニ＼マイ_1_NHK-2016.mp3]	"""<span style=""""box-shadow: inset -2px 2px 0 0px #FF6633;"""">ニ</span><span style=""""box-shadow: inset 0px -2px 0 0px #FF6633;"""">マイ</span> <span class=""""pitch_number"""">1</span>"""
1781610943144	1782849648	Doki Doki2-12	三枚	三[さん] 枚[まい]	さんまい	sanmai	trzy płaskie rzeczy	お皿が三枚あります。	Są trzy talerze.			klasyfikator	お 皿[さら]が 三枚[さんまい]あります。		[sound:hypertts-82948fb7b0f9e0e2b12e52414d601200e53c8174e1158f9e254f9fe1.mp3]	[sound:hypertts-b67adcecaafe3374592575979de97425b710db38b786f809e7d11766.mp3]	[sound:三枚_サンマイ━_0_NHK-2016.mp3] [sound:三枚_サ＼ンマイ_1_NHK-2016.mp3] [sound:三枚_サ＼ンマイ_1_NHK-2016(1).mp3]	"""<span style=""""box-shadow: inset -2px -2px 0 0 #FF6633;"""">サ</span><span style=""""box-shadow: inset 0px 2px 0 0px #FF6633;"""">ンマイ</span> <span class=""""pitch_number"""">0</span>, <span style=""""box-shadow: inset -2px 2px 0 0px #FF6633;"""">サ</span><span style=""""box-shadow: inset 0px -2px 0 0px #FF6633;"""">ンマイ</span> <span class=""""pitch_number"""">1</span>"""
1781610943145	1782849648	Doki Doki2-12	四枚	四[よん] 枚[まい]	よんまい	yonmai	cztery płaskie rzeczy	シャツを四枚持っています。	Mam cztery koszule.			klasyfikator	シャツを 四枚[よんまい] 持[も]っています。		[sound:hypertts-2aca19d1a5666459a9a466428839c1075879f98ed64e12135859d47a.mp3]	[sound:hypertts-8163c09830fb036763588fec5912aa0b6e123a0feb99be82efe3b340.mp3]	[sound:四枚_ヨ＼ンマイ_1_NHK-2016.mp3]	
1781610943146	1782849648	Doki Doki2-12	五枚	五[ご] 枚[まい]	ごまい	gomai	pięć płaskich rzeczy	写真を五枚撮りました。	Zrobiłem pięć zdjęć.			klasyfikator	 写真[しゃしん]を 五枚[ごまい] 撮[と]りました。		[sound:hypertts-f64f589b3ce3d758b72b14b84ccbdd77863223ea0438e4ca7dc029e9.mp3]	[sound:hypertts-c3c42bd0b57304809e681b60da641caf88f55d53bf57330b49d6466f.mp3]	[sound:五枚_ゴマイ━_0_NHK-2016.mp3]	
1781610943147	1782849648	Doki Doki2-12	六枚	六[ろく] 枚[まい]	ろくまい	rokumai	sześć płaskich rzeczy	チケットが六枚あります。	Jest sześć biletów.			klasyfikator	チケットが 六枚[ろくまい]あります。		[sound:hypertts-115e8be537ee83df13fe7a87394725b0e558920954e2faaba521fdd2.mp3]	[sound:hypertts-43744cab7417bddf4d49bdcda1cef6c9e19a1f3a30afb90c4f5df6ce.mp3]	[sound:六枚_ロク＼マイ_2_NHK-2016.mp3]	"""<span style=""""box-shadow: inset -2px -2px 0 0 #FF6633;"""">ロ</span><span style=""""box-shadow: inset 0px 2px 0 0px #FF6633;"""">クマイ</span> <span class=""""pitch_number"""">0</span>"""
1781610943148	1782849648	Doki Doki2-12	七枚	七[なな] 枚[まい]	ななまい	nanamai	siedem płaskich rzeczy	手紙を七枚書きました。	Napisałem siedem listów.			klasyfikator	 手紙[てがみ]を 七枚[ななまい] 書[か]きました。		[sound:hypertts-7b0f36fea1e288132cb2032bcf0d229048454256c1c626dddd86cc56.mp3]	[sound:hypertts-f745226f31da0dfa0eefa9d5c6cf69b2a4eac905b3868c88f0270678.mp3]	[sound:七枚_ナナ＼マイ_2_NHK-2016.mp3]	
1781610943149	1782849648	Doki Doki2-12	八枚	八[はち] 枚[まい]	はちまい	hachimai	osiem płaskich rzeczy	カードが八枚あります。	Jest osiem kart.			klasyfikator	カードが 八枚[はちまい]あります。		[sound:hypertts-f1b5a380c554b81cbc989518af976a6239ea1c1f4770d08bee682b85.mp3]	[sound:hypertts-3ecf02a8f9e6691ab3a97b6097559e1842ce60cec7f5e91d9778df10.mp3]	[sound:八枚_ハチ＼マイ_2_NHK-2016.mp3]	
1781610943150	1782849648	Doki Doki2-12	九枚	九[きゅう] 枚[まい]	きゅうまい	kyūmai	dziewięć płaskich rzeczy	ピザを九枚食べました。	Zjedliśmy dziewięć pizz.			klasyfikator	ピザを 九枚[きゅうまい] 食[た]べました。		[sound:hypertts-feef214ca9c57c2d5cba3c71b12751ef654e1d0de30b1544dde6b36c.mp3]	[sound:hypertts-1018df0b8f82f85d0bc1c5eb0f429e11798ca88a36b245975a382e5d.mp3]	[sound:九枚_キュ＼ーマイ_1_NHK-2016.mp3]	
1781610943151	1782849648	Doki Doki2-12	十枚	十[じゅう] 枚[まい]	じゅうまい	jūmai	dziesięć płaskich rzeczy	お皿を十枚洗いました。	Umyłem dziesięć talerzy.			klasyfikator	お 皿[さら]を 十枚[じゅうまい] 洗[あら]いました。		[sound:hypertts-d26f47782a731da24c3aac0b77324afe7590de4ba81ee0ff0c2168c5.mp3]	[sound:hypertts-4015574af4e4bd900ea0f359b3f899ae8e24a11227875b63942252b3.mp3]	[sound:十枚_ジュ＼ーマイ_1_NHK-2016.mp3]	"""<span style=""""box-shadow: inset -2px -2px 0 0 #FF6633;"""">ジュ</span><span style=""""box-shadow: inset 0px 2px 0 0px #FF6633;"""">ウマイ</span> <span class=""""pitch_number"""">0</span>"""
1781610943152	1782849648	Doki Doki2-12	何枚	何[なん] 枚[まい]	なんまい	nanmai	ile płaskich rzeczy	写真を何枚撮りましたか。	Ile zdjęć zrobiłeś?			zaimek pytający do klasyfikatora	 写真[しゃしん]を 何枚[なんまい] 撮[と]りましたか。		[sound:hypertts-464b7809ce1096ddc9dfd80249501174027c209fe8ec2fca45b75873.mp3]	[sound:hypertts-c1e4fbd89e7c248e85f141796688d781a2bca4d8512f588fe7ee20c4.mp3]	[sound:何枚_ナ＼ンマイ_1_NHK-2016.mp3] [sound:何枚_ナ＼ンマイ_1_NHK-2016(1).mp3]	"""<span style=""""box-shadow: inset -2px 2px 0 0px #FF6633;"""">ナ</span><span style=""""box-shadow: inset 0px -2px 0 0px #FF6633;"""">ンマイ</span> <span class=""""pitch_number"""">1</span>"""
1781610943153	1781611621	Doki Doki2-12	匹	 匹[ひき]	ひき	hiki	klasyfikator małych zwierząt	犬を何匹飼っていますか。	Ile psów hodujesz?			klasyfikator (psy, koty, ryby, owady)	 犬[いぬ]を 何匹[なんびき] 飼[か]っていますか。		[sound:hypertts-bd00a3d0aef33dd3cd3e9a2427a665a37b6285c5588af38dd8e93721.mp3]	[sound:hypertts-e38d08e828b5aa46187f6c4cf51096378341fb427932f2214d7aae8d.mp3]	[sound:匹_ヒキ＼_2_NHK-2016.mp3]	"""<span style=""""box-shadow: inset -2px -2px 0 0 #FF6633;""""><span style=""""color: royalblue;"""">ヒ</span></span><span style=""""box-shadow: inset -2px 2px 0 0px #FF6633;"""">キ</span> <span class=""""pitch_number"""">2</span>"""
1781610943154	1782849648	Doki Doki2-12	一匹	一[いっ] 匹[ぴき]	いっぴき	ippiki	jedno małe zwierzę	猫が一匹います。	Jest jeden kot.			klasyfikator	 猫[ねこ]が 一匹[いっぴき]います。		[sound:hypertts-e882f39205774ea172dcd158f88e604c5c8dd4c2c1ab8990040aafad.mp3]	[sound:hypertts-39a68431155fd47d6171df78f06a403b1ef28154c6444a8c3038a3bf.mp3]	[sound:一匹_イッピキ＼_4_NHK-2016.mp3]	"""<span style=""""box-shadow: inset -2px -2px 0 0 #FF6633;"""">イ</span><span style=""""box-shadow: inset -2px 2px 0 0px #FF6633;"""">ッピキ</span> <span class=""""pitch_number"""">4</span>"""
1781610943155	1782849648	Doki Doki2-12	二匹	二[に] 匹[ひき]	にひき	nihiki	dwa małe&nbsp;zwierzęta	犬が二匹います。	Są dwa psy.			klasyfikator	 犬[いぬ]が 二匹[にひき]います。		[sound:hypertts-897b11f812b059ce6e917c16fb4e92fd584b4f4edb6f0f8a2de0d59e.mp3]	[sound:hypertts-f3c01da043096eb42237d73af92a574dd4c0848891b10e88ffd5db99.mp3]	[sound:二匹_ニ＼ヒキ_1_NHK-2016.mp3]	"""<span style=""""box-shadow: inset -2px 2px 0 0px #FF6633;"""">ニ</span><span style=""""box-shadow: inset 0px -2px 0 0px #FF6633;"""">ヒキ</span> <span class=""""pitch_number"""">1</span>"""
1781610943156	1782849648	Doki Doki2-12	三匹	三[さん] 匹[びき]	さんびき	sanbiki	trzy małe&nbsp;zwierzęta	魚が三匹います。	Są trzy ryby.			klasyfikator	 魚[さかな]が 三匹[さんびき]います。		[sound:hypertts-1efa69f9104eec87bb31304db7ea9e7f774eca1a270f179a769ceaa2.mp3]	[sound:hypertts-21ce99112fa0dda4805504f0dd3227e67ac332d318c860b90e8c30f3.mp3]	[sound:三匹_サ＼ンビキ_1_NHK-2016.mp3]	"""<span style=""""box-shadow: inset -2px 2px 0 0px #FF6633;"""">サ</span><span style=""""box-shadow: inset 0px -2px 0 0px #FF6633;"""">ンビキ</span> <span class=""""pitch_number"""">1</span>"""
1781610943157	1782849648	Doki Doki2-12	四匹	四[よん] 匹[ひき]	よんひき	yonhiki	cztery małe&nbsp;zwierzęta	鳥を四匹見ました。	Widziałem cztery ptaki.			klasyfikator	 鳥[とり]を 四匹[よんひき] 見[み]ました。		[sound:hypertts-8ae9ae353f8c55cbb2b0f3d818bda779a14fb52d4ea416f4554c8b5d.mp3]	[sound:hypertts-bf2b8a36a451686acd7ef53c7c02ba99c66511f6035f27cc664963d5.mp3]	[sound:四匹_ヨ＼ンヒキ_1_NHK-2016.mp3]	"""<span style=""""box-shadow: inset -2px 2px 0 0px #FF6633;"""">ヨ</span><span style=""""box-shadow: inset 0px -2px 0 0px #FF6633;"""">ンヒキ</span> <span class=""""pitch_number"""">1</span>"""
1781610943158	1782849648	Doki Doki2-12	五匹	五[ご] 匹[ひき]	ごひき	gohiki	pięć małych zwierząt	虫が五匹います。	Jest pięć owadów.			klasyfikator	 虫[むし]が 五匹[ごひき]います。		[sound:hypertts-86009bf6e5164afe596838118cba57945546f73e161da885eef4657d.mp3]	[sound:hypertts-dbf2bebc17d5aa553c1a55de42e7c0bf40cf4cdcdf9b97a096277fb9.mp3]	[sound:五匹_ゴ＼ヒキ_1_NHK-2016.mp3]	"""<span style=""""box-shadow: inset -2px 2px 0 0px #FF6633;"""">ゴ</span><span style=""""box-shadow: inset 0px -2px 0 0px #FF6633;"""">ヒキ</span> <span class=""""pitch_number"""">1</span>"""
1781610943159	1782849648	Doki Doki2-12	六匹	六[ろっ] 匹[ぴき]	ろっぴき	roppiki	sześć małych&nbsp;zwierząt	猫を六匹飼っています。	Hoduję sześć kotów.			klasyfikator	 猫[ねこ]を 六匹[ろっぴき] 飼[か]っています。		[sound:hypertts-cc32269221853770710da68ede353d046283aa5dd89e02c925b90254.mp3]	[sound:hypertts-b171ec0ea091578bf2eb5f48999817aa2a602979f28c73f0cc7d4a5a.mp3]	[sound:六匹_ロッピキ＼_4_NHK-2016.mp3]	"""<span style=""""box-shadow: inset -2px -2px 0 0 #FF6633;"""">ロ</span><span style=""""box-shadow: inset -2px 2px 0 0px #FF6633;"""">ッピキ</span> <span class=""""pitch_number"""">4</span>"""
1781610943160	1782849648	Doki Doki2-12	七匹	七[なな] 匹[ひき]	ななひき	nanahiki	siedem małych&nbsp;zwierząt	犬が七匹います。	Jest siedem psów.			klasyfikator	 犬[いぬ]が 七匹[ななひき]います。		[sound:hypertts-9ee9f7eda629863d3c76b4c0871b502c2c4fd117eeb267108ddfd833.mp3]	[sound:hypertts-9d0198879d25d3d2a20533ca60368b36977193ef38b0c61abe1522f7.mp3]	[sound:七匹_ナナ＼ヒキ_2_NHK-2016.mp3]	"""<span style=""""box-shadow: inset -2px -2px 0 0 #FF6633;"""">ナ</span><span style=""""box-shadow: inset -2px 2px 0 0px #FF6633;"""">ナ</span><span style=""""box-shadow: inset 0px -2px 0 0px #FF6633;"""">ヒキ</span> <span class=""""pitch_number"""">2</span>"""
1781610943161	1782849648	Doki Doki2-12	八匹	八[はっ] 匹[ぴき]	はっぴき	happiki	osiem małych&nbsp;zwierząt	魚を八匹釣りました。	Złowiłem osiem ryb.			klasyfikator	 魚[さかな]を 八匹[はっぴき] 釣[つ]りました。		[sound:hypertts-124fae3969146fc1b9bd68c3e10fc4004f70e7f6d63e087b1b93810c.mp3]	[sound:hypertts-8ee0730b6765e5f979e58e231fbfe395b1f8d92f2134570f1eeda56e.mp3]	[sound:八匹_ハッピキ＼_4_NHK-2016.mp3]	"""<span style=""""box-shadow: inset -2px -2px 0 0 #FF6633;"""">ハ</span><span style=""""box-shadow: inset -2px 2px 0 0px #FF6633;"""">ッピキ</span> <span class=""""pitch_number"""">4</span>"""
1781610943162	1782849648	Doki Doki2-12	九匹	九[きゅう] 匹[ひき]	きゅうひき	kyūhiki	dziewięć małych&nbsp;zwierząt	豚が九匹います。	Jest dziewięć świń.			klasyfikator	 豚[ぶた]が 九匹[きゅうひき]います。		[sound:hypertts-6f38e53554db9f98a95114a3f4270aa16acd6504cab4fbe246c5fd5d.mp3]	[sound:hypertts-2cbbad7eb9f7fab4157493c7115e5f05fb54239fbbb822f8bdee29d9.mp3]	[sound:九匹_キュ＼ーヒキ_1_NHK-2016.mp3]	"""<span style=""""box-shadow: inset -2px -2px 0 0 #FF6633;"""">キュ</span><span style=""""box-shadow: inset -2px 2px 0 0px #FF6633;"""">ウ</span><span style=""""box-shadow: inset 0px -2px 0 0px #FF6633;"""">ヒキ</span> <span class=""""pitch_number"""">2</span>"""
1781610943163	1782849648	Doki Doki2-12	十匹	十[じゅっ] 匹[ぴき]	じゅっぴき	juppiki	dziesięć małych&nbsp;zwierząt	虫を十匹捕まえました。	Złapałem dziesięć owadów.			klasyfikator	 虫[むし]を 十匹[じゅっぴき] 捕[つか]まえました。		[sound:hypertts-30b867655c96044a1403bd257f06425acd18fd5d3409deaaf6c9722d.mp3]	[sound:hypertts-eb4a04835d7b68cff4e8f6559c142e7b1e01bdce813bc1c53ddb8597.mp3]	[sound:十匹_ジュッピキ＼_4_NHK-2016.mp3]	
1781610943164	1782849648	Doki Doki2-12	何匹	何[なん] 匹[びき]	なんびき	nanbiki	ile małych&nbsp;zwierząt	猫が何匹いますか。	Ile jest kotów?			zaimek pytający do klasyfikatora	 猫[ねこ]が 何匹[なんびき]いますか。		[sound:hypertts-3ad061e1261ee3656826706be29ac40e71cc17f22ac6eb7f6509997d.mp3]	[sound:hypertts-35bf73c1f522f1648e42d58c0dc2daae64b72d58ff76b8e54db89227.mp3]	[sound:何匹_ナ＼ンビキ_1_NHK-2016.mp3] [sound:何匹_ナ＼ンビキ_1_NHK-2016(1).mp3]	"""<span style=""""box-shadow: inset -2px 2px 0 0px #FF6633;"""">ナ</span><span style=""""box-shadow: inset 0px -2px 0 0px #FF6633;"""">ンビキ</span> <span class=""""pitch_number"""">1</span>"""
1781610943166	1782849648	Doki Doki2-12	一本	一[いっ] 本[ぽん]	いっぽん	ippon	jedna długa rzecz	鉛筆を一本ください。	Poproszę jeden ołówek.			klasyfikator	 鉛筆[えんぴつ]を 一本[いっぽん]ください。		[sound:hypertts-ee48e300dd98907eb868a5e88be29d209dbdb8f707a50bb7d81f3ea2.mp3]	[sound:hypertts-2d01d641daf4293cde5fca1fa11a4b24b3968cd0c8ad06e23f740ed0.mp3]	[sound:一本_イ＼ッポン_1_NHK-2016.mp3] [sound:一本_イ＼ッポン_1_NHK-2016(1).mp3]	"""<span style=""""box-shadow: inset -2px -2px 0 0 #FF6633;"""">イ</span><span style=""""box-shadow: inset 0px 2px 0 0px #FF6633;"""">ッポン</span> <span class=""""pitch_number"""">0</span>, <span style=""""box-shadow: inset -2px 2px 0 0px #FF6633;"""">イ</span><span style=""""box-shadow: inset 0px -2px 0 0px #FF6633;"""">ッポン</span> <span class=""""pitch_number"""">1</span>"""
1781610943167	1782849648	Doki Doki2-12	二本	二[に] 本[ほん]	にほん	nihon	dwie długie rzeczy	傘を二本買いました。	Kupiłem dwa parasole.			klasyfikator	 傘[かさ]を 二本[にほん] 買[か]いました。		[sound:hypertts-85652a5f0c023f79a45c6dc48f5665fa31f74da3b3eb2bf92776bd81.mp3]	[sound:hypertts-3bc052c074ef743a5ffd16206bbd7e067a6f7027202ea4dcf760bc8d.mp3]	[sound:二本_ニ＼ホン_1_NHK-2016.mp3]	"""<span style=""""box-shadow: inset -2px 2px 0 0px #FF6633;"""">ニ</span><span style=""""box-shadow: inset 0px -2px 0 0px #FF6633;"""">ホン</span> <span class=""""pitch_number"""">1</span>"""
1781610943168	1782849648	Doki Doki2-12	三本	三[さん] 本[ぼん]	さんぼん	sanbon	trzy długie rzeczy	ペンが三本あります。	Są trzy długopisy.			klasyfikator	ペンが 三本[さんぼん]あります。		[sound:hypertts-cbdd1269c4e8be1dfde825088ef4c835572fbbd9cc2ca534ba853813.mp3]	[sound:hypertts-75c763c9c7e9428094c39d70e04b577ba5ecf476b3ab8a458ee5cefc.mp3]	[sound:三本_サ＼ンボン_1_NHK-2016.mp3]	"""<span style=""""box-shadow: inset -2px 2px 0 0px #FF6633;"""">サ</span><span style=""""box-shadow: inset 0px -2px 0 0px #FF6633;"""">ンボン</span> <span class=""""pitch_number"""">1</span>"""
1781610943169	1782849648	Doki Doki2-12	四本	四[よん] 本[ほん]	よんほん	yonhon	cztery długie rzeczy	ジュースを四本飲みました。	Wypiłem cztery butelki soku.			klasyfikator	ジュースを 四本[よんほん] 飲[の]みました。		[sound:hypertts-09e4723c05c718d3855af8928da4dc59673a2c884c4df35fe8d48e42.mp3]	[sound:hypertts-37ef2a1313f3183760e106528a27ed8e394da897594f3ede07a9110e.mp3]	[sound:四本_ヨ＼ンホン_1_NHK-2016.mp3]	
1781610943170	1782849648	Doki Doki2-12	五本	五[ご] 本[ほん]	ごほん	gohon	pięć długich rzeczy	木が五本あります。	Jest pięć drzew.			klasyfikator	 木[き]が 五本[ごほん]あります。		[sound:hypertts-ea7489d38d30fc55b996d09e54de37798125c45c782dcf4382e75d83.mp3]	[sound:hypertts-3647e7534d06cc1762de52de04e6a76ddc58350109e79545c76de6a1.mp3]	[sound:五本_ゴホン━_0_NHK-2016.mp3]	"""<span style=""""box-shadow: inset -2px -2px 0 0 #FF6633;"""">ゴ</span><span style=""""box-shadow: inset 0px 2px 0 0px #FF6633;"""">ホン</span> <span class=""""pitch_number"""">0</span>"""
1781610943171	1782849648	Doki Doki2-12	六本	六[ろっ] 本[ぽん]	ろっぽん	roppon	sześć długich rzeczy	花を六本買いました。	Kupiłem sześć kwiatów.			klasyfikator	 花[はな]を 六本[ろっぽん] 買[か]いました。		[sound:hypertts-bd0d891064337d9898f37ec42401d8d7d6c32baa987f7733b3b47912.mp3]	[sound:hypertts-843c6950da152fa0eb7312ff9c8e437d5b0f86f4fcc40db140350a2b.mp3]	[sound:六本_ロ＼ッポン_1_NHK-2016.mp3]	"""<span style=""""box-shadow: inset -2px 2px 0 0px #FF6633;"""">ロ</span><span style=""""box-shadow: inset 0px -2px 0 0px #FF6633;"""">ッポン</span> <span class=""""pitch_number"""">1</span>"""
1781610943172	1782849648	Doki Doki2-12	七本	七[なな] 本[ほん]	ななほん	nanahon	siedem długich rzeczy	鉛筆が七本あります。	Jest siedem ołówków.			klasyfikator	 鉛筆[えんぴつ]が 七本[ななほん]あります。		[sound:hypertts-cfc820c33afe62c45ed34559f6b0ae6ba8049775e5243053b837fef5.mp3]	[sound:hypertts-d07b48183361b456fef9f71d69f3cf17875a6d5f32b6b46d93a6fd20.mp3]	[sound:七本_ナナ＼ホン_2_NHK-2016.mp3]	"""<span style=""""box-shadow: inset -2px -2px 0 0 #FF6633;"""">ナ</span><span style=""""box-shadow: inset -2px 2px 0 0px #FF6633;"""">ナ</span><span style=""""box-shadow: inset 0px -2px 0 0px #FF6633;"""">ホン</span> <span class=""""pitch_number"""">2</span>"""
1781610943173	1782849648	Doki Doki2-12	八本	八[はっ] 本[ぽん]	はっぽん	happon	osiem długich rzeczy	ワインを八本買いました。	Kupiłem osiem butelek wina.			klasyfikator	ワインを 八本[はっぽん] 買[か]いました。		[sound:hypertts-6dda4d712c10341a925b00cbf94f1ee13e5ac89ec24617eda82e0fea.mp3]	[sound:hypertts-3392e35300904c8e9ab5a54e6573dfdf46db9d5ea35c8120aa2b5027.mp3]	[sound:八本_ハ＼ッポン_1_NHK-2016.mp3]	"""<span style=""""box-shadow: inset -2px 2px 0 0px #FF6633;"""">ハ</span><span style=""""box-shadow: inset 0px -2px 0 0px #FF6633;"""">ッポン</span> <span class=""""pitch_number"""">1</span>"""
1781610943174	1782849648	Doki Doki2-12	九本	九[きゅう] 本[ほん]	きゅうほん	kyūhon	dziewięć długich rzeczy	木を九本植えました。	Zasadziłem dziewięć drzew.			klasyfikator	 木[き]を 九本[きゅうほん] 植[う]えました。		[sound:hypertts-223df14d9180ee90ce975829992a5e535be47ec15f4edee5c854f7de.mp3]	[sound:hypertts-2e2cff9b6163ef20aeb1ae6d78887914a68f25375dfe2a1802dca63e.mp3]	[sound:九本_キュ＼ーホン_1_NHK-2016.mp3]	"""<span style=""""box-shadow: inset -2px 2px 0 0px #FF6633;"""">キュ</span><span style=""""box-shadow: inset 0px -2px 0 0px #FF6633;"""">ウホン</span> <span class=""""pitch_number"""">1</span>"""
1781610943175	1782849648	Doki Doki2-12	十本	十[じゅっ] 本[ぽん]	じゅっぽん	juppon	dziesięć długich rzeczy	水を十本買いました。	Kupiłem dziesięć butelek wody.			klasyfikator	 水[みず]を 十本[じゅっぽん] 買[か]いました。		[sound:hypertts-b725b9875b0261e73646ef42eb1edd03d61c5b9b114ef4d6bcd616fe.mp3]	[sound:hypertts-af314e2f560b5a14516b6b178fe337b1de880d164855830cbadb9245.mp3]	[sound:十本_ジュ＼ッポン_1_NHK-2016.mp3]	"""<span style=""""box-shadow: inset -2px 2px 0 0px #FF6633;"""">ジュ</span><span style=""""box-shadow: inset 0px -2px 0 0px #FF6633;"""">ッポン</span> <span class=""""pitch_number"""">1</span>"""
1781610943176	1782849648	Doki Doki2-12	何本	何[なん] 本[ぼん]	なんぼん	nanbon	ile długich rzeczy	傘が何本ありますか。	Ile masz parasoli?			zaimek pytający do klasyfikatora	 傘[かさ]が 何本[なんぼん]ありますか。		[sound:hypertts-fee9ac23bc183e5f5fd68570d91fe526204f8289a873b468d06924df.mp3]	[sound:hypertts-a27989eca03551481cb7a72a42af7c762a5da6b3891a479033e5f4d0.mp3]	[sound:何本_ナ＼ンボン_1_NHK-2016.mp3] [sound:何本_ナ＼ンボン_1_NHK-2016(1).mp3]	"""<span style=""""box-shadow: inset -2px 2px 0 0px #FF6633;"""">ナ</span><span style=""""box-shadow: inset 0px -2px 0 0px #FF6633;"""">ンボン</span> <span class=""""pitch_number"""">1</span>"""
1781614251678	1781614672	Doki Doki2-13	刀	刀[かたな]	かたな	katana	miecz	博物館で古い刀を見ました。	Widziałem stary miecz w muzeum.			rzeczownik. Oznacza tradycyjny miecz japoński.	博[はく]物[ぶつ]館[かん]で 古[ふる]い 刀[かたな]を 見[み]ました。		[sound:hypertts-f5e1e47f335bccf4661de717b0f59384246face8c11fd5535c8b3c92.mp3]	[sound:hypertts-7a7f9da3160cbd1f7aa43eb5047a3f80c0823da41778fcee63a31b29.mp3]	[sound:刀_カタ＼ナ_2_NHK-2016.mp3] [sound:刀_カタナ＼_3_NHK-2016.mp3]	"""<span style=""""box-shadow: inset -2px -2px 0 0 #FF6633;"""">カ</span><span style=""""box-shadow: inset -2px 2px 0 0px #FF6633;"""">タ</span><span style=""""box-shadow: inset 0px -2px 0 0px #FF6633;"""">ナ</span> <span class=""""pitch_number"""">2</span>, <span style=""""box-shadow: inset -2px -2px 0 0 #FF6633;"""">カ</span><span style=""""box-shadow: inset -2px 2px 0 0px #FF6633;"""">タナ</span> <span class=""""pitch_number"""">3</span>"""
1781614251681	1781614673	Doki Doki2-13	ジャンバー	ジャンバー	ジャンバー	janbā	kurtka	寒いからジャンバーを着ます。	Ponieważ jest zimno, zakładam kurtkę.			rzeczownik. Zapożyczenie z języka angielskiego (jumper), w Japonii oznacza ciepłą kurtkę.	寒[さむ]いからジャンバーを 着[き]ます。		[sound:hypertts-cfe5062ba623b849e783fbfedd680196a1b5758d93affba4702931e1.mp3]	[sound:hypertts-c673db303dfd71d77eed36934532681635b5a1e2daf24b77f45f628a.mp3]		
1781614251682	1781614675	Doki Doki2-13	習慣	習[しゅう]慣[かん]	しゅうかん	shūkan	obyczaj	日本の習慣を習います。	Uczę się japońskich obyczajów.			rzeczownik. Oznacza tradycję, przyzwyczajenie lub normy kulturowe.	日[に]本[ほん]の 習[しゅう]慣[かん]を 習[なら]います。		[sound:hypertts-ebbe628d18fe7a0f4c2b9751880207ef56656bc93225378dc9de1a52.mp3]	[sound:hypertts-48ca898e23fb8e7834d559016aa11ac1bab75b23184e643abfa68f1d.mp3]	[sound:習慣_シューカン━_0_NHK-2016.mp3]	"""<span style=""""box-shadow: inset -2px -2px 0 0 #FF6633;"""">シュ</span><span style=""""box-shadow: inset 0px 2px 0 0px #FF6633;"""">ーカン</span> <span class=""""pitch_number"""">0</span>"""
1781614251683	1791203307	Doki Doki2-13	締め切り	締[し]め 切[き]り	しめきり	shimekiri	ostateczny termin, deadline	レポートの締め切りは明日です。	Ostateczny termin oddania raportu to jutro.			rzeczownik. Często używane w szkole lub pracy (np. deadline).	レポートの 締[し]め 切[き]りは 明[あし]日[た]です。		[sound:hypertts-c9ee5859d081083ae624f08a4c57bc2017b074efd9afe0a18f91ec51.mp3]	[sound:hypertts-35ba1f924336918d6fafb07b9c3e5fdbe159e04c80b385a97e430827.mp3]	[sound:締め切り_シメキリ━_0_NHK-2016.mp3]	"""<span style=""""box-shadow: inset -2px -2px 0 0 #FF6633;"""">シ</span><span style=""""box-shadow: inset 0px 2px 0 0px #FF6633;"""">メキリ</span> <span class=""""pitch_number"""">0</span>"""
1781614251684	1781614678	Doki Doki2-13	蕎麦	蕎[そ]麦[ば]	そば	soba	makaron gryczany	昼ご飯に蕎麦を食べました。	Na obiad zjadłem makaron soba.			rzeczownik. Cienki japoński makaron z mąki gryczanej. Słowo posiada kanji, ale w menu często spotyka się zapis hiraganą.	昼[ひる]ご 飯[はん]に 蕎[そ]麦[ば]を 食[た]べました。		[sound:hypertts-0b5df15048f542f0a19941eaa10fe5c5591fc7ad605d3b87883364d3.mp3]	[sound:hypertts-a1baea0ca82ff53b0f37331255125c2da76d8168759b0b51293420b4.mp3]	[sound:蕎麦_ソ＼バ_1_NHK-1998.mp3]	"""<span style=""""box-shadow: inset -2px 2px 0 0px #FF6633;"""">ソ</span><span style=""""box-shadow: inset 0px -2px 0 0px #FF6633;"""">バ</span> <span class=""""pitch_number"""">1</span>"""
1781614251686	1781614680	Doki Doki2-13	直行便	直[ちょっ]行[こう]便[びん]	ちょっこうびん	chokkōbin	bezpośrednie loty	ワルシャワから東京までの直行便に乗ります。	Lecę bezpośrednim lotem z Warszawy do Tokio.			rzeczownik. Składa się ze znaków na bezpośredni lot/przejazd.	ワルシャワから 東[とう]京[きょう]までの 直[ちょっ]行[こう]便[びん]に 乗[の]ります。		[sound:hypertts-a67f3af9882679ca039bc9ba826aaa5c0938819247072b98d395fc0e.mp3]	[sound:hypertts-8e04f5f035550078983b5d1b916ac40614bf6c6f34475fabe83f8b2f.mp3]	[sound:直行便_チョッコウビン_JapanesePod101.mp3]	
1781614251688	1781614681	Doki Doki2-13	機械	機[き]械[かい]	きかい	kikai	maszyna	この機械の使い方が分かりません。	Nie rozumiem, jak używać tej maszyny.			rzeczownik. Określa maszyny, urządzenia, aparaturę.	この 機[き]械[かい]の 使[つか]い 方[かた]が 分[わ]かりません。		[sound:hypertts-aabda0b1bf0e86f90715f2cf70868032de2dbc342e6e2f1e887169db.mp3]	[sound:hypertts-f8b134fd91474c7f3a7f1b16038ce19001faffccdbba6ed5b8c12e7a.mp3]	[sound:機械_キ＼カイ_1_NHK-2016.mp3] [sound:機械_キカ＼イ_2_NHK-2016.mp3]	"""<span style=""""box-shadow: inset -2px -2px 0 0 #FF6633;""""><span style=""""color: royalblue;"""">キ</span></span><span style=""""box-shadow: inset -2px 2px 0 0px #FF6633;"""">カ</span><span style=""""box-shadow: inset 0px -2px 0 0px #FF6633;"""">イ</span> <span class=""""pitch_number"""">2</span>"""
1781614251689	1781614683	Doki Doki2-13	目覚まし時計	目[め]覚[ざ]まし 時[ど]計[けい]	めざましどけい	mezamashidokei	budzik	毎朝、目覚まし時計で起きます。	Każdego ranka budzę się z budzikiem.			rzeczownik. Słowo ulega zjawisku rendaku (tokei -&gt; dokei).	毎[まい]朝[あさ]、 目[め]覚[ざ]まし 時[ど]計[けい]で 起[お]きます。		[sound:hypertts-8b732bb54163180d98d1dc022c320464453b88d505fc4e21b8a80ecf.mp3]	[sound:hypertts-05562951746d7abd7ebcba6ffa09a687bb7f60a293ca4a22878dd9d3.mp3]	[sound:目覚まし時計_メザマシド＼ケー_5_NHK-2016.mp3]	"""<span style=""""box-shadow: inset -2px -2px 0 0 #FF6633;"""">メ</span><span style=""""box-shadow: inset -2px 2px 0 0px #FF6633;"""">ザマシド</span><span style=""""box-shadow: inset 0px -2px 0 0px #FF6633;"""">ケイ</span> <span class=""""pitch_number"""">5</span>"""
1781614251690	1781614685	Doki Doki2-13	食器	食[しょっ]器[き]	しょっき	shokki	zastawa stołowa	晩ご飯の後で食器を洗います。	Po kolacji umyję naczynia.			rzeczownik. Obejmuje talerze, miski i inne naczynia do jedzenia.	晩[ばん]ご 飯[はん]の 後[あと]で 食[しょっ]器[き]を 洗[あら]います。		[sound:hypertts-e2cebbe41927f19e08bef98765833595553fd7978a73f845880fb843.mp3]	[sound:hypertts-3c29c58c8819e8ba8c5f3c7000dca96c20a9d7f4c76046323def48d7.mp3]	[sound:食器_ショッキ━_0_NHK-2016.mp3]	"""<span style=""""box-shadow: inset -2px -2px 0 0 #FF6633;"""">ショ</span><span style=""""box-shadow: inset 0px 2px 0 0px #FF6633;"""">ッキ</span> <span class=""""pitch_number"""">0</span>"""
1781614251693	1781614686	Doki Doki2-13	庭	庭[にわ]	にわ	niwa	ogród	私の家に広い庭があります。	W moim domu jest duży ogród.			rzeczownik. Oznacza przydomowy ogród.	私[わたし]の 家[いえ]に 広[ひろ]い 庭[にわ]があります。		[sound:hypertts-03a19c30dd27525a195409bbda2dc74429c11b76ab084f6bddcaf05b.mp3]	[sound:hypertts-9a0ae27f2a4d3abdd96bb50db42a6127ad81aaefc5c0291c96f1287f.mp3]	[sound:庭_ニワ━_0_NHK-2016.mp3]	"""<span style=""""box-shadow: inset -2px -2px 0 0 #FF6633;"""">ニ</span><span style=""""box-shadow: inset 0px 2px 0 0px #FF6633;"""">ワ</span> <span class=""""pitch_number"""">0</span>"""
1781614251694	1781614688	Doki Doki2-13	発表	発[はっ]表[ぴょう]	はっぴょう	happyō	prezentacja	明日、大学で発表をします。	Jutro robię prezentację na uniwersytecie.			rzeczownik / rzeczownik suru. Prezentacja, ogłoszenie publiczne.	明[あし]日[た]、 大[だい]学[がく]で 発[はっ]表[ぴょう]をします。		[sound:hypertts-aa1399b9106d04cc2862def0987a928a0dd6a98e7aaaebacfba04dfe.mp3]	[sound:hypertts-a4f050f89cb469ca0150aec93dd7cee272e1b0f99e752748bb13cb0d.mp3]	[sound:発表_ハッピョー━_0_NHK-2016.mp3]	"""<span style=""""box-shadow: inset -2px -2px 0 0 #FF6633;"""">ハ</span><span style=""""box-shadow: inset 0px 2px 0 0px #FF6633;"""">ッピョー</span> <span class=""""pitch_number"""">0</span>"""
1781614251695	1781614865	Doki Doki2-13	番組	番[ばん]組[ぐみ]	ばんぐみ	bangumi	program telewizyjny	日本のテレビ番組を見ます。	Oglądam japońskie programy telewizyjne.			rzeczownik. Słowo ulega zjawisku rendaku (kumi -&gt; gumi).	日[に]本[ほん]のテレビ 番[ばん]組[ぐみ]を 見[み]ます。		[sound:hypertts-77f22dce975e422fe2648e27742dc20e8a5f8f80a5128b44ad4ae9b7.mp3]	[sound:hypertts-2c1162b62d2c133785d9f562bd1c1227439c161a5fe01ebaf5bd374c.mp3]	[sound:番組_バンク゚ミ━_0_NHK-2016.mp3]	"""<span style=""""box-shadow: inset -2px -2px 0 0 #FF6633;"""">バ</span><span style=""""box-shadow: inset 0px 2px 0 0px #FF6633;"""">ンク<span style=""""color: red;"""">°</span>ミ</span> <span class=""""pitch_number"""">0</span>, <span style=""""box-shadow: inset -2px -2px 0 0 #FF6633;"""">バ</span><span style=""""box-shadow: inset -2px 2px 0 0px #FF6633;"""">ンク<span style=""""color: red;"""">°</span>ミ</span> <span class=""""pitch_number"""">4</span>"""
1781614251697	1781614691	Doki Doki2-13	息子	息[むす]子[こ]	むすこ	musuko	syn	私の息子は五歳です。	Mój syn ma pięć lat.			rzeczownik. Określa własnego syna (wobec cudzego używa się &#x27;musukosan&#x27;).	私[わたし]の 息[むす]子[こ]は 五[ご]歳[さい]です。		[sound:hypertts-bff2a8b16384b146e0e896d5bed72d6f826fc4b4570e05acb699cba7.mp3]	[sound:hypertts-2ff0af9a07220fe4a78337cae0176250d5a7cfb9420db8a1f5ebc506.mp3]	[sound:息子_ムスコ━_0_NHK-2016.mp3]	"""<span style=""""box-shadow: inset -2px -2px 0 0 #FF6633;"""">ム</span><span style=""""box-shadow: inset 0px 2px 0 0px #FF6633;""""><span style=""""color: royalblue;"""">ス</span>コ</span> <span class=""""pitch_number"""">0</span>"""
1781614251698	1781614693	Doki Doki2-13	娘	娘[むすめ]	むすめ	musume	córka	娘は高校生です。	Moja córka jest licealistką.			rzeczownik. Określa własną córkę (wobec cudzej używa się &#x27;musumesan&#x27;).	娘[むすめ]は 高[こう]校[こう]生[せい]です。		[sound:hypertts-aa7ca06deffae1ccad77a45d7b688bd0049c19d17e812108793654fb.mp3]	[sound:hypertts-1c73502f5e87f5c5cf7213f4eb01bd7d9606ec797ee73c9cc01c57fc.mp3]	[sound:娘_ムスメ＼_3_NHK-2016.mp3]	"""<span style=""""box-shadow: inset -2px -2px 0 0 #FF6633;"""">ム</span><span style=""""box-shadow: inset -2px 2px 0 0px #FF6633;"""">スメ</span> <span class=""""pitch_number"""">3</span>"""
1781614251700	1781614694	Doki Doki2-13	旅館	旅[りょ]館[かん]	りょかん	ryokan	pensjonat w styl japońskim	温泉がある旅館に泊まります。	Zatrzymałem się w japońskim pensjonacie z gorącymi źródłami.			rzeczownik. Tradycyjny hotel japoński z matami tatami i futonami.	温[おん]泉[せん]がある 旅[りょ]館[かん]に 泊[と]まります。		[sound:hypertts-aec739733210fd698ccb58f17c3921517222c284fcd4e66fd615bd08.mp3]	[sound:hypertts-56dacfdb84068e7a9e821297da4cb826632cd7660bc214dad082442d.mp3]	[sound:旅館_リョカン━_0_NHK-2016.mp3]	"""<span style=""""box-shadow: inset -2px -2px 0 0 #FF6633;"""">リョ</span><span style=""""box-shadow: inset 0px 2px 0 0px #FF6633;"""">カン</span> <span class=""""pitch_number"""">0</span>"""
1781614251701	1781614696	Doki Doki2-13	割引券	割[わり]引[びき]券[けん]	わりびきけん	waribikiken	kupon zniżkowy	この店で割引券を使えますか。	Czy mogę użyć kuponu zniżkowego w tym sklepie?			rzeczownik. Ulega zjawisku rendaku (hiki -&gt; biki).	この 店[みせ]で 割[わり]引[びき]券[けん]を 使[つか]えますか。		[sound:hypertts-9ac50ca89c045463b2a1f2b398994e4e7c5ccbcfa57ff20eaf5fe8a5.mp3]	[sound:hypertts-0c9cb02ffbad29242528144a0f1163c18035db139ab151689c15dac1.mp3]	[sound:割引券_ワリビキ＼ケン_4_NHK-2016.mp3]	"""<span style=""""box-shadow: inset -2px -2px 0 0 #FF6633;"""">ワ</span><span style=""""box-shadow: inset -2px 2px 0 0px #FF6633;"""">リビ<span style=""""color: royalblue;"""">キ</span></span><span style=""""box-shadow: inset 0px -2px 0 0px #FF6633;"""">ケン</span> <span class=""""pitch_number"""">4</span>"""
1781614251702	1781614697	Doki Doki2-13	一日券	一[いち]日[にち]券[けん]	いちにちけん	ichinichiken	bilet dobowy	地下鉄の一日券を買いました。	Kupiłem bilet dobowy na metro.			rzeczownik. Pozwala na podróżowanie bez limitów w ciągu jednego dnia.	地[ち]下[か]鉄[てつ]の 一[いち]日[にち]券[けん]を 買[か]いました。		[sound:hypertts-3f843540c127f533b5c55e45a88be861b4654e8dca3e1a6bef87d88e.mp3]	[sound:hypertts-f326c0f3f22f3720bcac72c5ce26a4a701da66e66a57488c1f597e3f.mp3]		
1781614251703	1781614699	Doki Doki2-13	販売機	販[はん]売[ばい]機[き]	はんばいき	hanbaiki	automat	販売機で飲み物を買います。	Kupuję napój w automacie.			rzeczownik. Skrót od &#x27;jidōhanbaiki&#x27; (automat sprzedający).	販[はん]売[ばい]機[き]で 飲[の]み 物[もの]を 買[か]います。		[sound:hypertts-38bf75a3cb262ec7d7393f2c0dc5a20db81b51e347802fe1850ef20a.mp3]	[sound:hypertts-0ed674633753966e5294d454777ec226cc9b771f22ebccebfd769157.mp3]	[sound:販売機_ハンバイキ_JapanesePod101.mp3]	"""<span style=""""box-shadow: inset -2px -2px 0 0 #FF6633;"""">ハ</span><span style=""""box-shadow: inset -2px 2px 0 0px #FF6633;"""">ンバ</span><span style=""""box-shadow: inset 0px -2px 0 0px #FF6633;"""">イキ</span> <span class=""""pitch_number"""">3</span>"""
1781614251704	1781614701	Doki Doki2-13	有効化	有[ゆう]効[こう]化[か]	ゆうこうか	yūkōka	aktywacja	カードの有効化をお願いします。	Proszę o aktywację karty.			rzeczownik / rzeczownik suru. Proces uruchamiania usługi lub karty.	カードの 有[ゆう]効[こう]化[か]をお 願[ねが]いします。		[sound:hypertts-34afaaaedb7580449af89c2a311dd44f5e792dcf14c07282496ffaf1.mp3]	[sound:hypertts-486fc9eed8620bc1d7be71aa2d1a8834def0c159f422c7beae709bc1.mp3]		"""<span style=""""box-shadow: inset -2px -2px 0 0 #FF6633;"""">ユ</span><span style=""""box-shadow: inset 0px 2px 0 0px #FF6633;"""">ウコウカ</span> <span class=""""pitch_number"""">0</span>"""
1781614251705	1791200983	Doki Doki2-13	小麦粉	小[こ]麦[むぎ]粉[こ]	こむぎこ	komugiko	mąka	スーパーで小麦粉を買いました。	Kupiłem mąkę pszenną w supermarkecie.			rzeczownik. Składa się ze znaków 'mały', 'pszenica' i 'proszek'.	スーパーで 小[こ]麦[むぎ]粉[こ]を 買[か]いました。		[sound:hypertts-95731484487005c17110c7415884ea59e5499bae9d4f569b73443af9.mp3]	[sound:hypertts-0551bc28c52fef66b86a96c08f43954f581343afac9c23d858221005.mp3]	[sound:小麦粉_コムキ゚コ━_0_NHK-2016.mp3]	"""<span style=""""box-shadow: inset -2px -2px 0 0 #FF6633;"""">コ</span><span style=""""box-shadow: inset 0px 2px 0 0px #FF6633;"""">ムキ<span style=""""color: red;"""">°</span>コ</span> <span class=""""pitch_number"""">0</span>"""
1781614251706	1781614704	Doki Doki2-13	経由	経[けい]由[ゆ]	けいゆ	keiyu	 (przejeżdżać) przez	ドイツ経由で日本へ行きます。	Lecę do Japonii przez Niemcy.			rzeczownik / rzeczownik suru. Oznacza punkt tranzytowy lub drogę pośrednią.	ドイツ 経[けい]由[ゆ]で 日[に]本[ほん]へ 行[い]きます。		[sound:hypertts-01adf982809b26f56d37f102b1564762978bfc961f6a93c33fbf75d0.mp3]	[sound:hypertts-6ef4f764ae2b439c9fe36061efb9925618998c2b29f48aad55b305cd.mp3]	[sound:経由_ケーユ━_0_NHK-2016.mp3] [sound:経由_ケ＼ーユ_1_NHK-2016.mp3]	"""<span style=""""box-shadow: inset -2px -2px 0 0 #FF6633;"""">ケ</span><span style=""""box-shadow: inset 0px 2px 0 0px #FF6633;"""">イユ</span> <span class=""""pitch_number"""">0</span>, <span style=""""box-shadow: inset -2px 2px 0 0px #FF6633;"""">ケ</span><span style=""""box-shadow: inset 0px -2px 0 0px #FF6633;"""">イユ</span> <span class=""""pitch_number"""">1</span>"""
1781614251707	1781614705	Doki Doki2-13	臭い	臭[くさ]い	くさい	kusai	śmierdzący	このゴミはとても臭いです。	Te śmieci bardzo śmierdzą.			i-przymiotnik. Oznacza nieprzyjemny zapach.	このゴミはとても 臭[くさ]いです。		[sound:hypertts-0198fd41c3de0889590d520933cdf89d9aeb6eaa9c0a9319ba692750.mp3]	[sound:hypertts-140cb52aa4bcae267993cea2a9008caa4771146fa396e8bbe967df50.mp3]	[sound:臭い_クサ＼イ_2_NHK-2016.mp3]	"""<span style=""""box-shadow: inset -2px -2px 0 0 #FF6633;""""><span style=""""color: royalblue;"""">ク</span></span><span style=""""box-shadow: inset -2px 2px 0 0px #FF6633;"""">サ</span><span style=""""box-shadow: inset 0px -2px 0 0px #FF6633;"""">イ</span> <span class=""""pitch_number"""">2</span>"""
1781614251708	1781614707	Doki Doki2-13	いい匂い	いい 匂[にお]い	いいにおい	ii nioi	ładny zapach	台所からいい匂いがします。	Z kuchni dochodzi ładny zapach.			wyrażenie. Składa się z przymiotnika &#x27;ii&#x27; (dobry) i rzeczownika &#x27;nioi&#x27; (zapach).	台[だい]所[どころ]からいい 匂[にお]いがします。		[sound:hypertts-1b305ce385464f648784bd2f0e8c4db30ad21ab38e11f583cfa02ce8.mp3]	[sound:hypertts-56bedb0218bd0feecd3eee95f70f5c683e622962c51887b85df47cd8.mp3]		
1781614251709	1781614709	Doki Doki2-13	熱心	熱[ねっ]心[しん]	ねっしん	nesshin	entuzjastyczny	山田さんは熱心な先生です。	Pan Yamada jest entuzjastycznym nauczycielem.			na-przymiotnik. Oznacza zaangażowanie i zapał do czegoś.	山[やま]田[だ]さんは 熱[ねっ]心[しん]な 先[せん]生[せい]です。		[sound:hypertts-7a341c25c26d97071d2295fe1e656a68e30601732d9ddb363802c595.mp3]	[sound:hypertts-5f727f725851452af23fdc7593b5c8b50e8ff7bba06ace21b4337f26.mp3]	[sound:熱心_ネ＼ッシン_1_NHK-2016.mp3] [sound:熱心_ネッシ＼ン_3_NHK-2016.mp3]	"""<span style=""""box-shadow: inset -2px 2px 0 0px #FF6633;"""">ネ</span><span style=""""box-shadow: inset 0px -2px 0 0px #FF6633;"""">ッシン</span> <span class=""""pitch_number"""">1</span>, <span style=""""box-shadow: inset -2px -2px 0 0 #FF6633;"""">ネ</span><span style=""""box-shadow: inset -2px 2px 0 0px #FF6633;"""">ッシ</span><span style=""""box-shadow: inset 0px -2px 0 0px #FF6633;"""">ン</span> <span class=""""pitch_number"""">3</span>"""
1781614251710	1781614710	Doki Doki2-13	不真面目	不[ふ]真[ま]面[じ]目[め]	ふまじめ	fumajime	lekkomyślny	授業中、不真面目な学生がいます。	Podczas zajęć są lekkomyślni (niesumienni) studenci.			na-przymiotnik. Przeciwieństwo słowa &#x27;majime&#x27; (poważny/sumienny).	授[じゅ]業[ぎょう]中[ちゅう]、 不[ふ]真[ま]面[じ]目[め]な 学[がく]生[せい]がいます。		[sound:hypertts-349cf388f2dc843590c3f13d6f59f35d878704729e22821ebc10e1e9.mp3]	[sound:hypertts-31e0e12f5fa1fb8784093e4ec729998c719760baa1f93cd11be6476e.mp3]	[sound:不真面目_フマ＼ジメ_2_NHK-2016.mp3]	"""<span style=""""box-shadow: inset -2px -2px 0 0 #FF6633;"""">フ</span><span style=""""box-shadow: inset -2px 2px 0 0px #FF6633;"""">マ</span><span style=""""box-shadow: inset 0px -2px 0 0px #FF6633;"""">ジメ</span> <span class=""""pitch_number"""">2</span>"""
1781614251711	1781614712	Doki Doki2-13	集める	集[あつ]める	あつめる	atsumeru	zbierać	切手を集めるのが趣味です。	Moim hobby jest zbieranie znaczków.	集[あつ]めます	集[あつ]めません	czasownik gr. 2. Tranzytywny (zbierać coś, gromadzić).	切[きっ]手[て]を 集[あつ]めるのが 趣[しゅ]味[み]です。		[sound:hypertts-14454e1d68fe07f1949f36c95623bc5cba9d53ac3d9487e606c9a08b.mp3]	[sound:hypertts-d39ef2b1f5273851647abbf99d85a19b4e4926fc9555dc815579fac0.mp3]	[sound:集める_アツメ＼ル_3_NHK-2016.mp3]	"""<span style=""""box-shadow: inset -2px -2px 0 0 #FF6633;"""">ア</span><span style=""""box-shadow: inset -2px 2px 0 0px #FF6633;"""">ツメ</span><span style=""""box-shadow: inset 0px -2px 0 0px #FF6633;"""">ル</span> <span class=""""pitch_number"""">3</span>"""
1781614251712	1781614951	Doki Doki2-13	動く	動[うご]く	うごく	ugoku	ruszać się	この機械は動きません。	Ta maszyna się nie rusza (nie działa).	動[うご]きます	動[うご]きません	czasownik gr. 1. Niezależny ruch przedmiotu lub osoby.	この 機[き]械[かい]は 動[うご]きません。		[sound:hypertts-c2ab38a7a599fa3dfd78c0dc0eb3b8962e9e5a2e586d7928ce770b07.mp3]	[sound:hypertts-985eb0216ab7eabcfb8956be8595c9fcbf001821c5757a72a33fc5ab.mp3]	[sound:動く_ウコ゚＼ク_2_NHK-2016.mp3]	"""<span style=""""box-shadow: inset -2px -2px 0 0 #FF6633;"""">ウ</span><span style=""""box-shadow: inset -2px 2px 0 0px #FF6633;"""">コ<span style=""""color: red;"""">°</span></span><span style=""""box-shadow: inset 0px -2px 0 0px #FF6633;"""">ク</span> <span class=""""pitch_number"""">2</span>"""
1781614251715	1781614954	Doki Doki2-13	逃げる	逃[に]げる	にげる	nigeru	uciekać	泥棒が逃げました。	Złodziej uciekł.	逃[に]げます	逃[に]げません	czasownik gr. 2. Oznacza ucieczkę od niebezpieczeństwa lub problemu.	泥[どろ]棒[ぼう]が 逃[に]げました。		[sound:hypertts-f4de338ab6685d2cff4e914affd4c71412c0534db4eb50a2a25261e1.mp3]	[sound:hypertts-530f3125c27255a178574099400782689580ceef0f3515ba76643e0b.mp3]	[sound:逃げる_ニケ゚＼ル_2_NHK-2016.mp3]	"""<span style=""""box-shadow: inset -2px -2px 0 0 #FF6633;"""">ニ</span><span style=""""box-shadow: inset -2px 2px 0 0px #FF6633;"""">ケ<span style=""""color: red;"""">°</span></span><span style=""""box-shadow: inset 0px -2px 0 0px #FF6633;"""">ル</span> <span class=""""pitch_number"""">2</span>"""
1781614251716	1781614716	Doki Doki2-13	寝坊する	寝[ね]坊[ぼう]する	ねぼうする	nebōsuru	zaspać	今朝、寝坊しました。	Dziś rano zaspałem.	寝[ね]坊[ぼう]します	寝[ね]坊[ぼう]しません	czasownik gr. 3. Oznacza przypadkowe przedłużenie snu i bycie spóźnionym.	今[け]朝[さ]、 寝[ね]坊[ぼう]しました。		[sound:hypertts-610b3424706ba232e9d00b6dec3c03d96aeca53e8de0a5090211c65a.mp3]	[sound:hypertts-acc223932b605b3bfd1b8b239139dd3217efc6aeec6692fb8cb868c2.mp3]	[sound:寝坊する_ネボウスル_TAAS.mp3] [sound:寝坊する_ネボウスル_TAAS(1).mp3]	"""<span style=""""box-shadow: inset -2px -2px 0 0 #FF6633;"""">ネ</span><span style=""""box-shadow: inset 0px 2px 0 0px #FF6633;"""">ボウスル</span> <span class=""""pitch_number"""">0</span>"""
1781614251717	1781614718	Doki Doki2-13	貯める	貯[た]める	ためる	tameru	oszczędzać	車を買うために、お金を貯めます。	Oszczędzam pieniądze, aby kupić samochód.	貯[た]めます	貯[た]めません	czasownik gr. 2. Odnosi się do odkładania pieniędzy lub gromadzenia zasobów.	車[くるま]を 買[か]うために、お 金[かね]を 貯[た]めます。		[sound:hypertts-b194ceeec095bd91794d013f79907c977d8c37bb96e71f1866d75ee7.mp3]	[sound:hypertts-022419cd48a00148a147d7f271400869691854a35562faf26b84e2e1.mp3]	[sound:貯める_タメル━_0_NHK-1998.mp3]	"""<span style=""""box-shadow: inset -2px -2px 0 0 #FF6633;"""">タ</span><span style=""""box-shadow: inset 0px 2px 0 0px #FF6633;"""">メル</span> <span class=""""pitch_number"""">0</span>"""
1781614251718	1781614720	Doki Doki2-13	注文する	注[ちゅう]文[もん]する	ちゅうもんする	chūmonsuru	zamówić	レストランでピザを注文します。	Zamawiam pizzę w restauracji.	注[ちゅう]文[もん]します	注[ちゅう]文[もん]しません	czasownik gr. 3. Oznacza zamawianie jedzenia lub towarów.	レストランでピザを 注[ちゅう]文[もん]します。		[sound:hypertts-9db4c47cdfe0a1c90fe8d041eccf30ab13b001fe0dd306cb00543a02.mp3]	[sound:hypertts-62c84a00c8de17b7937d7ca12ee0b59853ee835f5c8b1858628061a9.mp3]	[sound:注文する_チュウモンスル_TAAS.mp3] [sound:注文する_チュウモンスル_TAAS(1).mp3]	"""<span style=""""box-shadow: inset -2px -2px 0 0 #FF6633;"""">チュ</span><span style=""""box-shadow: inset 0px 2px 0 0px #FF6633;"""">ウモンスル</span> <span class=""""pitch_number"""">0</span>"""
1781614251719	1781614989	Doki Doki2-13	茹でる	茹[ゆ]でる	ゆでる	yuderu	gotować we wrzątku, gotować wodę	鍋で卵を茹でます。	Gotuję jajko w garnku.	茹[ゆ]でます	茹[ゆ]でません	czasownik gr. 2. Uwaga: &quot;茹でる&quot; oznacza gotowanie żywności (np. jajek, makaronu) we wrzątku. Do gotowania samej wody używa się wyrażenia &quot;お湯を沸かす&quot;. Słowo często zapisywane samą hiraganą.	鍋[なべ]で 卵[たまご]を 茹[ゆ]でます。		[sound:hypertts-43121c158899a045adef719367813bd1dd401415a237fca0b08027ca.mp3]	[sound:hypertts-824c346098b8307bd9707db7ede1ab2acccf47ee2be0a668e49dd9b0.mp3]	[sound:茹でる_ユデ＼ル_2_NHK-1998.mp3]	"""<span style=""""box-shadow: inset -2px -2px 0 0 #FF6633;"""">ユ</span><span style=""""box-shadow: inset -2px 2px 0 0px #FF6633;"""">デ</span><span style=""""box-shadow: inset 0px -2px 0 0px #FF6633;"""">ル</span> <span class=""""pitch_number"""">2</span>"""
1781614251720	1781614723	Doki Doki2-13	起こす	起[お]こす	おこす	okosu	budzić kogoś	毎朝、六時に子供を起こします。	Każdego ranka budzę dziecko o szóstej.	起[お]こします	起[お]こしません	czasownik gr. 1. Tranzytywny (budzić kogoś)	 przeciwieństwo intransytywnego &#x27;okiru&#x27; (budzić się).		[sound:hypertts-066216c00543d76ef844d90d70a73924f8b34f29773ea8e6b6d7776c.mp3]	[sound:hypertts-a20f3c01c53734daab29ab0677217de2acd8efe92c12b1c32281d2b4.mp3]	[sound:起こす_オコ＼ス_2_NHK-2016.mp3]	"""<span style=""""box-shadow: inset -2px -2px 0 0 #FF6633;"""">オ</span><span style=""""box-shadow: inset -2px 2px 0 0px #FF6633;"""">コ</span><span style=""""box-shadow: inset 0px -2px 0 0px #FF6633;"""">ス</span> <span class=""""pitch_number"""">2</span>"""
1781614251724	1781614725	Doki Doki2-13	ハムスター	ハムスター	ハムスター	hamusutā	chomik	ペットショップでハムスターを買いました。	Kupiłem chomika w sklepie zoologicznym.			rzeczownik. Zapożyczenie (hamster), zapisywane w katakanie.	ペットショップでハムスターを 買[か]いました。		[sound:hypertts-1095f62d10fe1114e6002450b83d8579e0f81a643f238970011ce847.mp3]	[sound:hypertts-5ef600c0847f9c816215fb980eb0cb9b54815b5cad88f2a3893a5b6a.mp3]	[sound:ハムスター_ハ＼ムスター_1_NHK-2016.mp3] [sound:ハムスター_ハム＼スター_2_NHK-2016.mp3]	"""<span style=""""box-shadow: inset -2px 2px 0 0px #FF6633;"""">ハ</span><span style=""""box-shadow: inset 0px -2px 0 0px #FF6633;"""">ム<span style=""""color: royalblue;"""">ス</span>ター</span> <span class=""""pitch_number"""">1</span>, <span style=""""box-shadow: inset -2px 2px 0 0px #FF6633;"""">ハ</span><span style=""""box-shadow: inset 0px -2px 0 0px #FF6633;"""">ムスター</span> <span class=""""pitch_number"""">1</span>, <span style=""""box-shadow: inset -2px -2px 0 0 #FF6633;"""">ハ</span><span style=""""box-shadow: inset -2px 2px 0 0px #FF6633;"""">ム</span><span style=""""box-shadow: inset 0px -2px 0 0px #FF6633;""""><span style=""""color: royalblue;"""">ス</span>ター</span> <span class=""""pitch_number"""">2</span>"""
1781614251725	1781614999	Doki Doki2-13	とかげ	とかげ	とかげ	tokage	jaszczurka	庭でとかげを見つけました。	Znalazłem jaszczurkę w ogrodzie.			rzeczownik. Zapisywane głównie w hiraganie lub katakanie. Istnieje kanji (蜥蜴), ale obecnie używa się go rzadko.	庭[にわ]でとかげを 見[み]つけました。		[sound:hypertts-c1973cc82a19b34537cd37d070544bd7357e5667cd7a5269f6004582.mp3]	[sound:hypertts-ee0eec8532b77a3313c868ab460a29c08089ed34d2d9910e26e298ee.mp3]	[sound:とかげ_トカケ゚━_0_NHK-2016.mp3]	"""<span style=""""box-shadow: inset -2px -2px 0 0 #FF6633;"""">ト</span><span style=""""box-shadow: inset 0px 2px 0 0px #FF6633;"""">カケ<span style=""""color: red;"""">°</span></span> <span class=""""pitch_number"""">0</span>, <span style=""""box-shadow: inset -2px -2px 0 0 #FF6633;"""">ト</span><span style=""""box-shadow: inset 0px 2px 0 0px #FF6633;"""">カゲ</span> <span class=""""pitch_number"""">0</span>"""
1781614251726	1781614728	Doki Doki2-13	針鼠	針[はり]鼠[ねずみ]	はりねずみ	harinezumi	jeż	森に針鼠が住んでいます。	W lesie mieszka jeż.			rzeczownik. Oznacza dosłownie &quot;iglastą mysz&quot;. Słowo posiada kanji, ale na co dzień używa się najczęściej hiragany lub katakany.	森[もり]に 針[はり]鼠[ねずみ]が 住[す]んでいます。		[sound:hypertts-ebe0c9ce085dab7bf86cd8c13084654596d23760b442e53b9f85a5b9.mp3]	[sound:hypertts-6f57faaf8b2773db82e996c78168ed665ef433195e08adc77b2685db.mp3]	[sound:針鼠_ハリネ＼ズミ_3_NHK-2016.mp3]	"""<span style=""""box-shadow: inset -2px -2px 0 0 #FF6633;"""">ハ</span><span style=""""box-shadow: inset -2px 2px 0 0px #FF6633;"""">リネ</span><span style=""""box-shadow: inset 0px -2px 0 0px #FF6633;"""">ズミ</span> <span class=""""pitch_number"""">3</span>"""
1781614251728	1781614730	Doki Doki2-13	モルモット	モルモット	モルモット	morumotto	świnka morska	モルモットは野菜を食べます。	Świnka morska je warzywa.			rzeczownik. Zapożyczenie pochodzące od słowa marmot, stosowane jako nazwa świnki morskiej.	モルモットは 野[や]菜[さい]を 食[た]べます。		[sound:hypertts-6db4dec9067207a670bada5a6a53d518bd2041abe236bbd1847771a8.mp3]	[sound:hypertts-2bdf8d5dd59f375f0d795b2cb95cd1b423072069da9ad2ba868deffe.mp3]	[sound:モルモット_モルモ＼ット_3_NHK-2016.mp3]	"""<span style=""""box-shadow: inset -2px -2px 0 0 #FF6633;"""">モ</span><span style=""""box-shadow: inset -2px 2px 0 0px #FF6633;"""">ルモ</span><span style=""""box-shadow: inset 0px -2px 0 0px #FF6633;"""">ット</span> <span class=""""pitch_number"""">3</span>"""
1781614251729	1781614731	Doki Doki2-13	鯉	鯉[こい]	こい	koi	karp	池で鯉が泳いでいます。	Karp pływa w stawie.			rzeczownik. Tradycyjna ryba ozdobna w Japonii.	池[いけ]で 鯉[こい]が 泳[およ]いでいます。		[sound:hypertts-16487e390210ba1047ccfe6db9a3100b723d20d60f54fbd9034b0126.mp3]	[sound:hypertts-caab58c432f3bf1fc415b11172c30804d6dbd0c0de62cd463bb44410.mp3]	[sound:鯉_コ＼イ_1_NHK-2016.mp3]	"""<span style=""""box-shadow: inset -2px 2px 0 0px #FF6633;"""">コ</span><span style=""""box-shadow: inset 0px -2px 0 0px #FF6633;"""">イ</span> <span class=""""pitch_number"""">1</span>"""
1781614251732	1781614733	Doki Doki2-13	フォーク	フォーク	フォーク	fōku	widelec	フォークでケーキを食べます。	Jem ciasto widelcem.			rzeczownik. Zapożyczenie (fork).	フォークでケーキを 食[た]べます。		[sound:hypertts-e8100670dc9e4dc804542b56867f134ce5f2df495b897d3507ada964.mp3]	[sound:hypertts-acc5ac8de79df4be9fb6f4a9dd7a857829b0a57d665c868c943c6ac6.mp3]	[sound:フォーク_フォ＼ーク_1_NHK-2016.mp3]	"""<span style=""""box-shadow: inset -2px 2px 0 0px #FF6633;"""">フォ</span><span style=""""box-shadow: inset 0px -2px 0 0px #FF6633;"""">ーク</span> <span class=""""pitch_number"""">1</span>"""
1781614251733	1781614734	Doki Doki2-13	ナイフ	ナイフ	ナイフ	naifu	nóż	ナイフで肉を切ります。	Kroję mięso nożem.			rzeczownik. Zapożyczenie (knife).	ナイフで 肉[にく]を 切[き]ります。		[sound:hypertts-89a3e129db64241ce39ea7aae0353f1253cb4c83e934364daf7831c1.mp3]	[sound:hypertts-24cae6716bfc38460095eed9562fe1434fc099b93bffd4188c858e0e.mp3]	[sound:ナイフ_ナ＼イフ_1_NHK-2016.mp3]	"""<span style=""""box-shadow: inset -2px 2px 0 0px #FF6633;"""">ナ</span><span style=""""box-shadow: inset 0px -2px 0 0px #FF6633;"""">イフ</span> <span class=""""pitch_number"""">1</span>"""
1781614251734	1781614736	Doki Doki2-13	スプーン	スプーン	スプーン	supūn	łyżka	スプーンでスープを飲みます。	Piję zupę łyżką.			rzeczownik. Zapożyczenie (spoon).	スプーンでスープを 飲[の]みます。		[sound:hypertts-4bda41ccaebfd3eab86ab5d3a178b995fb7adc84d9d9fe93ea9e9025.mp3]	[sound:hypertts-ca1e65b210ab9b62a4cbe4cb71ed2e5b08a5987be6ea41f3b3b56e18.mp3]	[sound:スプーン_スプ＼ーン_2_NHK-2016.mp3]	"""<span style=""""box-shadow: inset -2px -2px 0 0 #FF6633;""""><span style=""""color: royalblue;"""">ス</span></span><span style=""""box-shadow: inset -2px 2px 0 0px #FF6633;"""">プ</span><span style=""""box-shadow: inset 0px -2px 0 0px #FF6633;"""">ーン</span> <span class=""""pitch_number"""">2</span>"""
1781614251735	1781614738	Doki Doki2-13	お椀	お 椀[わん]	おわん	owan	miska (np. na zupę miso)	お椀に味噌汁を入れます。	Wlewam zupę miso do miski.			rzeczownik. Tradycyjna japońska miseczka z drewna lub laku do zup.	お 椀[わん]に 味[み]噌[そ]汁[しる]を入[い]れます。		[sound:hypertts-a034656e4385cb68f811322d550a1536916536f184f1cee3c9fd0494.mp3]	[sound:hypertts-6106a02a0ff44e71f38b34a8b014d5d6cae8c6affde8ccbc9ec6a0cf.mp3]	[sound:おわん_オワン_JapanesePod101.mp3] [sound:おわん_オワン_JapanesePod101(1).mp3]	
1781614251736	1781614739	Doki Doki2-13	箸置き	箸[はし]置[お]き	はしおき	hashioki	podstawka pod pałeczki	テーブルに箸置きを置きます。	Kładę podstawkę pod pałeczki na stole.			rzeczownik. Mały przedmiot na stole ułatwiający odłożenie pałeczek bez brudzenia blatu.	テーブルに 箸[はし]置[お]きを 置[お]きます。		[sound:hypertts-778eb5c06235908db797b7310e29c71f4de09ebe3330ec0d98257104.mp3]	[sound:hypertts-53500768381ccae8131ad915b514907b379961fb6141184a5f1a9c4d.mp3]	[sound:箸置き_ハシオキ━_0_NHK-2016.mp3] [sound:箸置き_ハシ＼オキ_2_NHK-2016.mp3] [sound:箸置き_ハシオ＼キ_3_NHK-2016.mp3]	"""<span style=""""box-shadow: inset -2px -2px 0 0 #FF6633;"""">ハ</span><span style=""""box-shadow: inset 0px 2px 0 0px #FF6633;"""">シオキ</span> <span class=""""pitch_number"""">0</span>, <span style=""""box-shadow: inset -2px -2px 0 0 #FF6633;"""">ハ</span><span style=""""box-shadow: inset -2px 2px 0 0px #FF6633;"""">シ</span><span style=""""box-shadow: inset 0px -2px 0 0px #FF6633;"""">オキ</span> <span class=""""pitch_number"""">2</span>, <span style=""""box-shadow: inset -2px -2px 0 0 #FF6633;"""">ハ</span><span style=""""box-shadow: inset -2px 2px 0 0px #FF6633;"""">シオ</span><span style=""""box-shadow: inset 0px -2px 0 0px #FF6633;"""">キ</span> <span class=""""pitch_number"""">3</span>"""
1781614251737	1781614741	Doki Doki2-13	つまようじ	つまようじ	つまようじ	tsumayōji	wykałaczka	食事の後に、つまようじを使います。	Po posiłku używam wykałaczki.			rzeczownik. Zapisywany przeważnie hiraganą (rzadko z użyciem kanji 爪楊枝).	食[しょく]事[じ]の 後[あと]に、つまようじを 使[つか]います。		[sound:hypertts-d19be0327d87e569b65d5f1d1e573ab79ad8445cfc9383ce6a5f1577.mp3]	[sound:hypertts-431e0766d1844a8c401b5621ca99e306ef92ff75476d9cda06c08ec1.mp3]	[sound:つまようじ_ツマヨ＼ージ_3_NHK-2016.mp3]	"""<span style=""""box-shadow: inset -2px -2px 0 0 #FF6633;"""">ツ</span><span style=""""box-shadow: inset -2px 2px 0 0px #FF6633;"""">マヨ</span><span style=""""box-shadow: inset 0px -2px 0 0px #FF6633;"""">ージ</span> <span class=""""pitch_number"""">3</span>, <span style=""""box-shadow: inset -2px -2px 0 0 #FF6633;"""">ツ</span><span style=""""box-shadow: inset -2px 2px 0 0px #FF6633;"""">マヨ</span><span style=""""box-shadow: inset 0px -2px 0 0px #FF6633;"""">ウジ</span> <span class=""""pitch_number"""">3</span>"""
1781614251738	1781614743	Doki Doki2-13	タンブラー	タンブラー	タンブラー	tanburā	kubek termiczny / tumbler	タンブラーにコーヒーを入れます。	Wlewam kawę do kubka termicznego.			rzeczownik. Zapożyczenie z języka angielskiego.	タンブラーにコーヒーを入[い]れます。		[sound:hypertts-f52ad5e5adce8f6a502deb916d027a1ae23a5cc26ea4f698bf704205.mp3]	[sound:hypertts-81613a84f486cde391c0c967e6be75e150ef38c805271e0cda96fa9a.mp3]	[sound:タンブラー_タ＼ンブラー_1_NHK-2016.mp3]	"""<span style=""""box-shadow: inset -2px 2px 0 0px #FF6633;"""">タ</span><span style=""""box-shadow: inset 0px -2px 0 0px #FF6633;"""">ンブラー</span> <span class=""""pitch_number"""">1</span>"""
1781614251739	1781614744	Doki Doki2-13	弁当箱	弁[べん]当[とう]箱[ばこ]	べんとうばこ	bentōbako	pudełko bento	新しい弁当箱を買いました。	Kupiłem nowe pudełko bento.			rzeczownik. Pudełko na posiłek wynosowy. Ulega zjawisku rendaku (hako -&gt; bako).	新[あたら]しい 弁[べん]当[とう]箱[ばこ]を 買[か]いました。		[sound:hypertts-8051a0d11cca55915ec482ec896d500cc3cdc89c9118a5cbec094dcc.mp3]	[sound:hypertts-d48e2ca209ebdb63d3b75161af01c0fd32f44f0f2028e0784dfb3f9f.mp3]	[sound:弁当箱_ベント＼ーバコ_3_NHK-2016.mp3]	"""<span style=""""box-shadow: inset -2px -2px 0 0 #FF6633;"""">ベ</span><span style=""""box-shadow: inset -2px 2px 0 0px #FF6633;"""">ント</span><span style=""""box-shadow: inset 0px -2px 0 0px #FF6633;"""">ーバコ</span> <span class=""""pitch_number"""">3</span>"""
1781614251740	1781614746	Doki Doki2-13	紙コップ	紙[かみ]コップ	かみコップ	kamikoppu	papierowy kubek	パーティーで紙コップを使います。	Na imprezie używamy papierowych kubków.			rzeczownik. Złożenie z japońskiego &quot;kami&quot; (papier) i zapożyczenia &quot;koppu&quot; (kubek).	パーティーで 紙[かみ]コップを 使[つか]います。		[sound:hypertts-af7a88813457464d42f8144f90d88971d91601c5437122c725df3c4a.mp3]	[sound:hypertts-2ed3969d74963392895b8c6a8498bcdc0e7569bf568619f59cc0cd1d.mp3]	[sound:紙コップ_カミコ＼ップ_3_NHK-2016.mp3]	"""<span style=""""box-shadow: inset -2px -2px 0 0 #FF6633;"""">カ</span><span style=""""box-shadow: inset -2px 2px 0 0px #FF6633;"""">ミコ</span><span style=""""box-shadow: inset 0px -2px 0 0px #FF6633;"""">ップ</span> <span class=""""pitch_number"""">3</span>"""
1781614251741	1781614748	Doki Doki2-13	割りばし	割[わ]りばし	わりばし	waribashi	jednorazowe pałeczki	コンビニで割りばしをもらいました。	Dostałem jednorazowe pałeczki w sklepie convenience.			rzeczownik. Drewniane pałeczki, które należy rozłamać przed użyciem.	コンビニで 割[わ]りばしをもらいました。		[sound:hypertts-ce3ec9eeccfb78ca285e2fe3df0db2c6f96da07a3713bd1c8fd6c6b0.mp3]	[sound:hypertts-c5ba96c616c3c033e06eca2de1003a604d152773c693e843aae49cfe.mp3]	[sound:割りばし_ワリバシ━_0_NHK-2016.mp3] [sound:割りばし_ワリバ＼シ_3_NHK-2016.mp3]	"""<span style=""""box-shadow: inset -2px -2px 0 0 #FF6633;"""">ワ</span><span style=""""box-shadow: inset 0px 2px 0 0px #FF6633;"""">リバシ</span> <span class=""""pitch_number"""">0</span>, <span style=""""box-shadow: inset -2px -2px 0 0 #FF6633;"""">ワ</span><span style=""""box-shadow: inset -2px 2px 0 0px #FF6633;"""">リバ</span><span style=""""box-shadow: inset 0px -2px 0 0px #FF6633;"""">シ</span> <span class=""""pitch_number"""">3</span>"""
1781614251742	1781614749	Doki Doki2-13	茶碗	茶[ちゃ]碗[わん]	ちゃわん	chawan	miseczka na ryż / filiżanka do herbaty	茶碗にご飯をよそいます。	Nakładam ryż do miseczki.			rzeczownik. Służy przeważnie do serwowania białego ryżu lub zielonej herbaty.	茶[ちゃ]碗[わん]にご 飯[はん]をよそいます。		[sound:hypertts-6c3cc321c9bb299bc2d5f3cd29762c2af8affea15eb15650b60e13ac.mp3]	[sound:hypertts-cf2b51c98899e49eca313c5d8dd4e7381173a0232bcfaeef8b61be88.mp3]	[sound:茶碗_チャワン━_0_NHK-2016.mp3]	"""<span style=""""box-shadow: inset -2px -2px 0 0 #FF6633;"""">チャ</span><span style=""""box-shadow: inset 0px 2px 0 0px #FF6633;"""">ワン</span> <span class=""""pitch_number"""">0</span>"""
1781614251743	1781614751	Doki Doki2-13	急須	急[きゅう]須[す]	きゅうす	kyūsu	czajniczek do herbaty	急須でお茶をいれます。	Parzę herbatę w czajniczku.			rzeczownik. Tradycyjny czajniczek japoński z bocznym uchwytem używany do zielonej herbaty.	急[きゅう]須[す]でお 茶[ちゃ]をいれます。		[sound:hypertts-7828f0608fa5ca6b99468b00b89a82fa89b893fc338bbd5fd1e2e916.mp3]	[sound:hypertts-81b88cf62171168a8da44357fbe4a43eed60f9b7c73fa13a549c6508.mp3]	[sound:急須_キュース━_0_NHK-2016.mp3]	"""<span style=""""box-shadow: inset -2px -2px 0 0 #FF6633;"""">キュ</span><span style=""""box-shadow: inset 0px 2px 0 0px #FF6633;"""">ース</span> <span class=""""pitch_number"""">0</span>"""
1781614251745	1781614752	Doki Doki2-13	グラス	グラス	グラス	gurasu	kieliszek / szklanka (do zimnych napojów)	グラスでワインを飲みます。	Piję wino z kieliszka.			rzeczownik. Zapożyczenie (glass), najczęściej używane w kontekście szklanych naczyń na zimne napoje lub alkohol.	グラスでワインを 飲[の]みます。		[sound:hypertts-3f4034ab4fc345c9727c4bcc66220d7e6b3ff73c287a14cfee7f2ccf.mp3]	[sound:hypertts-6f01a35f292592cc6b57d178ef00294f0d9884654ac383d54cfa8d64.mp3]	[sound:グラス_グラス━_0_NHK-2016.mp3] [sound:グラス_グ＼ラス_1_NHK-2016.mp3]	"""<span style=""""box-shadow: inset -2px 2px 0 0px #FF6633;"""">グ</span><span style=""""box-shadow: inset 0px -2px 0 0px #FF6633;"""">ラス</span> <span class=""""pitch_number"""">1</span>"""
1781683050038	1790432633	Doki Doki2-7 leech	社会	社[しゃ]会[かい]	しゃかい	shakai	społeczeństwo	私は社会について勉強します。	Uczę się o społeczeństwie.			rzeczownik. Oznacza społeczeństwo, świat lub wiedzę o społeczeństwie (jako przedmiot).	私[わたし]は 社[しゃ] 会[かい]について 勉[べん] 強[きょう]します。		[sound:hypertts-bee7acd6fe9f6cafcb137e832396fa05023eccc02c5d8d878360d012.mp3]	[sound:hypertts-1ed5faf8ef6cb8d16f30147a0cf3d1c4c9770dd1e5bcf8b66047ae05.mp3]	[sound:社会_シャ＼カイ_1_NHK-2016.mp3]	"""<span style=""""box-shadow: inset -2px 2px 0 0px #FF6633;"""">シャ</span><span style=""""box-shadow: inset 0px -2px 0 0px #FF6633;"""">カイ</span> <span class=""""pitch_number"""">1</span>"""
1781683050039	1781684098	Doki Doki2-7	最高	最[さい]高[こう]	さいこう	saikō	najlepszy	この映画は最高です。	Ten film jest najlepszy.			rzeczownik / na-przymiotnik. Oznacza coś wspaniałego, najlepszego lub szczytowego (np. o doświadczeniu lub uczuciu).	この 映[えい] 画[が]は 最[さい] 高[こう]です。		[sound:hypertts-af18f2bbc995be35da607e33092b10f59d126af9f8b9127f4b5f0516.mp3]	[sound:hypertts-7c8d8f147ffc4a017cfee86c8f0480652df98e8bfe35ae00afd1dc26.mp3]	[sound:最高_サイコー━_0_NHK-2016.mp3]	"""<span style=""""box-shadow: inset -2px -2px 0 0 #FF6633;"""">サ</span><span style=""""box-shadow: inset 0px 2px 0 0px #FF6633;"""">イコー</span> <span class=""""pitch_number"""">0</span>"""
1781683050040	1781684105	Doki Doki2-7	レベル	レベル	レベル	reberu	poziom	日本語のレベルは高いです。	Poziom języka japońskiego jest wysoki.			rzeczownik. Zapożyczenie z języka angielskiego (level).	日[に] 本[ほん] 語[ご]のレベルは 高[たか]いです。		[sound:hypertts-b2d447d87524de9fee5e4524bd94ea8ecaa5a16f93fbb1cc0f5587e5.mp3]	[sound:hypertts-8cef1414b57fac71cd9edf98358f71d85d5f4bd7551724250c00985c.mp3]	[sound:レベル_レベル━_0_NHK-2016.mp3] [sound:レベル_レ＼ベル_1_NHK-2016.mp3]	"""<span style=""""box-shadow: inset -2px -2px 0 0 #FF6633;"""">レ</span><span style=""""box-shadow: inset 0px 2px 0 0px #FF6633;"""">ベル</span> <span class=""""pitch_number"""">0</span>, <span style=""""box-shadow: inset -2px 2px 0 0px #FF6633;"""">レ</span><span style=""""box-shadow: inset 0px -2px 0 0px #FF6633;"""">ベル</span> <span class=""""pitch_number"""">1</span>"""
1781683050041	1781684115	Doki Doki2-7	何語	何[なに]語[ご]	なにご	nanigo	jaki język	友達は何語を話しますか。	W jakim języku mówi przyjaciel?			rzeczownik. Służy do pytania o to, w jakim języku się mówi lub w jakim jest coś napisane.	友[とも] 達[だち]は 何[なに] 語[ご]を 話[はな]しますか。		[sound:hypertts-e2e79c3a77a2e7881e55606e2981658fa685db933fe85ff0cfe1f5e6.mp3]	[sound:hypertts-f027869601dfda06514ec96c91d016b6496d0d5e3ebaaf49cbf8deaa.mp3]	[sound:何語_ナニゴ_JapanesePod101.mp3]	
1781683050042	1781684133	Doki Doki2-7	帰国	帰[き]国[こく]	きこく	kikoku	powrót do kraju	来月、日本から帰国します。	W przyszłym miesiącu wracam do kraju z Japonii.			rzeczownik / rzeczownik suru. Używane w kontekście powrotu do swojej ojczyzny zza granicy.	来[らい] 月[げつ]、日[に] 本[ほん]から 帰[き] 国[こく]します。		[sound:hypertts-112e7084a8355eeadf79a64c6fc2fc9a6c831d9545cd1c7a445fa9ca.mp3]	[sound:hypertts-37e25cb857550a14ec05752f82342f601ca04b2aaee934ed5b8ba32d.mp3]	[sound:帰国_キコク━_0_NHK-2016.mp3]	"""<span style=""""box-shadow: inset -2px -2px 0 0 #FF6633;""""><span style=""""color: royalblue;"""">キ</span></span><span style=""""box-shadow: inset 0px 2px 0 0px #FF6633;"""">コク</span> <span class=""""pitch_number"""">0</span>"""
1781683050043	1781684144	Doki Doki2-7	温める	温[あたた]める	あたためる	atatameru	podgrzewać	電子レンジで弁当を温めます。	Podgrzewam bento w mikrofalówce.	温[あたた]めます	温[あたた]めません	czasownik gr. 2. Tranzytywny (podgrzewać coś). Do podgrzewania jedzenia i rzeczy używamy kanji 温, do ogrzewania powietrza 暖.	電[でん] 子[し]レンジで 弁[べん] 当[とう]を 温[あたた]めます。		[sound:hypertts-6d0eefe8bd2f105cbeaa2a379356c841c42ff798def3d9866cb5fc8d.mp3]	[sound:hypertts-99f707d16e7290997ff10c3b80f3078e52fd5e80266245616abeb651.mp3]	[sound:温める_アタタメ＼ル_4_NHK-2016.mp3]	"""<span style=""""box-shadow: inset -2px -2px 0 0 #FF6633;"""">ア</span><span style=""""box-shadow: inset -2px 2px 0 0px #FF6633;"""">タタメ</span><span style=""""box-shadow: inset 0px -2px 0 0px #FF6633;"""">ル</span> <span class=""""pitch_number"""">4</span>"""
1781683659155	1781683777	Doki Doki2-8	駅員	駅[えき]員[いん]	えきいん	ekiin	pracownik stacji / kolejarz	駅員に道を聞きました。	Zapytałem pracownika stacji o drogę.			rzeczownik. Oznacza pracownika pracującego na stacji kolejowej lub w metrze.	駅[えき] 員[いん]に 道[みち]を 聞[き]きました。		[sound:hypertts-0cd254b40865b7a1dd5665bf5ec041b6de860a652a2874e135de052a.mp3]	[sound:hypertts-30a7619bd068d1b00a4c756b723406ed927fba67d7842912e7111c22.mp3]	[sound:駅員_エキイン━_0_NHK-2016.mp3] [sound:駅員_エキ＼イン_2_NHK-2016.mp3]	"""<span style=""""box-shadow: inset -2px -2px 0 0 #FF6633;"""">エ</span><span style=""""box-shadow: inset 0px 2px 0 0px #FF6633;"""">キイン</span> <span class=""""pitch_number"""">0</span>, <span style=""""box-shadow: inset -2px -2px 0 0 #FF6633;"""">エ</span><span style=""""box-shadow: inset -2px 2px 0 0px #FF6633;"""">キ</span><span style=""""box-shadow: inset 0px -2px 0 0px #FF6633;"""">イン</span> <span class=""""pitch_number"""">2</span>"""
1781683659156	1781683790	Doki Doki2-8	中古	中[ちゅう]古[こ]	ちゅうこ	chūko	używany / z drugiej ręki	中古の車を買いました。	Kupiłem używany samochód.			rzeczownik. Używane w odniesieniu do przedmiotów używanych, np. samochodów (中古車) czy sprzętu elektronicznego.	中[ちゅう] 古[こ]の 車[くるま]を 買[か]いました。		[sound:hypertts-af289b38ec0629a661ae6aa277e2052aa2c99404fceec21a9bd86a03.mp3]	[sound:hypertts-bcc7f7900243eb041122dff248d0871fcca1d8e27cf9a159e3d34223.mp3]	[sound:中古_チューコ━_0_NHK-2016.mp3] [sound:中古_チュ＼ーコ_1_NHK-2016.mp3]	"""<span style=""""box-shadow: inset -2px -2px 0 0 #FF6633;"""">チュ</span><span style=""""box-shadow: inset 0px 2px 0 0px #FF6633;"""">ーコ</span> <span class=""""pitch_number"""">0</span>, <span style=""""box-shadow: inset -2px 2px 0 0px #FF6633;"""">チュ</span><span style=""""box-shadow: inset 0px -2px 0 0px #FF6633;"""">ーコ</span> <span class=""""pitch_number"""">1</span>"""
1781683659157	1781697150	Doki Doki2-8	古い	古[ふる]い	ふるい	furui	stary	これはとても古い本です。	To jest bardzo stara książka.			i-adj (i-przymiotnik). Oznacza stary w odniesieniu do rzeczy. Nie używa się go do określania wieku ludzi (wtedy używamy 年上).	これはとても 古[ふる]い 本[ほん]です。		[sound:hypertts-54f82cdc27c29da4fce324b72815c408be7972a72b26d3334a116ae2.mp3]	[sound:hypertts-d4e72e99146ef54cb595cedf0e7172db6b845c3243408216eb737ac6.mp3]	[sound:古い_フル＼イ_2_NHK-2016.mp3]	"""<span style=""""box-shadow: inset -2px -2px 0 0 #FF6633;"""">フ</span><span style=""""box-shadow: inset -2px 2px 0 0px #FF6633;"""">ル</span><span style=""""box-shadow: inset 0px -2px 0 0px #FF6633;"""">イ</span> <span class=""""pitch_number"""">2</span>"""
1781683659158	1781683835	Doki Doki2-8	新入生	新[しん]入[にゅう]生[せい]	しんにゅうせい	shinnyūsei	nowy uczeń / student pierwszego roku	私は大学の新入生です。	Jestem studentem pierwszego roku na uniwersytecie.			rzeczownik. Używane w kontekście rozpoczęcia nowego etapu edukacji (liceum, studia) i powitania nowych uczniów.	私[わたし]は 大[だい] 学[がく]の 新[しん] 入[にゅう] 生[せい]です。		[sound:hypertts-2e825dfd7c3c5c8516199897dd48b5c7f67fc4bbcb4e918329b0699c.mp3]	[sound:hypertts-0b0ce70d766192c1d48fba8381acaedad78040af02a7d36a8b97189d.mp3]	[sound:新入生_シンニュ＼ーセー_3_NHK-2016.mp3]	"""<span style=""""box-shadow: inset -2px -2px 0 0 #FF6633;"""">シ</span><span style=""""box-shadow: inset -2px 2px 0 0px #FF6633;"""">ンニュ</span><span style=""""box-shadow: inset 0px -2px 0 0px #FF6633;"""">ーセイ</span> <span class=""""pitch_number"""">3</span>"""
1781683659159	1781683851	Doki Doki2-8	最新	最[さい]新[しん]	さいしん	saishin	najnowszy	最新のスマートフォンが欲しいです。	Chcę najnowszy smartfon.			rzeczownik. Oznacza coś najnowszego, np. technologię, informacje, modę. Często łączy się z partykułą の.	最[さい] 新[しん]のスマートフォンが 欲[ほ]しいです。		[sound:hypertts-3a746c601cbe4351a1765c01236c22d1dd5dce4b9b773c49c55b8fe8.mp3]	[sound:hypertts-129711b273c055db6c319e59d34788a7da8542e803a5cf27f45257f0.mp3]	[sound:最新_サイシン━_0_NHK-2016.mp3]	"""<span style=""""box-shadow: inset -2px -2px 0 0 #FF6633;"""">サ</span><span style=""""box-shadow: inset 0px 2px 0 0px #FF6633;"""">イシン</span> <span class=""""pitch_number"""">0</span>"""
1781683659160	1781683865	Doki Doki2-8	ラジオ	ラジオ	ラジオ	rajio	radio	毎朝、ラジオを聞きます。	Codziennie rano słucham radia.			rzeczownik. Zapożyczenie z języka angielskiego (radio). Zapisywane w katakanie.	毎[まい] 朝[あさ]、ラジオを 聞[き]きます。		[sound:hypertts-59c922edaf11e9b0e2341f1d36b526de79860f64d1d2bdb06f44a312.mp3]	[sound:hypertts-9d7d0791489688e82f6d3cf1a0690aae2e6a6c0fc1ae0923b4b7e5b1.mp3]	[sound:ラジオ_ラ＼ジオ_1_NHK-2016.mp3]	"""<span style=""""box-shadow: inset -2px 2px 0 0px #FF6633;"""">ラ</span><span style=""""box-shadow: inset 0px -2px 0 0px #FF6633;"""">ジオ</span> <span class=""""pitch_number"""">1</span>"""
1781683659161	1781683876	Doki Doki2-8	作品	作[さく]品[ひん]	さくひん	sakuhin	dzieło (sztuki) / utwór	彼の作品は素晴らしいです。	Jego dzieło jest wspaniałe.			rzeczownik. Odnosi się do wytworów artystycznych: obrazów, książek, filmów, rzeźb czy utworów muzycznych.	彼[かれ]の 作[さく] 品[ひん]は 素[す] 晴[ば]らしいです。		[sound:hypertts-034a1944075bd39f0992e6e741ef5afb6ee15285e940a6cc44e24a9a.mp3]	[sound:hypertts-61033a25a8bbdb5950ed0612553bd98ba10a2ecce4e9285b682edc79.mp3]	[sound:作品_サクヒン━_0_NHK-2016.mp3]	"""<span style=""""box-shadow: inset -2px -2px 0 0 #FF6633;"""">サ</span><span style=""""box-shadow: inset 0px 2px 0 0px #FF6633;""""><span style=""""color: royalblue;"""">ク</span>ヒン</span> <span class=""""pitch_number"""">0</span>"""
1781683659162	1781683890	Doki Doki2-8	仕方	仕[し]方[かた]	しかた	shikata	sposób robienia (czegoś)	この仕事の仕方を教えてください。	Proszę nauczyć mnie sposobu wykonywania tej pracy.			rzeczownik. Oznacza metodę lub sposób działania. Często w zwrocie 仕方がない (nie ma rady / trudno).	この 仕[し] 事[ごと]の 仕[し] 方[かた]を 教[おし]えてください。		[sound:hypertts-9085a4ffc359bb5a879791dcc64f2ee0055c727a23b4d33cb3d5ce5d.mp3]	[sound:hypertts-fb33c306be185c7d8a1840eccb0fed40948e9d843a353868544bfac5.mp3]	[sound:仕方_シカタ━_0_NHK-1998.mp3]	"""<span style=""""box-shadow: inset -2px -2px 0 0 #FF6633;""""><span style=""""color: royalblue;"""">シ</span></span><span style=""""box-shadow: inset 0px 2px 0 0px #FF6633;"""">カタ</span> <span class=""""pitch_number"""">0</span>"""
1781683659163	1781683902	Doki Doki2-8	事	事[こと]	こと	koto	rzecz / sprawa (niematerialna)	日本の事を知りたいです。	Chcę poznać rzeczy o Japonii.			rzeczownik. Dotyczy abstrakcyjnych spraw, zdarzeń lub sytuacji. Często zapisywane w hiraganie, gdy tworzy nominalizację czasownika (np. 食べる事).	日[に] 本[ほん]の 事[こと]を 知[し]りたいです。		[sound:hypertts-29961050918d6bbe752a57c49083506b5069b4aa72f36a14c5175433.mp3]	[sound:hypertts-89391107669a682fcbae2c3f0c6af6ee1c741006c2837cd4d6594da1.mp3]	[sound:事_コト＼_2_NHK-2016.mp3]	"""<span style=""""box-shadow: inset -2px -2px 0 0 #FF6633;"""">コ</span><span style=""""box-shadow: inset -2px 2px 0 0px #FF6633;"""">ト</span> <span class=""""pitch_number"""">2</span>"""
1781683659164	1781683919	Doki Doki2-8	休日	休[きゅう]日[じつ]	きゅうじつ	kyūjitsu	dzień wolny / święto	休日は友達と遊びます。	W dni wolne bawię się z przyjaciółmi.			rzeczownik. Oznacza dzień wolny od pracy lub nauki (weekendy, święta narodowe).	休[きゅう] 日[じつ]は 友[とも] 達[だち]と 遊[あそ]びます。		[sound:hypertts-418cac302fa6315a7b59bc3d8ed6b98cf81bf75988e40fddec5438cc.mp3]	[sound:hypertts-20f857a22d7d64a7907099480590e06672574cd636ad9b59c2f4dad4.mp3]	[sound:休日_キュージツ━_0_NHK-2016.mp3]	"""<span style=""""box-shadow: inset -2px -2px 0 0 #FF6633;"""">キュ</span><span style=""""box-shadow: inset 0px 2px 0 0px #FF6633;"""">ージツ</span> <span class=""""pitch_number"""">0</span>"""
1781683659165	1781683935	Doki Doki2-8	言語学	言[げん]語[ご]学[がく]	げんごがく	gengogaku	językoznawstwo / lingwistyka	大学で言語学を勉強します。	Studiuję językoznawstwo na uniwersytecie.			rzeczownik. Dziedzina nauki zajmująca się badaniem języka. Sufiks 学 oznacza dyscyplinę naukową.	大[だい] 学[がく]で 言[げん] 語[ご] 学[がく]を 勉[べん] 強[きょう]します。		[sound:hypertts-79932fe92c039aed16a5a6237bbc92bc99248906e8b0e8f8ee45f0b5.mp3]	[sound:hypertts-9f88643205a80c7670f869747ee0a54994d907905df4b51e777b5e13.mp3]	[sound:言語学_ゲンコ゚＼カ゚ク_3_NHK-2016.mp3]	"""<span style=""""box-shadow: inset -2px -2px 0 0 #FF6633;"""">ゲ</span><span style=""""box-shadow: inset -2px 2px 0 0px #FF6633;"""">ンコ<span style=""""color: red;"""">°</span></span><span style=""""box-shadow: inset 0px -2px 0 0px #FF6633;"""">カ<span style=""""color: red;"""">°</span>ク</span> <span class=""""pitch_number"""">3</span>"""
1781683659166	1781683948	Doki Doki2-8	意思	意[い]思[し]	いし	ishi	zamiar / intencja	自分の意思を伝えます。	Przekażę swoje intencje.			rzeczownik. Oznacza własne myśli, intencje i zamiar zrobienia czegoś (np. w komunikacji: 意思疎通). Często mylone w piśmie z 意志 (silna wola).	自[じ] 分[ぶん]の 意[い] 思[し]を 伝[つた]えます。		[sound:hypertts-daa230c467b803125f5443414d179ffd5bb515ddea742e654309f416.mp3]	[sound:hypertts-ad30493bdd33baa58acdb702101e08edb508a93c02c6fec3eeb10afe.mp3]	[sound:意思_イ＼シ_1_NHK-2016.mp3]	"""<span style=""""box-shadow: inset -2px 2px 0 0px #FF6633;"""">イ</span><span style=""""box-shadow: inset 0px -2px 0 0px #FF6633;"""">シ</span> <span class=""""pitch_number"""">1</span>"""
1781683659167	1781683961	Doki Doki2-8	作家	作[さっ]家[か]	さっか	sakka	pisarz / autor	彼は有名な作家です。	On jest sławnym pisarzem.			rzeczownik. Osoba pisząca książki, tworząca literaturę lub sztukę. Słowo zawiera udźwięcznienie (rendaku) i geminatę (małe tsu).	彼[かれ]は 有[ゆう] 名[めい]な 作[さっ] 家[か]です。		[sound:hypertts-58858525cb7f7c56107302c5946171327b093f6365449ed2f7305f6a.mp3]	[sound:hypertts-1e931fb417d28e9f6917b5ea5dc0cf91366edcb3f8da1224f134f655.mp3]	[sound:作家_サッカ━_0_NHK-2016.mp3]	"""<span style=""""box-shadow: inset -2px -2px 0 0 #FF6633;"""">サ</span><span style=""""box-shadow: inset 0px 2px 0 0px #FF6633;"""">ッカ</span> <span class=""""pitch_number"""">0</span>, <span style=""""box-shadow: inset -2px 2px 0 0px #FF6633;"""">サ</span><span style=""""box-shadow: inset 0px -2px 0 0px #FF6633;"""">ッカ</span> <span class=""""pitch_number"""">1</span>"""
1781683659168	1781683977	Doki Doki2-8	会話	会[かい]話[わ]	かいわ	kaiwa	rozmowa / konwersacja	毎日、日本語の会話を練習します。	Codziennie ćwiczę konwersacje w języku japońskim.			rzeczownik / rzeczownik suru (会話する). Używany w kontekście ćwiczenia mówienia w obcym języku lub dialogu między dwoma osobami.	毎[まい] 日[にち]、日[に] 本[ほん] 語[ご]の 会[かい] 話[わ]を 練[れん] 習[しゅう]します。		[sound:hypertts-6b6e521cc49ac2d1068a32adca95013b68444d61bb6f8475462dcbe0.mp3]	[sound:hypertts-6facb12fa9326dd18d18b86560282cf968047d7dc63abad4218ec4d0.mp3]	[sound:会話_カイワ━_0_NHK-2016.mp3]	"""<span style=""""box-shadow: inset -2px -2px 0 0 #FF6633;"""">カ</span><span style=""""box-shadow: inset 0px 2px 0 0px #FF6633;"""">イワ</span> <span class=""""pitch_number"""">0</span>"""
1781683659169	1783620609	Doki Doki2-8	話	話[はなし]	はなし	hanashi	rozmowa / opowieść / opowiadanie	先生の話を聞いてください。	Proszę posłuchać opowieści nauczyciela.			rzeczownik. W odróżnieniu od czasownika 話す (mówić), oznacza samą historię, anegdotę, temat rozmowy lub przemówienie.	先[せん] 生[せい]の 話[はなし]を 聞[き]いてください。		[sound:hypertts-d7023ecd081175695bc2bd34d92111b9b261281e64432bd0129df174.mp3]	[sound:hypertts-7661f30a01118de2239d3fd626c4b382677edbc5ff348a1d37df301e.mp3]	[sound:話_ハナシ＼_3_NHK-2016.mp3]	"""<span style=""""box-shadow: inset -2px -2px 0 0 #FF6633;"""">ハ</span><span style=""""box-shadow: inset -2px 2px 0 0px #FF6633;"""">ナシ</span> <span class=""""pitch_number"""">3</span>"""
1781683659170	1781684005	Doki Doki2-8	次回	次[じ]回[かい]	じかい	jikai	następnym razem / kolejna tura	次回のテストは来週です。	Następny test jest w przyszłym tygodniu.			rzeczownik. Oznacza &quot;następnym razem&quot; lub &quot;kolejny raz&quot; w serii wydarzeń, spotkań czy też w kolejnych odcinkach serialu.	次[じ] 回[かい]のテストは 来[らい] 週[しゅう]です。		[sound:hypertts-27f1927c9735f8cc357a95f9b6050a2a0d69a0636ecd867eddc87f6b.mp3]	[sound:hypertts-23b3ebe9ed49ec1fdc754e2ddbdd901265e4bd123084fddd8048d76e.mp3]	[sound:次回_ジ＼カイ_1_NHK-2016.mp3]	"""<span style=""""box-shadow: inset -2px -2px 0 0 #FF6633;"""">ジ</span><span style=""""box-shadow: inset 0px 2px 0 0px #FF6633;"""">カイ</span> <span class=""""pitch_number"""">0</span>, <span style=""""box-shadow: inset -2px 2px 0 0px #FF6633;"""">ジ</span><span style=""""box-shadow: inset 0px -2px 0 0px #FF6633;"""">カイ</span> <span class=""""pitch_number"""">1</span>"""
1781684880231	1781685064	Doki Doki2-9	名刺	名[めい]刺[し]	めいし	meishi	wizytówka	名刺を交換しました。	Wymieniliśmy się wizytówkami.			rzeczownik. Oznacza wizytówkę. W Japonii wymiana wizytówek to ważny rytuał biznesowy.	名[めい] 刺[し]を 交[こう] 換[かん]しました。		[sound:hypertts-859147227686ddbd822d5e6b07e564d6a1b6445757a0f8cbbdc37429.mp3]	[sound:hypertts-5acdc24a704640f0b601fdb4091ffc10af48e4a049a06df16569ba0c.mp3]	[sound:名刺_メーシ━_0_NHK-2016.mp3]	"""<span style=""""box-shadow: inset -2px -2px 0 0 #FF6633;"""">メ</span><span style=""""box-shadow: inset 0px 2px 0 0px #FF6633;"""">イシ</span> <span class=""""pitch_number"""">0</span>"""
1781684880232	1781685056	Doki Doki2-9	午前中	午[ご]前[ぜん]中[ちゅう]	ごぜんちゅう	gozenchū	przed południem / rano	午前中に宿題をします。	Przed południem odrobię zadanie domowe.			rzeczownik. Słowo złożone z 午[ご]前[ぜん] (przed południem) i sufiksu 中[ちゅう] (w trakcie).	午[ご] 前[ぜん] 中[ちゅう]に 宿[しゅく] 題[だい]を します。		[sound:hypertts-7e0b34462656cbad2c5675017e6714c3ff0b4cde2cf6d4af9ffcca87.mp3]	[sound:hypertts-a1c205abda7f29c93b087f3df2eda1321b061dfe9afd3f0df07f3ed3.mp3]	[sound:午前中_ゴゼンチュー━_0_NHK-2016.mp3]	"""<span style=""""box-shadow: inset -2px -2px 0 0 #FF6633;"""">ゴ</span><span style=""""box-shadow: inset 0px 2px 0 0px #FF6633;"""">ゼンチュー</span> <span class=""""pitch_number"""">0</span>"""
1781684880233	1781685077	Doki Doki2-9	赤十字	赤[せき]十[じゅう]字[じ]	せきじゅうじ	sekijūji	Czerwony Krzyż	赤十字の病院へ行きました。	Poszedłem do szpitala Czerwonego Krzyża.			rzeczownik. Złożenie słów 赤[あか] (czerwony) i 十[じゅう]字[じ] (krzyż).	赤[せき] 十[じゅう] 字[じ]の 病[びょう] 院[いん]へ 行[い]きました。		[sound:hypertts-2e7f8ff0db20e65fed0ca0ba9a15193e4245d307b0069a08f6d85e82.mp3]	[sound:hypertts-692f4a4e458bb8f5eb9155506b268b94dc46f07ff508a20feed7ea79.mp3]	[sound:赤十字_セキジュ＼ージ_3_NHK-2016.mp3]	"""<span style=""""box-shadow: inset -2px -2px 0 0 #FF6633;"""">セ</span><span style=""""box-shadow: inset -2px 2px 0 0px #FF6633;"""">キジュ</span><span style=""""box-shadow: inset 0px -2px 0 0px #FF6633;"""">ージ</span> <span class=""""pitch_number"""">3</span>"""
1781684880234	1781685084	Doki Doki2-9	青春	青[せい]春[しゅん]	せいしゅん	seishun	młodość	これは私の青春の思い出です。	To jest wspomnienie mojej młodości.			rzeczownik. Oznacza młodość, okres dojrzewania. Często kojarzy się z nostalgią.	これは 私[わたし]の 青[せい] 春[しゅん]の 思[おも]い 出[で]です。		[sound:hypertts-28134612439f4209e28b682edd365ec506fccb37739ec30424977dff.mp3]	[sound:hypertts-fd749945c1740c16e2b1958cb0767e184fbee193de395be56f87f106.mp3]	[sound:青春_セーシュン━_0_NHK-2016.mp3]	"""<span style=""""box-shadow: inset -2px -2px 0 0 #FF6633;"""">セ</span><span style=""""box-shadow: inset 0px 2px 0 0px #FF6633;"""">イシュン</span> <span class=""""pitch_number"""">0</span>"""
1781684880235	1781685092	Doki Doki2-9	青空	青[あお]空[ぞら]	あおぞら	aozora	błękitne niebo	今日はきれいな青空です。	Dzisiaj jest piękne błękitne niebo.			rzeczownik. Zjawisko Rendaku: 空[そら] zmienia się na ぞら.	今[きょう] 日[にち]は きれいな 青[あお] 空[ぞら]です。		[sound:hypertts-0894c4f08e2d6462f1abcd0eca960b370e8815f3bd333a697850b87e.mp3]	[sound:hypertts-0da342c0c90b4369aabd60c82a3fbf26bb0d6c38b82878b23b658dbf.mp3]	[sound:青空_アオゾ＼ラ_3_NHK-2016.mp3]	"""<span style=""""box-shadow: inset -2px -2px 0 0 #FF6633;"""">ア</span><span style=""""box-shadow: inset -2px 2px 0 0px #FF6633;"""">オゾ</span><span style=""""box-shadow: inset 0px -2px 0 0px #FF6633;"""">ラ</span> <span class=""""pitch_number"""">3</span>"""
1781684880236	1781685099	Doki Doki2-9	告白	告[こく]白[はく]	こくはく	kokuhaku	wyznanie	彼女に愛の告白をしました。	Wyznałem jej miłość.			rzeczownik. Często używany z czasownikiem する jako 告[こく]白[はく]する w kontekście wyznania miłości lub winy.	彼[かの] 女[じょ]に 愛[あい]の 告[こく] 白[はく]を しました。		[sound:hypertts-9c0dbd6efb696bbc9c0c159d5b63ac2bf5d4330414fe18549d85e3b5.mp3]	[sound:hypertts-fd46e7497723045802124ea7a534d258869fc3beae2416b756299163.mp3]	[sound:告白_コクハク━_0_NHK-2016.mp3]	"""<span style=""""box-shadow: inset -2px -2px 0 0 #FF6633;"""">コ</span><span style=""""box-shadow: inset 0px 2px 0 0px #FF6633;""""><span style=""""color: royalblue;"""">ク</span>ハク</span> <span class=""""pitch_number"""">0</span>"""
1781684880237	1781685104	Doki Doki2-9	旗	旗[はた]	はた	hata	flaga	日本の旗は白と赤です。	Flaga Japonii jest biało-czerwona.			rzeczownik. Oznacza flagę narodową lub proporzec.	日[に] 本[ほん]の 旗[はた]は 白[しろ]と 赤[あか]です。		[sound:hypertts-57da63eb4a4a3389082f5c543133a64a2db6a5ef72cc41bc1f73ae43.mp3]	[sound:hypertts-a5eb287c4a83a87097193b5683c3ea6504766e9d417103e869ec5816.mp3]	[sound:旗_ハタ＼_2_NHK-2016.mp3]	"""<span style=""""box-shadow: inset -2px -2px 0 0 #FF6633;"""">ハ</span><span style=""""box-shadow: inset -2px 2px 0 0px #FF6633;"""">タ</span> <span class=""""pitch_number"""">2</span>"""
1781684880238	1790786455	Doki Doki2-9 leech	黒板	黒[こく]板[ばん]	こくばん	kokuban	tablica	先生が黒板に字を書きます。	Nauczyciel pisze znaki na tablicy.			rzeczownik. Tradycyjna czarna lub zielona tablica do pisania kredą w klasie.	先[せん] 生[せい]が 黒[こく] 板[ばん]に 字[じ]を 書[か]きます。		[sound:hypertts-b6e85b74837f69af99c7d2f737796b22f0dc2980996331daa7397fe5.mp3]	[sound:hypertts-f87f59d8023b30f5dd1f3be1279fc56b09b9c554d797b7cd0f7bf936.mp3]	[sound:黒板_コクバン━_0_NHK-2016.mp3]	"""<span style=""""box-shadow: inset -2px -2px 0 0 #FF6633;"""">コ</span><span style=""""box-shadow: inset 0px 2px 0 0px #FF6633;"""">クバン</span> <span class=""""pitch_number"""">0</span>"""
1781684880239	1781685119	Doki Doki2-9	雨天	雨[う]天[てん]	うてん	uten	deszczowa pogoda	雨天の時は、試合をキャンセルします。	W przypadku deszczowej pogody, mecz zostanie odwołany.			rzeczownik. Formalne określenie na deszczową pogodę, używane często na oficjalnych ogłoszeniach.	雨[う] 天[てん]の 時[とき]は、 試[し] 合[あい]を キャンセル します。		[sound:hypertts-825d988746005356f262527623090bca91d37b16b9d0afc20857786e.mp3]	[sound:hypertts-c33e8c71f853d5b1d2b4b63bebf34b7f0d8930e7f4b474a505386279.mp3]	[sound:雨天_ウ＼テン_1_NHK-2016.mp3]	"""<span style=""""box-shadow: inset -2px 2px 0 0px #FF6633;"""">ウ</span><span style=""""box-shadow: inset 0px -2px 0 0px #FF6633;"""">テン</span> <span class=""""pitch_number"""">1</span>"""
1781684880240	1786265318	Doki Doki2-9	イベント	イベント	イベント	ibento	wydarzenie / event	週末に町のイベントへ行きます。	W weekend idę na wydarzenie w mieście.			rzeczownik. Zapożyczenie z języka angielskiego (event). Zapisywane w katakanie.	週[しゅう] 末[まつ]に 町[まち]のイベントへ 行[い]きます。		[sound:hypertts-9578e8dccaefdfead39badc4bf848f6e5ec1a4bdc00d96b22820d531.mp3]	[sound:hypertts-9570396c87f9a940e57f214289750432e56fce7a2389349bd206713d.mp3]	[sound:イベント_イベント━_0_NHK-2016.mp3]	"""<span style=""""box-shadow: inset -2px -2px 0 0 #FF6633;"""">イ</span><span style=""""box-shadow: inset 0px 2px 0 0px #FF6633;"""">ベント</span> <span class=""""pitch_number"""">0</span>"""
1781684880241	1786547760	Doki Doki2-9	キャンセル	キャンセル	キャンセル	kyanseru	anulowanie / odwołanie	ホテルの予約をキャンセルしました。	Anulowałem rezerwację w hotelu.			rzeczownik / czasownik suru (キャンセルする). Zapożyczenie z angielskiego (cancel).	ホテルの 予[よ] 約[やく]を キャンセル しました。		[sound:hypertts-da964726c006db31ff3d69f3999baddecf334a77523be8361359acf5.mp3]	[sound:hypertts-d89956c4af992f5dd978c62d1fbc86516e429bd029132f1edc1fa1d6.mp3]	[sound:キャンセル_キャ＼ンセル_1_NHK-2016.mp3]	"""<span style=""""box-shadow: inset -2px 2px 0 0px #FF6633;"""">キャ</span><span style=""""box-shadow: inset 0px -2px 0 0px #FF6633;"""">ンセル</span> <span class=""""pitch_number"""">1</span>"""
1781684880242	1781685142	Doki Doki2-9	新雪	新[しん]雪[せつ]	しんせつ	shinsetsu	świeży śnieg	山に新雪が降りました。	W górach spadł świeży śnieg.			rzeczownik. Złożenie 新[しん] (nowy) i 雪[ゆき] (śnieg).	山[やま]に 新[しん] 雪[せつ]が 降[ふ]りました。		[sound:hypertts-1a6be18d35b6fdb618698336078a0cf0564386cd74f523ae57f3411f.mp3]	[sound:hypertts-b7c3720262e6dfb6ae70cb0686d45f718e6fc78683a75f42d7f40ed6.mp3]	[sound:新雪_シンセツ━_0_NHK-2016.mp3]	"""<span style=""""box-shadow: inset -2px -2px 0 0 #FF6633;"""">シ</span><span style=""""box-shadow: inset 0px 2px 0 0px #FF6633;"""">ンセツ</span> <span class=""""pitch_number"""">0</span>"""
1781684880243	1781685148	Doki Doki2-9	雪だるま	雪[ゆき]だるま	ゆきだるま	yukidaruma	bałwan	公園で雪だるまを作りました。	Zrobiliśmy bałwana w parku.			rzeczownik. Słowo składa się z kanji 雪[ゆき] (śnieg) i kana だるま (od figurki Darumy).	公[こう] 園[えん]で 雪[ゆき]だるまを 作[つく]りました。		[sound:hypertts-3a542dda4f957589a12c0d3d919bb11c45e76efee6a052db8b4f5439.mp3]	[sound:hypertts-4dcaa73ccdc910d9be57b7e1859db1ae409b9a0cf2ffad0ead19f519.mp3]	[sound:雪だるま_ユキダ＼ルマ_3_NHK-2016.mp3]	"""<span style=""""box-shadow: inset -2px -2px 0 0 #FF6633;"""">ユ</span><span style=""""box-shadow: inset -2px 2px 0 0px #FF6633;"""">キダ</span><span style=""""box-shadow: inset 0px -2px 0 0px #FF6633;"""">ルマ</span> <span class=""""pitch_number"""">3</span>"""
1781684880244	1786636175	Doki Doki2-9	スキー場	スキー 場[じょう]	スキーじょう	sukījō	ośrodek narciarski	冬はよくスキー場へ行きます。	Zimą często jeżdżę do ośrodka narciarskiego.			rzeczownik. Złożenie słowa obcego スキー (narty) i kanji 場[じょう] (miejsce).	冬[ふゆ]は よく スキー 場[じょう]へ 行[い]きます。		[sound:hypertts-517564d10f61f623d8e1840283d9172d29710576aacf4795b0d75101.mp3]	[sound:hypertts-6eae5de710c07d6d3c8a4d47d11577c077f83a53bdb4af26e465a349.mp3]	[sound:スキー場_スキージョー━_0_NHK-2016.mp3]	"""<span style=""""box-shadow: inset -2px -2px 0 0 #FF6633;""""><span style=""""color: royalblue;"""">ス</span></span><span style=""""box-shadow: inset 0px 2px 0 0px #FF6633;"""">キージョー</span> <span class=""""pitch_number"""">0</span>"""
1781684880245	1786378538	Doki Doki2-9	友人	友[ゆう]人[じん]	ゆうじん	yūjin	przyjaciel (bardziej formalnie)	彼は大学時代の友人です。	On jest przyjacielem z czasów uniwersyteckich.			rzeczownik. Bardziej formalny synonim słowa 友[とも]達[だち] (przyjaciel), często używany w piśmie lub oficjalnych sytuacjach.	彼[かれ]は 大[だい] 学[がく] 時[じ] 代[だい]の 友[ゆう] 人[じん]です。		[sound:hypertts-c5461abfc2d3ce4a01b1e1df36a035c02898a6933c895ada1e088f59.mp3]	[sound:hypertts-1f07bf639fa14e4b9553c8a8749e033f5d96ff46b3c9043bd0e4b33d.mp3]	[sound:友人_ユージン━_0_NHK-2016.mp3]	"""<span style=""""box-shadow: inset -2px -2px 0 0 #FF6633;"""">ユ</span><span style=""""box-shadow: inset 0px 2px 0 0px #FF6633;"""">ージン</span> <span class=""""pitch_number"""">0</span>"""
1781684880246	1781685182	Doki Doki2-9	友情	友[ゆう]情[じょう]	ゆうじょう	yūjō	przyjaźń	私たちの友情は大切です。	Nasza przyjaźń jest ważna.			rzeczownik. Abstrakcyjne pojęcie oznaczające relację przyjacielską.	私[わたし]たちの 友[ゆう] 情[じょう]は 大[たい] 切[せつ]です。		[sound:hypertts-8c0df6605bdfe63c7887d230493546f258920017162c756734c230a1.mp3]	[sound:hypertts-c518f343fa438c2aece73f889f88be0bd576c7e518bb94e2b62cbb01.mp3]	[sound:友情_ユージョー━_0_NHK-2016.mp3]	"""<span style=""""box-shadow: inset -2px -2px 0 0 #FF6633;"""">ユ</span><span style=""""box-shadow: inset 0px 2px 0 0px #FF6633;"""">ージョー</span> <span class=""""pitch_number"""">0</span>"""
1781684880247	1781685189	Doki Doki2-9	愛情	愛[あい]情[じょう]	あいじょう	aijō	miłość / uczucie	母は愛情を持って子供を育てます。	Matka wychowuje dziecko z miłością.			rzeczownik. Oznacza głębokie uczucie, miłość, troskę skierowaną w stronę drugiej osoby.	母[はは]は 愛[あい] 情[じょう]を 持[も]って 子[こ] 供[ども]を 育[そだ]てます。		[sound:hypertts-652b77474d635cafbca53e2e7c719150cdafe27ec18c21755b48fcbe.mp3]	[sound:hypertts-0b08122b905506557d6c293f8ed0951a7b7d37119666590459d66aff.mp3]	[sound:愛情_アイジョー━_0_NHK-2016.mp3]	"""<span style=""""box-shadow: inset -2px -2px 0 0 #FF6633;"""">ア</span><span style=""""box-shadow: inset 0px 2px 0 0px #FF6633;"""">イジョー</span> <span class=""""pitch_number"""">0</span>"""
1781684880248	1781685201	Doki Doki2-9	人間	人[にん]間[げん]	にんげん	ningen	człowiek / ludzkość	人間は自然を大切にしなければなりません。	Ludzie muszą dbać o naturę.			rzeczownik. Oznacza człowieka jako gatunek lub osobę z jej ludzkimi cechami.	人[にん] 間[げん]は 自[じ] 然[ぜん]を 大[たい] 切[せつ]に しなければ なりません。		[sound:hypertts-eb5a0211bc7211abb2a9171829361586fe5a41d2dfe33e4201266712.mp3]	[sound:hypertts-1480b3893afc0c76b19c0c38c722c7db00f8d1be46fe6e9cf5fab935.mp3]	[sound:人間_ニンケ゚ン━_0_NHK-2016.mp3]	"""<span style=""""box-shadow: inset -2px -2px 0 0 #FF6633;"""">ニ</span><span style=""""box-shadow: inset 0px 2px 0 0px #FF6633;"""">ンケ<span style=""""color: red;"""">°</span>ン</span> <span class=""""pitch_number"""">0</span>"""
1781684880249	1781685204	Doki Doki2-9	間に合う	間[ま]に 合[あ]う	まにあう	maniau	zdążyć (na czas)	電車に間に合いました。	Zdążyłem na pociąg.	間[ま]に 合[あ]います	間[ま]に 合[あ]いません	czasownik gr. 1. Nieprzechodni. Oznacza zdążenie na czas lub wystarczenie czegoś. Wymaga partykuły に.	電[でん] 車[しゃ]に 間[ま]に 合[あ]いました。		[sound:hypertts-48fdccd4f79234041c386e33f394f6baf98b0663f5643a3e79e6edd6.mp3]	[sound:hypertts-ef5d7e11e04963999bba324f371ea64d6d123785f6939db61c962912.mp3]	[sound:間に合う_マニア＼ウ_3_NHK-2016.mp3]	"""<span style=""""box-shadow: inset -2px -2px 0 0 #FF6633;"""">マ</span><span style=""""box-shadow: inset -2px 2px 0 0px #FF6633;"""">ニア</span><span style=""""box-shadow: inset 0px -2px 0 0px #FF6633;"""">ウ</span> <span class=""""pitch_number"""">3</span>"""
1781684880250	1786546500	Doki Doki2-9	少年	少[しょう]年[ねん]	しょうねん	shōnen	chłopiec,&nbsp;  dorastający chłopiec	その少年は走るのが速いです。	Ten chłopiec szybko biega.			rzeczownik. Oznacza dorastającego chłopca, często w wieku szkolno-młodzieńczym.	その 少[しょう] 年[ねん]は 走[はし]るのが 速[はや]いです。		[sound:hypertts-350cf7c5b3c96a250b8be1f0bddb687dc4548c5cc7b52714c5887432.mp3]	[sound:hypertts-6e0d14926a56a272091b7787ba19a7dc8df5c02c2f395505463490dc.mp3]	[sound:少年_ショーネン━_0_NHK-2016.mp3]	"""<span style=""""box-shadow: inset -2px -2px 0 0 #FF6633;"""">ショ</span><span style=""""box-shadow: inset 0px 2px 0 0px #FF6633;"""">ーネン</span> <span class=""""pitch_number"""">0</span>"""
1781684880251	1781685221	Doki Doki2-9	多少	多[た]少[しょう]	たしょう	tashō	trochę / nieco	この仕事は多少の経験が必要です。	Ta praca wymaga pewnego doświadczenia.			rzeczownik / przysłówek. Bardziej formalne określenie na &quot;trochę&quot; niż 少[すこ]し.	この 仕[し] 事[ごと]は 多[た] 少[しょう]の 経[けい] 験[けん]が 必[ひつ] 要[よう]です。		[sound:hypertts-26a3f77236908a12fc3530b1adc31ea9e151429bc6cd3044ca685255.mp3]	[sound:hypertts-0b12f706437d0b29797516a071809c1956a3925c343c58df499117ce.mp3]	[sound:多少_タショー━_0_NHK-2016.mp3]	"""<span style=""""box-shadow: inset -2px -2px 0 0 #FF6633;"""">タ</span><span style=""""box-shadow: inset 0px 2px 0 0px #FF6633;"""">ショー</span> <span class=""""pitch_number"""">0</span>"""
1781684880252	1788594327	Doki Doki2-9	知人	知[ち]人[じん]	ちじん	chijin	znajomy (daleki)	パーティーで知人に会いました。	Na imprezie spotkałem znajomego.			rzeczownik. Formalne określenie na osobę znajomą (zwykle mniej bliską niż przyjaciel - 友[とも]達[だち]).	パーティーで 知[ち] 人[じん]に 会[あ]いました。		[sound:hypertts-5fd1dddb17f0131d0dfd9de0a1077013a05d8a54863219c24d551ab0.mp3]	[sound:hypertts-df6389b47e768733c0e952a9c7112f2cb56619096103be2a06e9612a.mp3]	[sound:知人_チジン━_0_NHK-2016.mp3]	"""<span style=""""box-shadow: inset -2px -2px 0 0 #FF6633;"""">チ</span><span style=""""box-shadow: inset 0px 2px 0 0px #FF6633;"""">ジン</span> <span class=""""pitch_number"""">0</span>, <span style=""""box-shadow: inset -2px 2px 0 0px #FF6633;"""">チ</span><span style=""""box-shadow: inset 0px -2px 0 0px #FF6633;"""">ジン</span> <span class=""""pitch_number"""">1</span>"""
1781684880253	1781685237	Doki Doki2-9	知り合う	知[し]り 合[あ]う	しりあう	shiriau	poznać się	私たちは大学で知り合いました。	Poznaliśmy się na uniwersytecie.	知[し]り 合[あ]います	知[し]り 合[あ]いません	czasownik gr. 1. Oznacza wzajemne poznanie się dwóch osób. Złożenie czasowników 知[し]る i 合[あ]う.	私[わたし]たちは 大[だい] 学[がく]で 知[し]り 合[あ]いました。		[sound:hypertts-1192862c074cacd32ff3117a3478572cbf506b64236ba55097bc6b05.mp3]	[sound:hypertts-3b3fa47f500479c6dfc5619b2a20e2663164a1a774389087ce8e2336.mp3]	[sound:知り合う_シリア＼ウ_3_NHK-2016.mp3]	"""<span style=""""box-shadow: inset -2px -2px 0 0 #FF6633;"""">シ</span><span style=""""box-shadow: inset -2px 2px 0 0px #FF6633;"""">リア</span><span style=""""box-shadow: inset 0px -2px 0 0px #FF6633;"""">ウ</span> <span class=""""pitch_number"""">3</span>"""
1781686821199	1781686894	Doki Doki2-10	住所	住[じゅう] 所[しょ]	じゅうしょ	jūsho	adres	先生の住所を知りません。	Nie znam adresu nauczyciela.			rzeczownik. Oznacza miejsce zamieszkania, adres.	先[せん] 生[せい]の 住[じゅう] 所[しょ]を 知[し]りません。		[sound:hypertts-a96be8ccea0ba2c532a71216ad18aed7bdfc0deadfdacfdf488f086e.mp3]	[sound:hypertts-61edb0056adffdcc7cabb6f1fb15664ed05bd3e11e9ce2e74ef69e4c.mp3]	[sound:住所_ジュ＼ーショ_1_NHK-2016.mp3]	"""<span style=""""box-shadow: inset -2px 2px 0 0px #FF6633;"""">ジュ</span><span style=""""box-shadow: inset 0px -2px 0 0px #FF6633;"""">ーショ</span> <span class=""""pitch_number"""">1</span>"""
1781686821201	1781686897	Doki Doki2-10	正しい	正[ただ]しい	ただしい	tadashii	poprawny / prawidłowy	その答えは正しいです。	Ta odpowiedź jest poprawna.			i-adj (i-przymiotnik). Oznacza, że coś jest zgodne z prawdą lub regułami.	その 答[こた]えは 正[ただ]しいです。		[sound:hypertts-626988b952734647bef46c6a8092073af41bb71e449555490cd593da.mp3]	[sound:hypertts-419b09badcda00d5a04d6366ad4973c3eb636686e4e562975bab9b65.mp3]	[sound:正しい_タダシ＼イ_3_NHK-2016.mp3]	"""<span style=""""box-shadow: inset -2px -2px 0 0 #FF6633;"""">タ</span><span style=""""box-shadow: inset -2px 2px 0 0px #FF6633;"""">ダシ</span><span style=""""box-shadow: inset 0px -2px 0 0px #FF6633;"""">イ</span> <span class=""""pitch_number"""">3</span>"""
1781686821202	1781686899	Doki Doki2-10	売買	売[ばい] 買[ばい]	ばいばい	baibai	handel / kupno i sprzedaż	彼は車の売買をします。	On zajmuje się handlem samochodami.			rzeczownik / czasownik suru (売[ばい] 買[ばい]する). Złożenie kanji sprzedawać (売[ばい]) i kupować (買[ばい]).	彼[かれ]は 車[くるま]の 売[ばい] 買[ばい]を します。		[sound:hypertts-8022d10e0bdcb5b8da78c9da518d024b72f57f2b628c5ee1e1a8f85b.mp3]	[sound:hypertts-7e59026c7e1707ec59ebf26c5375d76870a5ca18a7ccfe4809b342aa.mp3]	[sound:売買_バ＼イバイ_1_NHK-2016.mp3]	"""<span style=""""box-shadow: inset -2px 2px 0 0px #FF6633;"""">バ</span><span style=""""box-shadow: inset 0px -2px 0 0px #FF6633;"""">イバイ</span> <span class=""""pitch_number"""">1</span>"""
1781686821203	1781686901	Doki Doki2-10	町長	町[ちょう] 長[ちょう]	ちょうちょう	chōchō	burmistrz miasteczka / wójt	新しい町長は親切な人です。	Nowy burmistrz jest uprzejmym człowiekiem.			rzeczownik. Oznacza głowę małego miasta (町[まち]). Złożenie: miasto i szef.	新[あたら]しい 町[ちょう] 長[ちょう]は 親[しん] 切[せつ]な 人[ひと]です。		[sound:hypertts-425cdf702eb0c63df714bdcd6b5c31d9f3d87c616de6ca3a40b24f93.mp3]	[sound:hypertts-00681aeb224be4bfa9db5e829e05835a4c9756ea5c736cb29f5596b3.mp3]	[sound:町長_チョ＼ーチョー_1_NHK-2016.mp3]	"""<span style=""""box-shadow: inset -2px 2px 0 0px #FF6633;"""">チョ</span><span style=""""box-shadow: inset 0px -2px 0 0px #FF6633;"""">ーチョー</span> <span class=""""pitch_number"""">1</span>"""
1781686821205	1781686902	Doki Doki2-10	市長	市[し] 長[ちょう]	しちょう	shichō	prezydent miasta / burmistrz	今日、市長の話を聞きます。	Dzisiaj wysłucham przemówienia prezydenta miasta.			rzeczownik. Szef większego miasta (市[し]).	今[きょう] 日[にち]、 市[し] 長[ちょう]の 話[はなし]を 聞[き]きます。		[sound:hypertts-627847fcd473c7acd3c6f216ee49da3f7f955b198a8b949f6a2973f1.mp3]	[sound:hypertts-7716a2a2f14d22fdb862d23d3a44c93fb0d83cb5f2af6b74d770f7d3.mp3]	[sound:市長_シ＼チョー_1_NHK-2016.mp3] [sound:市長_シチョ＼ー_2_NHK-2016.mp3]	"""<span style=""""box-shadow: inset -2px 2px 0 0px #FF6633;""""><span style=""""color: royalblue;"""">シ</span></span><span style=""""box-shadow: inset 0px -2px 0 0px #FF6633;"""">チョー</span> <span class=""""pitch_number"""">1</span>, <span style=""""box-shadow: inset -2px -2px 0 0 #FF6633;""""><span style=""""color: royalblue;"""">シ</span></span><span style=""""box-shadow: inset -2px 2px 0 0px #FF6633;"""">チョ</span><span style=""""box-shadow: inset 0px -2px 0 0px #FF6633;"""">ー</span> <span class=""""pitch_number"""">2</span>"""
1781686821206	1788961508	Doki Doki2-10	トップ	トップ	トップ	toppu	szczyt / czołówka / top	彼はクラスのトップです。	On jest w czołówce klasy.			rzeczownik. Zapożyczenie z języka angielskiego (top). Używane w kontekście pozycji, czołówki.	彼[かれ]は クラスの トップです。		[sound:hypertts-b3a3d18befb096c2f2c4aa2ee91dfec73c1d5c2a3b913ce146064cbe.mp3]	[sound:hypertts-0c3e1f923a3c0b022404d866d43f46796789b055dcb3e95552b92319.mp3]	[sound:トップ_ト＼ップ_1_NHK-2016.mp3]	"""<span style=""""box-shadow: inset -2px 2px 0 0px #FF6633;"""">ト</span><span style=""""box-shadow: inset 0px -2px 0 0px #FF6633;"""">ップ</span> <span class=""""pitch_number"""">1</span>"""
1781686821207	1781686905	Doki Doki2-10	武道	武[ぶ] 道[どう]	ぶどう	budō	sztuki walki	日本の武道を習いたいです。	Chcę uczyć się japońskich sztuk walki.			rzeczownik. Ogólne określenie na tradycyjne japońskie sztuki walki.	日[に] 本[ほん]の 武[ぶ] 道[どう]を 習[なら]いたいです。		[sound:hypertts-a7c9ae631467095f7826748d0c4bdca4cce37c0b3be1f9d48e6aa3ab.mp3]	[sound:hypertts-bdc21824e05bc993ec6a6e20dec1a7fd9fbf9cf0a54bba945eab363e.mp3]	[sound:武道_ブ＼ドー_1_NHK-2016.mp3]	"""<span style=""""box-shadow: inset -2px 2px 0 0px #FF6633;"""">ブ</span><span style=""""box-shadow: inset 0px -2px 0 0px #FF6633;"""">ドー</span> <span class=""""pitch_number"""">1</span>"""
1781686821208	1781686907	Doki Doki2-10	柔道	柔[じゅう] 道[どう]	じゅうどう	jūdō	judo	子供の時、柔道をしました。	W dzieciństwie trenowałem judo.			rzeczownik. Popularna japońska sztuka walki, skupiająca się na rzutach i chwytach.	子[こ] 供[ども]の 時[とき]、 柔[じゅう] 道[どう]を しました。		[sound:hypertts-4e11faef58eb87df9abfeb27f75268a36f766147b00d0eacc2d0ca0b.mp3]	[sound:hypertts-fdb925c8b65f08c720ca57eec4529f19f57347e029095bb35e2b9548.mp3]	[sound:柔道_ジュ＼ードー_1_NHK-2016.mp3]	"""<span style=""""box-shadow: inset -2px 2px 0 0px #FF6633;"""">ジュ</span><span style=""""box-shadow: inset 0px -2px 0 0px #FF6633;"""">ードー</span> <span class=""""pitch_number"""">1</span>"""
1781686821209	1781686909	Doki Doki2-10	国立	国[こく] 立[りつ]	こくりつ	kokuritsu	narodowy / państwowy	週末に国立の美術館へ行きます。	W weekend idę do muzeum narodowego.			rzeczownik / prefiks. Oznacza obiekt założony lub utrzymywany przez państwo, np. uniwersytet, muzeum, park.	週[しゅう] 末[まつ]に 国[こく] 立[りつ]の 美[び] 術[じゅつ] 館[かん]へ 行[い]きます。		[sound:hypertts-add9c8698618c72fb2f9cece171e5c05f5e2162ef88b777c16fa95e0.mp3]	[sound:hypertts-e02c0db353f7ae96a4c8a6670e3a23f3c079183245a09b05f14a491e.mp3]	[sound:国立_コクリツ━_0_NHK-2016.mp3]	"""<span style=""""box-shadow: inset -2px -2px 0 0 #FF6633;"""">コ</span><span style=""""box-shadow: inset 0px 2px 0 0px #FF6633;"""">クリツ</span> <span class=""""pitch_number"""">0</span>"""
1781686821210	1781686910	Doki Doki2-10	夜中	夜[よ] 中[なか]	よなか	yonaka	środek nocy / późno w nocy	夜中に友達から電話がありました。	W środku nocy miałem telefon od przyjaciela.			rzeczownik. Oznacza środek nocy, późne godziny nocne.	夜[よ] 中[なか]に 友[とも] 達[だち]から 電[でん] 話[わ]が ありました。		[sound:hypertts-fa074d3275d76054662b2bba06c98aa85bc98ef78b0e26bb6d0ed2a0.mp3]	[sound:hypertts-f8a3499d1062c3749d8302071628816c536d405759444eca8562360e.mp3]	[sound:夜中_ヨナカ＼_3_NHK-2016.mp3]	"""<span style=""""box-shadow: inset -2px -2px 0 0 #FF6633;"""">ヨ</span><span style=""""box-shadow: inset -2px 2px 0 0px #FF6633;"""">ナカ</span> <span class=""""pitch_number"""">3</span>"""
1781686821211	1781686912	Doki Doki2-10	夜食	夜[や] 食[しょく]	やしょく	yashoku	nocny posiłek / kolacja (późna)	勉強の後で夜食を食べます。	Po nauce jem późny posiłek.			rzeczownik. Lekki posiłek jedzony późno w nocy, np. podczas nauki do egzaminu.	勉[べん] 強[きょう]の 後[あと]で 夜[や] 食[しょく]を 食[た]べます。		[sound:hypertts-f5b35ffaa84f15ca0de36dbf1a7c1bcca21172bb3487dd097b616bde.mp3]	[sound:hypertts-fd9a5600b145629ee72d059994de2f250a7152e102ec90bea533548c.mp3]	[sound:夜食_ヤショク━_0_NHK-2016.mp3]	"""<span style=""""box-shadow: inset -2px -2px 0 0 #FF6633;"""">ヤ</span><span style=""""box-shadow: inset 0px 2px 0 0px #FF6633;"""">ショク</span> <span class=""""pitch_number"""">0</span>"""
1781686821212	1788508350	Doki Doki2-10	朝食	朝[ちょう] 食[しょく]	ちょうしょく	chōshoku	śniadanie (bardziej formalnie)	毎朝、ホテルで朝食を食べます。	Codziennie rano jem śniadanie w hotelu.			rzeczownik. Bardziej formalne określenie na śniadanie niż 朝[あさ] ご 飯[はん].	毎[まい] 朝[あさ]、 ホテルで 朝[ちょう] 食[しょく]を 食[た]べます。		[sound:hypertts-36fc9529dfd715a0faa6a1651cda7793aab1fa2da0f041cb505a76dc.mp3]	[sound:hypertts-3e133db94733ea509026887ab95f3ad0b2402b7c3c305686ddf3c683.mp3]	[sound:朝食_チョーショク━_0_NHK-2016.mp3]	"""<span style=""""box-shadow: inset -2px -2px 0 0 #FF6633;"""">チョ</span><span style=""""box-shadow: inset 0px 2px 0 0px #FF6633;"""">ーショク</span> <span class=""""pitch_number"""">0</span>"""
1781686821213	1789052957	Doki Doki2-10	ピクニック	ピクニック	 ピクニック	pikunikku	piknik	公園で家族とピクニックをします。	Robię piknik z rodziną w parku.			rzeczownik / czasownik suru. Zapożyczenie z języka angielskiego (picnic).	公[こう] 園[えん]で 家[か] 族[ぞく]と ピクニックを します。		[sound:hypertts-583d2b26cf1a159d78b3fda7d4063c856c5c02591cfceebd55cd608b.mp3]	[sound:hypertts-76501c12c2cc60d8030f69903c3511893f44ec691e068f19cb097a7b.mp3]	[sound:ピクニック_ピ＼クニック_1_NHK-2016.mp3] [sound:ピクニック_ピクニ＼ック_3_NHK-2016.mp3]	"""<span style=""""box-shadow: inset -2px 2px 0 0px #FF6633;""""><span style=""""color: royalblue;"""">ピ</span></span><span style=""""box-shadow: inset 0px -2px 0 0px #FF6633;"""">クニック</span> <span class=""""pitch_number"""">1</span>, <span style=""""box-shadow: inset -2px -2px 0 0 #FF6633;""""><span style=""""color: royalblue;"""">ピ</span></span><span style=""""box-shadow: inset -2px 2px 0 0px #FF6633;"""">クニ</span><span style=""""box-shadow: inset 0px -2px 0 0px #FF6633;"""">ック</span> <span class=""""pitch_number"""">3</span>"""
1781686821214	1781686917	Doki Doki2-10	持参する	持[じ] 参[さん]する	じさんする	jisan suru	przynieść ze sobą / zabrać ze sobą	来週の会議に辞書を持参します。	Przyniosę słownik na spotkanie w przyszłym tygodniu.	持[じ] 参[さん]します	持[じ] 参[さん]しません	czasownik nieregularny (suru). Formalne słowo oznaczające przyniesienie czegoś na spotkanie lub wydarzenie.	来[らい] 週[しゅう]の 会[かい] 議[ぎ]に 辞[じ] 書[しょ]を 持[じ] 参[さん]します。		[sound:hypertts-5cabcc3c98b531d2ddafaf41b8a02b5d01d753284ae9481059492aeb.mp3]	[sound:hypertts-6d15db599da081b86fa235f5dd740ed8c313e93ffbaefb7daecd2f57.mp3]		"""<span style=""""box-shadow: inset -2px -2px 0 0 #FF6633;"""">ジ</span><span style=""""box-shadow: inset 0px 2px 0 0px #FF6633;"""">サンスル</span> <span class=""""pitch_number"""">0</span>"""
1781686821215	1788508365	Doki Doki2-10	昼食	昼[ちゅう] 食[しょく]	ちゅうしょく	chūshoku	obiad / lunch (bardziej formalnie)	会社の食堂で昼食を食べます。	Jem obiad w stołówce firmowej.			rzeczownik. Bardziej formalne określenie na obiad/lunch niż 昼[ひる] ご 飯[はん].	会[かい] 社[しゃ]の 食[しょく] 堂[どう]で 昼[ちゅう] 食[しょく]を 食[た]べます。		[sound:hypertts-b5a64f845e9ef0fa7a5c7b79e362772506dbb53f4fef320b8eb2165d.mp3]	[sound:hypertts-2a5bbfd32e2c7649f1ae205e05ff0fddb28577c84765431518b7faa9.mp3]	[sound:昼食_チューショク━_0_NHK-2016.mp3]	"""<span style=""""box-shadow: inset -2px -2px 0 0 #FF6633;"""">チュ</span><span style=""""box-shadow: inset 0px 2px 0 0px #FF6633;"""">ーショク</span> <span class=""""pitch_number"""">0</span>"""
1781686821216	1781686920	Doki Doki2-10	昼寝	昼[ひる] 寝[ね]	ひるね	hirune	drzemka (w ciągu dnia)	日曜日はよく昼寝をします。	W niedziele często ucinam sobie drzemkę.			rzeczownik / czasownik suru (昼[ひる] 寝[ね]する). Złożenie znaków oznaczających południe/dzień (昼[ひる]) i sen (寝[ね]).	日[にち] 曜[よう] 日[び]は よく 昼[ひる] 寝[ね]を します。		[sound:hypertts-4752b8fd40b16824800854b3fec856a9eec618879bc145de968e5a6d.mp3]	[sound:hypertts-6170f526926772544dbe9707bbc477dc0f15dce0a2629bc14d17c71c.mp3]	[sound:昼寝_ヒルネ━_0_NHK-2016.mp3]	"""<span style=""""box-shadow: inset -2px -2px 0 0 #FF6633;"""">ヒ</span><span style=""""box-shadow: inset 0px 2px 0 0px #FF6633;"""">ルネ</span> <span class=""""pitch_number"""">0</span>"""
1781686821217	1789214228	Doki Doki2-10	ベンチ	ベンチ	 ベンチ	benchi	ławka	公園のベンチで本を読みます。	Czytam książkę na ławce w parku.			rzeczownik. Zapożyczenie z języka angielskiego (bench).	公[こう] 園[えん]の ベンチで 本[ほん]を 読[よ]みます。		[sound:hypertts-fcfbe4823be9b58b1753a0f20a887868f66b65456c6ff04643907a49.mp3]	[sound:hypertts-6d1ee0a7ca026a151a13c426338f090e899204dce0027c808c3a274d.mp3]	[sound:ベンチ_ベ＼ンチ_1_NHK-2016.mp3]	"""<span style=""""box-shadow: inset -2px 2px 0 0px #FF6633;"""">ベ</span><span style=""""box-shadow: inset 0px -2px 0 0px #FF6633;"""">ンチ</span> <span class=""""pitch_number"""">1</span>"""
1781695660003	1781696624	Doki Doki2-11	手話	手[しゅ] 話[わ]	しゅわ	shuwa	język migowy	彼女は手話ができます。	Ona potrafi posługiwać się językiem migowym.			rzeczownik. Oznacza język oparty na gestach, używany przez osoby niesłyszące.	彼[かの] 女[じょ]は 手[しゅ] 話[わ]が できます。		[sound:hypertts-e0963e52dcff9c0b4c073252824e95a0bf03a0850aa4a0c101861faf.mp3]	[sound:hypertts-1eeb61736d1f58444d470f7cca7c429add326d6c0e33800a1bc373b7.mp3]	[sound:手話_シュ＼ワ_1_NHK-2016.mp3]	"""<span style=""""box-shadow: inset -2px 2px 0 0px #FF6633;"""">シュ</span><span style=""""box-shadow: inset 0px -2px 0 0px #FF6633;"""">ワ</span> <span class=""""pitch_number"""">1</span>"""
1781695660004	1781696624	Doki Doki2-11	折り紙	折[お]り 紙[がみ]	おりがみ	origami	origami / sztuka składania papieru	妹は折り紙が好きです。	Moja młodsza siostra lubi origami.			rzeczownik. Tradycyjna japońska sztuka składania papieru. Złożenie: łamać/zginać (折) i papier (紙 - udźwięcznienie: kami -&gt; gami).	妹[いもうと]は 折[お]り 紙[がみ]が 好[す]きです。		[sound:hypertts-45d47ecd8b71eb083ec6c5dc3d390cd4d8f0cb230322889661be1946.mp3]	[sound:hypertts-4725b31359dcb41dd4f7ed649f36a976eac2ba0498897b68e4354892.mp3]	[sound:折り紙_オリ＼カ゚ミ_2_NHK-2016.mp3]	"""<span style=""""box-shadow: inset -2px -2px 0 0 #FF6633;"""">オ</span><span style=""""box-shadow: inset 0px 2px 0 0px #FF6633;"""">リカ<span style=""""color: red;"""">°</span>ミ</span> <span class=""""pitch_number"""">0</span>, <span style=""""box-shadow: inset -2px -2px 0 0 #FF6633;"""">オ</span><span style=""""box-shadow: inset -2px 2px 0 0px #FF6633;"""">リ</span><span style=""""box-shadow: inset 0px -2px 0 0px #FF6633;"""">カ<span style=""""color: red;"""">°</span>ミ</span> <span class=""""pitch_number"""">2</span>"""
1781695660005	1781696624	Doki Doki2-11	和紙	和[わ] 紙[し]	わし	washi	japoński papier (washi)	この手紙は和紙で作りました。	Zrobiłem ten list z japońskiego papieru.			rzeczownik. Tradycyjny japoński papier, często wytwarzany ręcznie. Prefiks 和 (wa) oznacza japoński styl.	この 手[て] 紙[がみ]は 和[わ] 紙[し]で 作[つく]りました。		[sound:hypertts-4f36d3c5ad57a04c62a82413514d8b659a32384c4214cf5245772801.mp3]	[sound:hypertts-9fcbe7bebe4a5052d9e42171c002ab2bc48ec15ca8aac9f24f90b9ec.mp3]	[sound:和紙_ワ＼シ_1_NHK-2016.mp3]	"""<span style=""""box-shadow: inset -2px 2px 0 0px #FF6633;"""">ワ</span><span style=""""box-shadow: inset 0px -2px 0 0px #FF6633;"""">シ</span> <span class=""""pitch_number"""">1</span>"""
1781695660006	1781696624	Doki Doki2-11	タクシー	タクシー	タクシー	takushī	taksówka	駅までタクシーで行きます。	Pojadę na stację taksówką.			rzeczownik / gairaigo (zapożyczenie). Zapisywane w katakanie. Używane w kontekście transportu.	駅[えき]まで タクシーで 行[い]きます。		[sound:hypertts-de5fd9d9bb02c36d95d8cee057789da184303afc3ebf4ec1b69c967a.mp3]	[sound:hypertts-1542e83bb89085a8c19a8418aa6655b274b9025588913f06a5799e04.mp3]	[sound:タクシー_タ＼クシー_1_NHK-2016.mp3]	"""<span style=""""box-shadow: inset -2px 2px 0 0px #FF6633;"""">タ</span><span style=""""box-shadow: inset 0px -2px 0 0px #FF6633;""""><span style=""""color: royalblue;"""">ク</span>シー</span> <span class=""""pitch_number"""">1</span>"""
1781695660007	1781696624	Doki Doki2-11	映る	映[うつ]る	うつる	utsuru	odbijać się (np. w lustrze) / wyświetlać się	鏡に私の顔が映ります。	Moja twarz odbija się w lustrze.	映[うつ]ります	映[うつ]りません	czasownik gr. 1. Nieprzechodni. Używany do opisu obrazu odbijającego się w wodzie, lustrze lub wyświetlanego na ekranie.	鏡[かがみ]に 私[わたし]の 顔[かお]が 映[うつ]ります。		[sound:hypertts-c5a4033c72745ebb7c6453eef5b0e2aac25c02622970f8a0024c4674.mp3]	[sound:hypertts-62441ff2e5ee0c713c9c40a8b5957417e7c635a99853bb0699b24e58.mp3]	[sound:映る_ウツ＼ル_2_NHK-2016.mp3]	"""<span style=""""box-shadow: inset -2px -2px 0 0 #FF6633;"""">ウ</span><span style=""""box-shadow: inset -2px 2px 0 0px #FF6633;"""">ツ</span><span style=""""box-shadow: inset 0px -2px 0 0px #FF6633;"""">ル</span> <span class=""""pitch_number"""">2</span>"""
1781695660008	1781696624	Doki Doki2-11	計画	計[けい] 画[かく]	けいかく	keikaku	plan / projekt	夏休みの計画を作ります。	Robię plan na wakacje.			rzeczownik / czasownik suru (計画する). Używane w kontekście zamierzeń i harmonogramów.	夏[なつ] 休[やす]みの 計[けい] 画[かく]を 作[つく]ります。		[sound:hypertts-e7b749e310e8c0d1ba0711b8b83ae7c7fa5ec067da28a26786321665.mp3]	[sound:hypertts-d058a318dba9762befe6f90fa0f0835a705f1df78d237083d3a1ace0.mp3]	[sound:計画_ケーカク━_0_NHK-2016.mp3]	"""<span style=""""box-shadow: inset -2px -2px 0 0 #FF6633;"""">ケ</span><span style=""""box-shadow: inset 0px 2px 0 0px #FF6633;"""">イカク</span> <span class=""""pitch_number"""">0</span>"""
1781695660009	1781696624	Doki Doki2-11	美術大学	美[び] 術[じゅつ] 大[だい] 学[がく]	びじゅつだいがく	bijutsudaigaku	uniwersytet artystyczny / akademia sztuk pięknych	彼女は美術大学の学生です。	Ona jest studentką akademii sztuk pięknych.			rzeczownik. Złożenie słów sztuka (美術) i uniwersytet (大学). W mowie potocznej często skracane do 美大 (bidai).	彼[かの] 女[じょ]は 美[び] 術[じゅつ] 大[だい] 学[がく]の 学[がく] 生[せい]です。		[sound:hypertts-7d300413147a6d15e7b725940665b92359a90d67790729e1efb9cc6d.mp3]	[sound:hypertts-8c7dd46b187c3763c21d905f4b1dec104a72f29fbdd3569d3ef4b800.mp3]	[sound:美術大学_ビジュツダイガク_JapanesePod101.mp3]	"""<span style=""""box-shadow: inset -2px -2px 0 0 #FF6633;"""">ビ</span><span style=""""box-shadow: inset -2px 2px 0 0px #FF6633;"""">ジュツダ</span><span style=""""box-shadow: inset 0px -2px 0 0px #FF6633;"""">イガク</span> <span class=""""pitch_number"""">4</span>"""
1781695660010	1781696624	Doki Doki2-11	勉強	勉[べん] 強[きょう]	べんきょう	benkyō	nauka	毎日、日本語の勉強をします。	Codziennie uczę się języka japońskiego.			rzeczownik / czasownik suru (勉強する). Oznacza proces nauki, zazwyczaj szkolnej lub z podręczników.	毎[まい] 日[にち]、 日[に] 本[ほん] 語[ご]の 勉[べん] 強[きょう]を します。		[sound:hypertts-9add0340a9ac3ea83b6a9836c490561fd2adf4e58af04a2283851e22.mp3]	[sound:hypertts-d0ce26bc321843eca9eba4fb12ad2d61f11d0151fa819997799a26ba.mp3]	[sound:勉強_ベンキョー━_0_NHK-2016.mp3]	"""<span style=""""box-shadow: inset -2px -2px 0 0 #FF6633;"""">ベ</span><span style=""""box-shadow: inset 0px 2px 0 0px #FF6633;"""">ンキョー</span> <span class=""""pitch_number"""">0</span>"""
1781695660012	1781696624	Doki Doki2-11	好物	好[こう] 物[ぶつ]	こうぶつ	kōbutsu	ulubione jedzenie / przysmak	私の好物は寿司です。	Moim ulubionym jedzeniem jest sushi.			rzeczownik. Oznacza rzecz, którą się bardzo lubi (najczęściej w odniesieniu do jedzenia).	私[わたし]の 好[こう] 物[ぶつ]は 寿[す] 司[し]です。		[sound:hypertts-c9d65a2b5eb24c2c6bbe1c5f69e5ebe350e83d51d1b13b365ac4406a.mp3]	[sound:hypertts-3eaba7cdb24751b734af9af722d1c4a6e28f5cd6cdca2d0a8430f4b0.mp3]	[sound:好物_コ＼ーブツ_1_NHK-2016.mp3]	"""<span style=""""box-shadow: inset -2px 2px 0 0px #FF6633;"""">コ</span><span style=""""box-shadow: inset 0px -2px 0 0px #FF6633;"""">ーブツ</span> <span class=""""pitch_number"""">1</span>"""
1781695660013	1781696624	Doki Doki2-11	好み	好[この]み	このみ	konomi	gust / upodobanie	音楽の好みが同じです。	Mamy taki sam gust muzyczny.			rzeczownik. Oznacza indywidualne preferencje i upodobania. Pochodzi od czasownika 好む.	音[おん] 楽[がく]の 好[この]みが 同[おな]じです。		[sound:hypertts-d8fe218aa932557bfd8285bf9daccae00b1e4204e030dccd376f8433.mp3]	[sound:hypertts-f2efd97cd482ffa43605f99f045d3e42f36b3826f6af86d9c5f40bba.mp3]	[sound:好み_コ＼ノミ_1_NHK-2016.mp3] [sound:好み_コノミ＼_3_NHK-2016.mp3]	"""<span style=""""box-shadow: inset -2px 2px 0 0px #FF6633;"""">コ</span><span style=""""box-shadow: inset 0px -2px 0 0px #FF6633;"""">ノミ</span> <span class=""""pitch_number"""">1</span>, <span style=""""box-shadow: inset -2px -2px 0 0 #FF6633;"""">コ</span><span style=""""box-shadow: inset -2px 2px 0 0px #FF6633;"""">ノミ</span> <span class=""""pitch_number"""">3</span>"""
1781695660014	1781696624	Doki Doki2-11	説明	説[せつ] 明[めい]	せつめい	setsumei	wyjaśnienie / tłumaczenie	先生の説明を聞きます。	Słucham wyjaśnień nauczyciela.			rzeczownik / czasownik suru (説明する). Używane, gdy ktoś wyjaśnia zasady, powody lub przekazuje instrukcje.	先[せん] 生[せい]の 説[せつ] 明[めい]を 聞[き]きます。		[sound:hypertts-bec6cb67f62bb126a9e905a03d4d98da06d0e6fc7445d943d8ad3af2.mp3]	[sound:hypertts-877c39e643acbd6ac690e33bd31ed37bcac15f8e0b8459bf5c8f5c8a.mp3]	[sound:説明_セツメー━_0_NHK-2016.mp3]	"""<span style=""""box-shadow: inset -2px -2px 0 0 #FF6633;"""">セ</span><span style=""""box-shadow: inset 0px 2px 0 0px #FF6633;"""">ツメイ</span> <span class=""""pitch_number"""">0</span>"""
1781695660015	1781696624	Doki Doki2-11	所	所[ところ]	ところ	tokoro	miejsce	ここは静かな所です。	To jest ciche miejsce.			rzeczownik. Ogólne określenie fizycznego lub abstrakcyjnego miejsca.	ここは 静[しず]かな 所[ところ]です。		[sound:hypertts-e3587695a19ad3cb9b44ea9f07f07a9a88148c6dbc2db5d11462e940.mp3]	[sound:hypertts-bcb6b7b858c9e6f40a6de5449960afcad9a4e9950e35b018fe904016.mp3]	[sound:所_トコロ━_0_NHK-2016.mp3] [sound:所_トコロ＼_3_NHK-2016.mp3]	"""<span style=""""box-shadow: inset -2px -2px 0 0 #FF6633;"""">ト</span><span style=""""box-shadow: inset 0px 2px 0 0px #FF6633;"""">コロ</span> <span class=""""pitch_number"""">0</span>, <span style=""""box-shadow: inset -2px -2px 0 0 #FF6633;"""">ト</span><span style=""""box-shadow: inset -2px 2px 0 0px #FF6633;"""">コロ</span> <span class=""""pitch_number"""">3</span>"""
1781695660016	1781696624	Doki Doki2-11	近所	近[きん] 所[じょ]	きんじょ	kinjo	sąsiedztwo / okolica	近所に新しい店ができました。	W sąsiedztwie otwarto nowy sklep.			rzeczownik. Odnosi się do najbliższej okolicy lub sąsiadów. Złożenie znaków: blisko (近) i miejsce (所).	近[きん] 所[じょ]に 新[あたら]しい 店[みせ]が できました。		[sound:hypertts-db908c6199cb031614748b188518f5535acbd8f4e8977fdc6da6dea4.mp3]	[sound:hypertts-338725c110eb5cc4a6c51641afb3f397c04736bedc4a1644602d0c7b.mp3]	[sound:近所_キ＼ンジョ_1_NHK-2016.mp3]	"""<span style=""""box-shadow: inset -2px 2px 0 0px #FF6633;"""">キ</span><span style=""""box-shadow: inset 0px -2px 0 0px #FF6633;"""">ンジョ</span> <span class=""""pitch_number"""">1</span>"""
1781695660017	1781696624	Doki Doki2-11	旅	旅[たび]	たび	tabi	podróż	一人で日本の旅をします。	Samotnie udaję się w podróż po Japonii.			rzeczownik. Podróż, często w znaczeniu bardziej osobistym, poetyckim lub swobodnym niż słowo 旅行 (ryokō).	一[ひと] 人[り]で 日[に] 本[ほん]の 旅[たび]を します。		[sound:hypertts-f47dfdd77c1de0dbeb2ffe7af8de7547f4eecd51a3c23c4f12412217.mp3]	[sound:hypertts-123f7a0c4a790afbffabf087ebf0827a70e3d5f37624cf769f5ff296.mp3]	[sound:旅_タビ＼_2_NHK-2016.mp3]	"""<span style=""""box-shadow: inset -2px -2px 0 0 #FF6633;"""">タ</span><span style=""""box-shadow: inset -2px 2px 0 0px #FF6633;"""">ビ</span> <span class=""""pitch_number"""">2</span>"""
1781695660018	1781696624	Doki Doki2-11	国歌	国[こっ] 歌[か]	こっか	kokka	hymn państwowy	式で国歌を歌います。	Zaśpiewam hymn narodowy na ceremonii.			rzeczownik. Złożenie znaków: kraj/państwo (国) i pieśń (歌).	式[しき]で 国[こっ] 歌[か]を 歌[うた]います。		[sound:hypertts-82d7b782045beb922c480ede3edb1a2ad63f44a3718d16bd8e94156c.mp3]	[sound:hypertts-809c7d3232b7ebd518454ea459037dba55db1028fdb82119dd1a6367.mp3]	[sound:国歌_コ＼ッカ_1_NHK-2016.mp3]	"""<span style=""""box-shadow: inset -2px -2px 0 0 #FF6633;"""">コ</span><span style=""""box-shadow: inset 0px 2px 0 0px #FF6633;"""">ッカ</span> <span class=""""pitch_number"""">0</span>, <span style=""""box-shadow: inset -2px 2px 0 0px #FF6633;"""">コ</span><span style=""""box-shadow: inset 0px -2px 0 0px #FF6633;"""">ッカ</span> <span class=""""pitch_number"""">1</span>"""
1781695895106	1783620755	Doki Doki2-12	昔話	昔[むかし] 話[ばなし]	むかしばなし	mukashibanashi	baśń / ludowa opowieść / stare historie	おばあさんは昔話をしました。	Babcia opowiedziała baśń.			rzeczownik. Tradycyjna japońska opowieść przekazywana z pokolenia na pokolenie. Złożenie: dawno (昔) i opowieść/rozmowa (話). Występuje zjawisko rendaku (hanashi -&gt; banashi).	おばあさんは 昔[むかし] 話[ばなし]を しました。		[sound:hypertts-2600711b67927f70a348d4024502def05dda5986a12a50f5cd632937.mp3]	[sound:hypertts-4df2028d743539b7627a648ddc5587bd23986fe707b91a2dcb903ec6.mp3]	[sound:昔話_ムカシバ＼ナシ_4_NHK-2016.mp3]	"""<span style=""""box-shadow: inset -2px -2px 0 0 #FF6633;"""">ム</span><span style=""""box-shadow: inset -2px 2px 0 0px #FF6633;"""">カシバ</span><span style=""""box-shadow: inset 0px -2px 0 0px #FF6633;"""">ナシ</span> <span class=""""pitch_number"""">4</span>"""
1781695895107	1781696005	Doki Doki2-12	大昔	大[おお] 昔[むかし]	おおむかし	ōmukashi	zamierzchłe czasy / dawno temu	大昔、ここに城がありました。	W zamierzchłych czasach był tutaj zamek.			rzeczownik. Oznacza bardzo odległą przeszłość. Złożenie: duży (大) i dawno (昔).	大[おお] 昔[むかし]、 ここに 城[しろ]が ありました。		[sound:hypertts-e577e97846cf1bccf3eb686a05dba9df6156ed7bb5ca013ba18b6d57.mp3]	[sound:hypertts-b72dd8329c25421a87dcbdeba22cd0324caed8da4d2a8c2f1e8e0e74.mp3]	[sound:大昔_オーム＼カシ_3_NHK-2016.mp3]	"""<span style=""""box-shadow: inset -2px -2px 0 0 #FF6633;"""">オ</span><span style=""""box-shadow: inset -2px 2px 0 0px #FF6633;"""">ーム</span><span style=""""box-shadow: inset 0px -2px 0 0px #FF6633;"""">カシ</span> <span class=""""pitch_number"""">3</span>"""
1781695895108	1781696007	Doki Doki2-12	神道	神[しん] 道[とう]	しんとう	shintō	shinto (religia)	神道は日本の古い宗教です。	Shinto to stara japońska religia.			rzeczownik. Rdzenna religia Japonii. Złożenie znaków: bóg (神) i droga (道).	神[しん] 道[とう]は 日[に] 本[ほん]の 古[ふる]い 宗[しゅう] 教[きょう]です。		[sound:hypertts-bdd86cd58557feecc92742f157b2f6aa28ab55963a6f57dd9426eb29.mp3]	[sound:hypertts-f434d3987384c91537d44bd3e200085e04ced091b272169b7388d4e5.mp3]	[sound:神道_シ＼ントー_1_NHK-2016.mp3]	"""<span style=""""box-shadow: inset -2px 2px 0 0px #FF6633;"""">シ</span><span style=""""box-shadow: inset 0px -2px 0 0px #FF6633;"""">ントー</span> <span class=""""pitch_number"""">1</span>"""
1781695895109	1781696009	Doki Doki2-12	仏教	仏[ぶっ] 教[きょう]	ぶっきょう	bukkyō	buddyzm	私は大学で仏教を勉強します。	Studiuję buddyzm na uniwersytecie.			rzeczownik. Religia oparta na naukach Buddy. Złożenie: Budda (仏) i nauka/religia (教).	私[わたし]は 大[だい] 学[がく]で 仏[ぶっ] 教[きょう]を 勉[べん] 強[きょう]します。		[sound:hypertts-8d2fef349b4715f069fb34d2eef1a53980f73e7fe45523de5566b3b3.mp3]	[sound:hypertts-5a6e1139e6e0cbd6b967b659fa23e3c5b50028aef0cbb46cac7ecb64.mp3]	[sound:仏教_ブ＼ッキョー_1_NHK-2016.mp3]	"""<span style=""""box-shadow: inset -2px 2px 0 0px #FF6633;"""">ブ</span><span style=""""box-shadow: inset 0px -2px 0 0px #FF6633;"""">ッキョー</span> <span class=""""pitch_number"""">1</span>, <span style=""""box-shadow: inset -2px -2px 0 0 #FF6633;"""">ブ</span><span style=""""box-shadow: inset -2px 2px 0 0px #FF6633;"""">ッキョ</span><span style=""""box-shadow: inset 0px -2px 0 0px #FF6633;"""">ー</span> <span class=""""pitch_number"""">3</span>"""
1781695895110	1781696009	Doki Doki2-12	神	神[かみ]	かみ	kami	bóg / bóstwo	日本人はたくさんの神を信じます。	Japończycy wierzą w wielu bogów.			rzeczownik. W kulturze japońskiej odnosi się do bóstw Shinto, ale może też oznaczać Boga w chrześcijaństwie (często jako 神様 - kamisama).	日[に] 本[ほん] 人[じん]は たくさんの 神[かみ]を 信[しん]じます。		[sound:hypertts-ac5fc05946a1ce1a8050b4edfdd83bfac3e1cec372d0aaf9914edbcf.mp3]	[sound:hypertts-0bb2230087ed1ba41add4ef2c89351f60fca4babb6a04ab6064046c6.mp3]	[sound:神_カ＼ミ_1_NHK-2016.mp3]	"""<span style=""""box-shadow: inset -2px 2px 0 0px #FF6633;"""">カ</span><span style=""""box-shadow: inset 0px -2px 0 0px #FF6633;"""">ミ</span> <span class=""""pitch_number"""">1</span>"""
1781695895111	1781696258	Doki Doki2-12	八百万	八[やお] 百[よろ] 万[ず]	やおよろず	yaoyorozu	osiem milionów / niezliczona ilość	日本には八百万の神がいます。	W Japonii jest osiem milionów (niezliczona ilość) bóstw.			rzeczownik. Dosłownie &quot;osiem milionów&quot;, ale w japońskiej kulturze (zwłaszcza w Shinto) używane jako metafora oznaczająca &quot;niezliczoną ilość&quot; bóstw.	日[に] 本[ほん]には 八[やお] 百[よろ] 万[ず]の 神[かみ]が います。		[sound:hypertts-146c2bd06ca59153248e780cd79daf9a14631330d54ba5e9fb8e4ff9.mp3]	[sound:hypertts-b16d88f52bb58e7eb77d61be9067e843365074e1ab691376a189a3f0.mp3]	[sound:八百万_ヤオヨロズ━_0_NHK-2016.mp3]	"""<span style=""""box-shadow: inset -2px -2px 0 0 #FF6633;"""">ヤ</span><span style=""""box-shadow: inset 0px 2px 0 0px #FF6633;"""">オヨロズ</span> <span class=""""pitch_number"""">0</span>, <span style=""""box-shadow: inset -2px -2px 0 0 #FF6633;"""">ヤ</span><span style=""""box-shadow: inset -2px 2px 0 0px #FF6633;"""">オヨ</span><span style=""""box-shadow: inset 0px -2px 0 0px #FF6633;"""">ロズ</span> <span class=""""pitch_number"""">3</span>"""
1781695895112	1781696303	Doki Doki2-12	特色	特[とく] 色[しょく]	とくしょく	tokushoku	cecha charakterystyczna	この町の特色は何ですか。	Jaka jest cecha charakterystyczna tego miasta?			rzeczownik. Cechy wyróżniające dane miejsce, produkt lub osobę. Złożenie: specjalny (特) i kolor/cecha (色).	この 町[まち]の 特[とく] 色[しょく]は 何[なん]ですか。		[sound:hypertts-f32d74211e25575dc259ecd6856f5531abd5be9cac52b3d4d417b669.mp3]	[sound:hypertts-41842c4c6182b0901f3b50b5d4e2a371d688a2e5c8eab278b63eef7c.mp3]	[sound:特色_トクショク━_0_NHK-2016.mp3]	"""<span style=""""box-shadow: inset -2px -2px 0 0 #FF6633;"""">ト</span><span style=""""box-shadow: inset 0px 2px 0 0px #FF6633;""""><span style=""""color: royalblue;"""">ク</span>ショク</span> <span class=""""pitch_number"""">0</span>"""
1781695895113	1781696013	Doki Doki2-12	昔々	昔[むかし] 々[むかし]	むかしむかし	mukashimukashi	dawno, dawno temu	昔々、ある所におじいさんとおばあさんがいました。	Dawno, dawno temu, w pewnym miejscu żyli dziadek i babcia.			wyrażenie. Tradycyjny początek japońskich baśni i legend. Znak 々 (odoriji) powtarza poprzednie kanji.	昔[むかし] 々[むかし]、 ある 所[ところ]に おじいさんと おばあさんが いました。		[sound:hypertts-856337ffd5a219ea59af668e6b1fd3f416f9498d0215577948fd2579.mp3]	[sound:hypertts-3f9c7c59110cddd0a5c8b30f837842300e16f8d5c9b155edefd77edb.mp3]	[sound:昔々_ムカシムカシ━_0_NHK-2016.mp3]	"""<span style=""""box-shadow: inset -2px -2px 0 0 #FF6633;"""">ム</span><span style=""""box-shadow: inset 0px 2px 0 0px #FF6633;"""">カシムカシ</span> <span class=""""pitch_number"""">0</span>"""
1781695895114	1781696015	Doki Doki2-12	人々	人[ひと] 々[びと]	ひとびと	hitobito	ludzie	たくさんの人々が公園に集まりました。	Wielu ludzi zebrało się w parku.			rzeczownik. Liczba mnoga słowa człowiek. Znak 々 oznacza powtórzenie, tutaj zjawisko rendaku (hito -&gt; bito).	たくさんの 人[ひと] 々[びと]が 公[こう] 園[えん]に 集[あつ]まりました。		[sound:hypertts-4753bc36eeacada5d20eebebf94fbb602dd779a04432f290e6a0c6b5.mp3]	[sound:hypertts-2806c06ae58dff7843af0ba4d82c756f87c44c497a5abbf34baa0307.mp3]	[sound:人々_ヒト＼ビト_2_NHK-2016.mp3]	"""<span style=""""box-shadow: inset -2px -2px 0 0 #FF6633;""""><span style=""""color: royalblue;"""">ヒ</span></span><span style=""""box-shadow: inset -2px 2px 0 0px #FF6633;"""">ト</span><span style=""""box-shadow: inset 0px -2px 0 0px #FF6633;"""">ビト</span> <span class=""""pitch_number"""">2</span>"""
1781695895115	1783158165	Doki Doki2-12 Doki2-7	色々	色々[いろいろ]	いろいろ	iroiro	różne / różnorodne / rozmaite	日本で色々な食べ物を食べました。	W Japonii jadłem różne jedzenie.			na-przymiotnik (występuje jako 色々な) lub przysłówek. Często zapisywane samą hiraganą. Znak 々 oznacza powtórzenie poprzedniego kanji.	日[に] 本[ほん]で 色々[いろいろ]な 食[た]べ 物[もの]を 食[た]べました。		[sound:hypertts-290d7e3b6de3b8d3e4f08fde0bd1ba9002e533ec2cc36a0e369c2539.mp3]	[sound:hypertts-0f62cd86f70900a9ae0270d85e21fe08bc3e6ad859387b60ec9f989f.mp3]	[sound:色々_イロイロ━_0_Shinmeikai-8.mp3]	"""<span style=""""box-shadow: inset -2px -2px 0 0 #FF6633;"""">イ</span><span style=""""box-shadow: inset 0px 2px 0 0px #FF6633;"""">ロイロ</span> <span class=""""pitch_number"""">0</span>"""
1781695895116	1781696018	Doki Doki2-12	アンケート	アンケート	アンケート	ankēto	ankieta	学生はアンケートに答えました。	Studenci odpowiedzieli na ankietę.			rzeczownik / gairaigo (zapożyczenie). Pochodzi od francuskiego słowa &quot;enquête&quot;. Zapisywane w katakanie.	学[がく] 生[せい]は アンケートに 答[こた]えました。		[sound:hypertts-eaf6e29eb4503c534b60bf9fb5f3f1fc30fbae55e865857ffde9d307.mp3]	[sound:hypertts-275d4888851d81df1bf562ef84505cfd4382404b69446b5d2c4105fc.mp3]	[sound:アンケート_ア＼ンケート_1_NHK-2016.mp3] [sound:アンケート_アンケ＼ート_3_NHK-2016.mp3]	"""<span style=""""box-shadow: inset -2px 2px 0 0px #FF6633;"""">ア</span><span style=""""box-shadow: inset 0px -2px 0 0px #FF6633;"""">ンケート</span> <span class=""""pitch_number"""">1</span>, <span style=""""box-shadow: inset -2px -2px 0 0 #FF6633;"""">ア</span><span style=""""box-shadow: inset -2px 2px 0 0px #FF6633;"""">ンケ</span><span style=""""box-shadow: inset 0px -2px 0 0px #FF6633;"""">ート</span> <span class=""""pitch_number"""">3</span>"""
1781695895117	1781696020	Doki Doki2-12	早朝	早[そう] 朝[ちょう]	そうちょう	sōchō	wczesny ranek	私は早朝に散歩をします。	Spaceruję wczesnym rankiem.			rzeczownik. Złożenie: wcześnie (早) i rano (朝). Używane często w kontekście oficjalnym lub do określenia godzin porannych (np. wiadomości, pociągi).	私[わたし]は 早[そう] 朝[ちょう]に 散[さん] 歩[ぽ]を します。		[sound:hypertts-ab7b69fbc618f64f8bd83d7b8f23bf9be9644f7b3057c39840aa45e8.mp3]	[sound:hypertts-cd3ed5859ec4198d15236e1da6e2ed2e91c1e4a9cc2511277f2aa530.mp3]	[sound:早朝_ソーチョー━_0_NHK-2016.mp3]	"""<span style=""""box-shadow: inset -2px -2px 0 0 #FF6633;"""">ソ</span><span style=""""box-shadow: inset 0px 2px 0 0px #FF6633;"""">ーチョー</span> <span class=""""pitch_number"""">0</span>"""
1781695895118	1781696022	Doki Doki2-12	早起き	早[はや] 起[お]き	はやおき	hayaoki	wczesne wstawanie	父は早起きが得意です。	Mój ojciec jest dobry we wczesnym wstawaniu.			rzeczownik / czasownik suru (早起きする). Złożenie przymiotnika 早い (wczesny) i czasownika 起きる (wstawać).	父[ちち]は 早[はや] 起[お]きが 得[とく] 意[い]です。		[sound:hypertts-13ef40c58a57436a3b18f507687de862108c0550331a3e7a8adcbbec.mp3]	[sound:hypertts-5e3602fafc3ee09e3a0bb87dde0300d33f24d5cf0892e3715b009372.mp3]	[sound:早起き_ハヤ＼オキ_2_NHK-2016.mp3]	"""<span style=""""box-shadow: inset -2px -2px 0 0 #FF6633;"""">ハ</span><span style=""""box-shadow: inset -2px 2px 0 0px #FF6633;"""">ヤ</span><span style=""""box-shadow: inset 0px -2px 0 0px #FF6633;"""">オキ</span> <span class=""""pitch_number"""">2</span>"""
1781695895119	1781696023	Doki Doki2-12	起立	起[き] 立[りつ]	きりつ	kiritsu	wstanie (na równe nogi)	先生が入る時、学生は起立します。	Kiedy nauczyciel wchodzi, uczniowie wstają.			rzeczownik / czasownik suru. Formalne określenie wstawania. Używane w szkołach lub ceremoniach jako komenda &quot;wstać!&quot; (起立!).	先[せん] 生[せい]が 入[はい]る 時[とき]、 学[がく] 生[せい]は 起[き] 立[りつ]します。		[sound:hypertts-053ed36467d5c20897e6c77f43e910dfda3520803f1e90d853d2220d.mp3]	[sound:hypertts-3e1710e0801019c29f1b09f83c9cef7008ba3507077cb3ae922b063e.mp3]	[sound:起立_キリツ━_0_NHK-2016.mp3]	"""<span style=""""box-shadow: inset -2px -2px 0 0 #FF6633;"""">キ</span><span style=""""box-shadow: inset 0px 2px 0 0px #FF6633;"""">リツ</span> <span class=""""pitch_number"""">0</span>"""
1781695895120	1781696025	Doki Doki2-12	礼	礼[れい]	れい	rei	ukłon / podziękowanie	起立、礼、着席。	Wstać, ukłonić się, usiąść.			rzeczownik. Słowo oznaczające ukłon, wdzięczność, maniery lub ceremonię. W szkołach komenda nakazująca ukłonienie się nauczycielowi.	起[き] 立[りつ]、 礼[れい]、 着[ちゃく] 席[せき]。		[sound:hypertts-701cfe62aecf5c68adaab3f0ecf080c8b313179adf3863a73c699677.mp3]	[sound:hypertts-14f94b2a7a5d2911ef0c0f94cfb30e6f23f9f0ec7cee7676a5f14b23.mp3]	[sound:礼_レー━_0_NHK-2016.mp3] [sound:礼_レ＼ー_1_NHK-2016.mp3]	"""<span style=""""box-shadow: inset -2px -2px 0 0 #FF6633;"""">レ</span><span style=""""box-shadow: inset 0px 2px 0 0px #FF6633;"""">イ</span> <span class=""""pitch_number"""">0</span>, <span style=""""box-shadow: inset -2px 2px 0 0px #FF6633;"""">レ</span><span style=""""box-shadow: inset 0px -2px 0 0px #FF6633;"""">イ</span> <span class=""""pitch_number"""">1</span>"""
1781695895121	1781696026	Doki Doki2-12	豚肉	豚[ぶた] 肉[にく]	ぶたにく	butaniku	wieprzowina	スーパーで豚肉を買いました。	Kupiłem wieprzowinę w supermarkecie.			rzeczownik. Złożenie: świnia (豚) i mięso (肉). Często używane w codziennym gotowaniu.	スーパーで 豚[ぶた] 肉[にく]を 買[か]いました。		[sound:hypertts-8de80186e9ae0dea7ccf28cbfc4d20f4b8c6ebac480c19c0577af747.mp3]	[sound:hypertts-bb9aec36578bd12bed8cfc32f18148f81d537d924c277993bed735a8.mp3]	[sound:豚肉_ブタニク━_0_NHK-2016.mp3]	"""<span style=""""box-shadow: inset -2px -2px 0 0 #FF6633;"""">ブ</span><span style=""""box-shadow: inset 0px 2px 0 0px #FF6633;"""">タニク</span> <span class=""""pitch_number"""">0</span>"""
1781695895122	1781696028	Doki Doki2-12	牛肉	牛[ぎゅう] 肉[にく]	ぎゅうにく	gyūniku	wołowina	牛肉は少し高いです。	Wołowina jest trochę droga.			rzeczownik. Złożenie: krowa (牛) i mięso (肉).	牛[ぎゅう] 肉[にく]は 少[すこ]し 高[たか]いです。		[sound:hypertts-868bf282de75fe01ea90657ce31084eb8af316bb06710def30679cdb.mp3]	[sound:hypertts-2c88b63e4652395d33e8999b0faaa1beef18b82199dd4d5e809986c6.mp3]	[sound:牛肉_ギューニク━_0_NHK-2016.mp3]	"""<span style=""""box-shadow: inset -2px -2px 0 0 #FF6633;"""">ギュ</span><span style=""""box-shadow: inset 0px 2px 0 0px #FF6633;"""">ーニク</span> <span class=""""pitch_number"""">0</span>"""
1781695895123	1781696362	Doki Doki2-12	和牛	和[わ] 牛[ぎゅう]	わぎゅう	wagyū	wagyu (japońska wołowina)	日本で和牛を食べたいです。	Chcę zjeść wołowinę wagyu w Japonii.			rzeczownik. Japońska rasa krów o charakterystycznym mięsie. Przedrostek 和 (wa) oznacza &quot;japoński&quot;.	日[に] 本[ほん]で 和[わ] 牛[ぎゅう]を 食[た]べたいです。		[sound:hypertts-7773e2fa1f5b9c7129ba6a7cbe0352a860d8c6d230dc797be27d31dd.mp3]	[sound:hypertts-6a6189672f0d2df944766d29ff1823e03fe3857ca24c2368324b5ec9.mp3]	[sound:和牛_ワキ゚ュー━_0_NHK-2016.mp3]	"""<span style=""""box-shadow: inset -2px -2px 0 0 #FF6633;"""">ワ</span><span style=""""box-shadow: inset 0px 2px 0 0px #FF6633;"""">キ<span style=""""color: red;"""">°</span>ュー</span> <span class=""""pitch_number"""">0</span>"""
1781695895124	1781696032	Doki Doki2-12	子牛	子[こ] 牛[うし]	こうし	koushi	cielę	農場に可愛い子牛がいます。	Na farmie jest urocze cielę.			rzeczownik. Znak 子 (ko) jako przedrostek oznacza dziecko/młode, a 牛 (ushi) krowę.	農[のう] 場[じょう]に 可[か] 愛[わい]い 子[こ] 牛[うし]が います。		[sound:hypertts-e4b8af299b0bd4d7fb24ae1fdeb9c3e7c313f8acde30f1d7cca2352e.mp3]	[sound:hypertts-f50d3c72600397adba52bcd50089ad27c3cfbe88e24d84ebf8fac249.mp3]	[sound:子牛_コウシ━_0_NHK-2016.mp3]	"""<span style=""""box-shadow: inset -2px -2px 0 0 #FF6633;"""">コ</span><span style=""""box-shadow: inset 0px 2px 0 0px #FF6633;"""">ウシ</span> <span class=""""pitch_number"""">0</span>"""
1781695895125	1781696033	Doki Doki2-12	大使館	大[たい] 使[し] 館[かん]	たいしかん	taishikan	ambasada	パスポートのために大使館へ行きます。	Idę do ambasady z powodu paszportu.			rzeczownik. Oficjalna placówka dyplomatyczna. W Japonii wiele z nich znajduje się w dzielnicy Minato w Tokio.	パスポートのために 大[たい] 使[し] 館[かん]へ 行[い]きます。		[sound:hypertts-f71007d1d94e3a477fce418624d50b1b4744cc4c3da3235d8d4bff28.mp3]	[sound:hypertts-00cbc808a8a040e10ecd633e38e909762e3b76611a97e9b230f7c9f3.mp3]	[sound:大使館_タイシ＼カン_3_NHK-2016.mp3]	"""<span style=""""box-shadow: inset -2px -2px 0 0 #FF6633;"""">タ</span><span style=""""box-shadow: inset -2px 2px 0 0px #FF6633;"""">イ<span style=""""color: royalblue;"""">シ</span></span><span style=""""box-shadow: inset 0px -2px 0 0px #FF6633;"""">カン</span> <span class=""""pitch_number"""">3</span>"""
1781695895126	1781696035	Doki Doki2-12	ビザ	ビザ	ビザ	biza	wiza	アメリカのビザを取りました。	Zdobyłem amerykańską wizę.			rzeczownik / gairaigo. Zapisywane w katakanie. Wymagane przy dłuższych pobytach za granicą. Czasami nazywane oficjalnie 査証 (sashō), ale w mowie potocznej używa się ビザ.	アメリカの ビザを 取[と]りました。		[sound:hypertts-bba382de214ce1fd4e077e1b6582ed0c5a5faef670d033c1c67a3e1b.mp3]	[sound:hypertts-80bff8ebd030e50000e9d4799a6548b4d1ffe737981e91bd82b43d86.mp3]	[sound:ビザ_ビ＼ザ_1_NHK-2016.mp3]	"""<span style=""""box-shadow: inset -2px 2px 0 0px #FF6633;"""">ビ</span><span style=""""box-shadow: inset 0px -2px 0 0px #FF6633;"""">ザ</span> <span class=""""pitch_number"""">1</span>"""
1781695895127	1781696037	Doki Doki2-12	天使	天[てん] 使[し]	てんし	tenshi	anioł	彼女の心は天使のように優しいです。	Jej serce jest łagodne jak u anioła.			rzeczownik. Oznacza anioła w kontekście religijnym lub kogoś bardzo dobrego. Złożenie: niebo (天) i posłaniec (使).	彼[かの] 女[じょ]の 心[こころ]は 天[てん] 使[し]のように 優[やさ]しいです。		[sound:hypertts-1cbf34d374e2edd8d8ee93cdef7dff61014deda8770b880812cb304e.mp3]	[sound:hypertts-570218ac21290b62b0781c209dbc8c37eb948a132afca329748ac722.mp3]	[sound:天使_テ＼ンシ_1_NHK-2016.mp3]	"""<span style=""""box-shadow: inset -2px 2px 0 0px #FF6633;"""">テ</span><span style=""""box-shadow: inset 0px -2px 0 0px #FF6633;"""">ンシ</span> <span class=""""pitch_number"""">1</span>"""
1781695895128	1781696039	Doki Doki2-12	売店	売[ばい] 店[てん]	ばいてん	baiten	kiosk / sklepik	駅の売店で新聞を買いました。	Kupiłem gazetę w kiosku na stacji.			rzeczownik. Mały punkt sprzedaży, np. na peronie, w szpitalu czy szkole. Złożenie: sprzedawać (売) i sklep (店).	駅[えき]の 売[ばい] 店[てん]で 新[しん] 聞[ぶん]を 買[か]いました。		[sound:hypertts-8dab0342d898cfcb11ce5c8c813db629cc734036781c52fe3f02359f.mp3]	[sound:hypertts-4cf6cb146e7c19fcce51631ccbcf80506f5d2409c235829da5c81351.mp3]	[sound:売店_バイテン━_0_NHK-2016.mp3]	"""<span style=""""box-shadow: inset -2px -2px 0 0 #FF6633;"""">バ</span><span style=""""box-shadow: inset 0px 2px 0 0px #FF6633;"""">イテン</span> <span class=""""pitch_number"""">0</span>"""
1781695895129	1781696041	Doki Doki2-12	労働	労[ろう] 働[どう]	ろうどう	rōdō	praca / praca fizyczna	彼は工場で労働をしています。	On wykonuje pracę fizyczną w fabryce.			rzeczownik / czasownik suru. Zazwyczaj oznacza pracę fizyczną lub nakład pracy. Używane w kontekstach prawno-ekonomicznych (np. prawo pracy).	彼[かれ]は 工[こう] 場[じょう]で 労[ろう] 働[どう]を しています。		[sound:hypertts-d7e94c9618a9623be3af2e6e73f8c3261d9d3bb099a28295dc79e12a.mp3]	[sound:hypertts-624d5cccf6dd2805e15e29dd840688a43318da1120ed45e58bc04257.mp3]	[sound:労働_ロードー━_0_NHK-2016.mp3]	"""<span style=""""box-shadow: inset -2px -2px 0 0 #FF6633;"""">ロ</span><span style=""""box-shadow: inset 0px 2px 0 0px #FF6633;"""">ードー</span> <span class=""""pitch_number"""">0</span>"""
1781695895130	1781696042	Doki Doki2-12	労働者	労[ろう] 働[どう] 者[しゃ]	ろうどうしゃ	rōdōsha	robotnik / pracownik	新しい法律は労働者を守ります。	Nowe prawo chroni pracowników.			rzeczownik. Określenie osoby wykonującej pracę, często fizyczną. Przyrostek 者 (sha/mono) oznacza osobę.	新[あたら]しい 法[ほう] 律[りつ]は 労[ろう] 働[どう] 者[しゃ]を 守[まも]ります。		[sound:hypertts-43762842b8223c481c3094dbac4916e626174aa8b401d4ac6b7411d8.mp3]	[sound:hypertts-37e77efdb2bc370a979773ae02f2a1bb15e460ae03cf090b115ca055.mp3]	[sound:労働者_ロード＼ーシャ_3_NHK-2016.mp3]	"""<span style=""""box-shadow: inset -2px -2px 0 0 #FF6633;"""">ロ</span><span style=""""box-shadow: inset -2px 2px 0 0px #FF6633;"""">ード</span><span style=""""box-shadow: inset 0px -2px 0 0px #FF6633;"""">ーシャ</span> <span class=""""pitch_number"""">3</span>"""
1781695895131	1781696044	Doki Doki2-12	連休	連[れん] 休[きゅう]	れんきゅう	renkyū	ciąg dni wolnych (długi weekend)	来週は三連休があります。	W przyszłym tygodniu jest trzydniowy weekend.			rzeczownik. Oznacza minimum dwa następujące po sobie dni wolne od pracy, w Japonii popularny jest np. Golden Week.	来[らい] 週[しゅう]は 三[さん] 連[れん] 休[きゅう]が あります。		[sound:hypertts-2021e2bcde729424425e2f86d8bfef724187617103fa601e4a42680b.mp3]	[sound:hypertts-015b4a758dcb6777f446a4a44981f8d40ae4bd816993fdccbc9def40.mp3]	[sound:連休_レンキュー━_0_NHK-2016.mp3]	"""<span style=""""box-shadow: inset -2px -2px 0 0 #FF6633;"""">レ</span><span style=""""box-shadow: inset 0px 2px 0 0px #FF6633;"""">ンキュー</span> <span class=""""pitch_number"""">0</span>"""
1781695895132	1781696046	Doki Doki2-12	連絡	連[れん] 絡[らく]	れんらく	renraku	kontakt / komunikacja	後で先生に連絡します。	Skontaktuję się później z nauczycielem.			rzeczownik / czasownik suru (連絡する). Używane w znaczeniu nawiązania kontaktu, zadzwonienia, poinformowania kogoś.	後[あと]で 先[せん] 生[せい]に 連[れん] 絡[らく]します。		[sound:hypertts-59a5b4385553f1a3bf66bb163033eec4becbe3d5877649aec42c2877.mp3]	[sound:hypertts-7bd3a170231a042dfe881387ece76c68c8e05c1f6a4b3fa80d72a1d8.mp3]	[sound:連絡_レンラク━_0_NHK-2016.mp3]	"""<span style=""""box-shadow: inset -2px -2px 0 0 #FF6633;"""">レ</span><span style=""""box-shadow: inset 0px 2px 0 0px #FF6633;"""">ンラク</span> <span class=""""pitch_number"""">0</span>"""
1781695895133	1781696047	Doki Doki2-12	連れる	連[つ]れる	つれる	tsureru	zabrać (ze sobą osobę lub zwierzę)	公園に犬を連れて行きます。	Zabieram psa do parku.	連[つ]れます	連[つ]れません	czasownik gr. 2. Przechodni. Używany wyłącznie do organizmów żywych (ludzi, zwierząt). Do rzeczy martwych używa się 持っていく (motte iku).	公[こう] 園[えん]に 犬[いぬ]を 連[つ]れて 行[い]きます。		[sound:hypertts-36bc09646a7d536189fff7f757a8e7caa296c2b88e35b72a5390df39.mp3]	[sound:hypertts-827dce5a018f8fbf161e7a2db205c2f2bf8d057dfd30286604f682af.mp3]	[sound:連れる_ツレル━_0_NHK-2016.mp3]	"""<span style=""""box-shadow: inset -2px -2px 0 0 #FF6633;"""">ツ</span><span style=""""box-shadow: inset 0px 2px 0 0px #FF6633;"""">レル</span> <span class=""""pitch_number"""">0</span>"""
1781695895134	1781696049	Doki Doki2-12	別々	別[べつ] 々[べつ]	べつべつ	betsubetsu	osobno / oddzielnie	レストランで別々に払います。	W restauracji płacimy osobno.			na-adj (na-przymiotnik) / przysłówek z partykułą ni. Znak 々 powtarza kanji oznaczające &quot;osobny/inny&quot; (別). Często w zdaniu: 別々にお願いします (proszę o oddzielny rachunek).	レストランで 別[べつ] 々[べつ]に 払[はら]います。		[sound:hypertts-b085c3f27e793dc8ca6f9332d88f781abb356dcd8ecdcf3563d3370a.mp3]	[sound:hypertts-dd71bc1d4a0a57a3fb5718ffa9daa5f756fcb24bd8a472b292116fd5.mp3]	[sound:別々_ベツベツ━_0_NHK-2016.mp3]	"""<span style=""""box-shadow: inset -2px -2px 0 0 #FF6633;"""">ベ</span><span style=""""box-shadow: inset 0px 2px 0 0px #FF6633;"""">ツベツ</span> <span class=""""pitch_number"""">0</span>"""
1781695895135	1781696051	Doki Doki2-12	特別	特[とく] 別[べつ]	とくべつ	tokubetsu	specjalny / wyjątkowy	今日は特別な日です。	Dzisiaj jest wyjątkowy dzień.			na-adj (na-przymiotnik) / rzeczownik. Oznacza coś wybiegającego poza normę, szczególnego.	今[きょう] 日[にち]は 特[とく] 別[べつ]な 日[ひ]です。		[sound:hypertts-6ce4bc21afe7d365b2b4d7ab2caf9302b161b5ede837de0560e4b4d1.mp3]	[sound:hypertts-55edefbaeccf3e171c0076ffd14f64b73967bee781d3a600bdfe38be.mp3]	[sound:特別_トクベツ━_0_NHK-2016.mp3]	"""<span style=""""box-shadow: inset -2px -2px 0 0 #FF6633;"""">ト</span><span style=""""box-shadow: inset 0px 2px 0 0px #FF6633;"""">クベツ</span> <span class=""""pitch_number"""">0</span>"""
1781695895136	1781696053	Doki Doki2-12	差別	差[さ] 別[べつ]	さべつ	sabetsu	dyskryminacja	どんな差別も良くないです。	Jakakolwiek dyskryminacja nie jest dobra.			rzeczownik / czasownik suru (差別する). Używane w kontekście nierównego, niesprawiedliwego traktowania.	どんな 差[さ] 別[べつ]も 良[よ]くないです。		[sound:hypertts-b434916eb020b08eaa3ff1dd435313a4fa6c47477082e162ecd3bf90.mp3]	[sound:hypertts-8ee9cdf038c1608a7075d01a71865c7f99fc345d636aa197531e96bf.mp3]	[sound:差別_サ＼ベツ_1_NHK-2016.mp3]	"""<span style=""""box-shadow: inset -2px 2px 0 0px #FF6633;"""">サ</span><span style=""""box-shadow: inset 0px -2px 0 0px #FF6633;"""">ベツ</span> <span class=""""pitch_number"""">1</span>"""
1781695895137	1790083140	Doki Doki2-12 leech	別れる	別[わか]れる	わかれる	wakareru	rozstać się / rozejść się	駅で友達と別れました。	Rozstałem się z przyjacielem na stacji.	別[わか]れます	別[わか]れません	czasownik gr. 2. Nieprzechodni. Zwykle używa się partykuły と (to) do wskazania z kim następuje rozstanie. Dotyczy pożegnań lub zakończenia związków.	駅[えき]で 友[とも] 達[だち]と 別[わか]れました。		[sound:hypertts-2a53302e377d743e1cd3e99a2b2ead0e40eba09e9cdbbc2a94c68b86.mp3]	[sound:hypertts-efc3b5625006ed65108b5b5325bc3065e6be7857c09d41d5e5fcbb4b.mp3]	[sound:別れる_ワカレ＼ル_3_NHK-2016.mp3]	"""<span style=""""box-shadow: inset -2px -2px 0 0 #FF6633;"""">ワ</span><span style=""""box-shadow: inset -2px 2px 0 0px #FF6633;"""">カレ</span><span style=""""box-shadow: inset 0px -2px 0 0px #FF6633;"""">ル</span> <span class=""""pitch_number"""">3</span>"""
1781695895138	1781696056	Doki Doki2-12	温度	温[おん] 度[ど]	おんど	ondo	temperatura	部屋の温度が高いです。	Temperatura w pokoju jest wysoka.			rzeczownik. Temperatura otoczenia lub obiektu (np. wody w basenie). Do temperatury ciała (gorączki) używa się 体温 (taion), a do pogody 気温 (kion).	部[へ] 屋[や]の 温[おん] 度[ど]が 高[たか]いです。		[sound:hypertts-151e4a81a2c92f8d5e8445ce2de4f08852e0ed1bbadaa82b97e66a60.mp3]	[sound:hypertts-fddaf3255c266cc24eacbf10e49b7a171f01dab1a1285136690a85b0.mp3]	[sound:温度_オ＼ンド_1_NHK-2016.mp3]	"""<span style=""""box-shadow: inset -2px 2px 0 0px #FF6633;"""">オ</span><span style=""""box-shadow: inset 0px -2px 0 0px #FF6633;"""">ンド</span> <span class=""""pitch_number"""">1</span>"""
1781695895139	1781696058	Doki Doki2-12	大仏	大[だい] 仏[ぶつ]	だいぶつ	daibutsu	wielki posąg Buddy	奈良で大きな大仏を見ました。	Widziałem wielki posąg Buddy w Narze.			rzeczownik. Najbardziej znane posągi Daibutsu znajdują się w Kamakurze i Narze.	奈[な] 良[ら]で 大[おお]きな 大[だい] 仏[ぶつ]を 見[み]ました。		[sound:hypertts-51d1b906011533e686ca468a1398627e2b9f9b9f89e1e91b671898df.mp3]	[sound:hypertts-76a657f58775651768d353a31f5af75c3296d6872b766893d9ea9f52.mp3]	[sound:大仏_ダイブツ━_0_NHK-2016.mp3] [sound:大仏_ダイブツ＼_4_NHK-2016.mp3]	"""<span style=""""box-shadow: inset -2px -2px 0 0 #FF6633;"""">ダ</span><span style=""""box-shadow: inset 0px 2px 0 0px #FF6633;"""">イブツ</span> <span class=""""pitch_number"""">0</span>, <span style=""""box-shadow: inset -2px -2px 0 0 #FF6633;"""">ダ</span><span style=""""box-shadow: inset -2px 2px 0 0px #FF6633;"""">イブツ</span> <span class=""""pitch_number"""">4</span>"""
1781695895140	1781696059	Doki Doki2-12	コンクール	コンクール	コンクール	konkūru	konkurs / zawody (często artystyczne)	ピアノのコンクールに出ました。	Wystartowałem w konkursie pianistycznym.			rzeczownik / gairaigo. Pochodzi od francuskiego &quot;concours&quot;. Często używane w odniesieniu do konkursów muzycznych i artystycznych.	ピアノの コンクールに 出[で]ました。		[sound:hypertts-4750072f66973ebe6d5ef4099f37d62bd8ddc30a6a6e346d8a852055.mp3]	[sound:hypertts-34c1b54e009991539ecc0782686a869eacc10a67cb760886bce3fd26.mp3]	[sound:コンクール_コンク＼ール_3_NHK-2016.mp3]	"""<span style=""""box-shadow: inset -2px -2px 0 0 #FF6633;"""">コ</span><span style=""""box-shadow: inset -2px 2px 0 0px #FF6633;"""">ンク</span><span style=""""box-shadow: inset 0px -2px 0 0px #FF6633;"""">ール</span> <span class=""""pitch_number"""">3</span>"""
1781695895141	1781696061	Doki Doki2-12	心配	心[しん] 配[ぱい]	しんぱい	shinpai	zmartwienie / niepokój	テストの結果が心配です。	Martwię się o wynik testu.			na-adj (na-przymiotnik) / czasownik suru (心配する). Oznacza troskę lub strach o przyszłe rezultaty. Złożenie znaków: serce (心) i rozdzielać/dystrybuować (配).	テストの 結[けっ] 果[か]が 心[しん] 配[ぱい]です。		[sound:hypertts-5d9b01f9eb36a65a6d85b3ab890bda10282feadb100d64b9f13708bd.mp3]	[sound:hypertts-49f6fc3684a62c680e8552d543b020f9dd1284475f39b224085340f0.mp3]	[sound:心配_シンパイ━_0_NHK-2016.mp3]	"""<span style=""""box-shadow: inset -2px -2px 0 0 #FF6633;"""">シ</span><span style=""""box-shadow: inset 0px 2px 0 0px #FF6633;"""">ンパイ</span> <span class=""""pitch_number"""">0</span>"""
1781695895142	1781696062	Doki Doki2-12	安心	安[あん] 心[しん]	あんしん	anshin	ulga / spokój ducha	母の声を聞いて、安心しました。	Usłyszałem głos mamy i poczułem ulgę.			na-adj (na-przymiotnik) / czasownik suru (安心する). Przeciwieństwo 心配. Złożenie znaków: tani/spokojny (安) i serce/umysł (心).	母[はは]の 声[こえ]を 聞[き]いて、 安[あん] 心[しん]しました。		[sound:hypertts-7be3b3135a529d1d2c1954c0301c2364eed434eb29bc93e4b7598f4a.mp3]	[sound:hypertts-9ccae04264560cb04f22e25974965294c3e9b882200cc3988bd88f8e.mp3]	[sound:安心_アンシン━_0_NHK-2016.mp3]	"""<span style=""""box-shadow: inset -2px -2px 0 0 #FF6633;"""">ア</span><span style=""""box-shadow: inset 0px 2px 0 0px #FF6633;"""">ンシン</span> <span class=""""pitch_number"""">0</span>"""
1781696679974	1781696786	Doki Doki2-13	料金	料[りょう] 金[きん]	りょうきん	ryōkin	opłata / cennik	このホテルの料金は高いです。	Opłata za ten hotel jest wysoka.			rzeczownik. Oznacza opłatę za usługę, bilet, prąd itp.	この ホテルの 料[りょう] 金[きん]は 高[たか]いです。		[sound:hypertts-58b85970cd2634f912a0c2f7badfb3886aff4e5852ec2ad37dc8b80d.mp3]	[sound:hypertts-e41feee6b00e5a1070ccac35a58a7719c32cd233422434a042d0d2c3.mp3]	[sound:料金_リョ＼ーキン_1_NHK-2016.mp3]	"""<span style=""""box-shadow: inset -2px -2px 0 0 #FF6633;"""">リョ</span><span style=""""box-shadow: inset 0px 2px 0 0px #FF6633;"""">ーキン</span> <span class=""""pitch_number"""">0</span>, <span style=""""box-shadow: inset -2px 2px 0 0px #FF6633;"""">リョ</span><span style=""""box-shadow: inset 0px -2px 0 0px #FF6633;"""">ーキン</span> <span class=""""pitch_number"""">1</span>"""
1781696679975	1781696788	Doki Doki2-13	駐車場	駐[ちゅう] 車[しゃ] 場[じょう]	ちゅうしゃじょう	chūshajō	parking	駐車場の前に車を止めました。	Zatrzymałem samochód przed parkingiem.			rzeczownik. Złożenie: parkować (駐), samochód (車) i miejsce (場).	駐[ちゅう] 車[しゃ] 場[じょう]の 前[まえ]に 車[くるま]を 止[と]めました。		[sound:hypertts-6004cb533a455c2ab23dd05715515b5d76db9f85e9102714ddf89992.mp3]	[sound:hypertts-4459fd98c469af5c5109c6d863ac6d03e2c370d6d040271190a58a5a.mp3]	[sound:駐車場_チューシャジョー━_0_NHK-2016.mp3]	"""<span style=""""box-shadow: inset -2px -2px 0 0 #FF6633;"""">チュ</span><span style=""""box-shadow: inset 0px 2px 0 0px #FF6633;"""">ーシャジョー</span> <span class=""""pitch_number"""">0</span>"""
1781696679976	1781696893	Doki Doki2-13	授業料	授[じゅ] 業[ぎょう] 料[りょう]	じゅぎょうりょう	jugyōryō	czesne / opłata za naukę	毎月、大学の授業料を払います。	Co miesiąc płacę czesne za uniwersytet.			rzeczownik. Złożenie: lekcja (授業) i opłata (料).	毎[まい] 月[つき]、 大[だい] 学[がく]の 授[じゅ] 業[ぎょう] 料[りょう]を 払[はら]います。		[sound:hypertts-ef3c951f80e113acd832061eac7b83bed01486fc3affcaa015170420.mp3]	[sound:hypertts-44084d145398af8373b1b66e71bd36a7a6571813bfebffc0e5fb3257.mp3]	[sound:授業料_ジュキ゚ョ＼ーリョー_2_NHK-2016.mp3]	"""<span style=""""box-shadow: inset -2px -2px 0 0 #FF6633;"""">ジュ</span><span style=""""box-shadow: inset -2px 2px 0 0px #FF6633;"""">キ<span style=""""color: red;"""">°</span>ョ</span><span style=""""box-shadow: inset 0px -2px 0 0px #FF6633;"""">ーリョー</span> <span class=""""pitch_number"""">2</span>"""
1781696679977	1781696791	Doki Doki2-13	理由	理[り] 由[ゆう]	りゆう	riyū	powód / przyczyna	遅れた理由を説明してください。	Proszę wyjaśnić powód spóźnienia.			rzeczownik. Używane w sytuacjach oficjalnych i potocznych do pytania o przyczynę jakiegoś stanu rzeczy.	遅[おく]れた 理[り] 由[ゆう]を 説[せつ] 明[めい]してください。		[sound:hypertts-b16f5fa7f2b5536fd40665deba9e6ba25f733b3a6a1ac0087409d4f1.mp3]	[sound:hypertts-3f3d07573d525ebd4c5857e82759a39f10f5a41b05a93d8e154d50e5.mp3]	[sound:理由_リユー━_0_NHK-2016.mp3]	"""<span style=""""box-shadow: inset -2px -2px 0 0 #FF6633;"""">リ</span><span style=""""box-shadow: inset 0px 2px 0 0px #FF6633;"""">ユー</span> <span class=""""pitch_number"""">0</span>"""
1781696679979	1781696794	Doki Doki2-13	焼き鳥	焼[や]き 鳥[とり]	やきとり	yakitori	grillowany kurczak na patyku / yakitori	居酒屋で美味しい焼き鳥を食べました。	Zjadłem pyszne yakitori w izakayi.			rzeczownik. Popularne japońskie danie barowe. Złożenie: piec/smażyć (焼き) i ptak/kurczak (鳥).	居[い] 酒[ざか] 屋[や]で 美[お] 味[い]しい 焼[や]き 鳥[とり]を 食[た]べました。		[sound:hypertts-ac5cb3d6ae6fc5956afe0f262d77693c1b60d4094a1622d870becee8.mp3]	[sound:hypertts-7da1311ff177130ab93a4c1fc6ed6cc36e7a0c8d12f7f8e16344d75b.mp3]	[sound:焼き鳥_ヤキトリ━_0_NHK-2016.mp3]	"""<span style=""""box-shadow: inset -2px -2px 0 0 #FF6633;"""">ヤ</span><span style=""""box-shadow: inset 0px 2px 0 0px #FF6633;""""><span style=""""color: royalblue;"""">キ</span>トリ</span> <span class=""""pitch_number"""">0</span>"""
1781696679980	1781696796	Doki Doki2-13	空く	空[あ]く	あく	aku	być pustym / zwolnić się	電車が空いています。	Pociąg jest pusty (niezatłoczony).	空[あ]きます	空[あ]きません	czasownik gr. 1. Nieprzechodni (ga aku). Oznacza, że coś jest niezajęte (np. krzesło, pociąg, czas). W kontekście pustego żołądka czytane jako &quot;suku&quot; (お腹が空く).	電[でん] 車[しゃ]が 空[あ]いています。		[sound:hypertts-1c2784d5a8162d3dbde2244c936592c5713934be8d6fec6be3db60af.mp3]	[sound:hypertts-fd4a06975216aacf4acfab92f995d29e61010bf5ec990311661117c9.mp3]	[sound:空く_アク━_0_NHK-2016.mp3]	"""<span style=""""box-shadow: inset -2px -2px 0 0 #FF6633;"""">ア</span><span style=""""box-shadow: inset 0px 2px 0 0px #FF6633;"""">ク</span> <span class=""""pitch_number"""">0</span>"""
1781696679981	1781697361	Doki Doki2-13	空[から]	空[から]	から	kara	pusty (brak zawartości)	この箱は空です。	To pudełko jest puste.			rzeczownik / no-adj. Używane w odniesieniu do pojemników, pudełek, butelek, w których nic nie ma. To samo kanji czytane jako &quot;sora&quot; oznacza niebo.	この 箱[はこ]は 空[から]です。		[sound:hypertts-d91d1ca0bd7862b62c32510f10650dad3308753b692cb3464c7d6b78.mp3]	[sound:hypertts-7b7abc935d8e85a2f87ce881779fb4d13f0155d47b155bd0c33edb78.mp3]	[sound:空_カラ＼_2_NHK-2016.mp3]	"""<span style=""""box-shadow: inset -2px -2px 0 0 #FF6633;"""">カ</span><span style=""""box-shadow: inset -2px 2px 0 0px #FF6633;"""">ラ</span> <span class=""""pitch_number"""">2</span>"""
1781696679982	1781696799	Doki Doki2-13	港	港[みなと]	みなと	minato	port	港に大きな船が止まっています。	W porcie stoi duży statek.			rzeczownik. Miejsce, do którego zawijają statki.	港[みなと]に 大[おお]きな 船[ふね]が 止[と]まっています。		[sound:hypertts-c368391588661dc3f326436d36671f1945425a2f99b21f0f4526cc74.mp3]	[sound:hypertts-ac0e14393153c273141016370dbe08385942b005c6c382b746ef6194.mp3]	[sound:港_ミナト━_0_NHK-2016.mp3] [sound:港_ミ＼ナト_1_NHK-2016.mp3]	"""<span style=""""box-shadow: inset -2px -2px 0 0 #FF6633;"""">ミ</span><span style=""""box-shadow: inset 0px 2px 0 0px #FF6633;"""">ナト</span> <span class=""""pitch_number"""">0</span>"""
1781696679983	1781696801	Doki Doki2-13	〜着	〜 着[ちゃく]	〜ちゃく	~chaku	przylot / przyjazd (sufiks)	三時着の飛行機で帰ります。	Wracam samolotem przylatującym o trzeciej.			przyrostek (sufiks). Dodawany do godziny lub miejsca w celu wskazania czasu lub miejsca przyjazdu/przylotu.	三[さん] 時[じ] 着[ちゃく]の 飛[ひ] 行[こう] 機[き]で 帰[かえ]ります。		[sound:hypertts-d13833d4e8222e987fe9e758314f42aa8eb3b2f67c626eb6a84a864f.mp3]	[sound:hypertts-7c9ebfabfe0a15a11fae1580d0e2f2c35027ce7578b6adae92229a2b.mp3]	[sound:着_チャ＼ク_1_NHK-2016.mp3]	"""<span style=""""box-shadow: inset -2px -2px 0 0 #FF6633;"""">キ</span> <span class=""""pitch_number"""">0</span>, <span style=""""box-shadow: inset -2px 2px 0 0px #FF6633;"""">チャ</span><span style=""""box-shadow: inset 0px -2px 0 0px #FF6633;"""">ク</span> <span class=""""pitch_number"""">1</span>"""
1781696679985	1781696804	Doki Doki2-13	建国	建[けん] 国[こく]	けんこく	kenkoku	założenie państwa	今日は建国記念日です。	Dzisiaj jest dzień założenia państwa.			rzeczownik / czasownik suru (建国する). Złożenie: budować (建) i kraj (国).	今[きょう] 日[にち]は 建[けん] 国[こく] 記[き] 念[ねん] 日[び]です。		[sound:hypertts-d711e0127e1643140a8e33b730636ada276509fedc58c7f9f0b6eff4.mp3]	[sound:hypertts-f68fec115dfa530cf72f587d33883b848cc632f5e744866c1d9ea9b2.mp3]	[sound:建国_ケンコク━_0_NHK-2016.mp3]	"""<span style=""""box-shadow: inset -2px -2px 0 0 #FF6633;"""">ケ</span><span style=""""box-shadow: inset 0px 2px 0 0px #FF6633;"""">ンコク</span> <span class=""""pitch_number"""">0</span>"""
1781696679986	1781696805	Doki Doki2-13	記念日	記[き] 念[ねん] 日[び]	きねんび	kinenbi	rocznica / dzień pamięci	明日は両親の結婚記念日です。	Jutro jest rocznica ślubu moich rodziców.			rzeczownik. Oznacza ważny dzień, o którym należy pamiętać.	明[あした]は 両[りょう] 親[しん]の 結[けっ] 婚[こん] 記[き] 念[ねん] 日[び]です。		[sound:hypertts-463d44ea3fc2fcc1d8ed634a771102d5fce571f19bf71f68d01c87e7.mp3]	[sound:hypertts-e7597f5cb1a945172a4eeb25218b1e408e14f77067330afcfd19a279.mp3]	[sound:記念日_キネ＼ンビ_2_NHK-2016.mp3]	"""<span style=""""box-shadow: inset -2px -2px 0 0 #FF6633;"""">キ</span><span style=""""box-shadow: inset -2px 2px 0 0px #FF6633;"""">ネ</span><span style=""""box-shadow: inset 0px -2px 0 0px #FF6633;"""">ンビ</span> <span class=""""pitch_number"""">2</span>"""
1781696679987	1781696807	Doki Doki2-13	建物	建[たて] 物[もの]	たてもの	tatemono	budynek	あの高い建物は銀行です。	Tamty wysoki budynek to bank.			rzeczownik. Złożenie słów budować (建てる) i rzecz (物).	あの 高[たか]い 建[たて] 物[もの]は 銀[ぎん] 行[こう]です。		[sound:hypertts-0cac0f2f9b390afc2d3f28f025c8f09729f541259e0e5168236bbb7d.mp3]	[sound:hypertts-a3234e934a25e4173fa07c78488eacd270eac2a137c8f9d9dad3aa31.mp3]	[sound:建物_タテ＼モノ_2_NHK-2016.mp3] [sound:建物_タテモ＼ノ_3_NHK-2016.mp3]	"""<span style=""""box-shadow: inset -2px -2px 0 0 #FF6633;"""">タ</span><span style=""""box-shadow: inset -2px 2px 0 0px #FF6633;"""">テ</span><span style=""""box-shadow: inset 0px -2px 0 0px #FF6633;"""">モノ</span> <span class=""""pitch_number"""">2</span>, <span style=""""box-shadow: inset -2px -2px 0 0 #FF6633;"""">タ</span><span style=""""box-shadow: inset -2px 2px 0 0px #FF6633;"""">テモ</span><span style=""""box-shadow: inset 0px -2px 0 0px #FF6633;"""">ノ</span> <span class=""""pitch_number"""">3</span>"""
1781696679988	1781696809	Doki Doki2-13	建つ	建[た]つ	たつ	tatsu	być budowanym / stać (o budynku)	家の隣に新しいマンションが建ちました。	Obok mojego domu wybudowano nowy apartamentowiec.	建[た]ちます	建[た]ちません	czasownik gr. 1. Nieprzechodni (ga tatsu). Odnosi się do faktu wznoszenia/stania budowli.	家[いえ]の 隣[となり]に 新[あたら]しい マンションが 建[た]ちました。		[sound:hypertts-bb053d8785d6cc47da8d4c83d20779c614f65e5695085549b5153480.mp3]	[sound:hypertts-39f09b4f7614106d3e26744dc3f7a427952ea4ce3b0ff809ba022db3.mp3]	[sound:建つ_タ＼ツ_1_NHK-2016.mp3]	"""<span style=""""box-shadow: inset -2px 2px 0 0px #FF6633;"""">タ</span><span style=""""box-shadow: inset 0px -2px 0 0px #FF6633;"""">ツ</span> <span class=""""pitch_number"""">1</span>"""
1781696679989	1781696810	Doki Doki2-13	建てる	建[たて]る	たてる	tateru	budować / wznosić	将来、自分の家を建てたいです。	W przyszłości chcę zbudować własny dom.	建[たて]ます	建[たて]ません	czasownik gr. 2. Przechodni (wo tateru). Oznacza celowy proces budowania czegoś, np. domu, szkoły.	将[しょう] 来[らい]、 自[じ] 分[ぶん]の 家[いえ]を 建[たて]たいです。		[sound:hypertts-29b3d8df321dd8cf79a78f9a5b4507affca8fe62352baed86464b3c0.mp3]	[sound:hypertts-32a065b9a6a86351f7840c02dfb620b360e604160b6851c716ea6ba5.mp3]	[sound:たてる_タテ＼ル_2_NHK-2016.mp3]	"""<span style=""""box-shadow: inset -2px -2px 0 0 #FF6633;"""">タ</span><span style=""""box-shadow: inset -2px 2px 0 0px #FF6633;"""">テ</span><span style=""""box-shadow: inset 0px -2px 0 0px #FF6633;"""">ル</span> <span class=""""pitch_number"""">2</span>"""
1781696679990	1781696812	Doki Doki2-13	植物園	植[しょく] 物[ぶつ] 園[えん]	しょくぶつえん	shokubutsuen	ogród botaniczny	週末に家族と植物園へ行きます。	W weekend jadę z rodziną do ogrodu botanicznego.			rzeczownik. Złożenie: roślina (植物) i ogród/park (園).	週[しゅう] 末[まつ]に 家[か] 族[ぞく]と 植[しょく] 物[ぶつ] 園[えん]へ 行[い]きます。		[sound:hypertts-dba1608a778b4b860195214a22bfe5e718d6aa2ed2785e3274092e57.mp3]	[sound:hypertts-d1fd0069708401fdcc9916e16cf9f43fd9c7331958d7e4493f3119cd.mp3]	[sound:植物園_ショクブツ＼エン_4_NHK-2016.mp3]	"""<span style=""""box-shadow: inset -2px -2px 0 0 #FF6633;"""">ショ</span><span style=""""box-shadow: inset -2px 2px 0 0px #FF6633;"""">クブツ</span><span style=""""box-shadow: inset 0px -2px 0 0px #FF6633;"""">エン</span> <span class=""""pitch_number"""">4</span>"""
1781696679991	1781696813	Doki Doki2-13	同僚	同[どう] 僚[りょう]	どうりょう	dōryō	współpracownik / kolega z pracy	会社の後で、同僚と飲みに行きます。	Po pracy idę z kolegą z pracy na drinka.			rzeczownik. Osoba pracująca w tej samej firmie lub na podobnym stanowisku.	会[かい] 社[しゃ]の 後[あと]で、 同[どう] 僚[りょう]と 飲[の]みに 行[い]きます。		[sound:hypertts-e0c88262f4d6791c5dac5bfc86a6be26c524715f7d128812b8b487c6.mp3]	[sound:hypertts-a9b17f0ea3b633022e3bd1a115dd47497bc5763c95b3758722569deb.mp3]	[sound:同僚_ドーリョー━_0_NHK-2016.mp3]	"""<span style=""""box-shadow: inset -2px -2px 0 0 #FF6633;"""">ド</span><span style=""""box-shadow: inset 0px 2px 0 0px #FF6633;"""">ーリョー</span> <span class=""""pitch_number"""">0</span>"""
1781696679992	1781696815	Doki Doki2-13	同級生	同[どう] 級[きゅう] 生[せい]	どうきゅうせい	dōkyūsei	kolega z klasy / kolega z roku	彼は私の大学の同級生です。	On jest moim kolegą z roku na uniwersytecie.			rzeczownik. Odnosi się do uczniów w tej samej klasie lub na tym samym roczniku.	彼[かれ]は 私[わたし]の 大[だい] 学[がく]の 同[どう] 級[きゅう] 生[せい]です。		[sound:hypertts-bc14976275e039a67a7733a55d6b5e8c09de8659339c76866309601a.mp3]	[sound:hypertts-b42c6c01232089b883e219059129422d1b69c4e370d0d8a102869e90.mp3]	[sound:同級生_ドーキュ＼ーセー_3_NHK-2016.mp3]	"""<span style=""""box-shadow: inset -2px -2px 0 0 #FF6633;"""">ド</span><span style=""""box-shadow: inset -2px 2px 0 0px #FF6633;"""">ーキュ</span><span style=""""box-shadow: inset 0px -2px 0 0px #FF6633;"""">ーセイ</span> <span class=""""pitch_number"""">3</span>"""
1781696679993	1781696816	Doki Doki2-13	同時	同[どう] 時[じ]	どうじ	dōji	ten sam czas / jednocześnie	二人は同時に部屋に入りました。	Obydwaj weszli do pokoju w tym samym czasie (jednocześnie).			rzeczownik / przysłówek z partykułą ni. Złożenie: ten sam (同) i czas (時).	二[ふた] 人[り]は 同[どう] 時[じ]に 部[へ] 屋[や]に 入[はい]りました。		[sound:hypertts-b8c4fc72360acbf8d51efcf61f2278dcfacad2173e6c2bfe2de59af9.mp3]	[sound:hypertts-01e58e5870e49f1ef8c9fa9ee1543b39bb60642385948b20b975bf5d.mp3]	[sound:同時_ドージ━_0_NHK-2016.mp3]	"""<span style=""""box-shadow: inset -2px -2px 0 0 #FF6633;"""">ド</span><span style=""""box-shadow: inset 0px 2px 0 0px #FF6633;"""">ージ</span> <span class=""""pitch_number"""">0</span>, <span style=""""box-shadow: inset -2px 2px 0 0px #FF6633;"""">ド</span><span style=""""box-shadow: inset 0px -2px 0 0px #FF6633;"""">ージ</span> <span class=""""pitch_number"""">1</span>"""
1781696679994	1781696818	Doki Doki2-13	〜海	〜 海[かい]	〜かい	~kai	morze (sufiks)	ヨーロッパにバルト海があります。	W Europie znajduje się Morze Bałtyckie.			przyrostek (sufiks). Dodawany do nazw własnych mórz, np. 日本海 (Morze Japońskie), 地中海 (Morze Śródziemne). Samodzielnie czytane jako うみ (umi).	ヨーロッパに バルト 海[かい]が あります。		[sound:hypertts-0c1e5af48ad4b3e7ff9f34e3078853ec8f415ffe22f7dc17983f820c.mp3]	[sound:hypertts-7ba9ebee06deb7473e6a2a3ff91ac9698366f622fdf0c63fe6dacd45.mp3]	[sound:海_ウ＼ミ_1_NHK-2016.mp3] [sound:海_ウ＼ミオ_1_NHK-2016.mp3]	"""<span style=""""box-shadow: inset -2px 2px 0 0px #FF6633;"""">ウ</span><span style=""""box-shadow: inset 0px -2px 0 0px #FF6633;"""">ミ</span> <span class=""""pitch_number"""">1</span>, <span style=""""box-shadow: inset -2px -2px 0 0 #FF6633;"""">ワ</span><span style=""""box-shadow: inset 0px 2px 0 0px #FF6633;"""">タ</span> <span class=""""pitch_number"""">0</span>"""
1781696679995	1781696820	Doki Doki2-13	日本海	日[に] 本[ほん] 海[かい]	にほんかい	nihonkai	Morze Japońskie	冬の日本海はとても寒いです。	Zimą nad Morzem Japońskim jest bardzo zimno.			rzeczownik. Morze oddzielające Japonię od kontynentu azjatyckiego.	冬[ふゆ]の 日[に] 本[ほん] 海[かい]は とても 寒[さむ]いです。		[sound:hypertts-684b1112df4311e7774173a15c6239575173d271dee3038a6dbcdbe5.mp3]	[sound:hypertts-24e431f969315a0da2cf1c753144eb7337ec2807859a29f691a99635.mp3]	[sound:日本海_ニホ＼ンカイ_2_NHK-2016.mp3]	"""<span style=""""box-shadow: inset -2px -2px 0 0 #FF6633;"""">ニ</span><span style=""""box-shadow: inset -2px 2px 0 0px #FF6633;"""">ホ</span><span style=""""box-shadow: inset 0px -2px 0 0px #FF6633;"""">ンカイ</span> <span class=""""pitch_number"""">2</span>"""
1781696679996	1781696999	Doki Doki2-13	海外	海[かい] 外[がい]	かいがい	kaigai	zagranica / za granicą	来年、海外へ旅行に行きたいです。	W przyszłym roku chcę pojechać w podróż za granicę.			rzeczownik. Dosłownie: na zewnątrz (外) od morza (海), ponieważ Japonia jest krajem wyspiarskim.	来[らい] 年[ねん]、 海[かい] 外[がい]へ 旅[りょ] 行[こう]に 行[い]きたいです。		[sound:hypertts-265f33f64c1e0fe668fce5d9ddf75fc36a3bc4743fe52986e6d74856.mp3]	[sound:hypertts-9811070a8f44a2abbd635824bbd5ab7da9009020ade4b429d3c41c2d.mp3]	[sound:海外_カ＼イカ゚イ_1_NHK-2016.mp3]	"""<span style=""""box-shadow: inset -2px 2px 0 0px #FF6633;"""">カ</span><span style=""""box-shadow: inset 0px -2px 0 0px #FF6633;"""">イカ<span style=""""color: red;"""">°</span>イ</span> <span class=""""pitch_number"""">1</span>"""
1781696679997	1781696823	Doki Doki2-13	特徴	特[とく] 徴[ちょう]	とくちょう	tokuchō	cecha charakterystyczna	この動物の特徴は何ですか。	Jaka jest cecha charakterystyczna tego zwierzęcia?			rzeczownik. Oznacza charakterystyczne aspekty wyglądu lub zachowania.	この 動[どう] 物[ぶつ]の 特[とく] 徴[ちょう]は 何[なん]ですか。		[sound:hypertts-039ecaf25407d5700511f40e840a80ce9de6fa91290299bf2decb0c4.mp3]	[sound:hypertts-d063327b4127302f157bc30a17a504599ffa00af40b86b5f37a9d404.mp3]	[sound:特徴_トクチョー━_0_NHK-2016.mp3]	"""<span style=""""box-shadow: inset -2px -2px 0 0 #FF6633;"""">ト</span><span style=""""box-shadow: inset 0px 2px 0 0px #FF6633;""""><span style=""""color: royalblue;"""">ク</span>チョー</span> <span class=""""pitch_number"""">0</span>"""
1781696679998	1784973022	Doki Doki2-13	特に	特[とく]に	とくに	tokuni	szczególnie / w szczególności	私は果物、特にりんごが好きです。	Lubię owoce, a w szczególności jabłka.			Przysłówek (adverb). Używany, gdy chcemy wyróżnić jeden element ze zbioru jako wyjątkowy lub najważniejszy (np. przy wyrażaniu upodobań). Uwaga: „もとくに” partykuła も (też/również) została połączona z przysłówkiem とくに, całość „も特に” oznacza „również szczególnie / a zwłaszcza / tym bardziej”. Słowo to często zapisuje się samą hiraganą (とくに), choć zapis kanji (特に) jest powszechny i formalnie poprawny.	私[わたし]は 果[くだ] 物[もの]、 特[とく]に りんごが 好[す]きです。		[sound:hypertts-9537b742ab077899b739ac54f8e686ff112395f4bace5296fcf50824.mp3]	[sound:hypertts-37e6c73a24bf10ffa9f98db1e7657c29bbddad7083cb531ee19c0caf.mp3]	[sound:特に_ト＼クニ_1_NHK-2016.mp3]	"""<span style=""""box-shadow: inset -2px 2px 0 0px #FF6633;"""">ト</span><span style=""""box-shadow: inset 0px -2px 0 0px #FF6633;"""">クニ</span> <span class=""""pitch_number"""">1</span>"""
1781696679999	1781696826	Doki Doki2-13	特急電車	特[とっ] 急[きゅう] 電[でん] 車[しゃ]	とっきゅうでんしゃ	tokkyūdensha	pociąg ekspresowy	京都まで特急電車で行きます。	Jadę do Kioto pociągiem ekspresowym.			rzeczownik. Złożenie: ekspres (特急) i pociąg (電車). Zatrzymuje się tylko na głównych stacjach.	京[きょう] 都[と]まで 特[とっ] 急[きゅう] 電[でん] 車[しゃ]で 行[い]きます。		[sound:hypertts-7be94608e8c1ed6d30122a7fb96534cc1e146316462e5cbc797148e2.mp3]	[sound:hypertts-4878c33ed44e6463c1b91cffb44558bed2a152dd6049549f27cf1be2.mp3]	[sound:特急電車_トッキューデ＼ンシャ_5_NHK-2016.mp3]	"""<span style=""""box-shadow: inset -2px -2px 0 0 #FF6633;"""">ト</span><span style=""""box-shadow: inset -2px 2px 0 0px #FF6633;"""">ッキュウデ</span><span style=""""box-shadow: inset 0px -2px 0 0px #FF6633;"""">ンシャ</span> <span class=""""pitch_number"""">5</span>"""
1781696680000	1781696828	Doki Doki2-13	不安	不[ふ] 安[あん]	ふあん	fuan	niepokój / obawa	明日のテストが少し不安です。	Trochę się niepokoję jutrzejszym testem.			na-adj (na-przymiotnik) / rzeczownik. Przeciwieństwo 安心 (anshin). Używane w kontekście zmartwienia lub strachu przed nieznanym.	明[あした]の テストが 少[すこ]し 不[ふ] 安[あん]です。		[sound:hypertts-7a4eb1e5ff0823e460f28937e358786e5a384d0e6ccc13089cbbceac.mp3]	[sound:hypertts-7a9e836563dfff36c02434494fb550fbe590b1770947431de8553c08.mp3]	[sound:不安_フアン━_0_NHK-2016.mp3]	"""<span style=""""box-shadow: inset -2px -2px 0 0 #FF6633;"""">フ</span><span style=""""box-shadow: inset 0px 2px 0 0px #FF6633;"""">アン</span> <span class=""""pitch_number"""">0</span>"""
1781696680001	1781696829	Doki Doki2-13	パイロット	パイロット	パイロット	pairotto	pilot (samolotu)	兄は飛行機のパイロットです。	Mój starszy brat jest pilotem samolotu.			rzeczownik / gairaigo. Pochodzi od angielskiego &quot;pilot&quot;. Zapisywane w katakanie.	兄[あに]は 飛[ひ] 行[こう] 機[き]の パイロットです。		[sound:hypertts-254399fd27e0f212ab082bfe15bc8238caf7ed914ec854e456a01f04.mp3]	[sound:hypertts-7f7dd53b357bdde4e58579869ab23014c8db8d5e314cb39acdf089b0.mp3]	[sound:パイロット_パ＼イロット_1_NHK-2016.mp3] [sound:パイロット_パイロ＼ット_3_NHK-2016.mp3]	"""<span style=""""box-shadow: inset -2px 2px 0 0px #FF6633;"""">パ</span><span style=""""box-shadow: inset 0px -2px 0 0px #FF6633;"""">イロット</span> <span class=""""pitch_number"""">1</span>, <span style=""""box-shadow: inset -2px -2px 0 0 #FF6633;"""">パ</span><span style=""""box-shadow: inset -2px 2px 0 0px #FF6633;"""">イロ</span><span style=""""box-shadow: inset 0px -2px 0 0px #FF6633;"""">ット</span> <span class=""""pitch_number"""">3</span>"""
1781696680003	1781696832	Doki Doki2-13	悪魔	悪[あく] 魔[ま]	あくま	akuma	diabeł / demon	あの人は悪魔のように怖いです。	Ten człowiek jest przerażający jak diabeł.			rzeczownik. Określenie złych duchów w wielu kulturach, w tym chrześcijańskiej i japońskiej popkulturze.	あの 人[ひと]は 悪[あく] 魔[ま]のように 怖[こわ]いです。		[sound:hypertts-771f952adbc9ac1bf6a86f04a8a2882d0ff51cfa957a2aa845d6b835.mp3]	[sound:hypertts-b2e095983509e247e9fa1a452544380f31d195472d9ec2cee3a114a0.mp3]	[sound:悪魔_ア＼クマ_1_NHK-2016.mp3]	"""<span style=""""box-shadow: inset -2px 2px 0 0px #FF6633;"""">ア</span><span style=""""box-shadow: inset 0px -2px 0 0px #FF6633;"""">クマ</span> <span class=""""pitch_number"""">1</span>"""
1781696680004	1781696834	Doki Doki2-13	最悪	最[さい] 悪[あく]	さいあく	saiaku	najgorszy / okropny	今日の天気は最悪です。	Dzisiejsza pogoda jest najgorsza (koszmarna).			na-adj (na-przymiotnik) / rzeczownik. Oznacza coś w absolutnie najgorszym stanie. Złożenie: najbardziej (最) i zły (悪). W slangu używane jako wykrzyknik &quot;Masakra!&quot;.	今[きょう] 日[にち]の 天[てん] 気[き]は 最[さい] 悪[あく]です。		[sound:hypertts-7826e393e35297e051653ba82c21aef29a0608278146b5c01a501eda.mp3]	[sound:hypertts-10fd8f0dc6562b02de76982bd9c0a2484557b2cf3b33e7064b7d7a25.mp3]	[sound:最悪_サイアク━_0_NHK-2016.mp3]	"""<span style=""""box-shadow: inset -2px -2px 0 0 #FF6633;"""">サ</span><span style=""""box-shadow: inset 0px 2px 0 0px #FF6633;"""">イアク</span> <span class=""""pitch_number"""">0</span>"""
1781949707945	1781949821	Doki Doki2-7	基本情報	基[き] 本[ほん] 情[じょう] 報[ほう]	きほんじょうほう	kihonjouhou	podstawowe informacje	これは本の基本情報です。	To są podstawowe informacje o książce.			rzeczownik	これ は 本[ほん] の 基[き] 本[ほん] 情[じょう] 報[ほう] です。		[sound:hypertts-b5235d03de523c9f73e3649011b77dcfc7e4ca83624dc05d72c1d903.mp3]	[sound:hypertts-42ab4d2ed7240c6f3c1fda5eaac475e310b13ed962361a45f28320ff.mp3]	[sound:基本情報_キホンジョウホウ_JapanesePod101.mp3]	
1781949707947	1781949822	Doki Doki2-7	尋ねる	尋[たず] ねる	たずねる	tazuneru	pytać, dowiadywać się	先生に尋ねます。	Zapytam nauczyciela.	尋ねます	尋ねません	czasownik gr. 2. Zależnie od użytego kanji może oznaczać pytać (尋ねる) lub odwiedzać (訪ねる).	先[せん] 生[せい] に 尋[たず] ねます。		[sound:hypertts-a6eebf8958088ad97f2fcd390798a9cd224d51ed1ed9c8ed9d099e82.mp3]	[sound:hypertts-6b535149b6b3eaa847f6b7113658b17178029cdf266632e90db32098.mp3]	[sound:尋ねる_タズネ＼ル_3_NHK-2016.mp3]	"""<span style=""""box-shadow: inset -2px -2px 0 0 #FF6633;"""">タ</span><span style=""""box-shadow: inset -2px 2px 0 0px #FF6633;"""">ズネ</span><span style=""""box-shadow: inset 0px -2px 0 0px #FF6633;"""">ル</span> <span class=""""pitch_number"""">3</span>"""
1781949707948	1781949824	Doki Doki2-7	ハンサム	ハンサム	ハンサム	hansamu	przystojny	彼はハンサムです。	On jest przystojny.			na-adj, zapożyczenie z języka angielskiego (w podanej liście znajdowała się literówka &quot;ハンセム&quot;, poprawna forma to &quot;ハンサム&quot;).	彼[かれ] は ハンサム です。		[sound:hypertts-490b33b30dbaa96d266c9d8a564afb650b4718fa74b04d7ce586c314.mp3]	[sound:hypertts-d4552f5d0a9da1a7ab8912918027250dd8dbe41a138d2ca515ad2101.mp3]	[sound:ハンサム_ハ＼ンサム_1_NHK-2016.mp3]	"""<span style=""""box-shadow: inset -2px 2px 0 0px #FF6633;"""">ハ</span><span style=""""box-shadow: inset 0px -2px 0 0px #FF6633;"""">ンサム</span> <span class=""""pitch_number"""">1</span>"""
1781949707949	1781949825	Doki Doki2-7	冗談	冗[じょう] 談[だん]	じょうだん	joudan	żart	それは冗談ですか。	Czy to jest żart?			rzeczownik	それ は 冗[じょう] 談[だん] ですか。		[sound:hypertts-8b80472df53c1fd8c8a35b20c541653127a95f132db639526303d17c.mp3]	[sound:hypertts-93fe6e3748f8a036565234d79ce43cde331fd0a176bf263a152605b3.mp3]	[sound:冗談_ジョーダ＼ン_3_NHK-2016.mp3]	"""<span style=""""box-shadow: inset -2px -2px 0 0 #FF6633;"""">ジョ</span><span style=""""box-shadow: inset -2px 2px 0 0px #FF6633;"""">ーダ</span><span style=""""box-shadow: inset 0px -2px 0 0px #FF6633;"""">ン</span> <span class=""""pitch_number"""">3</span>"""
1781949707950	1781949827	Doki Doki2-7	冗談だよ	冗[じょう] 談[だん] だよ	じょうだんだよ	joudan da yo	to tylko żart	今のは冗談ですよ。	To, co przed chwilą powiedziałem, to żart.			wyrażenie potoczne, w przykładzie użyto formy grzecznej (です).	今[いま] のは 冗[じょう] 談[だん] です よ。		[sound:hypertts-04da00830d6d18ea9d8d0b229b36c279acca0edb559e1f4835024052.mp3]	[sound:hypertts-c4d71f8f7e4e92702a2b572d0aced0207d1527047cc1f1898c6621b5.mp3]		
1781949707951	1781949829	Doki Doki2-7	麦茶	麦[むぎ] 茶[ちゃ]	むぎちゃ	mugicha	herbata jęczmienna	夏に麦茶を飲みます。	W lecie piję herbatę jęczmienną.			rzeczownik	夏[なつ] に 麦[むぎ] 茶[ちゃ] を 飲[の] みます。		[sound:hypertts-bb49021f29694adbeb20d02c54b5b0de4211cb647d39e50492532b87.mp3]	[sound:hypertts-04554de76a76b5cb35e36b57bfabaf38c1a3980c417317605c5e3e75.mp3]	[sound:麦茶_ムキ゚＼チャ_2_NHK-2016.mp3]	"""<span style=""""box-shadow: inset -2px -2px 0 0 #FF6633;"""">ム</span><span style=""""box-shadow: inset -2px 2px 0 0px #FF6633;"""">キ<span style=""""color: red;"""">°</span></span><span style=""""box-shadow: inset 0px -2px 0 0px #FF6633;"""">チャ</span> <span class=""""pitch_number"""">2</span>"""
1782553117940	1782553234	Doki Doki2-7	添付ファイル	添[てん] 付[ぷ]ファイル	てんぷファイル	tempu fairu	załącznik	先生に添付ファイルを送ります。	Wysyłam nauczycielowi załącznik.			rzeczownik, zapożyczenie (fairu). Słowo używane w poczcie elektronicznej do określenia załączonego pliku.	先[せん] 生[せい]に 添[てん] 付[ぷ]ファイルを 送[おく]ります。		[sound:hypertts-47f44cadb503b93d8f5d0d255ffa23b7a05bd15033839216a891ccff.mp3]	[sound:hypertts-099d0e128d307f36118ad1b75b490b515d176052572e7030c44dddf0.mp3]	[sound:添付ファイル_テンプファ＼イル_4_NHK-2016.mp3]	"""<span style=""""box-shadow: inset -2px -2px 0 0 #FF6633;"""">テ</span><span style=""""box-shadow: inset -2px 2px 0 0px #FF6633;"""">ンプファ</span><span style=""""box-shadow: inset 0px -2px 0 0px #FF6633;"""">イル</span> <span class=""""pitch_number"""">4</span>"""
1782553117941	1782629451	Doki Doki2-7	遊び	遊[あそ]び	あそび	asobi	zabawa / gra / rozrywka	子どもの遊びは楽しいです。	Zabawa dzieci jest przyjemna.			rzeczownik utworzony od czasownika asobu (bawić się). Oznacza rozrywkę lub grę.	子[こ]どもの 遊[あそ]びは 楽[たの]しいです。		[sound:hypertts-24d554a456e4d0be878072f745566759f444f9782fe952713b08320b.mp3]	[sound:hypertts-588e1237fd8e13ef5f2b3aa8771f7c7d719c38d1e7b3479831efc6cf.mp3]	[sound:遊び_アソビ━_0_NHK-2016.mp3]	"""<span style=""""box-shadow: inset -2px -2px 0 0 #FF6633;"""">ア</span><span style=""""box-shadow: inset 0px 2px 0 0px #FF6633;"""">ソビ</span> <span class=""""pitch_number"""">0</span>"""
1782553117942	1782553234	Doki Doki2-7	だけど	だけど	だけど	dakedo	jednakże / ale	日本語は面白いです。だけど、難しいです。	Język japoński jest interesujący. Jednakże jest trudny.			spójnik potoczny stawiany na początku zdania w znaczeniu jednakże. Mniej formalny odpowiednik spójnika ga.	日[に] 本[ほん] 語[ご]は 面[おも] 白[しろ]いです。だけど、 難[むずか]しいです。		[sound:hypertts-1858d35cec0750bf7dfbea7c215c784618de8b812530918ca6a2c00d.mp3]	[sound:hypertts-8c7bc52518636d9f36d1092a12a4c60d8fc2086242f746b73f463c0d.mp3]	[sound:だけど_ダ＼ケド_1_NHK-2016.mp3]	"""<span style=""""box-shadow: inset -2px 2px 0 0px #FF6633;"""">ダ</span><span style=""""box-shadow: inset 0px -2px 0 0px #FF6633;"""">ケド</span> <span class=""""pitch_number"""">1</span>"""
1782553117943	1782553234	Doki Doki2-7	女子高生	女[じょ] 子[し] 高[こう] 生[せい]	じょしこうせい	joshikōsei	licealistka	まりささんは元気な女子高生です。	Marisa jest pełną energii licealistką.			rzeczownik. Skrót od joshi kōkōsei. Potoczne określenie uczennicy liceum.	まりささんは 元[げん] 気[き]な 女[じょ] 子[し] 高[こう] 生[せい]です。		[sound:hypertts-6acdcb94145a443defc6ee766cd23b2c509b2bf6ce235abb7e87df10.mp3]	[sound:hypertts-bc49310a59bfc03243514d2151b566dbd17c95d9ac5abd67fc8a8efc.mp3]	[sound:女子高生_ジョシコウセイ_JapanesePod101.mp3]	"""<span style=""""box-shadow: inset -2px -2px 0 0 #FF6633;"""">ジョ</span><span style=""""box-shadow: inset -2px 2px 0 0px #FF6633;"""">シコ</span><span style=""""box-shadow: inset 0px -2px 0 0px #FF6633;"""">ウセイ</span> <span class=""""pitch_number"""">3</span>"""
1782553117944	1782553234	Doki Doki2-7	毎年	毎[まい] 年[とし]	まいとし	maitoshi	co roku	毎年日本に行きます。	Co roku jeżdżę do Japonii.			określenie czasu. Oznacza powtarzalność czynności w skali roku. Możliwe również odczytanie mainen.	毎[まい] 年[とし] 日[に] 本[ほん]に 行[い]きます。		[sound:hypertts-fd2003a7e4b09e6327d1c77878700321f320b1ccaeaaf242f3f94c37.mp3]	[sound:hypertts-31f5a71d4f79ff351ba1275a4265f42cf5826fff63c2043b9aecb4d0.mp3]	[sound:毎年_マイトシ━_0_NHK-2016.mp3]	"""<span style=""""box-shadow: inset -2px -2px 0 0 #FF6633;"""">マ</span><span style=""""box-shadow: inset 0px 2px 0 0px #FF6633;"""">イトシ</span> <span class=""""pitch_number"""">0</span>"""
1782553117945	1782553234	Doki Doki2-7	出す	出[だ]す	だす	dasu	wyjmować / wysyłać / oddawać	明日宿題を出します。	Jutro oddam pracę domową.	出[だ]します	出[だ]しません	czasownik gr. 1 (grupa U), przechodni. Oznacza wyciągać, wysyłać lub oddawać (np. zadanie domowe).	明日[あした] 宿[しゅく] 題[だい]を 出[だ]します。		[sound:hypertts-4cf6098127a481a1deee778e94c0a665fd5d0956e633868df9cbb5c4.mp3]	[sound:hypertts-434d034df5bad345e93184dfad6049f86cb99381dc978c46e8a44a13.mp3]	[sound:出す_ダ＼ス_1_NHK-2016.mp3]	"""<span style=""""box-shadow: inset -2px 2px 0 0px #FF6633;"""">ダ</span><span style=""""box-shadow: inset 0px -2px 0 0px #FF6633;"""">ス</span> <span class=""""pitch_number"""">1</span>"""
1782553654106	1782553687	Doki Doki2-7	遊びに行く	遊[あそ]びに 行[い]く	あそびにいく	asobi ni iku	iść się bawić / iść na miasto / odwiedzić kogoś	天気が良くないから、遊びに行きません。	Ponieważ pogoda nie jest dobra, nie idę na miasto.	遊[あそ]びに 行[い]きます	遊[あそ]びに 行[い]きません	wyrażenie (konstrukcja rzeczownik lub temat czasownika + に行く = iść w celu zrobienia czegoś). W mowie potocznej: wyjście w celach towarzyskich.	天[てん] 気[き]が 良[よ]くないから、 遊[あそ]びに 行[い]きません。		[sound:hypertts-7f11928fd56cdc9e409cf5c6bf9843e09c3561afe33737f956a8b4af.mp3]	[sound:hypertts-5f7cf0b935104eb7d73d1ea831466450d8f5633aee1a302d08614e6a.mp3]	[sound:遊びに行く_アソビニイク_JapanesePod101.mp3] [sound:遊びに行く_アソビニイク_JapanesePod101(1).mp3]	
1782830622306	1783332188	Doki Doki1-3	万が一	万[まん]が 一[いち]	まんがいち	mangaichi	w najgorszym razie / na wszelki wypadek	万が一、会社に行きません。	W najgorszym razie nie pójdę do firmy.			Rzeczownik / przysłówek. Używane do opisania sytuacji o bardzo małym prawdopodobieństwie, ale bardzo poważnych skutkach (np. awaria). Często łączy się z formą warunkową.	万[まん]が 一[いち]、 会[かい] 社[しゃ]に 行[い]きません。	万が一	[sound:hypertts-6dca5e9f29480a32cc6153715b369a370afbf119f5dabcc65381c970.mp3]	[sound:hypertts-9b0c4fe0d1f06a202902ed487f1fdc0f0532f7a477ba11e7fdbcb52a.mp3]	[sound:万が一_マ＼ンガイチ_1_NHK-1998.mp3] [sound:万が一_マ＼ンガイチ_1-2_NHK-1998.mp3]	"""<span style=""""box-shadow: inset -2px 2px 0 0px #FF6633;"""">マ</span><span style=""""box-shadow: inset 0px -2px 0 0px #FF6633;"""">ンカ<span style=""""color: red;"""">°</span>イチ</span> <span class=""""pitch_number"""">1</span>, <span style=""""box-shadow: inset -2px 2px 0 0px #FF6633;"""">マ</span><span style=""""box-shadow: inset 0px -2px 0 0px #FF6633;"""">ンカ<span style=""""color: red;"""">°</span></span>・<span style=""""box-shadow: inset -2px -2px 0 0 #FF6633;"""">イ</span><span style=""""box-shadow: inset -2px 2px 0 0px #FF6633;"""">チ</span> <span class=""""pitch_number"""">1+2</span>"""
1782830622307	1782830789	Doki Doki1-3	万歩計	万[まん] 歩[ぽ] 計[けい]	まんぽけい	manpokei	krokomierz	デパートで万歩計を買いました。	Kupiłem krokomierz w centrum handlowym.			Rzeczownik. Urządzenie do liczenia kroków. Złożenie znaków oznacza dosłownie &quot;licznik dziesięciu tysięcy kroków&quot;.	デパートで 万[まん] 歩[ぽ] 計[けい]を 買[か]いました。	万 歩[ぽ] 計[けい]	[sound:hypertts-b390e1b3c5cc168f6ea1bb8ac0b7b29293e58cdc465091bb60e4aa65.mp3]	[sound:hypertts-11eafc72c8da5ed93aaae99c7eee15939bdca202ac88a1371fa5566d.mp3]	[sound:万歩計_マンポケー━_0_NHK-2016.mp3]	"""<span style=""""box-shadow: inset -2px -2px 0 0 #FF6633;"""">マ</span><span style=""""box-shadow: inset 0px 2px 0 0px #FF6633;"""">ンポケイ</span> <span class=""""pitch_number"""">0</span>"""
1782830622308	1782830780	Doki Doki1-3	円形	円[えん] 形[けい]	えんけい	enkei	okrągły kształt / koło	このテーブルは円形です。	Ten stół ma okrągły kształt.			Rzeczownik. Odnosi się do okrągłego kształtu. Złożenie znaków: okrąg i kształt.	このテーブルは 円[えん] 形[けい]です。	円 形[けい]	[sound:hypertts-7eee146682b49fa26cfc078380f5ccf3deb764f50926f22c06981915.mp3]	[sound:hypertts-ac74011af3ca637c9624f62f3d611199918a58c56d52ea09b94108a3.mp3]	[sound:円形_エンケー━_0_NHK-2016.mp3]	"""<span style=""""box-shadow: inset -2px -2px 0 0 #FF6633;"""">エ</span><span style=""""box-shadow: inset 0px 2px 0 0px #FF6633;"""">ンケイ</span> <span class=""""pitch_number"""">0</span>"""
1782830622309	1782830908	Doki Doki1-3	時差	時[じ] 差[さ]	じさ	jisa	różnica czasu	日本とポーランドは時差があります。	Między Japonią a Polską jest różnica czasu.			Rzeczownik. Zjawisko różnicy czasu między strefami czasowymi. Złożenie znaków: czas i różnica.	日[に] 本[ほん]とポーランドは 時[じ] 差[さ]があります。	時 差[さ]	[sound:hypertts-59aaf7fb9714e0d32d298f58e58379c767d017bfd065c139741a92ba.mp3]	[sound:hypertts-399fd8575d6c1d8609c072cdcc8018559ecb331c5c8f2efe9370171b.mp3]	[sound:時差_ジ＼サ_1_NHK-2016.mp3]	"""<span style=""""box-shadow: inset -2px 2px 0 0px #FF6633;"""">ジ</span><span style=""""box-shadow: inset 0px -2px 0 0px #FF6633;"""">サ</span> <span class=""""pitch_number"""">1</span>"""
1782830622310	1783671268	Doki Doki1-3	十[じゅう]分[ぶん]	十[じゅう] 分[ぶん]*	じゅうぶん	jūbun	wystarczający	時間は十分あります。	Mamy wystarczająco dużo czasu.			na-adj (na-przymiotnik) / przysłówek. Używane, gdy czegoś jest pod dostatkiem. Zwróć uwagę na wymowę - różni się od słowa &quot;10 minut&quot; (じゅっぷん).	時[じ] 間[かん]は 十[じゅう] 分[ぶん]あります。	十分	[sound:hypertts-73ad57694ae0371000fc4d031e5d712eba46aef1ca23ca13e5aea8a7.mp3]	[sound:hypertts-0f55999cd74b387fe9bc49b413cecc50f238b52786fbc8fbd3b00c5e.mp3]	[sound:十分_ジューブ＼ン_3_NHK-2016.mp3]	"""<span style=""""box-shadow: inset -2px -2px 0 0 #FF6633;"""">ジュ</span><span style=""""box-shadow: inset -2px 2px 0 0px #FF6633;"""">ーブ</span><span style=""""box-shadow: inset 0px -2px 0 0px #FF6633;"""">ン</span> <span class=""""pitch_number"""">3</span>"""
1782830964950	1782831312	Doki Doki1-4	火山	火[か] 山[ざん]	かざん	kazan	wulkan	日本には火山がたくさんあります。	W Japonii jest wiele wulkanów.			Rzeczownik. Oznacza górę wulkaniczną. Występuje tu zjawisko rendaku (yama zmienia się w zan).	日[に] 本[ほん]には 火[か] 山[ざん]がたくさんあります。	火山	[sound:hypertts-08b614a41fe81405ad7786e4404287b6c9e4e3b26fbaee06c60b66a6.mp3]	[sound:hypertts-88e1b6677d371ea969b576f49046f62b23bb88eeb84a675fb74482ca.mp3]	[sound:火山_カ＼ザン_1_NHK-2016.mp3]	"""<span style=""""box-shadow: inset -2px 2px 0 0px #FF6633;"""">カ</span><span style=""""box-shadow: inset 0px -2px 0 0px #FF6633;"""">ザン</span> <span class=""""pitch_number"""">1</span>"""
1782830964951	1782831322	Doki Doki1-4	火星	火[か] 星[せい]	かせい	kasei	Mars	火星は赤い星です。	Mars jest czerwoną planetą.			Rzeczownik. Nazwa planety w Układzie Słonecznym (dosł. ognista gwiazda).	火[か] 星[せい]は 赤[あか]い 星[ほし]です。	火 星[せい]	[sound:hypertts-38c1be38816afd6de6dee2699daf8db0546f183b4ed056749df7aedf.mp3]	[sound:hypertts-6edea5a050c1c1ede345c78dc5f7f47cb62d9d370c8c030257da0986.mp3]	[sound:火星_カセー━_0_NHK-2016.mp3]	"""<span style=""""box-shadow: inset -2px -2px 0 0 #FF6633;"""">カ</span><span style=""""box-shadow: inset 0px 2px 0 0px #FF6633;"""">セイ</span> <span class=""""pitch_number"""">0</span>"""
1782830964952	1782831340	Doki Doki1-4	飲み水	飲[の]み 水[みず]	のみみず	nomimizu	woda pitna	冷たい飲み水を買いました。	Kupiłem zimną wodę do picia.			Rzeczownik. Słowo powstało z połączenia czasownika 飲む (nomu - pić) i rzeczownika 水 (mizu - woda).	冷[つめ]たい 飲[の]み 水[みず]を 買[か]いました。	飲み水	[sound:hypertts-f2a280c66e8a5663e2e8c2e667dd4ccaa0658fc0f454953ae4d7c3e9.mp3]	[sound:hypertts-a747b0b67262f18342077d7cf7c04f8df136af76b70b5dbd5a6b45e8.mp3]	[sound:飲み水_ノミ＼ミズ_2_NHK-2016.mp3]	"""<span style=""""box-shadow: inset -2px -2px 0 0 #FF6633;"""">ノ</span><span style=""""box-shadow: inset -2px 2px 0 0px #FF6633;"""">ミ</span><span style=""""box-shadow: inset 0px -2px 0 0px #FF6633;"""">ミズ</span> <span class=""""pitch_number"""">2</span>"""
1782830964953	1782831407	Doki Doki1-4	彗星	彗[すい] 星[せい]	すいせい	suisei	kometa	夜、空に彗星を見ました。	W nocy widziałem kometę na niebie.			Rzeczownik. Oznacza kometę. Znak 彗 nie należy do kanji powszechnego użycia (Joyo), więc to słowo można w tekstach spotkać zapisane w samej hiraganie.	夜[よる]、 空[そら]に 彗[すい] 星[せい]を 見[み]ました。		[sound:hypertts-c03b82e8a49711a5eb1d4a3f27e702a9c3583353b8f341305b3922dc.mp3]	[sound:hypertts-278be089f4ac5c2d0dc5c21294bf42702188efb38358eab446d364ed.mp3]	[sound:彗星_スイセー━_0_NHK-2016.mp3]	"""<span style=""""box-shadow: inset -2px -2px 0 0 #FF6633;"""">ス</span><span style=""""box-shadow: inset 0px 2px 0 0px #FF6633;"""">イセイ</span> <span class=""""pitch_number"""">0</span>"""
1782830964954	1782831467	Doki Doki1-4	木製	木[もく] 製[せい]	もくせい	mokusei	drewniany	私は木製の机を買いました。	Kupiłem drewniane biurko.			Rzeczownik / przedrostek. Oznacza przedmiot wykonany z drewna. Aby opisać rzeczownik, łączymy to słowo z nim za pomocą partykuły の.	私[わたし]は 木[もく] 製[せい]の 机[つくえ]を 買[か]いました。	木 製[せい]	[sound:hypertts-a34a4d11731087f50bd74c565e0f9df1dffe10121daed2370c01b526.mp3]	[sound:hypertts-21e6e3e96876c6d03d9278a08d04b6fa88c1d854d0963804d62c4ec4.mp3]	[sound:木製_モクセー━_0_NHK-2016.mp3]	"""<span style=""""box-shadow: inset -2px -2px 0 0 #FF6633;"""">モ</span><span style=""""box-shadow: inset 0px 2px 0 0px #FF6633;""""><span style=""""color: royalblue;"""">ク</span>セイ</span> <span class=""""pitch_number"""">0</span>"""
1782830964955	1782831672	Doki Doki1-4	現金	現[げん] 金[きん]	げんきん	genkin	gotówka	現金で払います。	Zapłacę gotówką.			Rzeczownik. Słowo używane do podkreślenia płatności fizycznymi pieniędzmi, w opozycji do kart czy płatności cyfrowych.	現[げん] 金[きん]で 払[はら]います。	現[げん]金	[sound:hypertts-b10ac472cdb7b4d246ec17a1d0ef1f768f2d497bbec32a388d3823b6.mp3]	[sound:hypertts-e20795f595b38c84c7b1dc74be073c7c0e3f0f31564253927ee84d24.mp3]	[sound:現金_ゲンキ＼ン_3_NHK-2016.mp3]	"""<span style=""""box-shadow: inset -2px -2px 0 0 #FF6633;"""">ゲ</span><span style=""""box-shadow: inset -2px 2px 0 0px #FF6633;"""">ンキ</span><span style=""""box-shadow: inset 0px -2px 0 0px #FF6633;"""">ン</span> <span class=""""pitch_number"""">3</span>"""
1782830964956	1782831495	Doki Doki1-4	金星	金[きん] 星[せい]	きんせい	kinsei	Wenus	金星はとても明るいです。	Wenus jest bardzo jasna.			Rzeczownik. Nazwa planety Wenus (dosł. złota gwiazda).	金[きん] 星[せい]はとても 明[あか]るいです。	金 星[せい]	[sound:hypertts-fcf4bac1911a0e2f9baff8ea18812f7cdeb3d669506e9ac28cef772a.mp3]	[sound:hypertts-f139b4673b7d519c3ecf032fcb356f54858f32e41b4af2318b1d80e4.mp3]	[sound:金星_キンセー━_0_NHK-2016.mp3]	"""<span style=""""box-shadow: inset -2px -2px 0 0 #FF6633;"""">キ</span><span style=""""box-shadow: inset 0px 2px 0 0px #FF6633;"""">ンセイ</span> <span class=""""pitch_number"""">0</span>"""
1782830964957	1782831505	Doki Doki1-4	土地	土[と] 地[ち]	とち	tochi	ziemia / grunt	新しい土地を買いました。	Kupiłem nową ziemię (działkę).			Rzeczownik. Oznacza grunt, działkę, często w kontekście nieruchomości, rolnictwa lub miejsca budowy.	新[あたら]しい 土[と] 地[ち]を 買[か]いました。	土 地[ち]	[sound:hypertts-043189807649821b181de0f2b47f1ef6585869d0402cdf823a5f3c96.mp3]	[sound:hypertts-478239f25f308442b1dc944e7d7e13a05441a0fae92252ace42fe4ab.mp3]	[sound:土地_トチ━_0_NHK-2016.mp3]	"""<span style=""""box-shadow: inset -2px -2px 0 0 #FF6633;"""">ト</span><span style=""""box-shadow: inset 0px 2px 0 0px #FF6633;"""">チ</span> <span class=""""pitch_number"""">0</span>"""
1782830964958	1782831514	Doki Doki1-4	土星	土[ど] 星[せい]	どせい	dosei	Saturn	土星を見ました。	Widziałem Saturna.			Rzeczownik. Nazwa planety Saturn (dosł. ziemista gwiazda).	土[ど] 星[せい]を 見[み]ました。	土 星[せい]	[sound:hypertts-a7f2a1447270cafae1b5e8987eb5a692d07902d9b05a56b79aa24c06.mp3]	[sound:hypertts-5ae5888fb1971f135377f687a53b90f40add89400cb332968e0332b3.mp3]	[sound:土星_ドセー━_0_NHK-2016.mp3]	"""<span style=""""box-shadow: inset -2px -2px 0 0 #FF6633;"""">ド</span><span style=""""box-shadow: inset 0px 2px 0 0px #FF6633;"""">セイ</span> <span class=""""pitch_number"""">0</span>"""
1782830964959	1782831523	Doki Doki1-4	国土	国[こく] 土[ど]	こくど	kokudo	terytorium kraju	日本の国土は小さいです。	Terytorium Japonii jest małe.			Rzeczownik. Obszar należący do danego państwa, jego ziemie.	日[に] 本[ほん]の 国[こく] 土[ど]は 小[ちい]さいです。	国土	[sound:hypertts-6f4c8f440f5982b1f4610c67706339402377980b764e601710928e09.mp3]	[sound:hypertts-b6f9e4a69d3c6d7b8292b70324152b81893f5de5128115c30e1c49a7.mp3]	[sound:国土_コ＼クド_1_NHK-2016.mp3]	"""<span style=""""box-shadow: inset -2px 2px 0 0px #FF6633;"""">コ</span><span style=""""box-shadow: inset 0px -2px 0 0px #FF6633;"""">クド</span> <span class=""""pitch_number"""">1</span>"""
1782830964960	1782831526	Doki Doki1-4	日の出	日[ひ]の 出[で]	ひので	hinode	wschód słońca	海で日の出を見ました。	Oglądałem wschód słońca nad morzem.			Rzeczownik. Moment, w którym słońce pojawia się na horyzoncie.	海[うみ]で 日[ひ]の 出[で]を 見[み]ました。	日の出	[sound:hypertts-454527426640780cfa9fdb2ff933fcdf0600cf5051619eaacae6dbcd.mp3]	[sound:hypertts-d9e7321a8081d44d902cb451438d94ee9916c8ce9a2f7a196bffaf96.mp3]	[sound:日の出_ヒノデ━_0_NHK-2016.mp3]	"""<span style=""""box-shadow: inset -2px -2px 0 0 #FF6633;"""">ヒ</span><span style=""""box-shadow: inset 0px 2px 0 0px #FF6633;"""">ノデ</span> <span class=""""pitch_number"""">0</span>"""
1782830964961	1782831530	Doki Doki1-4	日の入り	日[ひ]の 入[い]り	ひのいり	hinoiri	zachód słońca	日の入りはとてもきれいです。	Zachód słońca jest bardzo piękny.			Rzeczownik. Moment, w którym słońce chowa się za horyzont (zachodzi).	日[ひ]の 入[い]りはとてもきれいです。	日の入り	[sound:hypertts-47cf11f5556c0db63a2bbb5719525a78aa3c3fc15063d31753215af6.mp3]	[sound:hypertts-31e7448e6a5ec25c0dbfe46ff6fd3ec072dc367ae9c9d85834b6a550.mp3]	[sound:日の入り_ヒノイリ━_0_NHK-2016.mp3]	"""<span style=""""box-shadow: inset -2px -2px 0 0 #FF6633;"""">ヒ</span><span style=""""box-shadow: inset 0px 2px 0 0px #FF6633;"""">ノイリ</span> <span class=""""pitch_number"""">0</span>"""
1782830964962	1782831681	Doki Doki1-4	平日	平[へい] 日[じつ]	へいじつ	heijitsu	dzień powszedni	平日は仕事があります。	W dni powszednie mam pracę.			Rzeczownik. Dni od poniedziałku do piątku, kiedy normalnie się pracuje lub uczy.	平[へい] 日[じつ]は 仕[し] 事[ごと]があります。	平[へい]日	[sound:hypertts-c4f9b8b59a3b58121b6c06e3d9948019c5674773a15ba7bdb9e2ea13.mp3]	[sound:hypertts-573114fbf4aa2bf2554ebf6ec34091fadbdfbe416db02e9afe49d7be.mp3]	[sound:平日_ヘージツ━_0_NHK-2016.mp3]	"""<span style=""""box-shadow: inset -2px -2px 0 0 #FF6633;"""">ヘ</span><span style=""""box-shadow: inset 0px 2px 0 0px #FF6633;"""">イジツ</span> <span class=""""pitch_number"""">0</span>"""
1782830964963	1782831685	Doki Doki1-4	絵本	絵[え] 本[ほん]	えほん	ehon	książka z obrazkami	子供に絵本を読みます。	Czytam dziecku książkę z obrazkami.			Rzeczownik. Książeczki głównie dla małych dzieci. Słowo złożone ze znaków na obraz (絵) i książkę (本).	子[こ] 供[ども]に 絵[え] 本[ほん]を 読[よ]みます。	絵[え]本	[sound:hypertts-300b37df8074bd6911d137a00fe3c5d204ff244fdf11ca5eba253eea.mp3]	[sound:hypertts-55893d3470434568d02b0f2ffde4021976cbf5dfc327ff0bb1faca94.mp3]	[sound:絵本_エホ＼ン_2_NHK-2016.mp3]	"""<span style=""""box-shadow: inset -2px -2px 0 0 #FF6633;"""">エ</span><span style=""""box-shadow: inset -2px 2px 0 0px #FF6633;"""">ホ</span><span style=""""box-shadow: inset 0px -2px 0 0px #FF6633;"""">ン</span> <span class=""""pitch_number"""">2</span>"""
1782830964964	1782831558	Doki Doki1-4	本当	本[ほん] 当[とう]	ほんとう	hontō	prawda	それは本当ですか。	Czy to jest prawda?			Rzeczownik / na-adj (na-przymiotnik). Często używane jako przysłówek (本当に - naprawdę). Bardzo popularne słowo używane w mowie potocznej do wyrażenia zaskoczenia.	それは 本[ほん] 当[とう]ですか。	本 当[とう]	[sound:hypertts-6ee648f37f53e7a260b94b573aa53fab50ce6c9d59f3eed808c94d2a.mp3]	[sound:hypertts-2905d369652884ca0f9b84162e38ebed5b3ac85bc0d461df94558c00.mp3]	[sound:本当_ホントー━_0_NHK-2016.mp3]	"""<span style=""""box-shadow: inset -2px -2px 0 0 #FF6633;"""">ホ</span><span style=""""box-shadow: inset 0px 2px 0 0px #FF6633;"""">ントー</span> <span class=""""pitch_number"""">0</span>"""
1782830964965	1782831690	Doki Doki1-4	巨人	巨[きょ] 人[じん]	きょじん	kyojin	gigant / olbrzym	巨人の本を読みました。	Przeczytałem książkę o olbrzymach.			Rzeczownik. Oznacza kogoś niezwykle wielkiego, potwora z mitów lub przenośnie wielką osobistość.	巨[きょ] 人[じん]の 本[ほん]を 読[よ]みました。	巨[きょ]人	[sound:hypertts-19f5a900d96b4571aff80a5e38205d4a3f7f7a611b713df4a6c26a66.mp3]	[sound:hypertts-131a62a2cca94f4ce1f83fce4a934717673cd5fef4b694cc43ac3d24.mp3]	[sound:巨人_キョジン━_0_NHK-2016.mp3] [sound:巨人_キョ＼ジン_1_NHK-2016.mp3]	"""<span style=""""box-shadow: inset -2px -2px 0 0 #FF6633;"""">キョ</span><span style=""""box-shadow: inset 0px 2px 0 0px #FF6633;"""">ジン</span> <span class=""""pitch_number"""">0</span>, <span style=""""box-shadow: inset -2px 2px 0 0px #FF6633;"""">キョ</span><span style=""""box-shadow: inset 0px -2px 0 0px #FF6633;"""">ジン</span> <span class=""""pitch_number"""">1</span>"""
1782830964966	1782831692	Doki Doki1-4	愛人	愛[あい] 人[じん]	あいじん	aijin	kochanek / kochanka	あの男の人には愛人がいます。	Tamten mężczyzna ma kochankę.			Rzeczownik. Uwaga: w Japonii słowo to oznacza osobę, z którą ma się pozamałżeński romans (kochankę/kochanka). Do nazwania legalnego partnera używa się 恋人 (koibito).	あの 男[おとこ]の 人[ひと]には 愛[あい] 人[じん]がいます。	愛[あい]人	[sound:hypertts-81094bfb9d7e861e607f11203a38fce869e76db13ffd5b1b6d6f138a.mp3]	[sound:hypertts-54c227acd3c9109fadf72aa27ad35e7d748025cf60a6f2f04607f837.mp3]	[sound:愛人_アイジン━_0_NHK-2016.mp3]	"""<span style=""""box-shadow: inset -2px -2px 0 0 #FF6633;"""">ア</span><span style=""""box-shadow: inset 0px 2px 0 0px #FF6633;"""">イジン</span> <span class=""""pitch_number"""">0</span>"""
1782830964967	1782831694	Doki Doki1-4	隣人	隣[りん] 人[じん]	りんじん	rinjin	sąsiad	新しい隣人に挨拶をします。	Witam się z nowym sąsiadem.			Rzeczownik. Osoba mieszkająca obok. W mowie potocznej Japończycy częściej używają 隣の人 (tonari no hito) lub 近所の人 (kinjo no hito), &quot;rinjin&quot; ma nieco bardziej pisemny/oficjalny wydźwięk.	新[あたら]しい 隣[りん] 人[じん]に 挨[あい] 拶[さつ]をします。	隣[りん]人	[sound:hypertts-be3d8540e0242415f80d2b873069fe8c339753b4d3a5d7ed2c27d972.mp3]	[sound:hypertts-7635337fc654824d7388d9927e78d318c59c72f01976cd43238f8fd7.mp3]	[sound:隣人_リンジン━_0_NHK-2016.mp3]	"""<span style=""""box-shadow: inset -2px -2px 0 0 #FF6633;"""">リ</span><span style=""""box-shadow: inset 0px 2px 0 0px #FF6633;"""">ンジン</span> <span class=""""pitch_number"""">0</span>"""
1782830964968	1782831697	Doki Doki1-4	他人	他[た] 人[にん]	たにん	tanin	obcy / inna osoba	部屋に他人がいます。	W pokoju jest obca osoba.			Rzeczownik. Ktoś spoza naszej wewnątrz-społecznej grupy (uchi), osoba niespokrewniona, ktoś zupełnie obcy.	部[へ] 屋[や]に 他[た] 人[にん]がいます。	他[た]人	[sound:hypertts-5a23e9b2044616b26934278f0b0cb7ad5d1c07874b294b1740558486.mp3]	[sound:hypertts-72949815c3109c0c3a6dc530aa67270618e39aeed97f29d963c75bb6.mp3]	[sound:他人_タニン━_0_NHK-2016.mp3]	"""<span style=""""box-shadow: inset -2px -2px 0 0 #FF6633;"""">タ</span><span style=""""box-shadow: inset 0px 2px 0 0px #FF6633;"""">ニン</span> <span class=""""pitch_number"""">0</span>"""
1782830964969	1782831699	Doki Doki1-4	以上	以[い] 上[じょう]	いじょう	ijō	więcej niż / powyżej	百人以上の人が来ました。	Przyszło ponad sto osób.			Rzeczownik. Oznacza wartość równą lub większą. Jest wstawiane za rzeczownikiem określającym mierzalną wartość (np. liczbę, wiek).	百[ひゃく] 人[にん] 以[い] 上[じょう]の 人[ひと]が 来[き]ました。	以[い]上	[sound:hypertts-d8392f5ba202d5ca2ad9e321851149032e0ccf48bd2971392747cd8f.mp3]	[sound:hypertts-ad9d1324ffe64a30b018ca226865045d213f14ca5b53522dbd98734e.mp3]	[sound:以上_イ＼ジョー_1_NHK-2016.mp3]	"""<span style=""""box-shadow: inset -2px 2px 0 0px #FF6633;"""">イ</span><span style=""""box-shadow: inset 0px -2px 0 0px #FF6633;"""">ジョー</span> <span class=""""pitch_number"""">1</span>"""
1782830964970	1787924124	Doki Doki1-4 leech	屋上	屋[おく] 上[じょう]	おくじょう	okujō	dach (płaski)	屋上でタバコを吸います。	Palę papierosy na dachu.			Rzeczownik. Oznacza płaski dach budynku z otwartą przestrzenią, na który mogą wejść ludzie.	屋[おく] 上[じょう]でタバコを 吸[す]います。	屋[おく]上	[sound:hypertts-527b3e73e577f432901df773f1efb1336a95d6cf597558209ebe8b33.mp3]	[sound:hypertts-9a49e77b24de0548423f920f0e7d4743fef8cdb6145687126a9b54ae.mp3]	[sound:屋上_オクジョー━_0_NHK-2016.mp3]	"""<span style=""""box-shadow: inset -2px -2px 0 0 #FF6633;"""">オ</span><span style=""""box-shadow: inset 0px 2px 0 0px #FF6633;"""">クジョー</span> <span class=""""pitch_number"""">0</span>"""
1782830964971	1782831604	Doki Doki1-4	以下	以[い] 下[か]	いか	ika	mniej niż / poniżej	千円以下のプレゼントを買います。	Kupię prezent za mniej niż tysiąc jenów.			Rzeczownik. Oznacza wartość równą lub mniejszą. Słowo stanowiące przeciwieństwo 以上 (ijou).	千[せん] 円[えん] 以[い] 下[か]のプレゼントを 買[か]います。	以 下[か]	[sound:hypertts-6458dafa2346095997abb7fd03c072bf3d3c3674bbc3e968577fe97f.mp3]	[sound:hypertts-4ea9df353f162636513a3c23951abcae3665a5eddd968860944a793e.mp3]	[sound:以下_イ＼カ_1_NHK-2016.mp3]	"""<span style=""""box-shadow: inset -2px 2px 0 0px #FF6633;"""">イ</span><span style=""""box-shadow: inset 0px -2px 0 0px #FF6633;"""">カ</span> <span class=""""pitch_number"""">1</span>"""
1782830964972	1782831615	Doki Doki1-4	仕事中	仕[し] 事[ごと] 中[ちゅう]	しごとちゅう	shigotochū	w trakcie pracy	今、父は仕事中です。	Mój ojciec jest teraz w pracy.			Rzeczownik. Sufiks -chū dodany do rzeczownika oznacza &quot;w trakcie&quot; wykonywania jakiejś czynności.	今[いま]、 父[ちち]は 仕[し] 事[ごと] 中[ちゅう]です。	仕[し] 事[ごと]中	[sound:hypertts-84ee60248197ffda7c0d7a669064952a73ad3923b525b64b513a5195.mp3]	[sound:hypertts-cc28f846cf0e1cab433667d6131aa3d9d0dc19eaf4da1ddc5e23d50b.mp3]	[sound:仕事中_シゴトチュウ_JapanesePod101.mp3]	
1782830964973	1782831706	Doki Doki1-4	意外	意[い] 外[がい]	いがい	igai	nieoczekiwany / zaskakujący	そのニュースは意外でした。	Ta wiadomość była zaskakująca.			na-adj (na-przymiotnik). Słowo używane do opisania sytuacji lub rzeczy, która jest niezgodna z naszymi wcześniejszymi oczekiwaniami.	そのニュースは 意[い] 外[がい]でした。	意[い]外	[sound:hypertts-5d8c193e767dd64472c28c06d0324aca1d182867d9a0b6607414080b.mp3]	[sound:hypertts-453df9032973f617a23afc6db42109bac1e2cac5b5fa500f8d380d52.mp3]	[sound:意外_イカ゚イ━_0_NHK-2016.mp3]	"""<span style=""""box-shadow: inset -2px -2px 0 0 #FF6633;"""">イ</span><span style=""""box-shadow: inset 0px 2px 0 0px #FF6633;"""">カ<span style=""""color: red;"""">°</span>イ</span> <span class=""""pitch_number"""">0</span>, <span style=""""box-shadow: inset -2px 2px 0 0px #FF6633;"""">イ</span><span style=""""box-shadow: inset 0px -2px 0 0px #FF6633;"""">カ<span style=""""color: red;"""">°</span>イ</span> <span class=""""pitch_number"""">1</span>"""
1782830964974	1783248256	Doki Doki1-4	半パン	半[はん]パン	はんパン	hanpan	krótkie spodenki	夏に半パンを履きます。	Latem noszę krótkie spodenki.			Rzeczownik. Zapożyczenie skrócone potocznie od słowa 半ズボン (hanzubon) lub パンツ. Słowo zawiera kanji łączące się z katakaną wewnątrz jednego wyrazu.	夏[なつ]に 半[はん]パンを 履[は]きます。	半パン	[sound:hypertts-cc9cce82fc43d3110794c20f30d175f32cc1fde410a53801ad47141b.mp3]	[sound:hypertts-32ffe5f721517277020de9961502996b9043780a83ff32e7648093d3.mp3]	[sound:半パン_ハンパン○_0_Daijisen.mp3]	"""<span style=""""box-shadow: inset -2px -2px 0 0 #FF6633;"""">ハ</span><span style=""""box-shadow: inset 0px 2px 0 0px #FF6633;"""">ンパン</span> <span class=""""pitch_number"""">0</span>"""
1782830964975	1782831642	Doki Doki1-4	中途半端	中[ちゅう] 途[と] 半[はん] 端[ぱ]	ちゅうとはんぱ	chūtohanpa	niedokończony / w połowie drogi	中途半端な仕事をしません。	Nie wykonuję niedokończonej pracy.			na-adj (na-przymiotnik). Oznacza coś zrobionego niedokładnie, na pół gwizdka lub zawieszonego w próżni. Występuje tu rendaku (han + ha -&gt; hanpa).	中[ちゅう] 途[と] 半[はん] 端[ぱ]な 仕[し] 事[ごと]をしません。	中 途[と] 半 端[ぱ]	[sound:hypertts-02d92f844e09fff8f0f21f9085eeab75939abb7fa5b2c8ff70eaa98f.mp3]	[sound:hypertts-32d6c32fe25547b63d617a00a6376c80a02a5827450c4de303ef7c41.mp3]	[sound:中途半端_チュートハ＼ンパ_4_NHK-2016.mp3]	"""<span style=""""box-shadow: inset -2px -2px 0 0 #FF6633;"""">チュ</span><span style=""""box-shadow: inset -2px 2px 0 0px #FF6633;"""">ートハ</span><span style=""""box-shadow: inset 0px -2px 0 0px #FF6633;"""">ンパ</span> <span class=""""pitch_number"""">4</span>"""
1782831798044	1782831951	Doki Doki1-5	本気	本[ほん] 気[き]	ほんき	honki	powaga / na serio	本気ですか。	Mówisz poważnie?			Rzeczownik / na-adj. Oznacza bycie poważnym w jakiejś kwestii, robienie czegoś na serio. Często używane w mowie potocznej.	本[ほん] 気[き]ですか。	本気	[sound:hypertts-6083624556c21c4e612b3f2af42964f0e944c71361298236b0e1a130.mp3]	[sound:hypertts-7c9a63050c8a8b2bd591e3f82f22036f81cce75f4c6150b6c9670148.mp3]	[sound:本気_ホンキ━_0_NHK-2016.mp3]	"""<span style=""""box-shadow: inset -2px -2px 0 0 #FF6633;"""">ホ</span><span style=""""box-shadow: inset 0px 2px 0 0px #FF6633;"""">ンキ</span> <span class=""""pitch_number"""">0</span>"""
1782831798045	1782831956	Doki Doki1-5	元カノ	元[もと]カノ	もとカノ	motokano	była dziewczyna	喫茶店で元カノを見ました。	W kawiarni widziałem moją byłą dziewczynę.			Rzeczownik. Skrót od 元彼女 (motokanojo). Bardzo potoczne określenie na byłą partnerkę. Część &quot;kano&quot; zapisuje się zazwyczaj w katakanie.	喫[きっ] 茶[さ] 店[てん]で 元[もと]カノを 見[み]ました。	元カノ	[sound:hypertts-589dc76f48f1e85f14d06f5e63a71b6e067f33efa949b6c1155bc708.mp3]	[sound:hypertts-a60c79c32eb77d28b2ee03c2583b0bc67e1362f2627c7e1ea8016e46.mp3]	[sound:元カノ_モトカノ_JapanesePod101.mp3]	"""<span style=""""box-shadow: inset -2px -2px 0 0 #FF6633;"""">モ</span><span style=""""box-shadow: inset 0px 2px 0 0px #FF6633;"""">トカノ</span> <span class=""""pitch_number"""">0</span>"""
1782831798046	1782831964	Doki Doki1-5	元カレ	元[もと]カレ	もとカレ	motokare	były chłopak	友達の元カレに会いました。	Spotkałem byłego chłopaka mojego przyjaciela.			Rzeczownik. Skrót od 元彼 (motokare). Potoczne określenie na byłego partnera.	友[とも] 達[だち]の 元[もと]カレに 会[あ]いました。	元カレ	[sound:hypertts-7f63a4c4d9c1b97fb4493d560e0effc4a59b1f9e52e164e21d5d3414.mp3]	[sound:hypertts-2d77c40130a4b2b28998ad183da8fd3c41c5e74d274b0f8a309b6f79.mp3]	[sound:元カレ_モトカレ_JapanesePod101.mp3]	"""<span style=""""box-shadow: inset -2px -2px 0 0 #FF6633;"""">モ</span><span style=""""box-shadow: inset 0px 2px 0 0px #FF6633;"""">トカレ</span> <span class=""""pitch_number"""">0</span>"""
1782831798047	1782831975	Doki Doki1-5	登山	登[と] 山[ざん]	とざん	tozan	wspinaczka górska	週末に登山をします。	W weekend będę uprawiać wspinaczkę górską.			Rzeczownik / Czasownik (z suru). Oznacza wspinaczkę na górę, trekking górski. Występuje tu rendaku (yama zmienia się w zan).	週[しゅう] 末[まつ]に 登[と] 山[ざん]をします。	登[と]山	[sound:hypertts-cb58e1999119fb7738906268bf5a8f898c8883f87c77de2c83ca9ff0.mp3]	[sound:hypertts-2e45ac4fb7494ef9c79b83ecf882deae05f98559b9a2e68727be7ee7.mp3]	[sound:登山_トザン━_0_NHK-2016.mp3] [sound:登山_ト＼ザン_1_NHK-2016.mp3]	"""<span style=""""box-shadow: inset -2px -2px 0 0 #FF6633;"""">ト</span><span style=""""box-shadow: inset 0px 2px 0 0px #FF6633;"""">ザン</span> <span class=""""pitch_number"""">0</span>, <span style=""""box-shadow: inset -2px 2px 0 0px #FF6633;"""">ト</span><span style=""""box-shadow: inset 0px -2px 0 0px #FF6633;"""">ザン</span> <span class=""""pitch_number"""">1</span>"""
1782831798048	1782831985	Doki Doki1-5	下山	下[げ] 山[ざん]	げざん	gezan	zejście z góry	午後三時に下山します。	Zejdę z góry o godzinie trzeciej po południu.			Rzeczownik / Czasownik (z suru). Zejście z góry po wspinaczce. Występuje tu zjawisko rendaku.	午[ご] 後[ご] 三[さん] 時[じ]に 下[げ] 山[ざん]します。	下山	[sound:hypertts-4cdf8642e11c8251b183e3af23be2ad47010cf3fa294ea74d495bd3b.mp3]	[sound:hypertts-72a8bfd24e4e67fac1e72b249a3e1f1caef084198281561999a9fb46.mp3]	[sound:下山_ゲザン━_0_NHK-2016.mp3]	"""<span style=""""box-shadow: inset -2px -2px 0 0 #FF6633;"""">ゲ</span><span style=""""box-shadow: inset 0px 2px 0 0px #FF6633;"""">ザン</span> <span class=""""pitch_number"""">0</span>"""
1782831798049	1782831996	Doki Doki1-5	川岸	川[かわ] 岸[ぎし]	かわぎし	kawagishi	brzeg rzeki	川岸を散歩します。	Spaceruję brzegiem rzeki.			Rzeczownik. Oznacza brzeg rzeki. W słowie tym występuje zjawisko rendaku (kishi zmienia się w gishi).	川[かわ] 岸[ぎし]を 散[さん] 歩[ぽ]します。	川 岸[ぎし]	[sound:hypertts-672b47f14c87117da4b03a78d5f92d37e8bd1f75d791614dea22633c.mp3]	[sound:hypertts-09c2a19003679ba73082ce1b02533a741638778429183ab06c73b81d.mp3]	[sound:川岸_カワキ゚シ━_0_NHK-2016.mp3]	"""<span style=""""box-shadow: inset -2px -2px 0 0 #FF6633;"""">カ</span><span style=""""box-shadow: inset 0px 2px 0 0px #FF6633;"""">ワキ<span style=""""color: red;"""">&#176;</span>シ</span> <span class=""""pitch_number"""">0</span>"""
1782831798050	1782832004	Doki Doki1-5	私語	私[し] 語[ご]	しご	shigo	prywatna rozmowa / szeptanie	授業中の私語は禁止です。	Prywatne rozmowy w trakcie lekcji są zabronione.			Rzeczownik. Używane w kontekście zakazu szeptania lub prowadzenia prywatnych rozmów w miejscach takich jak klasa czy biblioteka.	授[じゅ] 業[ぎょう] 中[ちゅう]の 私[し] 語[ご]は 禁[きん] 止[し]です。	私語	[sound:hypertts-0db0034fa7d72c0458673896eef05bbbc91542bfe5cb28a0d9f78f2a.mp3]	[sound:hypertts-3152a0a0b0459190f7c5b0609126a3c933e63afbbd6014b036bc0afe.mp3]	[sound:私語_シ＼コ゚_1_NHK-2016.mp3]	"""<span style=""""box-shadow: inset -2px 2px 0 0px #FF6633;"""">シ</span><span style=""""box-shadow: inset 0px -2px 0 0px #FF6633;"""">コ<span style=""""color: red;"""">°</span></span> <span class=""""pitch_number"""">1</span>"""
1782831798051	1782832019	Doki Doki1-5	私生活	私[し] 生[せい] 活[かつ]	しせいかつ	shiseikatsu	życie prywatne	私生活について話しません。	Nie rozmawiam o życiu prywatnym.			Rzeczownik. Oznacza sferę prywatną życia danej osoby, tę zachowaną poza pracą czy szkołą.	私[し] 生[せい] 活[かつ]について 話[はな]しません。	私生 活[かつ]	[sound:hypertts-55a98c4452a1dba232d6cd5e14c8f82e0472df492d3a8c91e98c9047.mp3]	[sound:hypertts-75d86c42cc44b1648500e41942d2e6132f2d718a55ddcf6c633ca097.mp3]	[sound:私生活_シセ＼ーカツ_2_NHK-2016.mp3]	"""<span style=""""box-shadow: inset -2px -2px 0 0 #FF6633;"""">シ</span><span style=""""box-shadow: inset -2px 2px 0 0px #FF6633;"""">セ</span><span style=""""box-shadow: inset 0px -2px 0 0px #FF6633;"""">イカツ</span> <span class=""""pitch_number"""">2</span>"""
1782831798052	1782831937	Doki Doki1-5	田舎	田舎[いなか]	いなか	inaka	wieś / prowincja	夏休みに田舎へ帰ります。	W wakacje wracam na wieś.			Rzeczownik. Oznacza obszary wiejskie lub rodzinne strony. Słowo jest tzw. jukujikun, co oznacza wyjątek w czytaniu znaków (słowo czyta się jako całość).	夏[なつ] 休[やす]みに 田舎[いなか]へ 帰[かえ]ります。		[sound:hypertts-15b202fb9ccb4be3f602cfc9e4ceabc2cad98a7bf289edc7ed949bae.mp3]	[sound:hypertts-035e7d7a5e610a7c49b89547b1a47843780ca69ebaace0e3058dd11d.mp3]	[sound:田舎_イナカ━_0_NHK-2016.mp3]	"""<span style=""""box-shadow: inset -2px -2px 0 0 #FF6633;"""">イ</span><span style=""""box-shadow: inset 0px 2px 0 0px #FF6633;"""">ナカ</span> <span class=""""pitch_number"""">0</span>"""
1782831798053	1785594752	Doki Doki1-5	女性	女[じょ] 性[せい]	じょせい	josei	kobieta (uprzejme, objektywne)	あの女性は誰ですか。	Kim jest tamta kobieta?			Rzeczownik. Uprzejme, obiektywne określenie płci żeńskiej. Często preferowane zamiast potocznego 女の人 (onna no hito).	あの 女[じょ] 性[せい]は 誰[だれ]ですか。	女 性[せい]	[sound:hypertts-b07b408a288087eb808d3932fe9fa74b6a570cfe3ff22f13d6be39ad.mp3]	[sound:hypertts-957e4b5b64633289b2d2d4490193cade532707bf3d9d7cdab772cba1.mp3]	[sound:女性_ジョセー━_0_NHK-2016.mp3]	"""<span style=""""box-shadow: inset -2px -2px 0 0 #FF6633;"""">ジョ</span><span style=""""box-shadow: inset 0px 2px 0 0px #FF6633;"""">セイ</span> <span class=""""pitch_number"""">0</span>"""
1782831798054	1782832066	Doki Doki1-5	少女	少[しょう] 女[じょ]	しょうじょ	shōjo	dziewczynka / młoda dziewczyna	公園に少女がいます。	W parku jest młoda dziewczyna.			Rzeczownik. Oznacza młodą dziewczynę, najczęściej wiekiem pomiędzy dzieciństwem a wczesną dorosłością.	公[こう] 園[えん]に 少[しょう] 女[じょ]がいます。	少女	[sound:hypertts-6ef8059d16925bb394e54d5384249e724929b7a68352a56f7bac0b83.mp3]	[sound:hypertts-5844caaeb12c93a770c0ed61ed219637a61b21f87c34ff1c8be08e1c.mp3]	[sound:少女_ショ＼ージョ_1_NHK-2016.mp3]	"""<span style=""""box-shadow: inset -2px 2px 0 0px #FF6633;"""">ショ</span><span style=""""box-shadow: inset 0px -2px 0 0px #FF6633;"""">ージョ</span> <span class=""""pitch_number"""">1</span>"""
1782831798055	1782832076	Doki Doki1-5	女王	女[じょ] 王[おう]	じょおう	joō	królowa	彼女はイギリスの女王でした。	Ona była królową Wielkiej Brytanii.			Rzeczownik. Oznacza monarchinię, kobietę władającą krajem.	彼[かの] 女[じょ]はイギリスの 女[じょ] 王[おう]でした。	女 王[おう]	[sound:hypertts-9d56111b9875185085273afc5a11f0db01ac529eec038ca08bb40ac3.mp3]	[sound:hypertts-61f84220fde1485dc7d9aa12eb145285d9b0872902a3162306c42817.mp3]	[sound:女王_ジョオ＼ー_2_NHK-2016.mp3]	"""<span style=""""box-shadow: inset -2px -2px 0 0 #FF6633;"""">ジョ</span><span style=""""box-shadow: inset -2px 2px 0 0px #FF6633;"""">オ</span><span style=""""box-shadow: inset 0px -2px 0 0px #FF6633;"""">ー</span> <span class=""""pitch_number"""">2</span>"""
1782831798056	1782832085	Doki Doki1-5	王女	王[おう] 女[じょ]	おうじょ	ōjo	księżniczka	お城に王女が住んでいます。	W zamku mieszka księżniczka.			Rzeczownik. Oznacza księżniczkę z urodzenia (córkę króla). W mowie potocznej rzadziej używane niż popularne お姫様 (ohimesama).	お 城[しろ]に 王[おう] 女[じょ]が 住[す]んでいます。	王[おう]女	[sound:hypertts-3a652dc008ef6eef340ff711f19a7691dc38847b127792aa20b0531f.mp3]	[sound:hypertts-d0ca436e2362ea4ae45a50cf5fc2cd8b83d116a826494e0bc84d8f6a.mp3]	[sound:王女_オ＼ージョ_1_NHK-2016.mp3]	"""<span style=""""box-shadow: inset -2px 2px 0 0px #FF6633;"""">オ</span><span style=""""box-shadow: inset 0px -2px 0 0px #FF6633;"""">ージョ</span> <span class=""""pitch_number"""">1</span>"""
1782831798057	1782832095	Doki Doki1-5	長男	長[ちょう] 男[なん]	ちょうなん	chōnan	najstarszy syn	彼はこの家族の長男です。	On jest najstarszym synem w tej rodzinie.			Rzeczownik. Oznacza najstarszego, pierwszego urodzonego syna w rodzinie.	彼[かれ]はこの 家[か] 族[ぞく]の 長[ちょう] 男[なん]です。	長[ちょう]男	[sound:hypertts-cbb84eb96799ce15e87b6e912636981edb0e3106c91f6e639ae16cfd.mp3]	[sound:hypertts-5efd1193fc0e99cbc1713eb87f6706b8706d34441a1dd8b2a2a61dc8.mp3]	[sound:長男_チョ＼ーナン_1_NHK-2016.mp3] [sound:長男_チョーナ＼ン_3_NHK-2016.mp3]	"""<span style=""""box-shadow: inset -2px 2px 0 0px #FF6633;"""">チョ</span><span style=""""box-shadow: inset 0px -2px 0 0px #FF6633;"""">ーナン</span> <span class=""""pitch_number"""">1</span>, <span style=""""box-shadow: inset -2px -2px 0 0 #FF6633;"""">チョ</span><span style=""""box-shadow: inset -2px 2px 0 0px #FF6633;"""">ーナ</span><span style=""""box-shadow: inset 0px -2px 0 0px #FF6633;"""">ン</span> <span class=""""pitch_number"""">3</span>"""
1782831798058	1784728547	Doki Doki1-5	男性	男[だん] 性[せい]	だんせい	dansei	mężczyzna (uprzejmie, skromnie)	店の中に男性が三人います。	W sklepie jest trzech mężczyzn.			Rzeczownik. Obiektywne, uprzejme określenie płci męskiej. Bardziej profesjonalne niż 男の人 (otoko no hito).	店[みせ]の 中[なか]に 男[だん] 性[せい]が 三[さん] 人[にん]います。	男[だん]性	[sound:hypertts-ac296051a3d29f05e929be21dc75fdbdbceaf2647e4b84fb2199ec51.mp3]	[sound:hypertts-3ced4e4a8d380a9ca03f81631a8b6aaa4c8d8600c3b62df80c4a2e4a.mp3]	[sound:男性_ダンセー━_0_NHK-2016.mp3]	"""<span style=""""box-shadow: inset -2px -2px 0 0 #FF6633;"""">ダ</span><span style=""""box-shadow: inset 0px 2px 0 0px #FF6633;"""">ンセイ</span> <span class=""""pitch_number"""">0</span>"""
1782831798059	1782832114	Doki Doki1-5	男前	男[おとこ] 前[まえ]	おとこまえ	otokomae	przystojny mężczyzna	彼はとても男前ですね。	On jest bardzo przystojny, prawda?			Rzeczownik / na-adj. Tradycyjne, potoczne określenie na kogoś o bardzo męskiej, przystojnej urodzie.	彼[かれ]はとても 男[おとこ] 前[まえ]ですね。	男 前[まえ]	[sound:hypertts-eb3758ea13d2a6a4389af3bf47dfdd96571e26b2c670b37592c8b4d7.mp3]	[sound:hypertts-db36276ee5534341a251d2ffa5f2de714c5a16c032cf4f7c7aa75c13.mp3]	[sound:男前_オトコマエ━_0_NHK-2016.mp3]	"""<span style=""""box-shadow: inset -2px -2px 0 0 #FF6633;"""">オ</span><span style=""""box-shadow: inset 0px 2px 0 0px #FF6633;"""">トコマエ</span> <span class=""""pitch_number"""">0</span>"""
1782831798060	1782832123	Doki Doki1-5	男女	男[だん] 女[じょ]	だんじょ	danjo	mężczyźni i kobiety / obie płcie	ここは男女同じ部屋です。	Tutaj mężczyźni i kobiety mają ten sam pokój.			Rzeczownik. Określa ludzi obu płci (dosł. znak na mężczyznę i znak na kobietę).	ここは 男[だん] 女[じょ] 同[おな]じ 部[へ] 屋[や]です。	男女	[sound:hypertts-c65999bbfc58e3d8d47b5b49c24f356d3580b3d9c18279b5c5904b08.mp3]	[sound:hypertts-6a9d05b22a9a77fae9499b6d2a4b4cd475c419f1d2958bb465d9940c.mp3]	[sound:男女_ダ＼ンジョ_1_NHK-2016.mp3]	"""<span style=""""box-shadow: inset -2px 2px 0 0px #FF6633;"""">ダ</span><span style=""""box-shadow: inset 0px -2px 0 0px #FF6633;"""">ンジョ</span> <span class=""""pitch_number"""">1</span>"""
1782831798062	1782832136	Doki Doki1-5	意見	意[い] 見[けん]	いけん	iken	opinia / zdanie	先生の意見を聞きました。	Wysłuchałem opinii nauczyciela.			Rzeczownik. Słowo używane do wyrażenia swojego punktu widzenia na konkretny temat.	先[せん] 生[せい]の 意[い] 見[けん]を 聞[き]きました。	意[い]見	[sound:hypertts-9be33588ea8e7fb59cef86859891dbed3f541cff4cb6e545cadd14d6.mp3]	[sound:hypertts-599ace0c3da24834b23503cfabb820f30b49dad13f937de5f058306e.mp3]	[sound:意見_イ＼ケン_1_NHK-2016.mp3]	"""<span style=""""box-shadow: inset -2px 2px 0 0px #FF6633;"""">イ</span><span style=""""box-shadow: inset 0px -2px 0 0px #FF6633;"""">ケン</span> <span class=""""pitch_number"""">1</span>"""
1782831798063	1782832140	Doki Doki1-5	見本	見[み] 本[ほん]	みほん	mihon	próbka / wzór	お店の見本を見ました。	Obejrzałem próbkę w sklepie.			Rzeczownik. Egzemplarz pokazowy towaru, np. słynne wystawowe jedzenie z plastiku czy próbka kosmetyku lub materiału.	お 店[みせ]の 見[み] 本[ほん]を 見[み]ました。	見本	[sound:hypertts-83a16153a2e37c430703cb32152bd57d06ec8758a7119c0a0f385e95.mp3]	[sound:hypertts-6a158d42c98b248008abab0965739ead438d175fe616c3f9f5753e4e.mp3]	[sound:見本_ミホン━_0_NHK-2016.mp3]	"""<span style=""""box-shadow: inset -2px -2px 0 0 #FF6633;"""">ミ</span><span style=""""box-shadow: inset 0px 2px 0 0px #FF6633;"""">ホン</span> <span class=""""pitch_number"""">0</span>"""
1782831798064	1782832144	Doki Doki1-5	一見	一[いっ] 見[けん]	いっけん	ikken	rzut oka / na pierwszy rzut oka	それは一見安いです。	To wydaje się tanie na pierwszy rzut oka.			Rzeczownik / przysłówek. Często oznacza coś, co &quot;tylko z pozoru&quot; się wydaje (一見... そうに見える). W słowie zachodzi asymilacja znaków, tzw. sokuon (chi + ke -&gt; kke).	それは 一[いっ] 見[けん] 安[やす]いです。	一見	[sound:hypertts-1d4399046cc3ee98001a9ea143d42fe7704cb25a6b3f7ec686e5c7ab.mp3]	[sound:hypertts-0accccde4d1cab1a6b8b5a916a470f8208fa40dd9bff51dea40c6d53.mp3]	[sound:一見_イッケン━_0_NHK-2016.mp3]	"""<span style=""""box-shadow: inset -2px -2px 0 0 #FF6633;"""">イ</span><span style=""""box-shadow: inset 0px 2px 0 0px #FF6633;"""">ッケン</span> <span class=""""pitch_number"""">0</span>"""
1782831798066	1782832163	Doki Doki1-5	外食	外[がい] 食[しょく]	がいしょく	gaishoku	jedzenie na mieście	週末はよく外食します。	W weekendy często jem na mieście.			Rzeczownik / Czasownik (z suru). Słowo używane gdy decydujemy się zjeść posiłek w restauracji zamiast w domu.	週[しゅう] 末[まつ]はよく 外[がい] 食[しょく]します。	外食	[sound:hypertts-afa521ff843f831d7c00b4c4d6ffb3e13de129501adabd9069e25201.mp3]	[sound:hypertts-a2af5d6e8d763784fd82dd451684f0de637d95682e8653d5b8b10195.mp3]	[sound:外食_ガイショク━_0_NHK-2016.mp3]	"""<span style=""""box-shadow: inset -2px -2px 0 0 #FF6633;"""">ガ</span><span style=""""box-shadow: inset 0px 2px 0 0px #FF6633;"""">イショク</span> <span class=""""pitch_number"""">0</span>"""
1782831798067	1783012461	Doki Doki1-5	夕食	夕[ゆう] 食[しょく]	ゆうしょく	yūshoku	kolacja (formalnie)	家族と一緒に夕食を作ります。	Przygotowuję kolację razem z rodziną.			Rzeczownik. Wieczorny posiłek. Bardziej elegancka, formalna wersja słowa 晩ご飯 (ban gohan).	家[か] 族[ぞく]と 一[いっ] 緒[しょ]に 夕[ゆう] 食[しょく]を 作[つく]ります。	夕[ゆう]食	[sound:hypertts-f412c8a3e3e206544002e97026c681b7cdf1e9c8b914edcb02048bfa.mp3]	[sound:hypertts-0ffcb7a4a3fe4404fea02f91fefb5cb07018dcc3af488b1f098294b8.mp3]	[sound:夕食_ユーショク━_0_NHK-2016.mp3]	"""<span style=""""box-shadow: inset -2px -2px 0 0 #FF6633;"""">ユ</span><span style=""""box-shadow: inset 0px 2px 0 0px #FF6633;"""">ーショク</span> <span class=""""pitch_number"""">0</span>"""
1782831798068	1782832177	Doki Doki1-5	少食	少[しょう] 食[しょく]	しょうしょく	shōshoku	jedzący mało (mały apetyt)	彼は少食ですから、少しだけ食べます。	Ponieważ on ma mały apetyt, je tylko trochę.			Rzeczownik. Określenie opisujące osobę, która z natury je niewiele i ma mały apetyt.	彼[かれ]は 少[しょう] 食[しょく]ですから、 少[すこ]しだけ 食[た]べます。	少食	[sound:hypertts-1ccf76288099bdcc56ccd68b98526e1a80a7797e4d728412c547738c.mp3]	[sound:hypertts-6e51885cb58484042bfdcef6474ffde18f21557331b5611c83fa801f.mp3]	[sound:少食_ショーショク━_0_NHK-2016.mp3]	"""<span style=""""box-shadow: inset -2px -2px 0 0 #FF6633;"""">ショ</span><span style=""""box-shadow: inset 0px 2px 0 0px #FF6633;"""">ウショク</span> <span class=""""pitch_number"""">0</span>"""
1782831798069	1782832192	Doki Doki1-5	飲酒	飲[いん] 酒[しゅ]	いんしゅ	inshu	spożywanie alkoholu	公園での飲酒は禁止です。	Spożywanie alkoholu w parku jest zabronione.			Rzeczownik / Czasownik (z suru). Formalne słowo opisujące picie alkoholu, często widoczne w komunikatach na znakach zakazu czy w oficjalnych regulaminach.	公[こう] 園[えん]での 飲[いん] 酒[しゅ]は 禁[きん] 止[し]です。	飲 酒[しゅ]	[sound:hypertts-da27f3dd374c89ee3775f12e8f666bafd687bbecd1f508dde473764e.mp3]	[sound:hypertts-16d03e79b390dfd9f9d4782d130e4be57644cf0c9bd9ab59ab6bacd1.mp3]	[sound:飲酒_インシュ━_0_NHK-2016.mp3]	"""<span style=""""box-shadow: inset -2px -2px 0 0 #FF6633;"""">イ</span><span style=""""box-shadow: inset 0px 2px 0 0px #FF6633;"""">ンシュ</span> <span class=""""pitch_number"""">0</span>"""
1782847371409	1782847491	Doki Doki1-6	右目	右[みぎ] 目[め]	みぎめ	migime	prawe oko	彼の右目は青いです。	Jego prawe oko jest niebieskie.			Rzeczownik. Oznacza prawe oko u człowieka lub zwierzęcia.	彼[かれ]の 右[みぎ] 目[め]は 青[あお]いです。		[sound:hypertts-f0f3abae35fabcf524d42195cee5b4f543706ceb4a321c5625aee45f.mp3]	[sound:hypertts-0e5218dff3ca43aad8357111f11867b66fea4db86f74504e3348db88.mp3]	[sound:右目_ミギメ_JapanesePod101.mp3]	"""<span style=""""box-shadow: inset -2px -2px 0 0 #FF6633;"""">ミ</span><span style=""""box-shadow: inset 0px 2px 0 0px #FF6633;"""">ギメ</span> <span class=""""pitch_number"""">0</span>"""
1782847371410	1782847645	Doki Doki1-6	右側	右[みぎ] 側[がわ]	みぎがわ	migigawa	prawa strona	右側を歩いてください。	Proszę iść prawą stroną.			Rzeczownik. Przydatne przy określaniu kierunku w przestrzeni.	右[みぎ] 側[がわ]を 歩[ある]いてください。		[sound:hypertts-9998cba9f49342263c74ae36acdc0966e7e9e1a6f2ce85749e1e2a3b.mp3]	[sound:hypertts-2a0d8a2daacda316d08464f86165d4b4da7fce4472f15d80f0eedb21.mp3]	[sound:右側_ミキ゚カ゚ワ━_0_NHK-2016.mp3]	"""<span style=""""box-shadow: inset -2px -2px 0 0 #FF6633;"""">ミ</span><span style=""""box-shadow: inset 0px 2px 0 0px #FF6633;"""">キ<span style=""""color: red;"""">°</span>カ<span style=""""color: red;"""">°</span>ワ</span> <span class=""""pitch_number"""">0</span>"""
1782847371411	1782847491	Doki Doki1-6	左目	左[ひだり] 目[め]	ひだりめ	hidarime	lewe oko	彼は左目が見えません。	On nie widzi na lewe oko.			Rzeczownik. Przeciwieństwo 右目 (migime).	彼[かれ]は 左[ひだり] 目[め]が 見[み]えません。		[sound:hypertts-38b3764218ead8230180c0b45c1a4a089d3ca0a2cafe648aafd95f2b.mp3]	[sound:hypertts-b2b4a1c9e143b26a0e0afe96793a39e351aee8347904839ef4004314.mp3]	[sound:左目_ヒダリメ_JapanesePod101.mp3]	"""<span style=""""box-shadow: inset -2px -2px 0 0 #FF6633;"""">ヒ</span><span style=""""box-shadow: inset 0px 2px 0 0px #FF6633;"""">ダリメ</span> <span class=""""pitch_number"""">0</span>"""
1782847371412	1782847638	Doki Doki1-6	左側	左[ひだり] 側[がわ]	ひだりがわ	hidarigawa	lewa strona	左側に銀行があります。	Po lewej stronie znajduje się bank.			Rzeczownik. W Japonii na schodach ruchomych i drogach obowiązuje ruch lewostronny.	左[ひだり] 側[がわ]に 銀[ぎん] 行[こう]があります。		[sound:hypertts-4a9388b1e5d1bd5451261823f1f875e880686e755a7c6654010d9d84.mp3]	[sound:hypertts-ad43678414cf507156b4daab8a1134e1c665fb48da3aa99bf010f233.mp3]	[sound:左側_ヒダリカ゚ワ━_0_NHK-2016.mp3]	"""<span style=""""box-shadow: inset -2px -2px 0 0 #FF6633;"""">ヒ</span><span style=""""box-shadow: inset 0px 2px 0 0px #FF6633;"""">ダリカ<span style=""""color: red;"""">°</span>ワ</span> <span class=""""pitch_number"""">0</span>"""
1782847371413	1782847491	Doki Doki1-6	左手	左[ひだり] 手[て]	ひだりて	hidarite	lewa ręka	左手で字を書きます。	Piszę lewą ręką.			Rzeczownik. Odnosi się zarówno do dłoni, jak i całej ręki.	左[ひだり] 手[て]で 字[じ]を 書[か]きます。		[sound:hypertts-114f2bd3b22c4b19780c7ab8464c8ec3f7c4d9d902225740ac2ac0bd.mp3]	[sound:hypertts-e93b34fcc50094431467a13500e426558597ff0f1570ef5e2bcf7d9b.mp3]	[sound:左手_ヒダリテ━_0_NHK-2016.mp3]	"""<span style=""""box-shadow: inset -2px -2px 0 0 #FF6633;"""">ヒ</span><span style=""""box-shadow: inset 0px 2px 0 0px #FF6633;"""">ダリテ</span> <span class=""""pitch_number"""">0</span>"""
1782847371414	1782847491	Doki Doki1-6	東欧	東[とう] 欧[おう]	とうおう	touou	Europa Wschodnia	ポーランドは東欧にあります。	Polska znajduje się w Europie Wschodniej.			Rzeczownik. Skrót od 東ヨーロッパ (wschodnia Europa).	ポーランドは 東[とう] 欧[おう]にあります。		[sound:hypertts-0712442da324761f60f8f93199eb8669fef7c6367df1105512f128fd.mp3]	[sound:hypertts-200f877d59d28ce472c3852f629280a57ee40d4a6da47a2906b8b808.mp3]	[sound:東欧_トーオー━_0_NHK-2016.mp3]	"""<span style=""""box-shadow: inset -2px -2px 0 0 #FF6633;"""">ト</span><span style=""""box-shadow: inset 0px 2px 0 0px #FF6633;"""">ーオー</span> <span class=""""pitch_number"""">0</span>"""
1782847371415	1782847491	Doki Doki1-6	東西	東[とう] 西[ざい]	とうざい	touzai	wschód i zachód	町の東西に川があります。	Na wschodzie i zachodzie miasta są rzeki.			Rzeczownik. Wskazuje dwa przeciwne kierunki geograficzne.	町[まち]の 東[とう] 西[ざい]に 川[かわ]があります。		[sound:hypertts-87ac2c0d456a3725611ec01a8795bc081c1a1472946cf977ee9b7fb0.mp3]	[sound:hypertts-8852665954abbd5996eb4840f786fbfc698d57cda2082cd7cf0b6716.mp3]	[sound:東西_ト＼ーザイ_1_NHK-2016.mp3]	"""<span style=""""box-shadow: inset -2px 2px 0 0px #FF6633;"""">ト</span><span style=""""box-shadow: inset 0px -2px 0 0px #FF6633;"""">ーザイ</span> <span class=""""pitch_number"""">1</span>"""
1782847371416	1782847491	Doki Doki1-6	西口	西[にし] 口[ぐち]	にしぐち	nishiguchi	zachodnie wyjście	駅の西口で会いましょう。	Spotkajmy się przy zachodnim wyjściu ze stacji.			Rzeczownik. Używane powszechnie na dworcach kolejowych w Japonii.	駅[えき]の 西[にし] 口[ぐち]で 会[あ]いましょう。		[sound:hypertts-331bdc5be4ddfe49de7700a4afc127b3e747b956fcc84b20d4bd9b91.mp3]	[sound:hypertts-50b64b6a95ea922ea90e62c3ac81617eddb1f9d56de9f8bdca1dc600.mp3]	[sound:西口_ニシグチ_JapanesePod101.mp3]	"""<span style=""""box-shadow: inset -2px -2px 0 0 #FF6633;"""">ニ</span><span style=""""box-shadow: inset 0px 2px 0 0px #FF6633;"""">シグチ</span> <span class=""""pitch_number"""">0</span>"""
1782847371417	1782847491	Doki Doki1-6	西欧	西[せい] 欧[おう]	せいおう	seiou	Europa Zachodnia	彼は西欧へ旅行に行きました。	On pojechał w podróż do Europy Zachodniej.			Rzeczownik. Skrót od 西ヨーロッパ.	彼[かれ]は 西[せい] 欧[おう]へ 旅[りょ] 行[こう]に 行[い]きました。		[sound:hypertts-9157b62790ea3690f0c4b493375912131305ac99782a09535c511aa5.mp3]	[sound:hypertts-8a5bc912b45ddb69cb7257a15a19e9dc358c94528df68f8d91703ad5.mp3]	[sound:西欧_セーオー━_0_NHK-2016.mp3]	"""<span style=""""box-shadow: inset -2px -2px 0 0 #FF6633;"""">セ</span><span style=""""box-shadow: inset 0px 2px 0 0px #FF6633;"""">イオー</span> <span class=""""pitch_number"""">0</span>"""
1782847371418	1782847491	Doki Doki1-6	南北	南[なん] 北[ぼく]	なんぼく	nanboku	północ i południe	日本は南北に長いです。	Japonia jest długa z północy na południe.			Rzeczownik. Oś geograficzna północ-południe.	日[に] 本[ほん]は 南[なん] 北[ぼく]に 長[なが]いです。		[sound:hypertts-25ed8003d1321d1ed203e6ab956ddf89b88e07de3cf1106eab93654b.mp3]	[sound:hypertts-25d452c8b1dfe6c513d0974880aec49d9e42a5eed859f90db4837754.mp3]	[sound:南北_ナ＼ンボク_1_NHK-2016.mp3]	"""<span style=""""box-shadow: inset -2px 2px 0 0px #FF6633;"""">ナ</span><span style=""""box-shadow: inset 0px -2px 0 0px #FF6633;"""">ンボク</span> <span class=""""pitch_number"""">1</span>"""
1782847371419	1782847606	Doki Doki1-6	南国	南[なん] 国[ごく]	なんごく	nangoku	południowy kraj / kraje tropikalne	南国へ行きたいです。	Chcę pojechać do ciepłych krajów.			Rzeczownik. Odnosi się do miejsc o ciepłym, tropikalnym klimacie (np. Hawaje, Okinawa).	南[なん] 国[ごく]へ 行[い]きたいです。		[sound:hypertts-073f2463269b62b8aded89eaaeb0e4b19a63bb5be334ad6b8a0f368d.mp3]	[sound:hypertts-99541a8d04aa7c31281273fec6886198fee4086bfd3de71b7bc33e5a.mp3]	[sound:南国_ナンコ゚ク━_0_NHK-2016.mp3]	"""<span style=""""box-shadow: inset -2px -2px 0 0 #FF6633;"""">ナ</span><span style=""""box-shadow: inset 0px 2px 0 0px #FF6633;"""">ンコ<span style=""""color: red;"""">°</span>ク</span> <span class=""""pitch_number"""">0</span>"""
1782847371420	1782847584	Doki Doki1-6	悪口	悪[わる] 口[ぐち]	わるぐち	waruguchi	obelga / oczernianie	友達の悪口を言わないでください。	Proszę nie mówić źle o przyjaciołach.			Rzeczownik. Występuje tu zjawisko rendaku (kuchi -&gt; guchi). Najczęściej łączy się z czasownikiem 言う (mówić).	友[とも] 達[だち]の 悪[わる] 口[ぐち]を 言[い]わないでください。		[sound:hypertts-f8e15cdbf1e8dc3beccf548d333f6ddc09856bda9d96d4784928ce17.mp3]	[sound:hypertts-d24c31696ae610ae42d171e2f198a805933fb156a0b084df05e530fa.mp3]	[sound:悪口_ワル＼ク゚チ_2_NHK-2016.mp3]	"""<span style=""""box-shadow: inset -2px -2px 0 0 #FF6633;"""">ワ</span><span style=""""box-shadow: inset -2px 2px 0 0px #FF6633;"""">ル</span><span style=""""box-shadow: inset 0px -2px 0 0px #FF6633;"""">ク<span style=""""color: red;"""">°</span>チ</span> <span class=""""pitch_number"""">2</span>"""
1782847371421	1782847491	Doki Doki1-6	生える	生[は]える	はえる	haeru	rosnąć (o włosach, roślinach)	庭に草が生えました。	W ogrodzie wyrosła trawa.	生[は]えます	生[は]えません	Czasownik gr. 2 (ichidan), nieprzechodni. Używany tylko dla rzeczy, które wyrastają z powierzchni (rośliny, włosy, zęby).	庭[にわ]に 草[くさ]が 生[は]えました。		[sound:hypertts-c6c57558b391b00020a144919f0583204d27dfe55501edd62466b1a5.mp3]	[sound:hypertts-9c612d1bdc9c6c681a6faf14a3890010861f4f6dc42ef1b50a266eec.mp3]	[sound:生える_ハエ＼ル_2_NHK-2016.mp3]	"""<span style=""""box-shadow: inset -2px -2px 0 0 #FF6633;"""">ハ</span><span style=""""box-shadow: inset -2px 2px 0 0px #FF6633;"""">エ</span><span style=""""box-shadow: inset 0px -2px 0 0px #FF6633;"""">ル</span> <span class=""""pitch_number"""">2</span>"""
1782847371422	1782847491	Doki Doki1-6	生き物	生[い]き 物[もの]	いきもの	ikimono	żywe stworzenie	犬や猫は生き物です。	Psy i koty to żywe stworzenia.			Rzeczownik. Obejmuje wszystkie istoty żyjące.	犬[いぬ]や 猫[ねこ]は 生[い]き 物[もの]です。		[sound:hypertts-233dcdd8e057e4b6955811798c531fb91b9a83e1dce45fc1a9d0717c.mp3]	[sound:hypertts-0932d5a707f4ebfcd1afb0a7daeababf73e2ccc1700c8e69cf2f7f4a.mp3]	[sound:生き物_イキ＼モノ_2_NHK-2016.mp3] [sound:生き物_イキモ＼ノ_3_NHK-2016.mp3]	"""<span style=""""box-shadow: inset -2px -2px 0 0 #FF6633;"""">イ</span><span style=""""box-shadow: inset -2px 2px 0 0px #FF6633;"""">キ</span><span style=""""box-shadow: inset 0px -2px 0 0px #FF6633;"""">モノ</span> <span class=""""pitch_number"""">2</span>, <span style=""""box-shadow: inset -2px -2px 0 0 #FF6633;"""">イ</span><span style=""""box-shadow: inset -2px 2px 0 0px #FF6633;"""">キモ</span><span style=""""box-shadow: inset 0px -2px 0 0px #FF6633;"""">ノ</span> <span class=""""pitch_number"""">3</span>"""
1782847371423	1782847491	Doki Doki1-6	大中小	大[だい] 中[ちゅう] 小[しょう]	だいちゅうしょう	daichuushou	duży, średni i mały	大中小の服があります。	Są ubrania w rozmiarach: dużym, średnim i małym.			Rzeczownik. Wygodne określenie całego zestawu podstawowych rozmiarów.	大[だい] 中[ちゅう] 小[しょう]の 服[ふく]があります。		[sound:hypertts-50c20ab1998db0aa55a8d560c2ada95b45162167d43151bf1dbb8643.mp3]	[sound:hypertts-d0f0d3c0b0eba281ce3e384a05f68b1d07914732e5e61ac2ebd2e557.mp3]	[sound:大中小_ダイチュウショウ_JapanesePod101.mp3]	
1782847371424	1782847491	Doki Doki1-6	小山	小[こ] 山[やま]	こやま	koyama	wzgórze / mała góra	あの小山の上に木があります。	Na tamtym wzgórzu znajduje się drzewo.			Rzeczownik. Zdrobnienie od góry (yama).	あの 小[こ] 山[やま]の 上[うえ]に 木[き]があります。		[sound:hypertts-56fc2df84ee9c5295f7f61eee3c8861436634d4058bfba4224c9d472.mp3]	[sound:hypertts-dc4d94a0efc5511e776f2bb0dd0e3559f25f245fa6c2bb67076720b0.mp3]	[sound:小山_コヤマ━_0_NHK-2016.mp3]	"""<span style=""""box-shadow: inset -2px -2px 0 0 #FF6633;"""">コ</span><span style=""""box-shadow: inset 0px 2px 0 0px #FF6633;"""">ヤマ</span> <span class=""""pitch_number"""">0</span>"""
1782847371425	1782847491	Doki Doki1-6	大気	大[たい] 気[き]	たいき	taiki	atmosfera / powietrze	大気が汚れています。	Atmosfera jest zanieczyszczona.			Rzeczownik. Używane często w kontekście zjawisk meteorologicznych, środowiska lub zanieczyszczeń.	大[たい] 気[き]が 汚[よご]れています。		[sound:hypertts-047820fa7f747a6590d864ba95d0e21c7892d39a5d07ca3633f4bc28.mp3]	[sound:hypertts-3bf163fb329670833033895e7164207da2654a724bea38560ff4935b.mp3]	[sound:大気_タ＼イキ_1_NHK-2016.mp3]	"""<span style=""""box-shadow: inset -2px 2px 0 0px #FF6633;"""">タ</span><span style=""""box-shadow: inset 0px -2px 0 0px #FF6633;"""">イキ</span> <span class=""""pitch_number"""">1</span>"""
1782847371426	1782847491	Doki Doki1-6	大雨	大[おお] 雨[あめ]	おおあめ	ooame	ulewa / silny deszcz	大雨が降っています。	Pada ulewny deszcz.			Rzeczownik. Powszechne złożenie opisujące gwałtowny opad atmosferyczny.	大[おお] 雨[あめ]が 降[ふ]っています。		[sound:hypertts-4fab924017d4e89e59057b827abc2d2727b1aef81a2aa2324999cc95.mp3]	[sound:hypertts-c3b493ee1df129f832e920733978e05656ffe36af0f821e8048d0bba.mp3]	[sound:大雨_オーア＼メ_3_NHK-2016.mp3]	"""<span style=""""box-shadow: inset -2px -2px 0 0 #FF6633;"""">オ</span><span style=""""box-shadow: inset -2px 2px 0 0px #FF6633;"""">ーア</span><span style=""""box-shadow: inset 0px -2px 0 0px #FF6633;"""">メ</span> <span class=""""pitch_number"""">3</span>"""
1782847371427	1782847517	Doki Doki1-6	入学	入[にゅう] 学[がく]	にゅうがく	nyuugaku	przyjęcie do szkoły / rozpoczęcie nauki	妹は大学に入学しました。	Moja młodsza siostra rozpoczęła studia na uniwersytecie.			Rzeczownik, czasownik (suru). Oznacza formalne dołączenie do grona uczniów. Wymaga partykuły に.	妹[いもうと]は 大[だい] 学[がく]に 入[にゅう] 学[がく]しました。		[sound:hypertts-1861b72c6175c7a8f6c765baa2dd1baf96a3ae3b767d952d82ec4a93.mp3]	[sound:hypertts-d515f14c886d7af29460811de83e50fac5a733881b1cf7a1607d637b.mp3]	[sound:入学_ニューカ゚ク━_0_NHK-2016.mp3]	"""<span style=""""box-shadow: inset -2px -2px 0 0 #FF6633;"""">ニュ</span><span style=""""box-shadow: inset 0px 2px 0 0px #FF6633;"""">ーカ<span style=""""color: red;"""">°</span>ク</span> <span class=""""pitch_number"""">0</span>"""
1782847371428	1782847491	Doki Doki1-6	国家	国[こっ] 家[か]	こっか	kokka	państwo / naród	国家の歴史を勉強します。	Uczę się historii państwa.			Rzeczownik. Oficjalne i formalne słowo opisujące państwo jako instytucję.	国[こっ] 家[か]の 歴[れき] 史[し]を 勉[べん] 強[きょう]します。		[sound:hypertts-8bcd9de38a38430cf71a1f390a92bd02c9b585d48bad0467ecebef99.mp3]	[sound:hypertts-01f51669908bc613d56c12f97e64b43babcc5a93e558c5193eb18465.mp3]	[sound:国家_コ＼ッカ_1_NHK-2016.mp3]	"""<span style=""""box-shadow: inset -2px 2px 0 0px #FF6633;"""">コ</span><span style=""""box-shadow: inset 0px -2px 0 0px #FF6633;"""">ッカ</span> <span class=""""pitch_number"""">1</span>"""
1782847371429	1782847491	Doki Doki1-6	学位	学[がく] 位[い]	がくい	gakui	stopień naukowy	大学で学位を取りました。	Zdobyłem stopień naukowy na uniwersytecie.			Rzeczownik. Używane w kontekście szkolnictwa wyższego.	大[だい] 学[がく]で 学[がく] 位[い]を 取[と]りました。		[sound:hypertts-1a638f385c83e652e561bffc8530086208bdce385f9d55eab34611f9.mp3]	[sound:hypertts-b7470320c0c58518b4c35adec4af34855ccac512cfe2c0ede6608ed7.mp3]	[sound:学位_ガ＼クイ_1_NHK-2016.mp3]	"""<span style=""""box-shadow: inset -2px 2px 0 0px #FF6633;"""">ガ</span><span style=""""box-shadow: inset 0px -2px 0 0px #FF6633;"""">クイ</span> <span class=""""pitch_number"""">1</span>, <span style=""""box-shadow: inset -2px -2px 0 0 #FF6633;"""">ガ</span><span style=""""box-shadow: inset -2px 2px 0 0px #FF6633;"""">ク</span><span style=""""box-shadow: inset 0px -2px 0 0px #FF6633;"""">イ</span> <span class=""""pitch_number"""">2</span>"""
1782847696199	1782847736	Doki Doki1-4	水星	水[すい] 星[せい]	すいせい	suisei	Merkury (planeta)	水星は小さくて熱い星です。	Merkury to mała i gorąca planeta.			Rzeczownik. Złożenie znaków woda (mizu) i gwiazda (hoshi).	水[すい] 星[せい]は 小[ちい]さくて 熱[あつ]い 星[ほし]です。		[sound:hypertts-2241517b1ca976fc27eecd81f6d288d6232965436f8a357f041166ce.mp3]	[sound:hypertts-3bd8b903ee142b25c938fde1e90a493da56180375d071b2377677814.mp3]	[sound:水星_スイセー━_0_NHK-2016.mp3]	"""<span style=""""box-shadow: inset -2px -2px 0 0 #FF6633;"""">ス</span><span style=""""box-shadow: inset 0px 2px 0 0px #FF6633;"""">イセイ</span> <span class=""""pitch_number"""">0</span>"""
1782847789821	1782847902	Doki Doki2-7	大会	大[たい] 会[かい]	たいかい	taikai	turniej / zawody / zjazd	テニスの大会に出ます。	Biorę udział w turnieju tenisa.			Rzeczownik. Z czasownikiem 出る (brać udział) zawsze łączy się za pomocą partykuły に.	テニスの 大[たい] 会[かい]に 出[で]ます。		[sound:hypertts-252d50fb0361752233f3ce2ddd2559ba8f7ade67af81536f714c60b5.mp3]	[sound:hypertts-5ef4d57b215a39312912e77707c3e00fd244de4ffa1615d74670b36e.mp3]	[sound:大会_タイカイ━_0_NHK-2016.mp3]	"""<span style=""""box-shadow: inset -2px -2px 0 0 #FF6633;"""">タ</span><span style=""""box-shadow: inset 0px 2px 0 0px #FF6633;"""">イカイ</span> <span class=""""pitch_number"""">0</span>"""
1782847789822	1782847901	Doki Doki2-7	教会	教[きょう] 会[かい]	きょうかい	kyoukai	kościół	日曜日に教会へ行きます。	W niedzielę chodzę do kościoła.			Rzeczownik. Dotyczy chrześcijańskiego budynku lub wspólnoty.	日[にち] 曜[よう] 日[び]に 教[きょう] 会[かい]へ 行[い]きます。		[sound:hypertts-63b15879c7e4577ef7a13c6c7927866e7339186769a8359a7892e5cb.mp3]	[sound:hypertts-2c48cf84a4223a8ac4e39181fed14475fa6f217369e59acf830c4b1e.mp3]	[sound:教会_キョーカイ━_0_NHK-2016.mp3]	"""<span style=""""box-shadow: inset -2px -2px 0 0 #FF6633;"""">キョ</span><span style=""""box-shadow: inset 0px 2px 0 0px #FF6633;"""">ーカイ</span> <span class=""""pitch_number"""">0</span>"""
1782847789823	1782847899	Doki Doki2-7	本社	本[ほん] 社[しゃ]	ほんしゃ	honsha	siedziba główna (firmy)	本社は東京にあります。	Siedziba główna znajduje się w Tokio.			Rzeczownik. Ośrodek zarządzający firmą, przeciwieństwo oddziału – 支社 (shisha).	本[ほん] 社[しゃ]は 東[とう] 京[きょう]にあります。		[sound:hypertts-38e44246288e90f5985d75ae0842acab54706e1430ecc9c1128febc3.mp3]	[sound:hypertts-8adc558ac259ac8ee45027887438bf75d93b273c584a81ab270fe7fb.mp3]	[sound:本社_ホ＼ンシャ_1_NHK-2016.mp3]	"""<span style=""""box-shadow: inset -2px 2px 0 0px #FF6633;"""">ホ</span><span style=""""box-shadow: inset 0px -2px 0 0px #FF6633;"""">ンシャ</span> <span class=""""pitch_number"""">1</span>"""
1782847789824	1782847897	Doki Doki2-7	入社	入[にゅう] 社[しゃ]	にゅうしゃ	nyuusha	podjęcie pracy w firmie	来年、この会社に入社します。	W przyszłym roku podejmę pracę w tej firmie.			Rzeczownik, czasownik (suru). Moment formalnego zatrudnienia i wejścia w strukturę firmy.	来[らい] 年[ねん]、この 会[かい] 社[しゃ]に 入[にゅう] 社[しゃ]します。		[sound:hypertts-85c83b2ca5d74900f33ecdfc2aaa9573adc6eeb27ad28dd889c71687.mp3]	[sound:hypertts-f6c9d33893f01f5b51b423776a922b1ccecf8e97c3866b4e9c385402.mp3]	[sound:入社_ニューシャ━_0_NHK-2016.mp3]	"""<span style=""""box-shadow: inset -2px -2px 0 0 #FF6633;"""">ニュ</span><span style=""""box-shadow: inset 0px 2px 0 0px #FF6633;"""">ーシャ</span> <span class=""""pitch_number"""">0</span>"""
1782847789825	1782847896	Doki Doki2-7	高さ	高[たか]さ	たかさ	takasa	wysokość	この山の高さはどのくらいですか。	Jaka jest wysokość tej góry?			Rzeczownik. Przymiotnik 高い z zamienioną końcówką い na さ, tworzącą pojęcie abstrakcyjne.	この 山[やま]の 高[たか]さはどのくらいですか。		[sound:hypertts-955a3de319c9f6011399de91e24aecda63e8480760901674316efc3d.mp3]	[sound:hypertts-cb6a6733c5ecb66ceb080d8b8c5bf1faa757f701d060ae4053ea352f.mp3]	[sound:高さ_タ＼カサ_1_NHK-2016.mp3]	"""<span style=""""box-shadow: inset -2px 2px 0 0px #FF6633;"""">タ</span><span style=""""box-shadow: inset 0px -2px 0 0px #FF6633;"""">カサ</span> <span class=""""pitch_number"""">1</span>"""
1782847789826	1782847894	Doki Doki2-7	高める	高[たか]める	たかめる	takameru	podnosić / potęgować	日本語の能力を高めます。	Podnoszę swoje umiejętności z języka japońskiego.	高[たか]めます	高[たか]めません	Czasownik gr. 2 (ichidan), przechodni. Służy do opisywania ulepszania i podnoszenia czegoś abstrakcyjnego (poziomu, jakości).	日[に] 本[ほん] 語[ご]の 能[のう] 力[りょく]を 高[たか]めます。		[sound:hypertts-742b44bdcfd03172ca88ef685e5ecd6ebcef525192c923d63179cee9.mp3]	[sound:hypertts-4db52546743535a78b1fe1d61897829dbf4d73da5d94dc3490daf48c.mp3]	[sound:高める_タカメ＼ル_3_NHK-2016.mp3]	"""<span style=""""box-shadow: inset -2px -2px 0 0 #FF6633;"""">タ</span><span style=""""box-shadow: inset -2px 2px 0 0px #FF6633;"""">カメ</span><span style=""""box-shadow: inset 0px -2px 0 0px #FF6633;"""">ル</span> <span class=""""pitch_number"""">3</span>"""
1782847789827	1782847892	Doki Doki2-7	父親	父[ちち] 親[おや]	ちちおや	chichioya	ojciec	父親は銀行員です。	Mój ojciec jest pracownikiem banku.			Rzeczownik. Formalne określenie swojego ojca lub obiektywne słowo na rolę ojca.	父[ちち] 親[おや]は 銀[ぎん] 行[こう] 員[いん]です。		[sound:hypertts-8e5f65e6c8630e21f84e40a5297c8eafdc0942af2a457d45faa3fb6c.mp3]	[sound:hypertts-a17c9bb8e047e0bd8252c89932aac9a89ba34e8a203f14923e00e52a.mp3]	[sound:父親_チチオヤ━_0_NHK-2016.mp3]	"""<span style=""""box-shadow: inset -2px -2px 0 0 #FF6633;""""><span style=""""color: royalblue;"""">チ</span></span><span style=""""box-shadow: inset 0px 2px 0 0px #FF6633;"""">チオヤ</span> <span class=""""pitch_number"""">0</span>"""
1782847789828	1782847891	Doki Doki2-7	神父	神[しん] 父[ぷ]	しんぷ	shinpu	ksiądz katolicki	教会で神父と話しました。	Rozmawiałem z księdzem w kościele.			Rzeczownik. Używane specyficznie w religii katolickiej. Pastor u protestantów to 牧師 (bokushi).	教[きょう] 会[かい]で 神[しん] 父[ぷ]と 話[はな]しました。		[sound:hypertts-bf4758c2a32b4815ca6eef0e147ef53cd43de82cc0408ac2a24a2c63.mp3]	[sound:hypertts-1ae3fd4940abc3436a2f78d8f4c1539d7e4a94c023dc7bb5c377b186.mp3]	[sound:神父_シ＼ンプ_1_NHK-2016.mp3]	"""<span style=""""box-shadow: inset -2px 2px 0 0px #FF6633;"""">シ</span><span style=""""box-shadow: inset 0px -2px 0 0px #FF6633;"""">ンプ</span> <span class=""""pitch_number"""">1</span>"""
1782847789829	1782847889	Doki Doki2-7	母親	母[はは] 親[おや]	ははおや	hahaoya	matka	母親は料理が上手です。	Moja matka jest dobra w gotowaniu.			Rzeczownik. Często bardziej obiektywne w brzmieniu i eleganckie niż samo 母 (haha).	母[はは] 親[おや]は 料[りょう] 理[り]が 上[じょう] 手[ず]です。		[sound:hypertts-aa12f1d4d192a006d34b28f50088e46c7a02239a06933fe7cbfb10cb.mp3]	[sound:hypertts-c4a7935d210696eff3b69163ca8495390093ba7c49243625a9f82623.mp3]	[sound:母親_ハハオヤ━_0_NHK-2016.mp3]	"""<span style=""""box-shadow: inset -2px -2px 0 0 #FF6633;"""">ハ</span><span style=""""box-shadow: inset 0px 2px 0 0px #FF6633;"""">ハオヤ</span> <span class=""""pitch_number"""">0</span>"""
1782847789830	1782847888	Doki Doki2-7	母国	母[ぼ] 国[こく]	ぼこく	bokoku	ojczyzna / kraj ojczysty	彼女は母国へ帰りました。	Ona wróciła do swojej ojczyzny.			Rzeczownik. Złożenie dosłownie oznaczające macierzysty kraj.	彼[かの] 女[じょ]は 母[ぼ] 国[こく]へ 帰[かえ]りました。		[sound:hypertts-14854b005f42b79b60e27863da98ec3488acd383fcde1fb5a97ab8c2.mp3]	[sound:hypertts-1ee8f7cbf18be65e9f34e9d439e7f0cf730692734124ce24d2da9b7a.mp3]	[sound:母国_ボ＼コク_1_NHK-2016.mp3]	"""<span style=""""box-shadow: inset -2px 2px 0 0px #FF6633;"""">ボ</span><span style=""""box-shadow: inset 0px -2px 0 0px #FF6633;"""">コク</span> <span class=""""pitch_number"""">1</span>"""
1782847789831	1782885731	Doki Doki2-7	一人っ子	一人[ひとり]っ 子[こ]	ひとりっこ	hitorikko	jedynak	私は一人っ子です。	Jestem jedynakiem.			Rzeczownik. Przykład na nietypowe czytanie (jukujikun) w połączeniu z przyrostkiem 子.	私[わたし]は 一人[ひとり]っ 子[こ]です。		[sound:hypertts-188ffa5456aae45f01480ee6c190a703a18785df885b4b0123b0146c.mp3]	[sound:hypertts-deae2048b559067c83e049cb18f41a49dc21ac8b754ef0f2aca4efc8.mp3]	[sound:一人っ子_ヒトリ＼ッコ_3_NHK-2016.mp3]	"""<span style=""""box-shadow: inset -2px -2px 0 0 #FF6633;""""><span style=""""color: royalblue;"""">ヒ</span></span><span style=""""box-shadow: inset -2px 2px 0 0px #FF6633;"""">トリ</span><span style=""""box-shadow: inset 0px -2px 0 0px #FF6633;"""">ッコ</span> <span class=""""pitch_number"""">3</span>"""
1782847789832	1782847884	Doki Doki2-7	子猫	子[こ] 猫[ねこ]	こねこ	koneko	kociątko / mały kot	道で子猫を見ました。	Widziałem kociątko na drodze.			Rzeczownik. Przedrostek 子 często określa młode zwierząt.	道[みち]で 子[こ] 猫[ねこ]を 見[み]ました。		[sound:hypertts-e156394f63e8d3a5bfa9e7b834952f5235720f35d67835c8511f55ae.mp3]	[sound:hypertts-335adfcc272de15f6993ec61a9b6b4825a2769d994646f08e692f487.mp3]	[sound:子猫_コネ＼コ_2_NHK-2016.mp3]	"""<span style=""""box-shadow: inset -2px -2px 0 0 #FF6633;"""">コ</span><span style=""""box-shadow: inset -2px 2px 0 0px #FF6633;"""">ネ</span><span style=""""box-shadow: inset 0px -2px 0 0px #FF6633;"""">コ</span> <span class=""""pitch_number"""">2</span>"""
1782847789833	1782847883	Doki Doki2-7	一時間毎	一[いち] 時[じ] 間[かん] 毎[ごと]	いちじかんごと	ichijikangoto	co godzinę	一時間毎に薬を飲みます。	Biorę lekarstwo co godzinę.			Rzeczownik funkcjonujący najczęściej z partykułą に dla wyrażenia powtarzalności akcji w czasie.	一[いち] 時[じ] 間[かん] 毎[ごと]に 薬[くすり]を 飲[の]みます。		[sound:hypertts-079697af7d1f5ef83005520f6b199403ef8a3db6223dea976415574d.mp3]	[sound:hypertts-53f5d57f2417b48fef8317fbbc54314870806c49d1793aaa0b876cb6.mp3]		
1782847789834	1782847881	Doki Doki2-7	毎月	毎[まい] 月[つき]	まいつき	maitsuki	co miesiąc	毎月、本を五冊読みます。	Co miesiąc czytam pięć książek.			Rzeczownik, określenie czasu. Może być czytane również jako &quot;maigetsu&quot;.	毎[まい] 月[つき]、 本[ほん]を 五[ご] 冊[さつ] 読[よ]みます。		[sound:hypertts-0c8f5b4a4d878f13ea1342cade637d926a192c6489f969375206bedb.mp3]	[sound:hypertts-aaf714ed1adff2a05dc6430d469bc4607b155922dd8662702f3a1934.mp3]	[sound:毎月_マイツキ━_0_NHK-2016.mp3]	"""<span style=""""box-shadow: inset -2px -2px 0 0 #FF6633;"""">マ</span><span style=""""box-shadow: inset 0px 2px 0 0px #FF6633;"""">イ<span style=""""color: royalblue;"""">ツ</span>キ</span> <span class=""""pitch_number"""">0</span>"""
1782847789836	1782847878	Doki Doki2-7	語る	語[かた]る	かたる	kataru	opowiadać / mówić	先生は昔の話を語りました。	Nauczyciel opowiedział dawną historię.	語[かた]ります	語[かた]りません	Czasownik gr. 1 (godan), przechodni. Wyróżnia się bardziej doniosłym lub narracyjnym kontekstem niż 話す (rozmawiać).	先[せん] 生[せい]は 昔[むかし]の 話[はなし]を 語[かた]りました。		[sound:hypertts-bbd6566f36fea6bec8c6ee7c33daea79f0886468e8be4399e8aa59a2.mp3]	[sound:hypertts-9d81b754ec1dd460f8d039d4500e5892bf7ed276c6bf1da018c49d32.mp3]	[sound:語る_カタル━_0_NHK-2016.mp3]	"""<span style=""""box-shadow: inset -2px -2px 0 0 #FF6633;"""">カ</span><span style=""""box-shadow: inset 0px 2px 0 0px #FF6633;"""">タル</span> <span class=""""pitch_number"""">0</span>"""
1782847789838	1782847874	Doki Doki2-7	持ち帰り	持[も]ち 帰[かえ]り	もちかえり	mochikaeri	jedzenie na wynos	持ち帰りでお願いします。	Poproszę na wynos.			Rzeczownik pochodzący od dwóch czasowników. Najczęściej używane przy zamawianiu w restauracjach czy kawiarniach.	持[も]ち 帰[かえ]りで お 願[ねが]いします。		[sound:hypertts-fb0095c100b3de8eac7bfacadb6f162f96c319aaedc05a73ae4506b6.mp3]	[sound:hypertts-221297a3ad7875d6258262303a01a11e7833e1f1b4b852ffb5ae9fa5.mp3]	[sound:持ち帰り_モチカエリ━_0_NHK-2016.mp3]	"""<span style=""""box-shadow: inset -2px -2px 0 0 #FF6633;"""">モ</span><span style=""""box-shadow: inset 0px 2px 0 0px #FF6633;"""">チカエリ</span> <span class=""""pitch_number"""">0</span>"""
1782847789839	1785161563	Doki Doki2-7 leech	日帰り	日[ひ] 帰[がえ]り	ひがえり	higaeri	wycieczka jednodniowa	京都へ日帰りで行きました。	Pojechałem do Kioto na jednodniową wycieczkę.			Rzeczownik. Zjawisko rendaku: kaeri przechodzi w gaeri.	京[きょう] 都[と]へ 日[ひ] 帰[がえ]りで 行[い]きました。		[sound:hypertts-32de99317a8eb26cccf2f61912b58b0984ac36fd9296f33b551a707e.mp3]	[sound:hypertts-3bb8593a2a3266fdf64e25c8e4d695870e17efbdbb78ff77e619b95d.mp3]	[sound:日帰り_ヒカ゚エリ━_0_NHK-2016.mp3] [sound:日帰り_ヒカ゚エリ＼_4_NHK-2016.mp3]	"""<span style=""""box-shadow: inset -2px -2px 0 0 #FF6633;"""">ヒ</span><span style=""""box-shadow: inset 0px 2px 0 0px #FF6633;"""">カ<span style=""""color: red;"""">°</span>エリ</span> <span class=""""pitch_number"""">0</span>, <span style=""""box-shadow: inset -2px -2px 0 0 #FF6633;"""">ヒ</span><span style=""""box-shadow: inset -2px 2px 0 0px #FF6633;"""">カ<span style=""""color: red;"""">°</span>エリ</span> <span class=""""pitch_number"""">4</span>"""
1782847789840	1782847871	Doki Doki2-7	帰り道	帰[かえ]り 道[みち]	かえりみち	kaerimichi	droga powrotna	帰り道にパンを買いました。	Kupiłem chleb w drodze powrotnej.			Rzeczownik. Często przyjmuje partykułę に dla wskazania okoliczności wykonywanej akcji.	帰[かえ]り 道[みち]に パンを 買[か]いました。		[sound:hypertts-223bbf2281bea1efc6d151f2d130ebfeeec8c8d4a8d63fb75ba9016e.mp3]	[sound:hypertts-ecabe626e7cdd15378da81dd461b065727e73fc2c04ebc107e958c71.mp3]	[sound:帰り道_カエリ＼ミチ_3_NHK-2016.mp3]	"""<span style=""""box-shadow: inset -2px -2px 0 0 #FF6633;"""">カ</span><span style=""""box-shadow: inset -2px 2px 0 0px #FF6633;"""">エリ</span><span style=""""box-shadow: inset 0px -2px 0 0px #FF6633;"""">ミチ</span> <span class=""""pitch_number"""">3</span>"""
1782847789841	1782847869	Doki Doki2-7	終電	終[しゅう] 電[でん]	しゅうでん	shuuden	ostatni pociąg	終電の時間に間に合いました。	Zdążyłem na ostatni pociąg.			Rzeczownik. Przydatny skrót od pełnej wersji: 最終電車 (saishuudensha).	終[しゅう] 電[でん]の 時[じ] 間[かん]に 間[ま]に 合[あ]いました。		[sound:hypertts-f09e768557561ae4a08ff1d7dd6ed51d99bd292a10e751a6c5b62f88.mp3]	[sound:hypertts-83ab37d4ec703fa1ac120a9c11ddc9125a8ee26a1516660281acd512.mp3]	[sound:終電_シューデン━_0_NHK-2016.mp3]	"""<span style=""""box-shadow: inset -2px -2px 0 0 #FF6633;"""">シュ</span><span style=""""box-shadow: inset 0px 2px 0 0px #FF6633;"""">ーデン</span> <span class=""""pitch_number"""">0</span>"""
1782847789842	1782847868	Doki Doki2-7	汽車	汽[き] 車[しゃ]	きしゃ	kisha	pociąg (parowy)	古い汽車に乗りました。	Przejechałem się starym pociągiem parowym.			Rzeczownik. Kiedyś powszechnie oznaczał pociąg	 obecnie w użyciu dominuje 電車 (densha), ale przydaje się przy kontekście historycznym.		[sound:hypertts-f252d3f561a846b9fab48471923f7630b3dfcf8724b93d7d1098c502.mp3]	[sound:hypertts-eea4d5387eaa0fb3c96bd6f970dba7eb86132c24a57b8a091520c3e7.mp3]	[sound:汽車_キ＼シャ_1_NHK-2016.mp3] [sound:汽車_キシャ＼_2_NHK-2016.mp3]	"""<span style=""""box-shadow: inset -2px 2px 0 0px #FF6633;""""><span style=""""color: royalblue;"""">キ</span></span><span style=""""box-shadow: inset 0px -2px 0 0px #FF6633;"""">シャ</span> <span class=""""pitch_number"""">1</span>, <span style=""""box-shadow: inset -2px -2px 0 0 #FF6633;""""><span style=""""color: royalblue;"""">キ</span></span><span style=""""box-shadow: inset -2px 2px 0 0px #FF6633;"""">シャ</span> <span class=""""pitch_number"""">2</span>"""
1782847789843	1782847866	Doki Doki2-7	北京	北[ぺ] 京[きん]	ぺきん	pekin	Pekin	私は北京から来ました。	Przyjechałem z Pekinu.			Rzeczownik własny. Japońskie odczytanie stolicy Chin oparte o przybliżenie wymowy chińskiej.	私[わたし]は 北[ぺ] 京[きん]から 来[き]ました。		[sound:hypertts-91924afb192bc9813b7723c2a06c846d1599e85d68fe27b1179aaf09.mp3]	[sound:hypertts-6bcc32737d044f8e4cda08bc0eaba8d7d7d2900ff6be5cd6eba683ee.mp3]	[sound:北京_ペ＼キン_1_NHK-2016.mp3]	"""<span style=""""box-shadow: inset -2px 2px 0 0px #FF6633;"""">ペ</span><span style=""""box-shadow: inset 0px -2px 0 0px #FF6633;"""">キン</span> <span class=""""pitch_number"""">1</span>"""
1783158087615	1783158327	Doki Doki2-7	そう思う	そう 思[おも]う	そうおもう	sō omou	też tak myślę	私もそう思います。	Ja też tak myślę.	そう 思[おも]います	そう 思[おも]いません	wyrażenie (czasownik gr. 1: 思う). Używane, gdy zgadzamy się z opinią rozmówcy.	私[わたし]もそう 思[おも]います。		[sound:hypertts-bdb71c823fd4b243d7d52ebe6ac2030c1993e5c83c5c9afd507e9599.mp3]	[sound:hypertts-4ee93ada4c107b0257dd594e5ce78dc6b766f012f61c6f309efb0261.mp3]		
1783158087616	1783956500	Doki Doki2-7	〜によると	〜によると	によると	... ni yoru to	według... / z relacji...	天気予報によると、明日は雨が降ります。	Według prognozy pogody, jutro będzie padać deszcz.			konstrukcja gramatyczna. Łączy się z rzeczownikiem (np. źródłem informacji: gazeta, prognoza pogody).	天[てん] 気[き] 予[よ] 報[ほう]によると、 明[あし] 日[た]は 雨[あめ]が 降[ふ]ります。		[sound:hypertts-aa32e4dd0225b05d5fbdc78bec53a1bb7ab9449dd9b08bb9be3e3d98.mp3]	[sound:hypertts-d5f1497ab17c4dcec91fc788698838e03e3a976c7d974b59dba8e4e6.mp3]	[sound:によると_ニヨルト_JapanesePod101.mp3] [sound:によると_ニヨルト_JapanesePod101(1).mp3]	
1783158087617	1783158330	Doki Doki2-7	そうだなあ	そうだなあ	そうだなあ	sō da nā	hmmm, no tak / niech pomyślę	そうだなあ、よく分かりません。	Hmmm, niech pomyślę, nie wiem dokładnie.			wyrażenie potoczne. Używane podczas zastanawiania się nad odpowiedzią w swobodnej rozmowie.	そうだなあ、よく 分[わ]かりません。		[sound:hypertts-4d48da45b9d25b7272e67b42c2aa7b241f9505243129c3b3d4bb9063.mp3]	[sound:hypertts-3aa46d05c9eec651081c7d9bffce9228f304d2fd44894af60fbd2e37.mp3]		
1783158087618	1788599527	Doki Doki2-7	心配する	心[しん] 配[ぱい]する	しんぱいする	shinpai suru	martwić się / niepokoić się (na zapas, problem jeszcze nie ma miejsca)	母はいつも私を心配します。	Mama zawsze się o mnie martwi.	心[しん] 配[ぱい]します	心[しん] 配[ぱい]しません	czasownik nieregularny (grupa 3). Często używany w formie przeczącej jako prośba: 心配しないでください (proszę się nie martwić).	母[はは]はいつも 私[わたし]を 心[しん] 配[ぱい]します。		[sound:hypertts-8cdbfc714b0f205e45dc2454ad46a1517b3523963cf853122f7fe676.mp3]	[sound:hypertts-2472241a1c71259ddd070aae57e0f8e69380400d62d0108d488641eb.mp3]	[sound:心配する_シンパイスル_TAAS.mp3] [sound:心配する_シンパイスル_TAAS(1).mp3]	"""<span style=""""box-shadow: inset -2px -2px 0 0 #FF6633;"""">シ</span><span style=""""box-shadow: inset 0px 2px 0 0px #FF6633;"""">ンパイスル</span> <span class=""""pitch_number"""">0</span>"""
1783158087619	1783158333	Doki Doki2-7	恋人	恋[こい] 人[びと]	こいびと	koibito	chłopak / dziewczyna / partner (w związku)	兄は恋人と東京に住んでいます。	Starszy brat mieszka w Tokio ze swoją dziewczyną.			rzeczownik. Oznacza drugą połówkę w związku romantycznym (niezależnie od płci).	兄[あに]は 恋[こい] 人[びと]と 東[とう] 京[きょう]に 住[す]んでいます。		[sound:hypertts-39281bb7a410afc02f5e39fd3729a9886631f846b8f5a91d3b12c03c.mp3]	[sound:hypertts-3267dbeb574627956fa560661bde2f51a38942dcdc46d14fd06fd61a.mp3]	[sound:恋人_コイビト━_0_NHK-2016.mp3]	"""<span style=""""box-shadow: inset -2px -2px 0 0 #FF6633;"""">コ</span><span style=""""box-shadow: inset 0px 2px 0 0px #FF6633;"""">イビト</span> <span class=""""pitch_number"""">0</span>"""
1783158087620	1783158335	Doki Doki2-7	辞める	辞[や]める	やめる	yameru	rzucić (np. pracę, palenie) / przestać	来月、この仕事を辞めます。	W przyszłym miesiącu rzucam tę pracę.	辞[や]めます	辞[や]めません	czasownik gr. 2 (ru). Zapis 辞める oznacza rezygnację z pracy lub szkoły, a 止める zaprzestanie jakiejś czynności (np. palenia). Często zapisywane samą hiraganą.	来[らい] 月[げつ]、この 仕[し] 事[ごと]を 辞[や]めます。		[sound:hypertts-683055ca9af9bbfd6942c59640e8efc39f0b4497101fa24035445805.mp3]	[sound:hypertts-7b45e8cf57001c5e90cb67ceca8340a0932142f1562db868f879d36b.mp3]	[sound:辞める_ヤメル━_0_NHK-2016.mp3]	"""<span style=""""box-shadow: inset -2px -2px 0 0 #FF6633;"""">ヤ</span><span style=""""box-shadow: inset 0px 2px 0 0px #FF6633;"""">メル</span> <span class=""""pitch_number"""">0</span>"""
1783158087621	1783158337	Doki Doki2-7	丁寧に話す	丁[てい] 寧[ねい]に 話[はな]す	ていねいにはなす	teinei ni hanasu	mówić uprzejmie / grzecznie	先生と話す時は、丁寧に話します。	Kiedy rozmawiam z nauczycielem, mówię uprzejmie.	丁[てい] 寧[ねい]に 話[はな]します	丁[てい] 寧[ねい]に 話[はな]しません	wyrażenie (na-przymiotnik + partykuła に + czasownik gr. 1 話す). Oznacza używanie form formalnych (desu/masu lub keigo).	先[せん] 生[せい]と 話[はな]す 時[とき]は、 丁[てい] 寧[ねい]に 話[はな]します。		[sound:hypertts-60951a42eff99b58511ffc22eea00bcb9af88737f3d5748bcb96b985.mp3]	[sound:hypertts-b200d098da7d96c695dba466d284b75d6cd351250382b112f7b091c3.mp3]		
1783158087622	1784371650	Doki Doki2-7	タジタジ	タジタジ	タジタジ	tajitaji	zmieszany / przytłoczony / cofający się pod naporem	彼の質問にタジタジになりました。	Byłem przytłoczony jego pytaniami.			mimetyk (gitaigo), zapożyczenie/wyrażenie dźwiękonaśladowcze zapisywane w katakanie. Opisuje stan utraty pewności siebie lub cofania się pod presją.	彼[かれ]の 質[しつ] 問[もん]にタジタジになりました。		[sound:hypertts-01a29bf8d8af97c01354290f7b19f87fcbc64eefc057a9d6e753d89d.mp3]	[sound:hypertts-f1f7878e7fae3e3250beb703f1e5dd5b9f3e8c8b11911dac292680e9.mp3]	[sound:たじたじ_タジタジ━_0_NHK-2016.mp3]	"""<span style=""""box-shadow: inset -2px -2px 0 0 #FF6633;"""">タ</span><span style=""""box-shadow: inset 0px 2px 0 0px #FF6633;"""">ジタジ</span> <span class=""""pitch_number"""">0</span>"""
1783158087623	1783158340	Doki Doki2-7	いちゃいちゃする	いちゃいちゃする	いちゃいちゃする	ichaicha suru	flirtować / miziać się / okazywać sobie uczucia publicznie	あの二人はいつもいちゃいちゃしています。	Tamta dwójka zawsze się mizia i flirtuje.	いちゃいちゃします	いちゃいちゃしません	czasownik nieregularny (grupa 3), mimetyk (gitaigo). Opisuje pary zachowujące się nazbyt czule w miejscach publicznych.	あの 二[ふた] 人[り]はいつもいちゃいちゃしています。		[sound:hypertts-766d177156e881f1e743c495cd809fbd80776bb8eff8a1673689d415.mp3]	[sound:hypertts-1486ec825c3fd255e214ca71526da0636862f47472472c32bf170a8d.mp3]		"""<span style=""""box-shadow: inset -2px 2px 0 0px #FF6633;"""">イ</span><span style=""""box-shadow: inset 0px -2px 0 0px #FF6633;"""">チャイチャスル</span> <span class=""""pitch_number"""">1</span>"""
1783158087624	1783158342	Doki Doki2-7	短冊	短[たん] 冊[ざく]	たんざく	tanzaku	tanzaku (paski papieru, na których pisze się życzenia)	短冊に願い事を書きました。	Napisałem życzenie na pasku papieru tanzaku.			rzeczownik. Kultura: wąskie paski kolorowego papieru zawieszane na bambusie podczas festiwalu Tanabata (7 lipca).	短[たん] 冊[ざく]に 願[ねが]い 事[ごと]を 書[か]きました。		[sound:hypertts-90a3babc2a91b7480b75040bb5ab03b0cc12097dc8c8ca810f717b3d.mp3]	[sound:hypertts-d7af738bcaa018341f2b7727e4ed1c96cbb5c04a296680ac7841c720.mp3]	[sound:短冊_タンザク━_0_NHK-2016.mp3] [sound:短冊_タンザク＼_4_NHK-2016.mp3]	"""<span style=""""box-shadow: inset -2px -2px 0 0 #FF6633;"""">タ</span><span style=""""box-shadow: inset 0px 2px 0 0px #FF6633;"""">ンザク</span> <span class=""""pitch_number"""">0</span>, <span style=""""box-shadow: inset -2px -2px 0 0 #FF6633;"""">タ</span><span style=""""box-shadow: inset -2px 2px 0 0px #FF6633;"""">ンザク</span> <span class=""""pitch_number"""">4</span>"""
1783158087625	1783158519	Doki Doki2-7	願い事	願[ねが]い 事[ごと]	ねがいごと	negaigoto	życzenie / prośba (do bóstwa lub gwiazd)	私の願い事は日本に行くことです。	Moim życzeniem jest pojechanie do Japonii.			rzeczownik. Często używane w kontekście tradycyjnych świąt (np. Tanabata, Nowy Rok), gdy wypowiada się lub zapisuje marzenia.	私[わたし]の 願[ねが]い 事[ごと]は 日[に] 本[ほん]に 行[い]くことです。		[sound:hypertts-803ce26c8b8bfd7b6588cec1772d55cbcdb7668594a5cbcac28f9494.mp3]	[sound:hypertts-67e04ecfff1409a908ce10adee84adf3f0109c0dbb2e8d02ef3bd6ec.mp3]	[sound:願い事_ネカ゚イコ゚ト━_0_NHK-2016.mp3] [sound:願い事_ネカ゚イコ゚ト＼_5_NHK-2016.mp3]	"""<span style=""""box-shadow: inset -2px -2px 0 0 #FF6633;"""">ネ</span><span style=""""box-shadow: inset 0px 2px 0 0px #FF6633;"""">カ<span style=""""color: red;"""">°</span>イコ<span style=""""color: red;"""">°</span>ト</span> <span class=""""pitch_number"""">0</span>, <span style=""""box-shadow: inset -2px -2px 0 0 #FF6633;"""">ネ</span><span style=""""box-shadow: inset -2px 2px 0 0px #FF6633;"""">カ<span style=""""color: red;"""">°</span>イコ<span style=""""color: red;"""">°</span>ト</span> <span class=""""pitch_number"""">5</span>"""
1783158087626	1783158345	Doki Doki2-7	笹	笹[ささ]	ささ	sasa	bambus (odmiana karłowata) / gałązki bambusa	笹の木に短冊を付けます。	Zawieszamy paski tanzaku na drzewku bambusowym.			rzeczownik. W odróżnieniu od grubego bambusa (竹 - take), 笹 to mniejsze gałązki z liśćmi, używane tradycyjnie podczas święta Tanabata.	笹[ささ]の 木[き]に 短[たん] 冊[ざく]を 付[つ]けます。		[sound:hypertts-abcdc5deb18226bc37a77ea4edfa38125bc5d1e6ac0151a3cb9aaf97.mp3]	[sound:hypertts-ae00518a7ceea1b8bba2d9bea7abcc521179af14cb36a5cea391dab5.mp3]	[sound:笹_ササ━_0_NHK-2016.mp3]	"""<span style=""""box-shadow: inset -2px -2px 0 0 #FF6633;"""">サ</span><span style=""""box-shadow: inset 0px 2px 0 0px #FF6633;"""">サ</span> <span class=""""pitch_number"""">0</span>"""
1783158087627	1783158347	Doki Doki2-7	行事	行[ぎょう] 事[じ]	ぎょうじ	gyōji	wydarzenie / uroczystość / impreza tradycyjna	日本には面白い行事がたくさんあります。	W Japonii jest dużo interesujących tradycyjnych wydarzeń.			rzeczownik. Odnosi się do corocznych wydarzeń kulturowych, szkolnych lub świąt (np. 年中行事 - coroczne tradycje).	日[に] 本[ほん]には 面[おも] 白[しろ]い 行[ぎょう] 事[じ]がたくさんあります。		[sound:hypertts-1c4e0a12ba736680b7bc13833af3fde80a4e7fda8e8e232a881f820a.mp3]	[sound:hypertts-ebae8262ac96eaf6dc0c3d5168c9d51e7047921353bec98c5700a047.mp3]	[sound:行事_ギョ＼ージ_1_NHK-2016.mp3] [sound:行事_ギョージ＼_3_NHK-2016.mp3]	"""<span style=""""box-shadow: inset -2px 2px 0 0px #FF6633;"""">ギョ</span><span style=""""box-shadow: inset 0px -2px 0 0px #FF6633;"""">ージ</span> <span class=""""pitch_number"""">1</span>, <span style=""""box-shadow: inset -2px -2px 0 0 #FF6633;"""">ギョ</span><span style=""""box-shadow: inset -2px 2px 0 0px #FF6633;"""">ージ</span> <span class=""""pitch_number"""">3</span>"""
1783158087628	1783158540	Doki Doki2-7	両側	両[りょう] 側[がわ]	りょうがわ	ryōgawa	obie strony / po obu stronach	道の両側に木があります。	Po obu stronach drogi znajdują się drzewa.			rzeczownik. Używane przy opisywaniu lokalizacji lub przestrzeni (np. po obu stronach rzeki lub drogi).	道[みち]の 両[りょう] 側[がわ]に 木[き]があります。		[sound:hypertts-7a2c7094c3f4df7d4ccb3ecaf84fbd5e0f761cf2b91f30cb13d57ac3.mp3]	[sound:hypertts-8a52b3228dbbd5e94404fac0162af78aa7de1786ac8a10aa828a1c56.mp3]	[sound:両側_リョーカ゚ワ━_0_NHK-2016.mp3]	"""<span style=""""box-shadow: inset -2px -2px 0 0 #FF6633;"""">リョ</span><span style=""""box-shadow: inset 0px 2px 0 0px #FF6633;"""">ーカ<span style=""""color: red;"""">°</span>ワ</span> <span class=""""pitch_number"""">0</span>"""
1783158087629	1783158547	Doki Doki2-7	天の川	天[あま]の 川[がわ]	あまのがわ	Amanogawa	Droga Mleczna	七月七日に天の川が見えます。	Siódmego lipca widać Drogę Mleczną.			rzeczownik. Kultura: W mitologii Tanabata to rzeka rozdzielająca dwójkę zakochanych (Orihime i Hikoboshi), którzy mogą spotkać się tylko raz w roku.	七[しち] 月[がつ] 七[なな] 日[か]に 天[あま]の 川[がわ]が 見[み]えます。		[sound:hypertts-88e16d17ee73983c7ddd4806cd4a9b37441ae8b42f7833ace39ae3c0.mp3]	[sound:hypertts-17f74350754d0917461ef5c1c16e11572754434cd415d6fb9c264ae7.mp3]	[sound:天の川_アマノ＼カ゚ワ_3_NHK-2016.mp3]	"""<span style=""""box-shadow: inset -2px -2px 0 0 #FF6633;"""">ア</span><span style=""""box-shadow: inset -2px 2px 0 0px #FF6633;"""">マノ</span><span style=""""box-shadow: inset 0px -2px 0 0px #FF6633;"""">カ<span style=""""color: red;"""">°</span>ワ</span> <span class=""""pitch_number"""">3</span>"""
1783158087630	1783158352	Doki Doki2-7	付ける	付[つ]ける	つける	tsukeru	przymocować / zawiesić (np. ozdoby) / włączyć	笹に短冊を付けます。	Zawieszam pasek papieru na gałązce bambusa.	付[つ]けます	付[つ]けません	czasownik gr. 2 (ru). Ma wiele znaczeń (np. włączyć światło: 電気を付ける), ale w kontekście Tanabaty oznacza przymocowanie lub zawieszenie życzeń.	笹[ささ]に 短[たん] 冊[ざく]を 付[つ]けます。		[sound:hypertts-71f0afb91f393a2b8c6ae81f5a6c105b8092420d0500a795c6bdb467.mp3]	[sound:hypertts-e6b572b88a3a545dbfbafe0b9fbfdd1da66dc4666a30952f78965a47.mp3]	[sound:付ける_ツケ＼ル_2_NHK-2016.mp3]	"""<span style=""""box-shadow: inset -2px -2px 0 0 #FF6633;""""><span style=""""color: royalblue;"""">ツ</span></span><span style=""""box-shadow: inset -2px 2px 0 0px #FF6633;"""">ケ</span><span style=""""box-shadow: inset 0px -2px 0 0px #FF6633;"""">ル</span> <span class=""""pitch_number"""">2</span>"""
1783158087631	1783158354	Doki Doki2-7	どう思う	どう 思[おも]う	どうおもう	dō omou	co (o tym) myślisz? / jak uważasz?	この映画についてどう思いますか。	Co myślisz o tym filmie?	どう 思[おも]います	どう 思[おも]いません	wyrażenie pytające (partykuła/przysłówek どう + czasownik gr. 1 思う). Używane do pytania o opinię rozmówcy.	この 映[えい] 画[が]についてどう 思[おも]いますか。		[sound:hypertts-9a2126e718cb66f2fac1ecdcd9ba7b9dde22886c49ec6381de2dd799.mp3]	[sound:hypertts-65cbc33cd58042a7443f8c137eb52b707c2f1d835b9f063b429dac82.mp3]		
1783159289843	1783159318	Doki Doki2-7	邪魔	邪[じゃ] 魔[ま]	じゃま	jama	przeszkoda / utrudnienie / natrętność	仕事の邪魔をしないでください。	Proszę nie przeszkadzać w pracy.			na-przymiotnik (na-adj) lub rzeczownik. Często tworzy czasownik z する (邪魔する - przeszkadzać / zawracać głowę). W potocznym języku używa się zwrotu お邪魔します (dosł. „będę przeszkadzać”) przy wejściu do czyjegoś domu jako formy przywitania/przeprosin za wizytę.	仕[し] 事[ごと]の 邪[じゃ] 魔[ま]をしないでください。		[sound:hypertts-08ff0ff384580c32d901c5635755697d2de0e22521abeaa9cf717e4e.mp3]	[sound:hypertts-4b70d067856ec90b8d91227da1a689d067dc619d51df7faa0c87c34b.mp3]	[sound:邪魔_ジャマ━_0_NHK-2016.mp3]	"""<span style=""""box-shadow: inset -2px -2px 0 0 #FF6633;"""">ジャ</span><span style=""""box-shadow: inset 0px 2px 0 0px #FF6633;"""">マ</span> <span class=""""pitch_number"""">0</span>"""
1783671317839	1783671499	Doki Doki2-8	会員	会[かい] 員[いん]	かいいん	kaiin	członek (np. klubu, stowarzyszenia)	私はコーヒーの店の会員です。	Jestem członkiem kawiarni.			Rzeczownik. Oznacza osobę należącą do zorganizowanej grupy, klubu lub stowarzyszenia.	私[わたし]はコーヒーの 店[みせ]の 会[かい] 員[いん]です。		[sound:hypertts-a213c7bbd8ddaf5a8869063f3538b0e8e039390c4295632dc3d39cab.mp3]	[sound:hypertts-b12686cea55f4f07092d58023b2ace42484c8da9ebe8396b92b6cb50.mp3]	[sound:会員_カイイン━_0_NHK-2016.mp3]	"""<span style=""""box-shadow: inset -2px -2px 0 0 #FF6633;"""">カ</span><span style=""""box-shadow: inset 0px 2px 0 0px #FF6633;"""">イイン</span> <span class=""""pitch_number"""">0</span>"""
1783671317840	1783671504	Doki Doki2-8	考古学	考[こう] 古[こ] 学[がく]	こうこがく	koukogaku	archeologia	彼女の専攻は考古学です。	Jej kierunkiem studiów jest archeologia.			Rzeczownik.	彼[かの] 女[じょ]の 専[せん] 攻[こう]は 考[こう] 古[こ] 学[がく]です。		[sound:hypertts-24f4e1403f7f0ebf669c3b4ecbab64b153b0f443ecc19e8271a8598e.mp3]	[sound:hypertts-a630c865b95607b375e8af7b80c935de2790f8acc831f29d7d84123b.mp3]	[sound:考古学_コーコ＼カ゚ク_3_NHK-2016.mp3]	"""<span style=""""box-shadow: inset -2px -2px 0 0 #FF6633;"""">コ</span><span style=""""box-shadow: inset -2px 2px 0 0px #FF6633;"""">ーコ</span><span style=""""box-shadow: inset 0px -2px 0 0px #FF6633;"""">カ<span style=""""color: red;"""">°</span>ク</span> <span class=""""pitch_number"""">3</span>"""
1783671317841	1783671506	Doki Doki2-8	古語	古[こ] 語[ご]	こご	kogo	archaizm, stary język	日本語の古語は難しいです。	Japońskie archaizmy są trudne.			Rzeczownik. Odnosi się do słów wypartych ze współczesnego użycia.	日[に] 本[ほん] 語[ご]の 古[こ] 語[ご]は 難[むずか]しいです。		[sound:hypertts-5c776f0e2c3e0f339e19d24ca0e293e8bf5df8c24302f4bcf802e3e8.mp3]	[sound:hypertts-0d7c27b93f98db3754f3145d0dffce7f357dbd267865e775789001cf.mp3]	[sound:古語_コ＼コ゚_1_NHK-2016.mp3]	"""<span style=""""box-shadow: inset -2px 2px 0 0px #FF6633;"""">コ</span><span style=""""box-shadow: inset 0px -2px 0 0px #FF6633;"""">コ<span style=""""color: red;"""">°</span></span> <span class=""""pitch_number"""">1</span>"""
1783671317842	1783671511	Doki Doki2-8	古着	古[ふる] 着[ぎ]	ふるぎ	furugi	używana odzież	東京で古着を買いました。	Kupiłem używane ubrania w Tokio.			Rzeczownik.	東[とう] 京[きょう]で 古[ふる] 着[ぎ]を 買[か]いました。		[sound:hypertts-eaf0dd9fdc3f95e625dfcb1f1c8f08a3d89a6cfb1cda48c4394e867e.mp3]	[sound:hypertts-dd34fe5aee2dd09062e19643ce1e2225de7f9e77f5c96b7cd9622caa.mp3]	[sound:古着_フルキ゚━_0_NHK-2016.mp3] [sound:古着_フルキ゚＼_3_NHK-2016.mp3]	"""<span style=""""box-shadow: inset -2px -2px 0 0 #FF6633;"""">フ</span><span style=""""box-shadow: inset 0px 2px 0 0px #FF6633;"""">ルキ<span style=""""color: red;"""">°</span></span> <span class=""""pitch_number"""">0</span>, <span style=""""box-shadow: inset -2px -2px 0 0 #FF6633;"""">フ</span><span style=""""box-shadow: inset -2px 2px 0 0px #FF6633;"""">ルキ<span style=""""color: red;"""">°</span></span> <span class=""""pitch_number"""">3</span>"""
1783671317843	1783671499	Doki Doki2-8	新年	新[しん] 年[ねん]	しんねん	shinnen	Nowy Rok	新年に日本へ行きたいです。	Chcę pojechać do Japonii w Nowy Rok.			Rzeczownik. Oznacza początek nowego roku. Bardziej formalne niż お正月 (oshougatsu).	新[しん] 年[ねん]に 日[に] 本[ほん]へ 行[い]きたいです。		[sound:hypertts-25a85ed52e5491cfbfd1084229f609c0b1ba7edd794d3d39c61d368d.mp3]	[sound:hypertts-f162075bc4edd89066c4d4a89e1ed300de03cc5fbf11bdf426754774.mp3]	[sound:新年_シ＼ンネン_1_NHK-2016.mp3]	"""<span style=""""box-shadow: inset -2px 2px 0 0px #FF6633;"""">シ</span><span style=""""box-shadow: inset 0px -2px 0 0px #FF6633;"""">ンネン</span> <span class=""""pitch_number"""">1</span>"""
1783671317844	1783671499	Doki Doki2-8	聞き取る	聞[き]き 取[と]る	ききとる	kikitoru	usłyszeć, zrozumieć ze słuchu	先生の言葉を聞き取れませんでした。	Nie mogłem zrozumieć słów nauczyciela.	聞[き]き 取[と]ります	聞[き]き 取[と]りません	Czasownik gr. 1 (godan). Używany w kontekście rozumienia mowy lub wychwytywania dźwięku.	先[せん] 生[せい]の 言[こと] 葉[ば]を 聞[き]き 取[と]れませんでした。		[sound:hypertts-45861fc3492ced1c4c70bb44c2244cb398f2ae41d6811c2071f3e3a8.mp3]	[sound:hypertts-2e0b68cf17ec1de049f5eff488a6bfca1393567203af21b01ba657fc.mp3]	[sound:聞き取る_キキト＼ル_3_NHK-2016.mp3]	"""<span style=""""box-shadow: inset -2px -2px 0 0 #FF6633;""""><span style=""""color: royalblue;"""">キ</span></span><span style=""""box-shadow: inset -2px 2px 0 0px #FF6633;"""">キト</span><span style=""""box-shadow: inset 0px -2px 0 0px #FF6633;"""">ル</span> <span class=""""pitch_number"""">3</span>"""
1783671317845	1783671499	Doki Doki2-8	聞き手	聞[き]き 手[て]	ききて	kikite	słuchacz	彼はいい聞き手です。	On jest dobrym słuchaczem.			Rzeczownik.	彼[かれ]はいい 聞[き]き 手[て]です。		[sound:hypertts-b8da5326b4e8ad95577f9daffb51ae40021434382d21a03984ec6bf7.mp3]	[sound:hypertts-1f14b97da20c1853eed42e1d5420b445189aef41001daaee2f9edcf4.mp3]	[sound:聞き手_キキテ━_0_NHK-2016.mp3]	"""<span style=""""box-shadow: inset -2px -2px 0 0 #FF6633;""""><span style=""""color: royalblue;"""">キ</span></span><span style=""""box-shadow: inset 0px 2px 0 0px #FF6633;"""">キテ</span> <span class=""""pitch_number"""">0</span>"""
1783671317846	1783671499	Doki Doki2-8	手作り	手[て] 作[づく]り	てづくり	tezukuri	ręczna robota, zrobione własnoręcznie	パートナーの手作りのケーキを食べました。	Zjadłem ciasto zrobione własnoręcznie przez partnera.			Rzeczownik. Występuje tu udźwięcznienie rendaku (tsukuri -&gt; dzukuri).	パートナーの 手[て] 作[づく]りのケーキを 食[た]べました。		[sound:hypertts-e9ce5f73dabd5f2431c2d28ce77df0248b10ad70741fe5f349862271.mp3]	[sound:hypertts-95fba1d1f25d45171be3e1365e6d60bc15ca8353aca16d1a64245de2.mp3]	[sound:手作り_テズ＼クリ_2_NHK-2016.mp3]	"""<span style=""""box-shadow: inset -2px -2px 0 0 #FF6633;"""">テ</span><span style=""""box-shadow: inset -2px 2px 0 0px #FF6633;"""">ズ</span><span style=""""box-shadow: inset 0px -2px 0 0px #FF6633;"""">クリ</span> <span class=""""pitch_number"""">2</span>"""
1783671317847	1783671499	Doki Doki2-8	仕方ない	仕[し] 方[かた]ない	しかたない	shikatanai	nie ma na to rady, trudno	プログラムが壊れましたから、仕方ないです。	Program się zepsuł, więc nie ma na to rady.			Wyrażenie traktowane często jak i-adj. Używane, gdy akceptujemy sytuację, na którą nie mamy wpływu.	プログラムが 壊[こわ]れましたから、 仕[し] 方[かた]ないです。		[sound:hypertts-e6d36a0caffd6487069150e674165ba01f42e29f766c86d668f36ab1.mp3]	[sound:hypertts-623365f6adc9bc4d741c3b572f4919e58163cd9aeb708517629aa3eb.mp3]	[sound:仕方ない_シカタナ＼イ_4_NHK-1998.mp3]	"""<span style=""""box-shadow: inset -2px -2px 0 0 #FF6633;""""><span style=""""color: royalblue;"""">シ</span></span><span style=""""box-shadow: inset -2px 2px 0 0px #FF6633;"""">カタナ</span><span style=""""box-shadow: inset 0px -2px 0 0px #FF6633;"""">イ</span> <span class=""""pitch_number"""">4</span>"""
1783671317848	1785593862	Doki Doki2-8	休憩	休[きゅう] 憩[けい]	きゅうけい	kyuukei	przerwa, odpoczynek (Przerwa w trakcie pracy lub aktywności)	仕事のあとで、休憩してください。	Proszę zrób sobie przerwę po pracy.			"""Rzeczownik, z dodaniem する (suru) staje się czasownikiem """"robić przerwę"""". Słowo to oznacza krótką przerwę w ciągu dnia, podczas wykonywania jakiejś pracy, nauki lub treningu. Po jej zakończeniu wracasz do swoich obowiązków. Czas trwania: Zazwyczaj od kilku minut do godziny (np. przerwa na obiad, przerwa w pracy, pauza w szkole). Kontekst: Bardzo często używane w środowisku zawodowym (np. kyuukei jikan – czas przerwy)."""	仕[し] 事[ごと]のあとで、 休[きゅう] 憩[けい]してください。		[sound:hypertts-dd26887be809aa0e07556f33d59ffbd664b36a2b0fa488df6873304b.mp3]	[sound:hypertts-ca4df594d878bf33bab5703f2f16ef960eecb58e9632ffc219dde6ff.mp3]	[sound:休憩_キューケー━_0_NHK-2016.mp3]	"""<span style=""""box-shadow: inset -2px -2px 0 0 #FF6633;"""">キュ</span><span style=""""box-shadow: inset 0px 2px 0 0px #FF6633;"""">ーケイ</span> <span class=""""pitch_number"""">0</span>"""
1783671317849	1783671499	Doki Doki2-8	夏休み	夏[なつ] 休[やす]み	なつやすみ	natsuyasumi	letnie wakacje	夏休みに日本を旅行しました。	Podróżowałem po Japonii w czasie letnich wakacji.			Rzeczownik.	夏[なつ] 休[やす]みに 日[に] 本[ほん]を 旅[りょ] 行[こう]しました。		[sound:hypertts-a1338af98d4afaf93332f8cb9ddef6613ab69ea5165477bc1c053016.mp3]	[sound:hypertts-28d293eff861054cd2b6358d42795a00a8e450aa517b79b43577dfbe.mp3]	[sound:夏休み_ナツヤ＼スミ_3_NHK-2016.mp3]	"""<span style=""""box-shadow: inset -2px -2px 0 0 #FF6633;"""">ナ</span><span style=""""box-shadow: inset -2px 2px 0 0px #FF6633;"""">ツヤ</span><span style=""""box-shadow: inset 0px -2px 0 0px #FF6633;"""">スミ</span> <span class=""""pitch_number"""">3</span>"""
1783671317850	1783671499	Doki Doki2-8	一言	一[ひと] 言[こと]	ひとこと	hitokoto	jedno słowo, krótka wypowiedź	先生に一言話してください。	Proszę zamień jedno słowo z nauczycielem.			Rzeczownik.	先[せん] 生[せい]に 一[ひと] 言[こと] 話[はな]してください。		[sound:hypertts-12ea9630ded7d0820304fd3987792bf405514b0ef3c359eb96809e26.mp3]	[sound:hypertts-fe0581ee645ce530b4fc19360653aa6280861d46fa88417ef758571d.mp3]	[sound:一言_ヒト＼コト_2_NHK-2016.mp3]	"""<span style=""""box-shadow: inset -2px -2px 0 0 #FF6633;"""">ヒ</span><span style=""""box-shadow: inset -2px 2px 0 0px #FF6633;"""">ト</span><span style=""""box-shadow: inset 0px -2px 0 0px #FF6633;"""">コト</span> <span class=""""pitch_number"""">2</span>"""
1783671317851	1783671499	Doki Doki2-8	読み物	読[よ]み 物[もの]	よみもの	yomimono	materiały do czytania, lektura	この読み物はとても面白いです。	Ta lektura jest bardzo interesująca.			Rzeczownik.	この 読[よ]み 物[もの]はとても 面[おも] 白[しろ]いです。		[sound:hypertts-63f92e46b66ad6da8615421f69c0959a6a99e8b677297557815a61d8.mp3]	[sound:hypertts-8f6f0021c064e3a3b25909fd8d2b5bd65f43451fe6f6f1e9fe793e49.mp3]	[sound:読み物_ヨミ＼モノ_2_NHK-2016.mp3] [sound:読み物_ヨミモ＼ノ_3_NHK-2016.mp3]	"""<span style=""""box-shadow: inset -2px -2px 0 0 #FF6633;"""">ヨ</span><span style=""""box-shadow: inset -2px 2px 0 0px #FF6633;"""">ミ</span><span style=""""box-shadow: inset 0px -2px 0 0px #FF6633;"""">モノ</span> <span class=""""pitch_number"""">2</span>, <span style=""""box-shadow: inset -2px -2px 0 0 #FF6633;"""">ヨ</span><span style=""""box-shadow: inset -2px 2px 0 0px #FF6633;"""">ミモ</span><span style=""""box-shadow: inset 0px -2px 0 0px #FF6633;"""">ノ</span> <span class=""""pitch_number"""">3</span>"""
1783671317852	1783671499	Doki Doki2-8	読者	読[どく] 者[しゃ]	どくしゃ	dokusha	czytelnik	私はこの雑誌の読者です。	Jestem czytelnikiem tego czasopisma.			Rzeczownik.	私[わたし]はこの 雑[ざっ] 誌[し]の 読[どく] 者[しゃ]です。		[sound:hypertts-2471fcc688d7639645a09e943faaf39c06b3c6cecb324d9660106325.mp3]	[sound:hypertts-a00e851c855e665d2651cf976da5f929340835d643cefc97f48cf7ef.mp3]	[sound:読者_ド＼クシャ_1_NHK-2016.mp3]	"""<span style=""""box-shadow: inset -2px 2px 0 0px #FF6633;"""">ド</span><span style=""""box-shadow: inset 0px -2px 0 0px #FF6633;""""><span style=""""color: royalblue;"""">ク</span>シャ</span> <span class=""""pitch_number"""">1</span>"""
1783671317853	1783671499	Doki Doki2-8	思い出す	思[おも]い 出[だ]す	おもいだす	omoidasu	przypomnieć sobie	京都の古いお寺を思い出しました。	Przypomniałem sobie starą świątynię w Kioto.	思[おも]い 出[だ]します	思[おも]い 出[だ]しません	Czasownik gr. 1 (godan).	京[きょう] 都[と]の 古[ふる]いお 寺[てら]を 思[おも]い 出[だ]しました。		[sound:hypertts-ca9436733b98856d537b940c9f6a646e914b0d01b6ae202b149505d8.mp3]	[sound:hypertts-273c2c35d8141067ffc897e1727b7e67ac425d58e068c392be7d2e1e.mp3]	[sound:思い出す_オモイダ＼ス_4_NHK-2016.mp3]	"""<span style=""""box-shadow: inset -2px -2px 0 0 #FF6633;"""">オ</span><span style=""""box-shadow: inset 0px 2px 0 0px #FF6633;"""">モイダス</span> <span class=""""pitch_number"""">0</span>, <span style=""""box-shadow: inset -2px -2px 0 0 #FF6633;"""">オ</span><span style=""""box-shadow: inset -2px 2px 0 0px #FF6633;"""">モ</span><span style=""""box-shadow: inset 0px -2px 0 0px #FF6633;"""">イダス</span> <span class=""""pitch_number"""">2</span>, <span style=""""box-shadow: inset -2px -2px 0 0 #FF6633;"""">オ</span><span style=""""box-shadow: inset -2px 2px 0 0px #FF6633;"""">モイダ</span><span style=""""box-shadow: inset 0px -2px 0 0px #FF6633;"""">ス</span> <span class=""""pitch_number"""">4</span>"""
1783671317854	1783671499	Doki Doki2-8	思いつく	思[おも]いつく	おもいつく	omoitsuku	wpaść na pomysł, wymyślić	アパートの新しいデザインを思いつきました。	Wpadłem na nowy projekt mieszkania.	思[おも]いつきます	思[おも]いつきません	Czasownik gr. 1 (godan).	アパートの 新[あたら]しいデザインを 思[おも]いつきました。		[sound:hypertts-2681a2a58be0613122b37a22ede55d42ef45366e6022d41b26460607.mp3]	[sound:hypertts-e157d1bfee4e35eb48421f41c827e08406711c90bb6f7c9caf6456ba.mp3]	[sound:思いつく_オモイツ＼ク_4_NHK-2016.mp3]	"""<span style=""""box-shadow: inset -2px -2px 0 0 #FF6633;"""">オ</span><span style=""""box-shadow: inset 0px 2px 0 0px #FF6633;"""">モイ<span style=""""color: royalblue;"""">ツ</span>ク</span> <span class=""""pitch_number"""">0</span>, <span style=""""box-shadow: inset -2px -2px 0 0 #FF6633;"""">オ</span><span style=""""box-shadow: inset -2px 2px 0 0px #FF6633;"""">モ</span><span style=""""box-shadow: inset 0px -2px 0 0px #FF6633;"""">イ<span style=""""color: royalblue;"""">ツ</span>ク</span> <span class=""""pitch_number"""">2</span>, <span style=""""box-shadow: inset -2px -2px 0 0 #FF6633;"""">オ</span><span style=""""box-shadow: inset -2px 2px 0 0px #FF6633;"""">モイ<span style=""""color: royalblue;"""">ツ</span></span><span style=""""box-shadow: inset 0px -2px 0 0px #FF6633;"""">ク</span> <span class=""""pitch_number"""">4</span>"""
1783671317855	1783671499	Doki Doki2-8	実家	実[じっ] 家[か]	じっか	jikka	dom rodzinny	週末に実家へ帰りました。	W weekend wróciłem do domu rodzinnego.			Rzeczownik. Odnosi się do domu, w którym się dorastało lub w którym mieszkają rodzice.	週[しゅう] 末[まつ]に 実[じっ] 家[か]へ 帰[かえ]りました。		[sound:hypertts-7243c3eb4d1c633b377aa167697e63afe622a9faa13b1a8824732297.mp3]	[sound:hypertts-49546a6558a9ced74af7372c8627e6c48080a7fb8623897beb18b710.mp3]	[sound:実家_ジッカ━_0_NHK-2016.mp3]	"""<span style=""""box-shadow: inset -2px -2px 0 0 #FF6633;"""">ジ</span><span style=""""box-shadow: inset 0px 2px 0 0px #FF6633;"""">ッカ</span> <span class=""""pitch_number"""">0</span>"""
1783671317857	1783671499	Doki Doki2-8	大家	大[おお] 家[や]	おおや	ooya	właściciel (mieszkania, budynku)	ウッチのアパートの大家さんと話しました。	Rozmawiałem z właścicielem mieszkania w Łodzi.			Rzeczownik. Zwykle używane z przyrostkiem grzecznościowym ~さん (ooya-san).	ウッチのアパートの 大[おお] 家[や]さんと 話[はな]しました。		[sound:hypertts-cb0474a159d988fe99bc5922d4101b224cc560cb07a4295620c676bf.mp3]	[sound:hypertts-c80925d3344a4865896bda2408e43086598416410c1e564e00e64b94.mp3]	[sound:大家_オ＼ーヤ_1_NHK-2016.mp3]	"""<span style=""""box-shadow: inset -2px 2px 0 0px #FF6633;"""">オ</span><span style=""""box-shadow: inset 0px -2px 0 0px #FF6633;"""">ーヤ</span> <span class=""""pitch_number"""">1</span>"""
1783671317858	1783671499	Doki Doki2-8	世話	世[せ] 話[わ]	せわ	sewa	opieka, dbanie o coś/kogoś	私は犬のモチの世話をします。	Opiekuję się psem Mochi.			Rzeczownik, często jako czasownik 世話をする (opiekować się).	私[わたし]は 犬[いぬ]のモチの 世[せ] 話[わ]をします。		[sound:hypertts-b6ac2f6c6831034cd263aad5c72b25636bf6c782ca0938f3b46a46ab.mp3]	[sound:hypertts-9f10727a3a0da26ed048cc6c9e2151855b8555ab71eef961687bbd63.mp3]	[sound:世話_セワ＼_2_NHK-2016.mp3]	"""<span style=""""box-shadow: inset -2px -2px 0 0 #FF6633;"""">セ</span><span style=""""box-shadow: inset -2px 2px 0 0px #FF6633;"""">ワ</span> <span class=""""pitch_number"""">2</span>"""
1783671317859	1783671499	Doki Doki2-8	話題	話[わ] 題[だい]	わだい	wadai	temat rozmowy	日本の旅行はいい話題ですね。	Podróż do Japonii to dobry temat do rozmowy.			Rzeczownik.	日[に] 本[ほん]の 旅[りょ] 行[こう]はいい 話[わ] 題[だい]ですね。		[sound:hypertts-760ec2c20ee778cbc4a20269fdcefefd24ad06eede92adc757d3d964.mp3]	[sound:hypertts-e01b128e7eb87aba4fd6423a698b70813b2f6902ee89475e3895a581.mp3]	[sound:話題_ワダイ━_0_NHK-2016.mp3]	"""<span style=""""box-shadow: inset -2px -2px 0 0 #FF6633;"""">ワ</span><span style=""""box-shadow: inset 0px 2px 0 0px #FF6633;"""">ダイ</span> <span class=""""pitch_number"""">0</span>"""
1783671317860	1783671499	Doki Doki2-8	話かた	話[はな]しかた	はなしかた	hanashikata	sposób mówienia	先生の話し方はきれいです。	Sposób mówienia nauczyciela jest piękny.			Rzeczownik. Końcówka ~方 (~kata) dodana do rdzenia czasownika oznacza &quot;sposób robienia czegoś&quot;.	先[せん] 生[せい]の 話[はな]しかたはきれいです。		[sound:hypertts-8ff3e971540a0da12ddf86192ae3a4249032fb478f5f2dea8a73211a.mp3]	[sound:hypertts-5539cd0cf5f5bee3c0890ddbb095764a10dccc028472d5ba571fd981.mp3]	[sound:はなしかた_ハナシカタ━_0_NHK-2016.mp3] [sound:はなしかた_ハナシカ＼タ_4_NHK-2016.mp3] [sound:はなしかた_ハナシカタ＼_5_NHK-2016.mp3]	"""<span style=""""box-shadow: inset -2px -2px 0 0 #FF6633;"""">ハ</span><span style=""""box-shadow: inset 0px 2px 0 0px #FF6633;"""">ナシカタ</span> <span class=""""pitch_number"""">0</span>, <span style=""""box-shadow: inset -2px -2px 0 0 #FF6633;"""">ハ</span><span style=""""box-shadow: inset 0px 2px 0 0px #FF6633;"""">ナ<span style=""""color: royalblue;"""">シ</span>カタ</span> <span class=""""pitch_number"""">0</span>, <span style=""""box-shadow: inset -2px -2px 0 0 #FF6633;"""">ハ</span><span style=""""box-shadow: inset -2px 2px 0 0px #FF6633;"""">ナシカ</span><span style=""""box-shadow: inset 0px -2px 0 0px #FF6633;"""">タ</span> <span class=""""pitch_number"""">4</span>"""
1783671317861	1783671499	Doki Doki2-8	次々に	次[つぎ] 々[つぎ]に	つぎつぎに	tsugitsugini	jeden po drugim, kolejno	次々に新しいゲームを買いました。	Kupowałem nowe gry jedna po drugiej.			Przysłówek. Znak 々 służy do powtórzenia poprzedniego Kanji.	次[つぎ] 々[つぎ]に 新[あたら]しいゲームを 買[か]いました。		[sound:hypertts-5be5d8670cdae5e149d5f811041ddf81e1653044f25107273c09b355.mp3]	[sound:hypertts-8dd2e7cd7c64d105ff6280484fdda9e1fd53d46ffa1e2ecd7c35f573.mp3]	[sound:次々に_ツギツギニ_TAAS.mp3]	"""<span style=""""box-shadow: inset -2px -2px 0 0 #FF6633;"""">ツ</span><span style=""""box-shadow: inset -2px 2px 0 0px #FF6633;"""">ギ</span><span style=""""box-shadow: inset 0px -2px 0 0px #FF6633;"""">ツギニ</span> <span class=""""pitch_number"""">2</span>"""
1783671317862	1783671499	Doki Doki2-8	何千	何[なん] 千[ぜん]	なんぜん	nanzen	tysiące	町に何千人の人がいました。	W mieście były tysiące ludzi.			Rzeczownik / liczebnik. Używane do wyrażania dużej, nieokreślonej liczby w tysiącach. Zwróć uwagę na udźwięcznienie rendaku (sen -&gt; zen).	町[まち]に 何[なん] 千[ぜん] 人[にん]の 人[ひと]がいました。		[sound:hypertts-907b59616058e57476fcf1430bd4a27119bc7e0706a553af93baecae.mp3]	[sound:hypertts-0ec09755a6c7c2a81fc8633a0a37e3c6bab8743b2e77aa1b1ea7784a.mp3]	[sound:何千_ナンゼ＼ン_3_NHK-2016.mp3]	"""<span style=""""box-shadow: inset -2px -2px 0 0 #FF6633;"""">ナ</span><span style=""""box-shadow: inset -2px 2px 0 0px #FF6633;"""">ンゼ</span><span style=""""box-shadow: inset 0px -2px 0 0px #FF6633;"""">ン</span> <span class=""""pitch_number"""">3</span>"""
1783671317863	1783671790	Doki Doki2-8	何[なに] 人[じん]	何[なに] 人[じん]	なにじん	nanijin	jakiej narodowości	あの人は何人ですか。	Jakiej narodowości jest tamta osoba?			Rzeczownik pytający. Zapis 何人 czytany jako &quot;nanijin&quot; pyta o narodowość, natomiast jako &quot;nannin&quot; pyta o liczbę osób.	あの 人[ひと]は 何[なに] 人[じん]ですか。		[sound:hypertts-1b48313a70b9da07ded6b3c0c3338ae5782434748a531a9ec7176bc4.mp3]	[sound:hypertts-f48cde7432722200f61ac4212e0a2cd5dfa39829d5ac026e1f68d5a0.mp3]	[sound:何人_ナニジン_JapanesePod101.mp3]	
1783671317864	1783671499	Doki Doki2-8	何か	何[なに]か	なにか	nanika	coś	スーパーで何か飲み物を買います。	Kupię coś do picia w supermarkecie.			Zaimek. Kiedy łączy się z partykułami (np. を), w mowie potocznej często się je pomija.	スーパーで 何[なに]か 飲[の]み 物[もの]を 買[か]います。		[sound:hypertts-4f36b155df4cd8c3d78ee3a31aa597330fccbf379edf724b30b7c079.mp3]	[sound:hypertts-4ed0c714b58aee0b54814a9d9a240f4ea1199eb3211d9c402ed0aa0e.mp3]	[sound:何か_ナ＼ニカ_1_NHK-2016.mp3]	"""<span style=""""box-shadow: inset -2px 2px 0 0px #FF6633;"""">ナ</span><span style=""""box-shadow: inset 0px -2px 0 0px #FF6633;"""">ニカ</span> <span class=""""pitch_number"""">1</span>"""
1783671317865	1783671499	Doki Doki2-8	何も	何[なに]も	なにも	nanimo	nic	今日は何も食べませんでした。	Dzisiaj niczego nie zjadłem.			Zaimek. Zawsze występuje z przeczeniem w zdaniu (np. 何も + czasownik w formie negatywnej).	今日[きょう]は 何[なに]も 食[た]べませんでした。		[sound:hypertts-d564021077353010f34b55697710747da3167fe962ad57562886cb3c.mp3]	[sound:hypertts-5d13fc4900f0cf017120a3b5af21b688815576fac4629211ab8a4d7e.mp3]	[sound:何も_ナニモ━_0_NHK-2016.mp3]	"""<span style=""""box-shadow: inset -2px -2px 0 0 #FF6633;"""">ナ</span><span style=""""box-shadow: inset 0px 2px 0 0px #FF6633;"""">ニモ</span> <span class=""""pitch_number"""">0</span>, <span style=""""box-shadow: inset -2px 2px 0 0px #FF6633;"""">ナ</span><span style=""""box-shadow: inset 0px -2px 0 0px #FF6633;"""">ニモ</span> <span class=""""pitch_number"""">1</span>"""
1783762598113	1783762743	Doki Doki2-7	定食	定[てい] 食[しょく]	ていしょく	teishoku	zestaw obiadowy	レストランで定食を食べます。	Jem zestaw obiadowy w restauracji.			rzeczownik, oznacza tradycyjny japoński zestaw obiadowy składający się zazwyczaj z dania głównego, porcji ryżu, zupy miso oraz marynowanych warzyw	レストランで 定[てい] 食[しょく]を 食[た]べます。	レストランで 定[てい] 食[しょく]を 食[た]べます。	[sound:hypertts-d503096800769f96e3b3a3ef67bbeabda78ec8df60d925e554630992.mp3]	[sound:hypertts-d577c5e13523f5dbae6b608bbbb748bf3b075fc251e7f4ac0730009b.mp3]	[sound:定食_テーショク━_0_NHK-2016.mp3]	"""<span style=""""box-shadow: inset -2px -2px 0 0 #FF6633;"""">テ</span><span style=""""box-shadow: inset 0px 2px 0 0px #FF6633;"""">イショク</span> <span class=""""pitch_number"""">0</span>"""
1783762598114	1783762819	Doki Doki2-7	一人前	一[ひと] 人[り] 前[まえ]	ひとりまえ	hitorimae	porcja (dla jednej osoby), jedna porcja	レストランで寿司u一人前注文しました。	Zamówiłem w restauracji jedną porcję sushi.			rzeczownik, oznacza porcję jedzenia przeznaczoną dla jednej osoby. Słowo to służy również jako klasyfikator (licznik) porcji dań w restauracji poprzez zmianę cyfry przed sufiksem 〜人前 (np. 二人前 – dwie porcje, 三人前 – trzy porcje).	レストランで 寿[す] 司[し]を 一[ひと] 人[り] 前[まえ] 注[ちゅう] 文[もん]しました。	レストランで 寿[す] 司[し]を 一[ひと] 人[り] 前[まえ] 注[ちゅう] 文[もん]しました。	[sound:hypertts-09bf1faf34137760fcecddd1fb05b2c9d966d31da008cd20a46bd4d6.mp3]	[sound:hypertts-91cf76f5e1e0e5c8b897fda08492807b747d1c6496c449a8ef378a83.mp3]	[sound:一人前_ヒトリマエ━_0_NHK-2016.mp3]	"""<span style=""""box-shadow: inset -2px -2px 0 0 #FF6633;""""><span style=""""color: royalblue;"""">ヒ</span></span><span style=""""box-shadow: inset 0px 2px 0 0px #FF6633;"""">トリマエ</span> <span class=""""pitch_number"""">0</span>"""
1784363583580	1784363731	Doki Doki2-8	生活を送る	生[せい] 活[かつ]を 送[おく]る	せいかつをおくる	seikatsu o okuru	prowadzić życie	日本で生活を送ります。	Prowadzę życie w Japonii.	送ります	送りません	czasownik gr. 1 (wyrażenie). Kontekst: Codzienne funkcjonowanie, spędzanie życia w danym miejscu.	日[に] 本[ほん]で 生[せい] 活[かつ]を 送[おく]ります。		[sound:hypertts-6e919bf48d8568baa042824a3fc9ec267f6397588bd1fc031711d73e.mp3]	[sound:hypertts-a21d64c9e72e425e006bff705c029ea0fdc33bbd7f6d8841c79737f3.mp3]		
1784363583582	1784363733	Doki Doki2-8	変	変[へん]	へん	hen	dziwny	それは変な鞄です。	Tamto to dziwna torba.			na-adj. Kontekst: Używane do opisania czegoś nietypowego lub podejrzanego.	それは 変[へん]な 鞄[かばん]です。		[sound:hypertts-5fb640cbf32665755b424a83a261a7934ec0354d87b23aaaef9946b6.mp3]	[sound:hypertts-c6a4c9aac28c73b1d4112471a757b919f297ee1a20a85052b2513f9f.mp3]	[sound:変_ヘ＼ン_1_NHK-2016.mp3]	"""<span style=""""box-shadow: inset -2px 2px 0 0px #FF6633;"""">ヘ</span><span style=""""box-shadow: inset 0px -2px 0 0px #FF6633;"""">ン</span> <span class=""""pitch_number"""">1</span>"""
1784363583583	1784363734	Doki Doki2-8	風邪	風邪[かぜ]	かぜ	kaze	przeziębienie	私は風邪を引きました。	Ja się przeziębiłem.			rzeczownik. Zwykle używane z czasownikiem 引く (hiku) - przeziębić się.	私[わたし]は 風邪[かぜ]を 引[ひ]きました。		[sound:hypertts-f4d0c3f3026fba3aa331757da8d7becf9ad835f19666a9e6a99b7bd7.mp3]	[sound:hypertts-966ac0cc48746ffd6c739206f7a5282480a9833dfa0474538da8732b.mp3]	[sound:風邪_カゼ━_0_NHK-1998.mp3]	"""<span style=""""box-shadow: inset -2px -2px 0 0 #FF6633;"""">カ</span><span style=""""box-shadow: inset 0px 2px 0 0px #FF6633;"""">ゼ</span> <span class=""""pitch_number"""">0</span>"""
1784363583584	1784363736	Doki Doki2-8	今回	今[こん] 回[かい]	こんかい	konkai	tym razem	今回は一人で行きます。	Tym razem idę sam.			rzeczownik / przysłówek. Odnosi się do obecnej sytuacji lub wydarzenia.	今[こん] 回[かい]は 一[ひと] 人[り]で 行[い]きます。		[sound:hypertts-babfbc49640a1ae7a0bc8193066f3ad6b3e91a6ce71b8f39e7a01e55.mp3]	[sound:hypertts-2519cd93a3fbd137bc93f5c12f1616cad33631125019114ab395361d.mp3]	[sound:今回_コ＼ンカイ_1_NHK-2016.mp3]	"""<span style=""""box-shadow: inset -2px 2px 0 0px #FF6633;"""">コ</span><span style=""""box-shadow: inset 0px -2px 0 0px #FF6633;"""">ンカイ</span> <span class=""""pitch_number"""">1</span>"""
1784363583585	1784363737	Doki Doki2-8	声	声[こえ]	こえ	koe	głos	先生の声が聞こえます。	Słyszę głos nauczyciela.			rzeczownik. Odnosi się do głosu ludzkiego lub zwierzęcego (nie do dźwięków maszyn).	先[せん] 生[せい]の 声[こえ]が 聞[き]こえます。		[sound:hypertts-3c83c5a57c5283fd56227f1cb77b291b2a22c662736b74d8407e8efb.mp3]	[sound:hypertts-77b2aa0fc4b2d3f6e531b775fc904a1a959dfd957db568aba1f93c7f.mp3]	[sound:声_コ＼エ_1_NHK-2016.mp3]	"""<span style=""""box-shadow: inset -2px 2px 0 0px #FF6633;"""">コ</span><span style=""""box-shadow: inset 0px -2px 0 0px #FF6633;"""">エ</span> <span class=""""pitch_number"""">1</span>"""
1784363583586	1784363739	Doki Doki2-8	大きな声	大[おお]きな 声[こえ]	おおきなこえ	ookina koe	głośny głos	カロルさんは大きな声で話します。	Karol mówi głośnym głosem.			wyrażenie. Używane, gdy ktoś mówi bardzo głośno.	カロルさんは 大[おお]きな 声[こえ]で 話[はな]します。		[sound:hypertts-7b0e984f3c90176a9505f36d92a3775ab2a05c5a3339a3ba921a4d5c.mp3]	[sound:hypertts-034b44963b74f7105d316da6dda8ab6286f4b9e011d440ec302a6b9c.mp3]		
1784363583587	1784363740	Doki Doki2-8	鍵	鍵[かぎ]	かぎ	kagi	klucz	部屋の鍵を無くしました。	Zgubiłem klucz do pokoju.			rzeczownik. Zapis Kanji często zastępowany jest hiraganą w mowie potocznej.	部[へ] 屋[や]の 鍵[かぎ]を 無[な]くしました。		[sound:hypertts-32de13d3a3a82d61e2dba0ebd8cdf37c94d56a021b2160aa47f134cb.mp3]	[sound:hypertts-a6f950499d93e484291329b8930c97ea7359a2db4283411630f55c4c.mp3]	[sound:鍵_カキ゚＼_2_NHK-2016.mp3]	"""<span style=""""box-shadow: inset -2px -2px 0 0 #FF6633;"""">カ</span><span style=""""box-shadow: inset -2px 2px 0 0px #FF6633;"""">キ<span style=""""color: red;"""">°</span></span> <span class=""""pitch_number"""">2</span>"""
1784363583588	1785589862	Doki Doki2-8 leech	必ず	必[かなら]ず	かならず	kanarazu	na pewno, z pewnością	明日、必ず学校に来ます。	Jutro na pewno przyjdę do szkoły.			przysłówek. Wyraża silne postanowienie lub pewność, że coś się wydarzy.	明日[あした]、 必[かなら]ず 学[がっ] 校[こう]に 来[き]ます。		[sound:hypertts-804a87b2ce7b95d3ee2ae931640cc34ee3d4683eac5873b1ea715488.mp3]	[sound:hypertts-54c44535976c078f9e420da9c2678e60c8d14da8581c1a8792774c02.mp3]	[sound:必ず_カナラズ━_0_NHK-2016.mp3]	"""<span style=""""box-shadow: inset -2px -2px 0 0 #FF6633;"""">カ</span><span style=""""box-shadow: inset 0px 2px 0 0px #FF6633;"""">ナラズ</span> <span class=""""pitch_number"""">0</span>"""
1784363583589	1784363744	Doki Doki2-8	梅干し	梅[うめ] 干[ぼ]し	うめぼし	umeboshi	marynowana śliwka	ご飯と梅干しを食べます。	Jem ryż z marynowaną śliwką.			rzeczownik. Tradycyjna japońska śliwka ume marynowana na słono i kwaśno.	ご 飯[はん]と 梅[うめ] 干[ぼ]しを 食[た]べます。		[sound:hypertts-f843f6527f55a0ee3d8eab07660c551ebeb56783896af36d27498533.mp3]	[sound:hypertts-3bbbb0f14d57581860117e918adbdf4e40b04ff1fd4e5046b9a57714.mp3]	[sound:梅干し_ウメボシ━_0_NHK-2016.mp3]	"""<span style=""""box-shadow: inset -2px -2px 0 0 #FF6633;"""">ウ</span><span style=""""box-shadow: inset 0px 2px 0 0px #FF6633;"""">メボシ</span> <span class=""""pitch_number"""">0</span>"""
1784363583590	1784363745	Doki Doki2-8	干す	干[ほ]す	ほす	hosu	suszyć	私は服を干します。	Ja suszę ubrania.	干します	干しません	czasownik gr. 1. Używany przy suszeniu ubrań, ręczników itp. na słońcu.	私[わたし]は 服[ふく]を 干[ほ]します。		[sound:hypertts-d8aeca3975d706a0d4f86acf1c1a7aae1646b639bdb94fe5319c4d47.mp3]	[sound:hypertts-47554c72827f72d9591c9f06724021f595f6405e3e96f7beeb157695.mp3]	[sound:干す_ホ＼ス_1_NHK-2016.mp3]	"""<span style=""""box-shadow: inset -2px 2px 0 0px #FF6633;"""">ホ</span><span style=""""box-shadow: inset 0px -2px 0 0px #FF6633;"""">ス</span> <span class=""""pitch_number"""">1</span>"""
1784363583591	1784363747	Doki Doki2-8	梅酒	梅[うめ] 酒[しゅ]	うめしゅ	umeshu	wino śliwkowe	レストランで梅酒を飲みました。	W restauracji wypiłem wino śliwkowe.			rzeczownik. Japoński napój alkoholowy robiony ze śliwek ume.	レストランで 梅[うめ] 酒[しゅ]を 飲[の]みました。		[sound:hypertts-29f2a4339bb4e81a93d85f39bba71e88ec769603308dc68195fe73a4.mp3]	[sound:hypertts-6acd1de31a7a82249d06257bdb62878f85b90d782f3011f1795b5cb4.mp3]	[sound:梅酒_ウメシュ━_0_NHK-2016.mp3]	"""<span style=""""box-shadow: inset -2px -2px 0 0 #FF6633;"""">ウ</span><span style=""""box-shadow: inset 0px 2px 0 0px #FF6633;"""">メシュ</span> <span class=""""pitch_number"""">0</span>"""
1784382511891	1784382550	Doki Doki2-8	アルバイト	アルバイト	アルバイト	arubaito	praca dorywcza, praca na część etatu	今週は三日間アルバイトをします。	W tym tygodniu pracuję dorywczo przez trzy dni.			zapożyczenie. Rzeczownik. Często używa się w połączeniu z czasownikiem します (アルバイトをします - pracować dorywczo).	今[こん] 週[しゅう]は 三[みっ] 日[か] 間[かん]アルバイトをします。		[sound:hypertts-3be36e1718ab18e029d5ecd2e25c6a8e0fb0f24fca95385753587486.mp3]	[sound:hypertts-6eb9683520a5c8db1c6da132d6acfeecf2cb838d7e622881459710da.mp3]	[sound:アルバイト_アルバ＼イト_3_NHK-2016.mp3]	"""<span style=""""box-shadow: inset -2px -2px 0 0 #FF6633;"""">ア</span><span style=""""box-shadow: inset -2px 2px 0 0px #FF6633;"""">ルバ</span><span style=""""box-shadow: inset 0px -2px 0 0px #FF6633;"""">イト</span> <span class=""""pitch_number"""">3</span>"""
1784382511892	1784382551	Doki Doki2-8	燃える	燃[も]える	もえる	moeru	płonąć, palić się	燃えるごみを捨てます。	Wyrzucam palne śmieci.	燃[も]えます	燃[も]えません	czasownik gr. 2. Często używane w kontekście śmieci: 燃[も]えるごみ (śmieci palne).	燃[も]えるごみを 捨[す]てます。		[sound:hypertts-27d00607f739801b480682e40ca8ef6cb87d8e4a243a30809e0882cf.mp3]	[sound:hypertts-f35fb1fe32f915f19fa682506951c3cac1299312aaf7080d7493407a.mp3]	[sound:燃える_モエル━_0_NHK-2016.mp3]	"""<span style=""""box-shadow: inset -2px -2px 0 0 #FF6633;"""">モ</span><span style=""""box-shadow: inset 0px 2px 0 0px #FF6633;"""">エル</span> <span class=""""pitch_number"""">0</span>"""
1784382511893	1784382620	Doki Doki2-8	眠る	眠[ねむ]る	ねむる	nemuru	spać, zasypiać	昨日の夜はよく眠りました。	Wczoraj w nocy dobrze spałem.	眠[ねむ]ります	眠[ねむ]りません	czasownik gr. 1. Różnica z neru (寝る): neru oznacza fizyczne udanie się do łóżka w celu snu (nawet jeśli nie śpimy), a 眠[ねむ]る oznacza sam stan fizjologiczny snu (zaśnięcie, bycie we śnie).	昨日[きのう]の 夜[よる]はよく 眠[ねむ]りました。		[sound:hypertts-68537476cb74ec3e68a1dd109f0b23e52988930d93eba7c44af5a9aa.mp3]	[sound:hypertts-66e1b97c2c0445df2aa970f17ecd55e78ccb5e608cc2039eccf17999.mp3]	[sound:眠る_ネムル━_0_NHK-2016.mp3]	"""<span style=""""box-shadow: inset -2px -2px 0 0 #FF6633;"""">ネ</span><span style=""""box-shadow: inset 0px 2px 0 0px #FF6633;"""">ムル</span> <span class=""""pitch_number"""">0</span>"""
1784972022794	1784972234	Doki Doki2-8	インド	インド	インド	indo	Indie	カロルさんはインドへ行きました。	Karol pojechał do Indii.			zapożyczenie, nazwa własna (kraj).	カロルさんはインドへ 行[い]きました。		[sound:hypertts-9d9442b0a7f9f2977a4893db1dee65e78c9118d764cc64c0aeb2321c.mp3]	[sound:hypertts-80140677c5d27652d3933dbca94d6dd7a4a443496517519f588d0c27.mp3]	[sound:インド_イ＼ンド_1_NHK-2016.mp3]	"""<span style=""""box-shadow: inset -2px 2px 0 0px #FF6633;"""">イ</span><span style=""""box-shadow: inset 0px -2px 0 0px #FF6633;"""">ンド</span> <span class=""""pitch_number"""">1</span>"""
1784972022795	1784972234	Doki Doki2-8	秘密	秘[ひ] 密[みつ]	ひみつ	himitsu	tajemnica / sekret	これは秘密です。	To jest tajemnica.			rzeczownik, często używane w codziennych rozmowach do określenia poufnych informacji.	これは 秘[ひ] 密[みつ]です。		[sound:hypertts-4d239738e7ff24c83394792f35a0955d365122099c91c0c034067847.mp3]	[sound:hypertts-090f7220d28fd1c2d6e92179b7e03d39abbec05539bedb20c10e44b4.mp3]	[sound:秘密_ヒミツ━_0_NHK-2016.mp3]	"""<span style=""""box-shadow: inset -2px -2px 0 0 #FF6633;"""">ヒ</span><span style=""""box-shadow: inset 0px 2px 0 0px #FF6633;"""">ミツ</span> <span class=""""pitch_number"""">0</span>"""
1784972022796	1784972187	Doki Doki2-8	強い意志	強[つよ]い 意[い] 志[し]	つよいいし	tsuyoi ishi	silna wola	彼女は強い意志を持っています。	Ona ma silną wolę.			wyrażenie rzeczownikowe, używane do opisu niezłomnego charakteru lub determinacji w dążeniu do celu.	彼[かの] 女[じょ]は 強[つよ]い 意[い] 志[し]を 持[も]っています。		[sound:hypertts-0932f342a26aa3685b5074b173417371d6436bd72aeef3d6bfde312e.mp3]	[sound:hypertts-840057ab93e37b37f027f81b379d33496ed85ad8bda9e3b2c4173f19.mp3]		
1784972022797	1785167451	Doki Doki2-8	バルト海	バルト 海[かい]	バルトかい	baruto kai	Morze Bałtyckie / Bałtyk	バルト海はとてもきれいです。	Morze Bałtyckie jest bardzo piękne.			rzeczownik własny, połączenie zapożyczenia z języka obcego (バルト) oraz japońskiego kanji oznaczającego morze (海 - kai). Użyte m.in. w podręczniku Doki Doki 2.	バルト 海[かい]はとてもきれいです。		[sound:hypertts-05fd1ebc7cb7b64d92d7d05582770de0a1e96cc4523ef5d6142eab2d.mp3]	[sound:hypertts-64c9cbe5d6fc8e21dec0f12ed4513545281f7dde94348fbb5c9acab9.mp3]		
1784972022798	1784972190	Doki Doki2-8	ジュブル	ジュブル	ジュブル	juburu	żubr	森でジュブルを見ました。	Widziałem żubra w lesie.			zapożyczenie, nazwa zwierzęcia pochodząca z języka polskiego, używana w kontekście fauny europejskiej (np. w Puszczy Białowieskiej w mangach Doki Doki).	森[もり]でジュブルを 見[み]ました。		[sound:hypertts-eb81282c3fe8ee3bcb7302ff14a7f28dc6df7cdc1299030845ec7565.mp3]	[sound:hypertts-4aca4f3a06db0873a4ef127dd3908b4931885c86845be85725d5a3a5.mp3]		
1784972022799	1784972234	Doki Doki2-8	バイソン	バイソン	バイソン	baison	bizon	あの動物園にバイソンがいます。	W tamtym zoo jest bizon.			zapożyczenie, pochodzi od angielskiego &quot;bison&quot;, używane jako ogólne określenie bizonów i żubrów.	あの 動[どう] 物[ぶつ] 園[えん]にバイソンがいます。		[sound:hypertts-3c2e6f6afcaf9aac7f6c147c9e5c01f90694eba5184462a063988c8f.mp3]	[sound:hypertts-2fbd3d3f45d133f0618bb63d34316b44419500a86ab0db3d1edeed1a.mp3]	[sound:バイソン_バ＼イソン_1_NHK-2016.mp3]	"""<span style=""""box-shadow: inset -2px 2px 0 0px #FF6633;"""">バ</span><span style=""""box-shadow: inset 0px -2px 0 0px #FF6633;"""">イソン</span> <span class=""""pitch_number"""">1</span>"""
1784972022800	1784972234	Doki Doki2-8	狐	狐[きつね]	きつね	kitsune	lis	森に狐がいます。	W lesie jest lis.			rzeczownik, znak kanji (狐) bywa współcześnie często zastępowany zapisem w hiraganie lub katakanie. W kulturze japońskiej lis to ważne zwierzę folklorystyczne i posłaniec bóstwa Inari.	森[もり]に 狐[きつね]がいます。		[sound:hypertts-8dfcfc7f4230f4438cc03767560d74b26267629f695992901adb95b2.mp3]	[sound:hypertts-c5646f70e977663dee6beae17941d617ec6e4c352f4c73a7bdefdedc.mp3]	[sound:狐_キツネ━_0_NHK-2016.mp3]	"""<span style=""""box-shadow: inset -2px -2px 0 0 #FF6633;""""><span style=""""color: royalblue;"""">キ</span></span><span style=""""box-shadow: inset 0px 2px 0 0px #FF6633;"""">ツネ</span> <span class=""""pitch_number"""">0</span>"""
1784972022801	1784972234	Doki Doki2-8	元国	元[げん] 国[こく]	げんこく	genkoku	dawny kraj / kraj pochodzenia	来月、元国へ帰ります。	W przyszłym miesiącu wracam do dawnego kraju.			rzeczownik, oznacza poprzedni kraj zamieszkania lub kraj pochodzenia. Współcześnie znacznie częściej używa się słów 母国 (bokoku - ojczyzna) lub 出身国 (shusshinkoku - kraj pochodzenia).	来[らい] 月[げつ]、 元[げん] 国[こく]へ 帰[かえ]ります。		[sound:hypertts-1b1e3b806c6c083247cda87a8764379c629027e72270d28cea044330.mp3]	[sound:hypertts-77759fe1a4fec04428692d75221b30ef14a28ca9cbf86fcf15998307.mp3]	[sound:げんこく_ゲンコク━_0_NHK-2016.mp3]	"""<span style=""""box-shadow: inset -2px -2px 0 0 #FF6633;"""">ゲ</span><span style=""""box-shadow: inset 0px 2px 0 0px #FF6633;"""">ンコク</span> <span class=""""pitch_number"""">0</span>"""
1784972022802	1784972234	Doki Doki2-8	雰囲気	雰[ふん] 囲[い] 気[き]	ふんいき	fun&#x27;iki	atmosfera / nastrój	このレストランはいい雰囲気です。	Ta restauracja ma dobrą atmosferę.			rzeczownik, używany do opisu nastroju panującego w danym miejscu, sytuacji lub otaczającego daną osobę.	このレストランはいい 雰[ふん] 囲[い] 気[き]です。		[sound:hypertts-ce82a5ed6ec1cf16e5be440d096cd235bfb7e6e39b6b359986dd8333.mp3]	[sound:hypertts-c1e9785f490a3174aeb95d588ba2fd36757cc5aa406dd2bac8a9fe85.mp3]	[sound:雰囲気_フンイ＼キ_3_NHK-2016.mp3]	"""<span style=""""box-shadow: inset -2px -2px 0 0 #FF6633;"""">フ</span><span style=""""box-shadow: inset -2px 2px 0 0px #FF6633;"""">ンイ</span><span style=""""box-shadow: inset 0px -2px 0 0px #FF6633;"""">キ</span> <span class=""""pitch_number"""">3</span>"""
1784972022803	1784972361	Doki Doki2-8	町中	町[まち] 中[じゅう]	まちじゅう	machijū	całe miasto / w całym mieście	町中を散歩しました。	Spacerowałem po całym mieście.			rzeczownik / przysłówek, przyrostek ~中 (czytany tu jako -jū) dodany do miejsca oznacza &quot;w całym (miejscu)&quot;, np. w całym mieście, po całym mieście.	町[まち] 中[じゅう]を 散[さん] 歩[ぽ]しました。		[sound:hypertts-67cbd0456db8d0ee2109dd4db1a6f792774f21b77e57bef5a579800f.mp3]	[sound:hypertts-c8caf197cfe39dfef9ffba223aad5fdec0be199177ca79b8eb139f14.mp3]	[sound:町中_マチジュー━_0_NHK-2016.mp3]	"""<span style=""""box-shadow: inset -2px -2px 0 0 #FF6633;"""">マ</span><span style=""""box-shadow: inset 0px 2px 0 0px #FF6633;"""">チジュウ</span> <span class=""""pitch_number"""">0</span>"""
1784972022804	1784972234	Doki Doki2-8	山車	山車[だし]	だし	dashi	platforma festiwalowa / rydwan świąteczny	お祭りで大きい山車を見ました。	Na festiwalu widziałem dużą platformę festiwalową.			rzeczownik, tradycyjna, bogato zdobiona platforma lub wóz ciągnięty przez ludzi podczas japońskich festiwali (matsuri). Zapis kanji to tzw. jukujikun (niemożliwy do rozbicia na pojedyncze znaki).	お 祭[まつ]りで 大[おお]きい 山車[だし]を 見[み]ました。		[sound:hypertts-a04eb078485b3b977100cc0a72946628941c0c6b8abb67ee26e70b41.mp3]	[sound:hypertts-dfda747323db86ab921c091af7d8d211cf702c2a1f47b7e3097fcaa2.mp3]	[sound:山車_ダシ＼_2_NHK-2016.mp3]	"""<span style=""""box-shadow: inset -2px -2px 0 0 #FF6633;"""">ダ</span><span style=""""box-shadow: inset -2px 2px 0 0px #FF6633;"""">シ</span> <span class=""""pitch_number"""">2</span>"""
1785576918727	1785856292	Doki Doki2-8	シンク	シンク	シンク	shinku	zlew	新しいシンクを買いました。	Kupiłem nowy zlew。			zapożyczenie. Używane w kontekście kuchennym (zlew kuchenny).	新[あたら]しいシンクを 買[か]いました。		[sound:hypertts-8d4ad4b2bc146d90c5dbb8a544b09e063df64f49772bf0a87c6c3434.mp3]	[sound:hypertts-90afe8af820226d0a0e541aa8cf94296531df471ec89dadc14469cfa.mp3]	[sound:シンク_シ＼ンク_1_NHK-2016.mp3]	"""<span style=""""box-shadow: inset -2px 2px 0 0px #FF6633;"""">シ</span><span style=""""box-shadow: inset 0px -2px 0 0px #FF6633;"""">ンク</span> <span class=""""pitch_number"""">1</span>"""
1785576918728	1785856336	Doki Doki2-8	ファン	ファン	ファン	fan	fan / wentylator	私は日本の音楽のファンです。	Jestem fanem japońskiej muzyki。			zapożyczenie. Oznacza kibica (np. zespołu) lub wentylator elektryczny. Zależnie od kontekstu.	私[わたし]は 日[に]本[ほん]の 音[おん]楽[がく]のファンです。		[sound:hypertts-383c6cc65d8db3f5326a02ac159d970fe75f846174424229b0262660.mp3]	[sound:hypertts-84b51bb4b457e095e9ddecaae8313e309340c6155902f8b446bef7c6.mp3]	[sound:ファン_ファ＼ン_1_NHK-2016.mp3]	"""<span style=""""box-shadow: inset -2px 2px 0 0px #FF6633;"""">ファ</span><span style=""""box-shadow: inset 0px -2px 0 0px #FF6633;"""">ン</span> <span class=""""pitch_number"""">1</span>"""
1785576918729	1785577023	Doki Doki2-8	薄い	薄[うす]い	うすい	usui	cienki / słaby (smak)	この本は薄いです。	Ta książka jest cienka。			i-adj. Używane do opisu grubości przedmiotów płaskich (książka, papier) lub intensywności smaku/koloru (słaby, jasny).	この 本[ほん]は 薄[うす]いです。		[sound:hypertts-3cd1f628791ed438517556c5a9afecc4d93e0e7a0109408a942f6f24.mp3]	[sound:hypertts-ad10c3f1a70675a8a91a944a0d3088e5688c5cf965909dd4c0f7ba9e.mp3]	[sound:薄い_ウスイ━_0_NHK-2016.mp3]	"""<span style=""""box-shadow: inset -2px -2px 0 0 #FF6633;"""">ウ</span><span style=""""box-shadow: inset 0px 2px 0 0px #FF6633;"""">スイ</span> <span class=""""pitch_number"""">0</span>"""
1785576918730	1791032036	Doki Doki2-8 leech	無駄に使う	無[む]駄[だ]に 使[つか]う	むだにつかう	muda ni tsukau	marnować / używać na marne	お金を無駄に使わないでください。	Proszę nie marnować pieniędzy。	無駄に使います	無駄に使いません	"""czasownik gr. 1. Złożenie rzeczownika """"muda"""" (strata, bezsens) z czasownikiem """"tsukau"""" (używać)."""	お 金[かね]を 無[む]駄[だ]に 使[つか]わないでください。		[sound:hypertts-19407d901bfb8665b0f7dbe360b8cf30f4821583d5bdcaac8468d7c1.mp3]	[sound:hypertts-671c33740c11231df7a70e28e544016fb58e948c7cf4d689c90ec75f.mp3]		
1785576918731	1785577026	Doki Doki2-8	参加する	参[さん]加[か]する	さんかする	sanka suru	brać udział w	明日のパーティーに参加します。	Wezmę udział w jutrzejszej imprezie。	参加します	参加しません	czasownik gr. 3 (nieregularny). Wymaga partykuły に (ni) wskazującej wydarzenie, w którym bierzemy udział.	明日[あした]のパーティーに 参[さん]加[か]します。		[sound:hypertts-9ccec112a804fc6e27753db78a1698f86184597728e55ab4c7d1a747.mp3]	[sound:hypertts-d82ad7d244a30dedcb64173e492efaddb057d48cf0bae6b0dc7898de.mp3]	[sound:参加する_サンカスル_TAAS.mp3] [sound:参加する_サンカスル_TAAS(1).mp3]	"""<span style=""""box-shadow: inset -2px -2px 0 0 #FF6633;"""">サ</span><span style=""""box-shadow: inset 0px 2px 0 0px #FF6633;"""">ンカスル</span> <span class=""""pitch_number"""">0</span>"""
1785576918732	1785577088	Doki Doki2-8	哲学	哲[てつ]学[がく]	てつがく	tetsugaku	filozofia	私は大学で哲学を勉強します。	Studiuję filozofię na uniwersytecie。			rzeczownik. Może odnosić się też do &quot;Ścieżki Filozofów&quot; w Kioto (哲学の道 - tetsugaku no michi).	私[わたし]は 大[だい]学[がく]で 哲[てつ]学[がく]を 勉[べん]強[きょう]します。		[sound:hypertts-fe40a2ce3c488545c8cf62c2c79f2ce579397d074ea77db0dc2c3857.mp3]	[sound:hypertts-f31c736c3b6160c12bab71ede0d7aed5c1dc116b1569957e817aa25d.mp3]	[sound:哲学_テツ＼カ゚ク_2_NHK-2016.mp3]	"""<span style=""""box-shadow: inset -2px -2px 0 0 #FF6633;"""">テ</span><span style=""""box-shadow: inset 0px 2px 0 0px #FF6633;"""">ツカ<span style=""""color: red;"""">°</span>ク</span> <span class=""""pitch_number"""">0</span>, <span style=""""box-shadow: inset -2px -2px 0 0 #FF6633;"""">テ</span><span style=""""box-shadow: inset -2px 2px 0 0px #FF6633;"""">ツ</span><span style=""""box-shadow: inset 0px -2px 0 0px #FF6633;"""">カ<span style=""""color: red;"""">°</span>ク</span> <span class=""""pitch_number"""">2</span>"""
1785576918734	1785577143	Doki Doki2-8	駄目になる	駄[だ]目[め]になる	だめになる	dame ni naru	zepsuć się / nie udać się / nici z...	パソコンが駄目になりました。	Komputer się zepsuł。	駄目になります	駄目になりません	czasownik gr. 1. Oznacza zepsucie się rzeczy fizycznej, utratę użyteczności lub fiasko planu (np. gdy spotkanie &quot;nie wypaliło&quot;).	パソコンが 駄[だ]目[め]になりました。		[sound:hypertts-a89fcf8e965a486e2ed102e40e54308a2d03e9562a79948a73bdc677.mp3]	[sound:hypertts-2a184fbd47e84c051f2652ac4087f80caa2416385e77f1fff3e8dabb.mp3]		
1785578140820	1785578179	Doki Doki2-8	体にいい	体[からだ]にいい	からだにいい	karada ni ii	dobre dla zdrowia	野菜は体にいいです。	Warzywa są dobre dla zdrowia.			Wyrażenie używane, gdy coś jest korzystne dla zdrowia (dosłownie: dobre dla ciała). Zawiera i-przymiotnik いい.	野[や]菜[さい]は 体[からだ]にいいです。		[sound:hypertts-3678e093dce9e36e67e2b73b6e4ed69f48110e5d89181f90b31e9edc.mp3]	[sound:hypertts-a85dc0989d8f98ff21bea8c3781054ed36aa3da45acd15b9ffc086be.mp3]		
1785744816813	1785745023	Doki Doki2-9	名物	名[めい] 物[ぶつ]	めいぶつ	meibutsu	słynny produkt (lokalny), specjał	東京の名物は何ですか。	Jaki jest słynny produkt Tokio?			Rzeczownik. Oznacza lokalną specjalność.	東[とう] 京[きょう]の 名[めい] 物[ぶつ]は 何[なん]ですか。		[sound:hypertts-c6876abc1d7a711371424f1eb580256c1876122c577e4ba4909e4ca1.mp3]	[sound:hypertts-a268049ac8671936401d6090ceaec446c967cc6fdda6c34dfd830f15.mp3]	[sound:名物_メ＼ーブツ_1_NHK-2016.mp3]	"""<span style=""""box-shadow: inset -2px 2px 0 0px #FF6633;"""">メ</span><span style=""""box-shadow: inset 0px -2px 0 0px #FF6633;"""">イブツ</span> <span class=""""pitch_number"""">1</span>"""
1785744816814	1785744921	Doki Doki2-9	名所	名[めい] 所[しょ]	めいしょ	meisho	słynne miejsce	日本は名所が多いです。	Japonia ma wiele słynnych miejsc。			Rzeczownik.	日[に] 本[ほん]は 名[めい] 所[しょ]が 多[おお]いです。		[sound:hypertts-5933c18c0b09137ad1e1f49451992dcdd0dc173d8657cfd1107c39ac.mp3]	[sound:hypertts-33e2220151bb1d1fe3206f4a7396ca8e92bf4a5497df404e3d758c19.mp3]	[sound:名所_メーショ━_0_NHK-2016.mp3] [sound:名所_メーショ＼_3_NHK-2016.mp3]	"""<span style=""""box-shadow: inset -2px -2px 0 0 #FF6633;"""">メ</span><span style=""""box-shadow: inset 0px 2px 0 0px #FF6633;"""">イショ</span> <span class=""""pitch_number"""">0</span>, <span style=""""box-shadow: inset -2px -2px 0 0 #FF6633;"""">メ</span><span style=""""box-shadow: inset -2px 2px 0 0px #FF6633;"""">イショ</span> <span class=""""pitch_number"""">3</span>"""
1785744816815	1785744922	Doki Doki2-9	五年前	五[ご] 年[ねん] 前[まえ]	ごねんまえ	gonenmae	pięć lat temu	五年前、私は学生でした。	Pięć lat temu byłem studentem。			Rzeczownik (określenie czasu). Zapis liczebników zachowano w kanji.	五[ご] 年[ねん] 前[まえ]、 私[わたし]は 学[がく] 生[せい]でした。		[sound:hypertts-0c685796af9f53bc24188e5ca2daed6b9cf19abf73e8ba4481d435b5.mp3]	[sound:hypertts-3a2efacbfeaae38caf1149cfb14b8757ac33f51b2a245a0f75f37c8e.mp3]		
1785744816816	1785744924	Doki Doki2-9	前回	前[ぜん] 回[かい]	ぜんかい	zenkai	poprzednim razem	前回のテストは難しかったです。	Poprzedni test był trudny。			Rzeczownik.	前[ぜん] 回[かい]の テストは 難[むずか]しかったです。		[sound:hypertts-52e3e9b916795fa8b2cd3af6537d5a74befe7a7cc4d113c4a34a1ea7.mp3]	[sound:hypertts-b866d23bc2bfff45d5869cc9e1c3eca8b4a021a19c791dcf5fb02446.mp3]	[sound:前回_ゼ＼ンカイ_1_NHK-2016.mp3]	"""<span style=""""box-shadow: inset -2px -2px 0 0 #FF6633;"""">ゼ</span><span style=""""box-shadow: inset 0px 2px 0 0px #FF6633;"""">ンカイ</span> <span class=""""pitch_number"""">0</span>, <span style=""""box-shadow: inset -2px 2px 0 0px #FF6633;"""">ゼ</span><span style=""""box-shadow: inset 0px -2px 0 0px #FF6633;"""">ンカイ</span> <span class=""""pitch_number"""">1</span>"""
1785744816817	1785745045	Doki Doki2-9	正午	正[しょう] 午[ご]	しょうご	shougo	południe (godzina 12:00)	正午に昼ご飯を食べます。	W południe jem obiad。			Rzeczownik (określenie czasu).	正[しょう] 午[ご]に 昼[ひる]ご 飯[はん]を 食[た]べます。		[sound:hypertts-9787cb6ef19a61c238e86d46f3513e8c5bcb86902a40920105498035.mp3]	[sound:hypertts-77a62257d030d85be5a4a459f93a59a8d8e586ad2ebe396a2d29ae6d.mp3]	[sound:正午_ショ＼ーコ゚_1_NHK-2016.mp3]	"""<span style=""""box-shadow: inset -2px 2px 0 0px #FF6633;"""">ショ</span><span style=""""box-shadow: inset 0px -2px 0 0px #FF6633;"""">ーコ<span style=""""color: red;"""">°</span></span> <span class=""""pitch_number"""">1</span>"""
1785744816818	1785744927	Doki Doki2-9	後の祭り	後[あと]の 祭[まつ]り	あとのまつり	atonomatsuri	musztarda po obiedzie (za późno na coś)	今から勉強しても後の祭りです。	Nawet jeśli teraz będę się uczyć, to musztarda po obiedzie。			Wyrażenie idiomatyczne. Oznacza sytuację, gdy jest już za późno na działanie.	今[いま]から 勉[べん] 強[きょう]しても 後[あと]の 祭[まつ]りです。		[sound:hypertts-a5cf0ebb8ec8027a1f8749024bf031b2ce3678220216664987a1e064.mp3]	[sound:hypertts-cce6674b2c850bd5a6ff40b985a2cb5d3455ffcba5b69c87d8406156.mp3]	[sound:後の祭り_ア＼トノマツリ_1_NHK-1998.mp3] [sound:後の祭り_ア＼トノマツリ_1-0_NHK-1998.mp3]	"""<span style=""""box-shadow: inset -2px 2px 0 0px #FF6633;"""">ア</span><span style=""""box-shadow: inset 0px -2px 0 0px #FF6633;"""">トノマツリ</span> <span class=""""pitch_number"""">1</span>, <span style=""""box-shadow: inset -2px 2px 0 0px #FF6633;"""">ア</span><span style=""""box-shadow: inset 0px -2px 0 0px #FF6633;"""">トノ</span>・<span style=""""box-shadow: inset -2px -2px 0 0 #FF6633;"""">マ</span><span style=""""box-shadow: inset 0px 2px 0 0px #FF6633;"""">ツリ</span> <span class=""""pitch_number"""">1+0</span>"""
1785744816819	1785744928	Doki Doki2-9	後輩	後[こう] 輩[はい]	こうはい	kouhai	młodszy kolega (ze szkoły lub pracy)	あの人は私の後輩です。	Tamta osoba to mój młodszy kolega。			Rzeczownik.	あの 人[ひと]は 私[わたし]の 後[こう] 輩[はい]です。		[sound:hypertts-03431456b24e7eea146209f4ef44281ef5d30f240d08f7bfb1355030.mp3]	[sound:hypertts-5a88ca0197fe119f17b5473aaa6e67483f15def1e6aaf546a9ac87d8.mp3]	[sound:後輩_コーハイ━_0_NHK-2016.mp3]	"""<span style=""""box-shadow: inset -2px -2px 0 0 #FF6633;"""">コ</span><span style=""""box-shadow: inset 0px 2px 0 0px #FF6633;"""">ーハイ</span> <span class=""""pitch_number"""">0</span>"""
1785744816820	1785744930	Doki Doki2-9	赤	赤[あか]	あか	aka	czerwień (kolor)	私は赤が好きです。	Lubię czerwień。			Rzeczownik. Forma przymiotnikowa (i-adj) to 赤[あか]い。	私[わたし]は 赤[あか]が 好[す]きです。		[sound:hypertts-e45747795508e6b0e531c99a2a904fb3a7d575495a5ae4c89dd9a132.mp3]	[sound:hypertts-3cc8cdc86a8879ab84004d256beb07af26f9e2db8a2bb9a6dfb243ac.mp3]	[sound:赤_ア＼カ_1_NHK-2016.mp3]	"""<span style=""""box-shadow: inset -2px 2px 0 0px #FF6633;"""">ア</span><span style=""""box-shadow: inset 0px -2px 0 0px #FF6633;"""">カ</span> <span class=""""pitch_number"""">1</span>"""
1785744816821	1785745079	Doki Doki2-9	真っ赤	真[ま]っ 赤[か]	まっか	makka	jaskrawoczerwony, cały czerwony	真っ赤な車を買いました。	Kupiłem jaskrawoczerwony samochód。			na-adj. Określa bardzo intensywny, czysty kolor.	真[ま]っ 赤[か]な 車[くるま]を 買[か]いました。		[sound:hypertts-0f13c05e43c0ab7d7f005162feec8627d1aabf7f6680c68e26ab3f9a.mp3]	[sound:hypertts-ddb1fa7ef74def1720416416b7decb08b7b0f23fc5f3ad318b65db28.mp3]	[sound:真っ赤_マッカ＼_3_NHK-2016.mp3]	"""<span style=""""box-shadow: inset -2px -2px 0 0 #FF6633;"""">マ</span><span style=""""box-shadow: inset -2px 2px 0 0px #FF6633;"""">ッカ</span> <span class=""""pitch_number"""">3</span>"""
1785744816822	1785744933	Doki Doki2-9	青	青[あお]	あお	ao	błękit (kolor niebieski)	あの本は青です。	Tamta książka jest niebieska。			Rzeczownik. Forma przymiotnikowa (i-adj) to 青[あお]い。	あの 本[ほん]は 青[あお]です。		[sound:hypertts-0302680404b08fb7605fbfe5b33d22c14061d024a50bf007fdda0539.mp3]	[sound:hypertts-45ce83bc46cbf97e3d1830ea003d711ece99202ea059033fbc3ea4a8.mp3]	[sound:青_ア＼オ_1_NHK-2016.mp3]	"""<span style=""""box-shadow: inset -2px 2px 0 0px #FF6633;"""">ア</span><span style=""""box-shadow: inset 0px -2px 0 0px #FF6633;"""">オ</span> <span class=""""pitch_number"""">1</span>"""
1785744816823	1785744935	Doki Doki2-9	真っ青	真[ま]っ 青[さお]	まっさお	massao	blady / ciemnoniebieski	彼は真っ青な顔をしています。	On ma bardzo bladą twarz。			na-adj. Używane do opisu głębokiego błękitu lub trupio bladej twarzy ze strachu.	彼[かれ]は 真[ま]っ 青[さお]な 顔[かお]を しています。		[sound:hypertts-cf3f204dbd248a81718e1af9e40d27d35331f0b09649dd7355c274d9.mp3]	[sound:hypertts-e38901b291adc118dc6a527c6a22f6c048db53dc07ed626c78325ad4.mp3]	[sound:真っ青_マッサ＼オ_3_NHK-2016.mp3]	"""<span style=""""box-shadow: inset -2px -2px 0 0 #FF6633;"""">マ</span><span style=""""box-shadow: inset -2px 2px 0 0px #FF6633;"""">ッサ</span><span style=""""box-shadow: inset 0px -2px 0 0px #FF6633;"""">オ</span> <span class=""""pitch_number"""">3</span>"""
1785744816824	1785744936	Doki Doki2-9	白	白[しろ]	しろ	shiro	biel (kolor)	その猫は白です。	Ten kot jest biały。			Rzeczownik. Forma przymiotnikowa (i-adj) to 白[しろ]い。	その 猫[ねこ]は 白[しろ]です。		[sound:hypertts-2372ba629c8770caff4d57718ae977b572b62672107bd60af2b4e366.mp3]	[sound:hypertts-c7b25c83b5059e3c2352a0328b87f2f7800863b2c4058ab6e1229e86.mp3]	[sound:白_シ＼ロ_1_NHK-2016.mp3]	"""<span style=""""box-shadow: inset -2px 2px 0 0px #FF6633;"""">シ</span><span style=""""box-shadow: inset 0px -2px 0 0px #FF6633;"""">ロ</span> <span class=""""pitch_number"""">1</span>"""
1785744816825	1785744938	Doki Doki2-9	黒	黒[くろ]	くろ	kuro	czerń (kolor)	私の鞄は黒です。	Moja torba jest czarna。			Rzeczownik. Forma przymiotnikowa (i-adj) to 黒[くろ]い。	私[わたし]の 鞄[かばん]は 黒[くろ]です。		[sound:hypertts-e3f8b3c63bf0abe1419fe89591b45e1c8bbec46f156548f2de421a1d.mp3]	[sound:hypertts-f9bb23fe9f3b575e5277756e36cdfba352a2bf867de7fc6c11c3a3bd.mp3]	[sound:黒_ク＼ロ_1_NHK-2016.mp3]	"""<span style=""""box-shadow: inset -2px 2px 0 0px #FF6633;"""">ク</span><span style=""""box-shadow: inset 0px -2px 0 0px #FF6633;"""">ロ</span> <span class=""""pitch_number"""">1</span>"""
1785744816826	1785745102	Doki Doki2-9	真っ白	真[ま]っ 白[しろ]	まっしろ	masshiro	śnieżnobiały, cały biały	外は真っ白な雪です。	Na zewnątrz jest śnieżnobiały śnieg。			na-adj. Oznacza idealną, czystą biel.	外[そと]は 真[ま]っ 白[しろ]な 雪[ゆき]です。		[sound:hypertts-e25565a81df8939d1aa74f7cfc8384088a1a724cf0f9e3d35263acaf.mp3]	[sound:hypertts-f1b23f30b176bb517b3574a8464ad2a09fa8878431f6632f4efa770d.mp3]	[sound:真っ白_マッシ＼ロ_3_NHK-2016.mp3]	"""<span style=""""box-shadow: inset -2px -2px 0 0 #FF6633;"""">マ</span><span style=""""box-shadow: inset -2px 2px 0 0px #FF6633;"""">ッシ</span><span style=""""box-shadow: inset 0px -2px 0 0px #FF6633;"""">ロ</span> <span class=""""pitch_number"""">3</span>"""
1785744816827	1785744941	Doki Doki2-9	白黒	白[しろ] 黒[くろ]	しろくろ	shirokuro	czarno-biały	白黒の写真を撮りました。	Zrobiłem czarno-białe zdjęcie。			Rzeczownik. W języku japońskim odwrócono kolejność kolorów (biało-czarny).	白[しろ] 黒[くろ]の 写[しゃ] 真[しん]を 撮[と]りました。		[sound:hypertts-65f0b85787524ae0287b92e41e5fdee65b621031b0e617e8673de70c.mp3]	[sound:hypertts-381a765bcf9cefe770c70403738db41765ae116b927d31ad3febd7b5.mp3]	[sound:白黒_シロクロ━_0_NHK-2016.mp3] [sound:白黒_シ＼ロクロ_1_NHK-2016.mp3]	"""<span style=""""box-shadow: inset -2px -2px 0 0 #FF6633;"""">シ</span><span style=""""box-shadow: inset 0px 2px 0 0px #FF6633;"""">ロクロ</span> <span class=""""pitch_number"""">0</span>, <span style=""""box-shadow: inset -2px 2px 0 0px #FF6633;"""">シ</span><span style=""""box-shadow: inset 0px -2px 0 0px #FF6633;"""">ロクロ</span> <span class=""""pitch_number"""">1</span>"""
1785744816828	1785745121	Doki Doki2-9	真っ黒	真[ま]っ 黒[くろ]	まっくろ	makkuro	kruczoczarny, cały czarny	真っ黒な犬がいます。	Jest kruczoczarny pies。			na-adj. Oznacza czystą, bardzo ciemną czerń.	真[ま]っ 黒[くろ]な 犬[いぬ]が います。		[sound:hypertts-dfcfbe56910da8d36ee86eb68f2f680a988a3c0d54a8cd9a13dd9110.mp3]	[sound:hypertts-80e9fe3de6c9d4763187b991746c0bc30bcbbf320d1dc9daa6b993cc.mp3]	[sound:真っ黒_マック＼ロ_3_NHK-2016.mp3]	"""<span style=""""box-shadow: inset -2px -2px 0 0 #FF6633;"""">マ</span><span style=""""box-shadow: inset -2px 2px 0 0px #FF6633;"""">ック</span><span style=""""box-shadow: inset 0px -2px 0 0px #FF6633;"""">ロ</span> <span class=""""pitch_number"""">3</span>"""
1785744816829	1785744944	Doki Doki2-9	小雨	小[こ] 雨[さめ]	こさめ	kosame	mżawka (drobny deszcz)	今日は小雨です。	Dzisiaj jest mżawka。			Rzeczownik. Niestandardowe czytanie z rendaku (ame -&gt; same).	今[きょう] 日[ひ]は 小[こ] 雨[さめ]です。		[sound:hypertts-3d7b289209442facae86ee58778a5c2c85781f36e3c7075940d547b5.mp3]	[sound:hypertts-a279a46aae9730efa996eb1eea2fb994747f0abb234fc85b8fdb1a4b.mp3]	[sound:小雨_コサメ━_0_NHK-2016.mp3]	"""<span style=""""box-shadow: inset -2px -2px 0 0 #FF6633;"""">コ</span><span style=""""box-shadow: inset 0px 2px 0 0px #FF6633;"""">サメ</span> <span class=""""pitch_number"""">0</span>"""
1785744816830	1785744946	Doki Doki2-9	雨水	雨[あま] 水[みず]	あまみず	amamizu	woda deszczowa	雨水を飲みません。	Nie piję deszczówki。			Rzeczownik. Wyjątkowe czytanie (ama).	雨[あま] 水[みず]を 飲[の]みません。		[sound:hypertts-4f009e99e6bb7b12137590aa253d2a6d0ab691c63553a24fed1659d0.mp3]	[sound:hypertts-a094038afaba540aae219fb5666a4cc8c78322d6a2d8f68ced78bbe8.mp3]	[sound:雨水_アマ＼ミズ_2_NHK-2016.mp3]	"""<span style=""""box-shadow: inset -2px -2px 0 0 #FF6633;"""">ア</span><span style=""""box-shadow: inset -2px 2px 0 0px #FF6633;"""">マ</span><span style=""""box-shadow: inset 0px -2px 0 0px #FF6633;"""">ミズ</span> <span class=""""pitch_number"""">2</span>"""
1785744816831	1785744947	Doki Doki2-9	大雪	大[おお] 雪[ゆき]	おおゆき	ooyuki	obfite opady śniegu	北海道は大雪です。	Na Hokkaido są obfite opady śniegu。			Rzeczownik.	北[ほっ] 海[かい] 道[どう]は 大[おお] 雪[ゆき]です。		[sound:hypertts-74182553cc3f3e7aba2189b2c6f8ac26175a88b129b0a815d085ef6d.mp3]	[sound:hypertts-c799a3ae2d0ba17d1dde6edab0999a0e4191cf502b9a680e1a20e63e.mp3]	[sound:大雪_オーユキ━_0_NHK-2016.mp3]	"""<span style=""""box-shadow: inset -2px -2px 0 0 #FF6633;"""">オ</span><span style=""""box-shadow: inset 0px 2px 0 0px #FF6633;"""">ーユキ</span> <span class=""""pitch_number"""">0</span>"""
1785744816832	1785744949	Doki Doki2-9	小雪	小[こ] 雪[ゆき]	こゆき	koyuki	lekki śnieg	小雪が降っています。	Pada lekki śnieg。			Rzeczownik.	小[こ] 雪[ゆき]が 降[ふ]っています。		[sound:hypertts-451fe5646950687e298e2989c40c2e0bd0ed465a6f495a139f9038fd.mp3]	[sound:hypertts-5df2e97d53be4a88d6fa3173280303e0f01b018509ff33d094ea907d.mp3]	[sound:小雪_コユキ━_0_NHK-2016.mp3]	"""<span style=""""box-shadow: inset -2px -2px 0 0 #FF6633;"""">コ</span><span style=""""box-shadow: inset 0px 2px 0 0px #FF6633;"""">ユキ</span> <span class=""""pitch_number"""">0</span>"""
1785744816833	1785744950	Doki Doki2-9	吹雪	吹雪[ふぶき]	ふぶき	fubuki	zamieć śnieżna	吹雪だから、出かけません。	Ponieważ jest zamieć, nie wychodzę。			Rzeczownik. Zapis niemożliwy do logicznego rozbicia na poszczególne znaki Kanji (tzw. jukujikun).	吹雪[ふぶき]だから、 出[で]かけません。		[sound:hypertts-6d79dece0b365f3c7698af6686a49c8e2694cc7811262319dc07baa3.mp3]	[sound:hypertts-ab275df13534ded4ae273379cb3b8937a6f14ca2fc7c157c3f24e690.mp3]	[sound:吹雪_フ＼ブキ_1_NHK-2016.mp3]	"""<span style=""""box-shadow: inset -2px 2px 0 0px #FF6633;"""">フ</span><span style=""""box-shadow: inset 0px -2px 0 0px #FF6633;"""">ブキ</span> <span class=""""pitch_number"""">1</span>"""
1785744816834	1785744952	Doki Doki2-9	初雪	初[はつ] 雪[ゆき]	はつゆき	hatsuyuki	pierwszy śnieg (w roku)	昨日、初雪を見ました。	Wczoraj widziałem pierwszy śnieg。			Rzeczownik.	昨[きのう] 日[ひ]、 初[はつ] 雪[ゆき]を 見[み]ました。		[sound:hypertts-a2327c02e84789464367a0483ee3c2a6b5d25a6352ec9edd87f1fbb7.mp3]	[sound:hypertts-310f6c219e12528961e1e1be94f91b0057141c4577faed236ef75836.mp3]	[sound:初雪_ハツユキ━_0_NHK-2016.mp3]	"""<span style=""""box-shadow: inset -2px -2px 0 0 #FF6633;"""">ハ</span><span style=""""box-shadow: inset 0px 2px 0 0px #FF6633;"""">ツユキ</span> <span class=""""pitch_number"""">0</span>"""
1785744816835	1785745391	Doki Doki2-9	雪国	雪[ゆき] 国[ぐに]	ゆきぐに	yukiguni	śnieżny kraj (rejon o dużych opadach), śnieżna kraina	私の町は雪国です。	Moje miasto jest w śnieżnym rejonie。			Rzeczownik. Występuje zjawisko rendaku (kuni -&gt; guni).	私[わたし]の 町[まち]は 雪[ゆき] 国[ぐに]です。		[sound:hypertts-b383acc2b8bf31ddd1aed1f7e539b5333188e8fb0169a99dca472a2c.mp3]	[sound:hypertts-4808f8068b0d86a1bcc814b0e0dd31cd45b69d9697c12a1f17623801.mp3]	[sound:雪国_ユキ＼ク゚ニ_2_NHK-2016.mp3]	"""<span style=""""box-shadow: inset -2px -2px 0 0 #FF6633;"""">ユ</span><span style=""""box-shadow: inset -2px 2px 0 0px #FF6633;"""">キ</span><span style=""""box-shadow: inset 0px -2px 0 0px #FF6633;"""">ク<span style=""""color: red;"""">°</span>ニ</span> <span class=""""pitch_number"""">2</span>"""
1785744816836	1785744955	Doki Doki2-9	親友	親[しん] 友[ゆう]	しんゆう	shinyuu	bliski przyjaciel	彼は私の親友です。	On jest moim bliskim przyjacielem。			Rzeczownik.	彼[かれ]は 私[わたし]の 親[しん] 友[ゆう]です。		[sound:hypertts-c43798ab1fd720efff6c3aa56792ee67e0f13d65a0da77ded9f50236.mp3]	[sound:hypertts-0f616f7b64bd1f2e245a5087a84976a12ff81be14a333ed54eb7c2d4.mp3]	[sound:親友_シンユー━_0_NHK-2016.mp3]	"""<span style=""""box-shadow: inset -2px -2px 0 0 #FF6633;"""">シ</span><span style=""""box-shadow: inset 0px 2px 0 0px #FF6633;"""">ンユー</span> <span class=""""pitch_number"""">0</span>"""
1785744816837	1785744957	Doki Doki2-9	少々	少[しょう]々[しょう]	しょうしょう	shoushou	trochę, chwileczkę	少々お待ちください。	Proszę chwilę poczekać。			Przysłówek. Bardzo grzeczne określenie, używane często przez obsługę (np. w sklepie).	少[しょう]々[しょう] お 待[ま]ちください。		[sound:hypertts-f82eafc4e8feb547cad00140be9c1e4928e2d3bfad7b1260b8bb123f.mp3]	[sound:hypertts-ed8d90309c97885e6e683cebcccc653f04dca24fdd489ee7ea79c2d2.mp3]	[sound:少々_ショ＼ーショー_1_NHK-2016.mp3]	"""<span style=""""box-shadow: inset -2px 2px 0 0px #FF6633;"""">ショ</span><span style=""""box-shadow: inset 0px -2px 0 0px #FF6633;"""">ーショー</span> <span class=""""pitch_number"""">1</span>"""
1785744816838	1785744958	Doki Doki2-9	多数決	多[た] 数[すう] 決[けつ]	たすうけつ	tasuuketsu	decyzja większości	多数決で決めましょう。	Zdecydujmy większością głosów。			Rzeczownik.	多[た] 数[すう] 決[けつ]で 決[き]めましょう。		[sound:hypertts-42314c3f92d3336cf2e11e4dbb1a33839c599d519140090a1c43cfc1.mp3]	[sound:hypertts-674b9cc0a6a933c4d3359cc5dc5e84fcbfef123f185fc7e832a58592.mp3]	[sound:多数決_タス＼ーケツ_2_NHK-2016.mp3]	"""<span style=""""box-shadow: inset -2px -2px 0 0 #FF6633;"""">タ</span><span style=""""box-shadow: inset -2px 2px 0 0px #FF6633;"""">ス</span><span style=""""box-shadow: inset 0px -2px 0 0px #FF6633;"""">ーケツ</span> <span class=""""pitch_number"""">2</span>"""
1785744816839	1787836909	Doki Doki1-5 Doki2-9	多分	多[た] 分[ぶん]	たぶん	tabun	prawdopodobnie, chyba (dość pewne)	多分明日雨が降ります。	Prawdopodobnie jutro będzie padać deszcz。			"""Przysłówek. Często występuje z """"deshou"""" lub """"to omoimasu"""". Słowo często zapisywane w hiraganie: たぶん。Prawdopodobieństwo: Wysokie (ok. 70–80%). Używasz go, gdy masz dobre powody, by sądzić, że coś się wydarzy lub jest prawdą. Gramatyka: Jest to przysłówek. Zazwyczaj pojawia się na początku zdania lub przed głównym czasownikiem"""	多[た] 分[ぶん] 明[あし] 日[た] 雨[あめ]が 降[ふ]ります。		[sound:hypertts-eef3f074fef884f749c54d6150d7ccd853d2df61d1719a672f0b9044.mp3]	[sound:hypertts-4e959b00c364af66de4265f1ff6c2e626d573f0f1094a7edcc4c709e.mp3]	[sound:多分_タブン━_0_NHK-2016.mp3]	"""<span style=""""box-shadow: inset -2px -2px 0 0 #FF6633;"""">タ</span><span style=""""box-shadow: inset 0px 2px 0 0px #FF6633;"""">ブン</span> <span class=""""pitch_number"""">0</span>, <span style=""""box-shadow: inset -2px 2px 0 0px #FF6633;"""">タ</span><span style=""""box-shadow: inset 0px -2px 0 0px #FF6633;"""">ブン</span> <span class=""""pitch_number"""">1</span>"""
1785744816840	1785744961	Doki Doki2-9	人見知り	人[ひと] 見[み] 知[し]り	ひとみしり	hitomishiri	nieśmiałość (do obcych)	子供は人見知りをします。	Dziecko boi się obcych。	人[ひと] 見[み] 知[し]りします	人[ひと] 見[み] 知[し]りしません	Rzeczownik / Czasownik (人[ひと] 見[み] 知[し]りする).	子[こ] 供[ども]は 人[ひと] 見[み] 知[し]りを します。		[sound:hypertts-dbc1f2fc385d833a59110ed539cad7d4f1fd103cc044c5240bcb9472.mp3]	[sound:hypertts-5577d7910c6ac8123d998ccfb3e9676c70d4b0c9cad9dcc09496e7ff.mp3]	[sound:人見知り_ヒトミシリ━_0_NHK-2016.mp3] [sound:人見知り_ヒトミ＼シリ_3_NHK-2016.mp3]	"""<span style=""""box-shadow: inset -2px -2px 0 0 #FF6633;""""><span style=""""color: royalblue;"""">ヒ</span></span><span style=""""box-shadow: inset 0px 2px 0 0px #FF6633;"""">トミシリ</span> <span class=""""pitch_number"""">0</span>, <span style=""""box-shadow: inset -2px -2px 0 0 #FF6633;""""><span style=""""color: royalblue;"""">ヒ</span></span><span style=""""box-shadow: inset -2px 2px 0 0px #FF6633;"""">トミ</span><span style=""""box-shadow: inset 0px -2px 0 0px #FF6633;"""">シリ</span> <span class=""""pitch_number"""">3</span>"""
1785744816841	1785744963	Doki Doki2-9	通知	通[つう] 知[ち]	つうち	tsuuchi	zawiadomienie, powiadomienie	先生から通知が来ました。	Przyszło powiadomienie od nauczyciela。	通[つう] 知[ち]します	通[つう] 知[ち]しません	Rzeczownik / Czasownik (通[つう] 知[ち]する).	先[せん] 生[せい]から 通[つう] 知[ち]が 来[き]ました。		[sound:hypertts-eb4b394ffc7d110ef2f69deb3864d3e624ace03afda5c0e7cd9715c3.mp3]	[sound:hypertts-4da5112db67e971a89065d253ff108dbba459fc738178ce4112f6e4c.mp3]	[sound:通知_ツーチ━_0_NHK-2016.mp3]	"""<span style=""""box-shadow: inset -2px -2px 0 0 #FF6633;"""">ツ</span><span style=""""box-shadow: inset 0px 2px 0 0px #FF6633;"""">ーチ</span> <span class=""""pitch_number"""">0</span>"""
1786181888665	1786182037	Doki Doki2-8	健康	健[けん] 康[こう]	けんこう	kenkō	zdrowie	健康に気をつけてください。	Proszę dbać o zdrowie.			Rzeczownik. Często używane w kontekście dbania o zdrowie (np. 健[けん] 康[こう]にいい - dobre dla zdrowia).	健[けん] 康[こう]に 気[き]をつけてください。		[sound:hypertts-d78be3ccd7f501441f161a181cca45bcbc42f35cb11825af24fc2c35.mp3]	[sound:hypertts-483e01ff6f8c41bf93dc66d3131324d439f9295f2b6af70c1378981b.mp3]	[sound:健康_ケンコー━_0_NHK-2016.mp3]	"""<span style=""""box-shadow: inset -2px -2px 0 0 #FF6633;"""">ケ</span><span style=""""box-shadow: inset 0px 2px 0 0px #FF6633;"""">ンコー</span> <span class=""""pitch_number"""">0</span>"""
1786181888666	1786182037	Doki Doki2-8	ルール	ルール	ルール	rūru	zasada, reguła	このクラスのルールは厳しいです。	Zasady w tej klasie są surowe.			Zapożyczenie z angielskiego &quot;rule&quot;. Rzeczownik.	このクラスのルールは 厳[きび]しいです。		[sound:hypertts-e7e7548d5c61547bdc03c84875ee329dc55ffd42ef0870f949604593.mp3]	[sound:hypertts-1ca8cc6736de8a11a10611683588690a3a9fc1bdd6ba69a7556d7bc2.mp3]	[sound:ルール_ル＼ール_1_NHK-2016.mp3]	"""<span style=""""box-shadow: inset -2px 2px 0 0px #FF6633;"""">ル</span><span style=""""box-shadow: inset 0px -2px 0 0px #FF6633;"""">ール</span> <span class=""""pitch_number"""">1</span>"""
1786181888667	1786182037	Doki Doki2-8	説明する	説[せつ] 明[めい]する	せつめいする	setsumei suru	wyjaśniać, tłumaczyć	先生が文法を説明します。	Nauczyciel wyjaśnia gramatykę.	説[せつ] 明[めい]します	説[せつ] 明[めい]しません	Czasownik gr. 3. Używane, gdy tłumaczymy komuś jakiś temat, regułę lub sytuację.	先[せん] 生[せい]が 文[ぶん] 法[ぽう]を 説[せつ] 明[めい]します。		[sound:hypertts-b09aa483d0cc4e3b9fc9e5de17ee409c77015a05683c17e277951cb4.mp3]	[sound:hypertts-28c379c3c84bdfd3a429cd4667f0c8e609fb588ab8b400affdc62c82.mp3]		"""<span style=""""box-shadow: inset -2px -2px 0 0 #FF6633;"""">セ</span><span style=""""box-shadow: inset 0px 2px 0 0px #FF6633;"""">ツメイスル</span> <span class=""""pitch_number"""">0</span>"""
1786181888668	1786182037	Doki Doki2-8	テーマ	テーマ	テーマ	tēma	temat	今日の授業のテーマは日本の文化です。	Tematem dzisiejszych zajęć jest kultura Japonii.			Zapożyczenie z niemieckiego &quot;Thema&quot;. Rzeczownik.	今日[きょう]の 授[じゅ] 業[ぎょう]のテーマは 日[に] 本[ほん]の 文[ぶん] 化[か]です。		[sound:hypertts-a40ac66e3c6411cd746868c04bd8320ad0b34d1fe11b15f2f7eb5908.mp3]	[sound:hypertts-c50ef7b588e9509c8db917206ab01e3f1a343da30cfdee1344ee2b13.mp3]	[sound:テーマ_テ＼ーマ_1_NHK-2016.mp3]	"""<span style=""""box-shadow: inset -2px 2px 0 0px #FF6633;"""">テ</span><span style=""""box-shadow: inset 0px -2px 0 0px #FF6633;"""">ーマ</span> <span class=""""pitch_number"""">1</span>"""
1786181888669	1786182171	Doki Doki2-9	並ぶ	並[なら]ぶ	ならぶ	narabu	ustawiać się w rzędzie, stać w kolejce	スーパーのレジに並びます。	Ustawiam się w kolejce do kasy w supermarkecie.	並[なら]びます	並[なら]びません	Czasownik gr. 1 (nieprzechodni). Często używane z partykułą に (ustawiać się do czegoś/gdzieś).	スーパーのレジに 並[なら]びます。		[sound:hypertts-7c10fe8ad8e48bf7ba9db9d8f5b86b9265e161fd2d34d1cb95f70838.mp3]	[sound:hypertts-a26fc63260fd32b094089f3fdd7e87943c40bf72c4c8210e544c367f.mp3]	[sound:並ぶ_ナラブ━_0_NHK-2016.mp3]	"""<span style=""""box-shadow: inset -2px -2px 0 0 #FF6633;"""">ナ</span><span style=""""box-shadow: inset 0px 2px 0 0px #FF6633;"""">ラブ</span> <span class=""""pitch_number"""">0</span>"""
1786181888670	1786182040	Doki Doki2-8	終わる	終[お]わる	おわる	owaru	kończyć się	午後三時に授業が終わります。	Lekcje kończą się o piętnastej.	終[お]わります	終[お]わりません	Czasownik gr. 1 (nieprzechodni). Opisuje rzeczy, które same się kończą (używany z partykułą が).	午[ご] 後[ご] 三[さん] 時[じ]に 授[じゅ] 業[ぎょう]が 終[お]わります。		[sound:hypertts-fa623a85eff7c9e8303131ed903d26d7b297a6b2be4d8f04e8451844.mp3]	[sound:hypertts-f270ff011c207c56772c69c4475543570c753fcfc57a3bfd01121296.mp3]	[sound:終わる_オワル━_0_NHK-2016.mp3]	"""<span style=""""box-shadow: inset -2px -2px 0 0 #FF6633;"""">オ</span><span style=""""box-shadow: inset 0px 2px 0 0px #FF6633;"""">ワル</span> <span class=""""pitch_number"""">0</span>"""
1786181888671	1786182040	Doki Doki2-8	咲く	咲[さ]く	さく	saku	kwitnąć	公園で桜の花が咲きました。	W parku zakwitły kwiaty wiśni.	咲[さ]きます	咲[さ]きません	Czasownik gr. 1. Używany zazwyczaj w odniesieniu do kwiatów z partykułą が.	公[こう] 園[えん]で 桜[さくら]の 花[はな]が 咲[さ]きました。		[sound:hypertts-1d619ab5b063f5e4bb6a5099cf0a6971daf7569d4aa56f7230a13de2.mp3]	[sound:hypertts-8b5af5c74c34a920960091b12680f35b04751b2fd22ec2b0d9d88431.mp3]	[sound:咲く_サク━_0_NHK-2016.mp3]	"""<span style=""""box-shadow: inset -2px -2px 0 0 #FF6633;"""">サ</span><span style=""""box-shadow: inset 0px 2px 0 0px #FF6633;"""">ク</span> <span class=""""pitch_number"""">0</span>"""
1786181888672	1786182040	Doki Doki2-8	レモン	レモン	レモン	remon	cytryna	紅茶にレモンを入れます。	Dodaję cytrynę do czarnej herbaty.			Zapożyczenie z angielskiego &quot;lemon&quot;. Rzeczownik.	紅[こう] 茶[ちゃ]に レモンを 入[い]れます。		[sound:hypertts-6ee910e8a32886c484ace1fc567676987c24b91625090542432fef2b.mp3]	[sound:hypertts-993d6429420262c4775ad05ca5544afe53732d356e1b328d036579c5.mp3]	[sound:レモン_レ＼モン_1_NHK-2016.mp3]	"""<span style=""""box-shadow: inset -2px -2px 0 0 #FF6633;"""">レ</span><span style=""""box-shadow: inset 0px 2px 0 0px #FF6633;"""">モン</span> <span class=""""pitch_number"""">0</span>, <span style=""""box-shadow: inset -2px 2px 0 0px #FF6633;"""">レ</span><span style=""""box-shadow: inset 0px -2px 0 0px #FF6633;"""">モン</span> <span class=""""pitch_number"""">1</span>"""
1786181888673	1786182042	Doki Doki2-8	アドバイス	アドバイス	アドバイス	adobaisu	rada, porada	先生にアドバイスをもらいました。	Dostałem poradę od nauczyciela.			Zapożyczenie z angielskiego &quot;advice&quot;. Rzeczownik. Często używane z czasownikami もらう lub する.	先[せん] 生[せい]に アドバイスを もらいました。		[sound:hypertts-ee660d12bf80ef30331477dcbda64f5e279ba0d27b6b997d7db466df.mp3]	[sound:hypertts-b89d2095f8e5e5d0f1ae53f62d2b9a3e51c7e6e43f525fa1ced42caf.mp3]	[sound:アドバイス_ア＼ドバイス_1_NHK-2016.mp3] [sound:アドバイス_アドバ＼イス_3_NHK-2016.mp3]	"""<span style=""""box-shadow: inset -2px 2px 0 0px #FF6633;"""">ア</span><span style=""""box-shadow: inset 0px -2px 0 0px #FF6633;"""">ドバイス</span> <span class=""""pitch_number"""">1</span>, <span style=""""box-shadow: inset -2px -2px 0 0 #FF6633;"""">ア</span><span style=""""box-shadow: inset -2px 2px 0 0px #FF6633;"""">ドバ</span><span style=""""box-shadow: inset 0px -2px 0 0px #FF6633;"""">イス</span> <span class=""""pitch_number"""">3</span>"""
1786181888674	1786182129	Doki Doki2-8	着替える	着[き] 替[が]える	きがえる	kigaeru	przebierać się	家に帰って、服を着替えます。	Wracam do domu i przebieram ubranie.	着[き] 替[が]えます	着[き] 替[が]えません	Czasownik gr. 2. Złożenie od słów 着[き]る (zakładać) oraz 替[か]える (zmieniać). Używany z rzeczownikiem 服[ふく] (ubranie).	家[いえ]に 帰[かえ]って、 服[ふく]を 着[き] 替[が]えます。		[sound:hypertts-f71f57d8d6a4b07584f78a54f008caba307322053781320240e504eb.mp3]	[sound:hypertts-2ce05aa8b55ee089d5d9ae23924312e4171a6995f464502042a3c7e9.mp3]	[sound:着替える_キカ゚＼エル_2_NHK-2016.mp3] [sound:着替える_キカ゚エ＼ル_3_NHK-2016.mp3]	"""<span style=""""box-shadow: inset -2px -2px 0 0 #FF6633;"""">キ</span><span style=""""box-shadow: inset -2px 2px 0 0px #FF6633;"""">カ<span style=""""color: red;"""">°</span></span><span style=""""box-shadow: inset 0px -2px 0 0px #FF6633;"""">エル</span> <span class=""""pitch_number"""">2</span>, <span style=""""box-shadow: inset -2px -2px 0 0 #FF6633;"""">キ</span><span style=""""box-shadow: inset -2px 2px 0 0px #FF6633;"""">カ<span style=""""color: red;"""">°</span>エ</span><span style=""""box-shadow: inset 0px -2px 0 0px #FF6633;"""">ル</span> <span class=""""pitch_number"""">3</span>"""
1786181888675	1786182042	Doki Doki2-8	クーラー	クーラー	クーラー	kūrā	klimatyzator	暑いですから、クーラーをつけましょう。	Ponieważ jest gorąco, włączmy klimatyzator.			Zapożyczenie z angielskiego &quot;cooler&quot;. Rzeczownik. W Japonii oznacza klimatyzator chłodzący (w przeciwieństwie do エアコン).	暑[あつ]いですから、クーラーを つけましょう。		[sound:hypertts-25ee187b51612bf2145652f9267aa6d9cd8e9ca62e8a3a6bbdc0a355.mp3]	[sound:hypertts-1ef9bcb2646ccf7652c084500879db56866fc46c0f34b78d1e3b9255.mp3]	[sound:クーラー_ク＼ーラー_1_NHK-2016.mp3]	"""<span style=""""box-shadow: inset -2px 2px 0 0px #FF6633;"""">ク</span><span style=""""box-shadow: inset 0px -2px 0 0px #FF6633;"""">ーラー</span> <span class=""""pitch_number"""">1</span>"""
1786181888676	1786182042	Doki Doki2-8	木苺	木[き] 苺[いちご]	きいちご	kiichigo	malina, jeżyna	木苺は甘くておいしいです。	Maliny są słodkie i pyszne.			Rzeczownik. Tradycyjna japońska nazwa krzewów z rodziny różowatych. Obecnie częściej używa się zapożyczenia ラズベリー.	木[き] 苺[いちご]は 甘[あま]くて おいしいです。		[sound:hypertts-c9eeaf0838ca7ffa07f67b9040280c9382137064fae4f1023dd73a7a.mp3]	[sound:hypertts-8dac9a6a5c66858d6c23c0e1e565061d54e0f263f476bf965287b5fe.mp3]	[sound:木苺_キイ＼チコ゚_2_NHK-2016.mp3]	"""<span style=""""box-shadow: inset -2px -2px 0 0 #FF6633;"""">キ</span><span style=""""box-shadow: inset -2px 2px 0 0px #FF6633;"""">イ</span><span style=""""box-shadow: inset 0px -2px 0 0px #FF6633;"""">チコ<span style=""""color: red;"""">°</span></span> <span class=""""pitch_number"""">2</span>"""
1786181888677	1786182159	Doki Doki2-8	ラズベリー	ラズベリー	ラズベリー	razuberī	malina (zapożyczenie)	スーパーでラズベリーを買いました。	Kupiłem maliny w supermarkecie.			Zapożyczenie z angielskiego &quot;raspberry&quot;. Rzeczownik. Powszechnie używana nazwa malin.	スーパーで ラズベリーを 買[か]いました。		[sound:hypertts-97cb135f8de2a124299bcc7bedf61e67d5e6f75ab1828eea7738d2b0.mp3]	[sound:hypertts-115cba8779d6dc5179d7ad637898a6c482d34668c39ee4c85ba8d636.mp3]	[sound:ラズベリー_ラ＼ズベリー_1_NHK-2016.mp3] [sound:ラズベリー_ラズベ＼リー_3_NHK-2016.mp3]	"""<span style=""""box-shadow: inset -2px 2px 0 0px #FF6633;"""">ラ</span><span style=""""box-shadow: inset 0px -2px 0 0px #FF6633;"""">ズベリー</span> <span class=""""pitch_number"""">1</span>, <span style=""""box-shadow: inset -2px -2px 0 0 #FF6633;"""">ラ</span><span style=""""box-shadow: inset -2px 2px 0 0px #FF6633;"""">ズベ</span><span style=""""box-shadow: inset 0px -2px 0 0px #FF6633;"""">リー</span> <span class=""""pitch_number"""">3</span>"""
1787509716959	1787509856	Doki Doki2-9	鏡	鏡[かがみ]	かがみ	kagami	lustro	鏡を見ます。	Patrzę w lustro.			rzeczownik	鏡[かがみ]を 見[み]ます。		[sound:hypertts-cd9f779d5a3337dfe275a72e888bd186a80193dcc0a487cd89fb0624.mp3]	[sound:hypertts-ad8939f89a50c0ac7484b50f02d6c1bb0a44c4157c6ce2a3797ced3e.mp3]	[sound:鏡_カカ゚＼ミ_2_NHK-2016.mp3] [sound:鏡_カカ゚ミ＼_3_NHK-2016.mp3]	"""<span style=""""box-shadow: inset -2px -2px 0 0 #FF6633;"""">カ</span><span style=""""box-shadow: inset -2px 2px 0 0px #FF6633;"""">カ<span style=""""color: red;"""">°</span>ミ</span> <span class=""""pitch_number"""">3</span>"""
1787509716960	1787509858	Doki Doki2-9	早退する	早[そう] 退[たい]する	そうたいする	sōtaisuru	wyjść wcześniej	今日は早退します。	Dzisiaj wyjdę wcześniej.	早[そう] 退[たい]します	早[そう] 退[たい]しません	czasownik gr. 3, wyjść wcześniej z powodu choroby, spraw prywatnych	今日[きょう]は 早[そう] 退[たい]します。		[sound:hypertts-53b067f4aa794f7e8855735b504853913d9f8d9d30afccd3fae30fdc.mp3]	[sound:hypertts-9c240c950ab24cef7ec395863162d9c38211024380a417ba6d11eb87.mp3]		"""<span style=""""box-shadow: inset -2px -2px 0 0 #FF6633;"""">ソ</span><span style=""""box-shadow: inset 0px 2px 0 0px #FF6633;"""">ウタイスル</span> <span class=""""pitch_number"""">0</span>"""
1787509716962	1787509862	Doki Doki2-9	そんな	そんな	そんな	sonna	taki (jak tamten)	そんな靴を買いたいです。	Chcę kupić takie buty.			zaimek wskazujący, określa rzeczownik	そんな 靴[くつ]を 買[か]いたいです。		[sound:hypertts-ff6e0d1940c880495828e71e494e01acc1c0d76e5b7cfec3bd9bbf03.mp3]	[sound:hypertts-5427252a28817a4032097a37a0276ef1a94f4b1153d97c8cd340032e.mp3]	[sound:そんな_ソンナ━_0_NHK-2016.mp3]	"""<span style=""""box-shadow: inset -2px -2px 0 0 #FF6633;"""">ソ</span><span style=""""box-shadow: inset 0px 2px 0 0px #FF6633;"""">ンナ</span> <span class=""""pitch_number"""">0</span>"""
1787509716963	1787509864	Doki Doki2-9	あんな	あんな	あんな	anna	taki (jak tamten dalej)	あんな人はきらいです。	Nie lubię takich ludzi.			zaimek wskazujący, określa rzeczownik	あんな 人[ひと]はきらいです。		[sound:hypertts-97eceb2d82a301e293d8963faddd54e7c9d9e09c7713f1d09b4cc6ba.mp3]	[sound:hypertts-0f55fff08e46b8f963730d0ecad7f6b7b437a05562b8000ea4c1d685.mp3]	[sound:あんな_アンナ━_0_NHK-2016.mp3]	"""<span style=""""box-shadow: inset -2px -2px 0 0 #FF6633;"""">ア</span><span style=""""box-shadow: inset 0px 2px 0 0px #FF6633;"""">ンナ</span> <span class=""""pitch_number"""">0</span>, <span style=""""box-shadow: inset -2px 2px 0 0px #FF6633;"""">ア</span><span style=""""box-shadow: inset 0px -2px 0 0px #FF6633;"""">ンナ</span> <span class=""""pitch_number"""">1</span>"""
1787509716965	1787509946	Doki Doki2-9	都合	都[つ] 合[ごう]	つごう	tsugō	okoliczności, wygoda, czas	明日は都合がいいです。	Jutro mi pasuje (mam czas).			rzeczownik, &quot;都[つ] 合[ごう]がいい&quot; - pasuje, &quot;都[つ] 合[ごう]が 悪[わる]い&quot; - nie pasuje	明日[あした]は 都[つ] 合[ごう]がいいです。		[sound:hypertts-f547585b3f07418fc3ef44110beb177d2b407a94aa5c329714356bf8.mp3]	[sound:hypertts-918f21ae980fee4cda0f487cdf002e43f417d72a83784095e8e4c1c0.mp3]	[sound:都合_ツコ゚ー━_0_NHK-2016.mp3] [sound:都合_ツ＼コ゚ー_1_NHK-2016.mp3]	"""<span style=""""box-shadow: inset -2px -2px 0 0 #FF6633;"""">ツ</span><span style=""""box-shadow: inset 0px 2px 0 0px #FF6633;"""">コ<span style=""""color: red;"""">°</span>ー</span> <span class=""""pitch_number"""">0</span>, <span style=""""box-shadow: inset -2px 2px 0 0px #FF6633;"""">ツ</span><span style=""""box-shadow: inset 0px -2px 0 0px #FF6633;"""">コ<span style=""""color: red;"""">°</span>ー</span> <span class=""""pitch_number"""">1</span>"""
1787509716966	1787751009	Doki Doki2-9	コイン	コイン	コイン	koin	moneta  &nbsp;(zapożyczenie)	このコインは古いです。	Ta moneta jest stara.			zapożyczenie z j. ang. (coin), gairaigo	このコインは 古[ふる]いです。		[sound:hypertts-daabff36639081d7179e18e399375362a6fa2fc7a9bbc948de1d52f0.mp3]	[sound:hypertts-ad30e1fcc6c9fcdb4e36ccd23f1f68a7809192bac5037fd95ad98c7a.mp3]	[sound:コイン_コ＼イン_1_NHK-2016.mp3]	"""<span style=""""box-shadow: inset -2px -2px 0 0 #FF6633;"""">コ</span><span style=""""box-shadow: inset 0px 2px 0 0px #FF6633;"""">イン</span> <span class=""""pitch_number"""">0</span>, <span style=""""box-shadow: inset -2px 2px 0 0px #FF6633;"""">コ</span><span style=""""box-shadow: inset 0px -2px 0 0px #FF6633;"""">イン</span> <span class=""""pitch_number"""">1</span>"""
1787509716967	1787509871	Doki Doki2-9	両替所	両[りょう] 替[がえ] 所[じょ]	りょうがえじょ	ryōgaejo	kantor	両替所はどこにありますか。	Gdzie znajduje się kantor?			rzeczownik	両[りょう] 替[がえ] 所[じょ]はどこにありますか。		[sound:hypertts-202e818a03831cf8197c6de2e8d8d1ea8c454d34dd1dc5ffc8383e06.mp3]	[sound:hypertts-8ea1e57c7fe382172f70c097b01d1ee073d859edd8c95355da82ed3c.mp3]	[sound:両替所_リョウガエジョ_JapanesePod101.mp3]	"""<span style=""""box-shadow: inset -2px -2px 0 0 #FF6633;"""">リョ</span><span style=""""box-shadow: inset 0px 2px 0 0px #FF6633;"""">ウガエジョ</span> <span class=""""pitch_number"""">0</span>"""
1787509716968	1788270991	Doki Doki2-9	旅券	旅[りょ] 券[けん]	りょけん	ryoken	paszport (natywnie)	旅券を見せてください。	Proszę pokazać paszport.			rzeczownik, paszport (częściej używa się パスポート)	旅[りょ] 券[けん]を 見[み]せてください。		[sound:hypertts-75500cd8dcc3664639442ff869b9e1e2eed199e5d852dc59862fd4ae.mp3]	[sound:hypertts-7a8f79d0fe060ea0282524ea9d471bd64e6dcf2f12620a29db02f482.mp3]	[sound:旅券_リョケン━_0_NHK-2016.mp3]	"""<span style=""""box-shadow: inset -2px -2px 0 0 #FF6633;"""">リョ</span><span style=""""box-shadow: inset 0px 2px 0 0px #FF6633;"""">ケン</span> <span class=""""pitch_number"""">0</span>"""
1787509716970	1787509877	Doki Doki2-9	観光客	観[かん] 光[こう] 客[きゃく]	かんこうきゃく	kankōkyaku	turysta	ここに観光客がたくさんいます。	Tutaj jest wielu turystów.			rzeczownik	ここに 観[かん] 光[こう] 客[きゃく]がたくさんいます。		[sound:hypertts-b7fd0e82f5a84010a339998690c49fa27948ff8491235eb3418e4d8c.mp3]	[sound:hypertts-865b8ada8303d3bf334f9815a5b29a8ed5021d473d9077350c3f1ca4.mp3]	[sound:観光客_カンコ＼ーキャク_3_NHK-2016.mp3]	"""<span style=""""box-shadow: inset -2px -2px 0 0 #FF6633;"""">カ</span><span style=""""box-shadow: inset -2px 2px 0 0px #FF6633;"""">ンコ</span><span style=""""box-shadow: inset 0px -2px 0 0px #FF6633;"""">ーキャク</span> <span class=""""pitch_number"""">3</span>"""
1787509716971	1787509879	Doki Doki2-9	まとめる	まとめる	まとめる	matomeru	zebrać, spakować (bagaż)	今日、荷物をまとめます。	Dzisiaj pakuję bagaż.	まとめます	まとめません	czasownik gr. 2, np. 荷[に] 物[もつ]をまとめる (pakować się), kanji 纏[まと]める rzadko używane	今日[きょう]、 荷[に] 物[もつ]をまとめます。		[sound:hypertts-de8a335c1497dfae38799aa3b9f36c850b23303c1b70bb6ad23187e6.mp3]	[sound:hypertts-beb8172e6dabd3ebc5b2ae17d4bd8d7cc816b7f92547042e8359a15b.mp3]	[sound:まとめる_マトメル━_0_NHK-2016.mp3]	"""<span style=""""box-shadow: inset -2px -2px 0 0 #FF6633;"""">マ</span><span style=""""box-shadow: inset 0px 2px 0 0px #FF6633;"""">トメル</span> <span class=""""pitch_number"""">0</span>"""
1787509716972	1787509881	Doki Doki2-9	遠足に行く	遠[えん] 足[そく]に 行[い]く	えんそくにいく	ensoku ni iku	iść na wycieczkę szkolną	明日、遠足に行きます。	Jutro idę na wycieczkę szkolną.	遠[えん] 足[そく]に 行[い]きます	遠[えん] 足[そく]に 行[い]きません	czasownik gr. 1 (行[い]く), 遠[えん] 足[そく] to szkolna wycieczka	明日[あした]、 遠[えん] 足[そく]に 行[い]きます。		[sound:hypertts-a5a1e0c254c9ec7a7d24a53048a30afa9ad507cf8967623a82f0596c.mp3]	[sound:hypertts-59fcf1a6fa89ce17b31ab768ee76c0039d3ca7ed0c303cf48ffdf0e3.mp3]		
1787509716973	1787509883	Doki Doki2-9	能力	能[のう] 力[りょく]	のうりょく	nōryoku	zdolność, umiejętność	私は日本語能力試験を受けます。	Będę zdawać test biegłości języka japońskiego.			rzeczownik	私[わたし]は 日[に] 本[ほん] 語[ご] 能[のう] 力[りょく] 試[し] 験[けん]を 受[う]けます。		[sound:hypertts-8f78aeb6c2a3c99464390c480e381c5e51985435146c72e54ee10ef8.mp3]	[sound:hypertts-de401f1a9afcaea0c209a0cd87860de2462ae9db6d8ed4e1c4c7a239.mp3]	[sound:能力_ノ＼ーリョク_1_NHK-2016.mp3]	"""<span style=""""box-shadow: inset -2px 2px 0 0px #FF6633;"""">ノ</span><span style=""""box-shadow: inset 0px -2px 0 0px #FF6633;"""">ーリョク</span> <span class=""""pitch_number"""">1</span>"""
1787996327022	1787996438	Doki Doki2-9	引っ越す	引[ひ]っ 越[こ]す	ひっこす	hikkosu	przeprowadzać się	新しい家に引っ越します。	Przeprowadzam się do nowego domu.	引[ひ]っ 越[こ]します	引[ひ]っ 越[こ]しません	czasownik gr. 1. Oznacza zmianę miejsca zamieszkania.	新[あたら]しい 家[いえ]に 引[ひ]っ 越[こ]します。		[sound:hypertts-9ee5589ad133c37c03fb9cff25ed138295f2ed70cedd665efb5d226c.mp3]	[sound:hypertts-3035f0fccaec648e1c76de4888fe7e839e5449d9f7f138cf633159ba.mp3]	[sound:引っ越す_ヒッコ＼ス_3_NHK-2016.mp3]	"""<span style=""""box-shadow: inset -2px -2px 0 0 #FF6633;""""><span style=""""color: royalblue;"""">ヒ</span></span><span style=""""box-shadow: inset -2px 2px 0 0px #FF6633;"""">ッコ</span><span style=""""box-shadow: inset 0px -2px 0 0px #FF6633;"""">ス</span> <span class=""""pitch_number"""">3</span>"""
1787996327023	1787996439	Doki Doki2-9	叱る	叱[しか]る	しかる	shikaru	krzyczeć, ganić	先生は学生を叱ります。	Nauczyciel karci ucznia.	叱[しか]ります	叱[しか]りません	czasownik gr. 1. Używane w kontekście strofowania kogoś (np. ucznia, dziecka).	先[せん] 生[せい]は 学[がく] 生[せい]を 叱[しか]ります。		[sound:hypertts-0d027176e5a139715ac45d4e31c9d343e2a8df6cd48f1552c3a75276.mp3]	[sound:hypertts-1606db07454842ce49ff37e6e5a99095dda1a36ddeed9fefeda06cc8.mp3]	[sound:叱る_シカル━_0_NHK-2016.mp3]	"""<span style=""""box-shadow: inset -2px -2px 0 0 #FF6633;""""><span style=""""color: royalblue;"""">シ</span></span><span style=""""box-shadow: inset 0px 2px 0 0px #FF6633;"""">カル</span> <span class=""""pitch_number"""">0</span>"""
1787996327024	1787996445	Doki Doki2-9	ボードゲーム	ボードゲーム	ボードゲーム	bōdogēmu	gra planszowa	友達とボードゲームをします。	Gram ze znajomymi w grę planszową.			rzeczownik, zapożyczenie z j. angielskiego.	友[とも] 達[だち]とボードゲームをします。		[sound:hypertts-6836f685f839cf06c1d9d2e5eb3bd59fe4383230c8d51253c9e1af85.mp3]	[sound:hypertts-47f22f9a437b89bbd66d75090bbfecc5f3eda68dead48316d1441696.mp3]	[sound:ボードゲーム_ボードゲ＼ーム_4_Shinmeikai-8.mp3]	"""<span style=""""box-shadow: inset -2px -2px 0 0 #FF6633;"""">ボ</span><span style=""""box-shadow: inset -2px 2px 0 0px #FF6633;"""">ードゲ</span><span style=""""box-shadow: inset 0px -2px 0 0px #FF6633;"""">ーム</span> <span class=""""pitch_number"""">4</span>"""
1787996327025	1787996447	Doki Doki2-9	スペイン	スペイン	スペイン	supein	Hiszpania	スペインに旅行に行きます。	Jadę w podróż do Hiszpanii.			rzeczownik, zapożyczenie. Nazwa kraju.	スペインに 旅[りょ] 行[こう]に 行[い]きます。		[sound:hypertts-1cbc44110347d572313a65be247f733a9ee090733590893510e24bcc.mp3]	[sound:hypertts-718f78c38cbd2df7cfae5cb2b5e6309131ecd5ef4a843a6ae700c206.mp3]	[sound:スペイン_スペ＼イン_2_NHK-2016.mp3]	"""<span style=""""box-shadow: inset -2px -2px 0 0 #FF6633;"""">ス</span><span style=""""box-shadow: inset -2px 2px 0 0px #FF6633;"""">ペ</span><span style=""""box-shadow: inset 0px -2px 0 0px #FF6633;"""">イン</span> <span class=""""pitch_number"""">2</span>"""
1787996327026	1789582331	Doki Doki2-9	刈る	刈[か]る	かる	karu	ścinać, kosić	公園で草を刈ります。	Koszę trawę w parku.	刈[か]ります	刈[か]りません	"""czasownik gr. 1. Ścinanie trawy lub włosów. (Jeśli na liście miało być """"pożyczać"""", użyj 借[か]りる)."""	公[こう] 園[えん]で 草[くさ]を 刈[か]ります。		[sound:hypertts-a2a47b1a66e445340b8c126a721132e056ef5aeb93a62f269acef70c.mp3]	[sound:hypertts-a48c78147435b7b648816f9b12d41315f3c3930f3f57fe5875a5b4ae.mp3]	[sound:刈る_カル━_0_NHK-2016.mp3]	"""<span style=""""box-shadow: inset -2px -2px 0 0 #FF6633;"""">カ</span><span style=""""box-shadow: inset 0px 2px 0 0px #FF6633;"""">ル</span> <span class=""""pitch_number"""">0</span>"""
1787996327027	1787996436	Doki Doki2-9	染める	染[そ]める	そめる	someru	farbować	髪を茶色に染めます。	Farbuję włosy na brązowo.	染[そ]めます	染[そ]めません	czasownik gr. 2. Używane np. do farbowania włosów.	髪[かみ]を 茶[ちゃ] 色[いろ]に 染[そ]めます。		[sound:hypertts-0710564f2bfadedc31206f6e94163409fa56e1cd113b560b451bf4f3.mp3]	[sound:hypertts-f2950a124684c426f6db9f7472758e1e860e78f92a8b13f903392095.mp3]	[sound:染める_ソメル━_0_NHK-2016.mp3]	"""<span style=""""box-shadow: inset -2px -2px 0 0 #FF6633;"""">ソ</span><span style=""""box-shadow: inset 0px 2px 0 0px #FF6633;"""">メル</span> <span class=""""pitch_number"""">0</span>"""
1787996327028	1787996451	Doki Doki2-9	かぼちゃ	かぼちゃ	かぼちゃ	kabocha	dynia	かぼちゃのスープを作ります。	Robię zupę z dyni.			rzeczownik. Słowo posiada znaki kanji, ale obecnie rzadko się ich używa, przeważnie zapisywane hiraganą.	かぼちゃのスープを 作[つく]ります。		[sound:hypertts-efd332a2860f424e9de464489dd77896d7126234e30775eddfe0f62a.mp3]	[sound:hypertts-66bca29541f58f94db951a58cd55b5cfc77f103869e566804afe02e0.mp3]	[sound:カボチャ_カボチャ━_0_NHK-2016.mp3]	"""<span style=""""box-shadow: inset -2px -2px 0 0 #FF6633;"""">カ</span><span style=""""box-shadow: inset 0px 2px 0 0px #FF6633;"""">ボチャ</span> <span class=""""pitch_number"""">0</span>"""
1787996327029	1787996443	Doki Doki2-9	低い	低[ひく]い	ひくい	hikui	niski	妹は背が低いです。	Młodsza siostra jest niska.			i-przymiotnik. Używane do opisu m.in. niskiego wzrostu.	妹[いもうと]は 背[せ]が 低[ひく]いです。		[sound:hypertts-101e10783db8b971477ca103be6b2ddc2ebb100cd3512451cfff5f55.mp3]	[sound:hypertts-8d8246f39aaf5528ec55e203ef140e7efbaefae7f07e4b5a34bafebe.mp3]	[sound:低い_ヒク＼イ_2_NHK-2016.mp3]	"""<span style=""""box-shadow: inset -2px -2px 0 0 #FF6633;""""><span style=""""color: royalblue;"""">ヒ</span></span><span style=""""box-shadow: inset -2px 2px 0 0px #FF6633;"""">ク</span><span style=""""box-shadow: inset 0px -2px 0 0px #FF6633;"""">イ</span> <span class=""""pitch_number"""">2</span>"""
1787996327030	1787996434	Doki Doki2-9	計画を立てる	計[けい] 画[かく]を 立[た]てる	けいかくをたてる	keikaku o tateru	robić plany	夏休みの計画を立てます。	Układam plany na letnie wakacje.	計[けい] 画[かく]を 立[た]てます	計[けい] 画[かく]を 立[た]てません	wyrażenie (rzeczownik + czasownik gr. 2).	夏[なつ] 休[やす]みの 計[けい] 画[かく]を 立[た]てます。		[sound:hypertts-dbfcd44d318f29d4af7d57bb843c9baa845a012d283f0b4fb64ec6dd.mp3]	[sound:hypertts-ba39a83ce3116349fb7bbb5803b2ddcde64eee3828a3716bbb235e2f.mp3]	[sound:計画を立てる_ケイカクヲタテル_JapanesePod101.mp3]	
1787996327031	1787996449	Doki Doki2-9	イースター	イースター	イースター	īsutā	Wielkanoc	イースターに何をしますか。	Co robisz w Wielkanoc?			rzeczownik, zapożyczenie.	イースターに 何[なに]をしますか。		[sound:hypertts-53a3d4c33c47a84afeef464d1c09588ecfb1b7adc21a60ec4ef9b283.mp3]	[sound:hypertts-e923793d3dc5a9c4b3f6b5950ddc78c2e4e09b7d5a6e2c2c42eb97cb.mp3]	[sound:イースター_イ＼ースター_1_NHK-2016.mp3]	"""<span style=""""box-shadow: inset -2px 2px 0 0px #FF6633;"""">イ</span><span style=""""box-shadow: inset 0px -2px 0 0px #FF6633;"""">ー<span style=""""color: royalblue;"""">ス</span>ター</span> <span class=""""pitch_number"""">1</span>"""
1788179146856	1788179282	Doki Doki2-9	狩る	狩[か]る	かる	karu	polować	森で熊を狩ります。	Poluję na niedźwiedzie w lesie.	狩[か]ります	狩[か]りません	czasownik gr. 1. Używane w kontekście polowania na dzikie zwierzęta.	森[もり]で 熊[くま]を 狩[か]ります。		[sound:hypertts-c970982bb1d4cd8e55eb582107d554c1b9d680069778576e86819c8f.mp3]	[sound:hypertts-6f5fbe5c39245e5322a7ab6bf521ec51f0c413c3e0078ce7d43f4ce6.mp3]	[sound:狩る_カル━_0_NHK-2016.mp3] [sound:狩る_カ＼ル_1_NHK-2016.mp3]	"""<span style=""""box-shadow: inset -2px -2px 0 0 #FF6633;"""">カ</span><span style=""""box-shadow: inset 0px 2px 0 0px #FF6633;"""">ル</span> <span class=""""pitch_number"""">0</span>, <span style=""""box-shadow: inset -2px 2px 0 0px #FF6633;"""">カ</span><span style=""""box-shadow: inset 0px -2px 0 0px #FF6633;"""">ル</span> <span class=""""pitch_number"""">1</span>"""
1788179146857	1788179259	Doki Doki2-9	狩り	狩[か]り	かり	kari	polowanie	週末に山へ狩りに行きます。	W weekend idę w góry na polowanie.			rzeczownik. Często używane w konstrukcji celu z czasownikiem 行く, np. 狩りに行く (iść na polowanie).	週[しゅう] 末[まつ]に 山[やま]へ 狩[か]りに 行[い]きます。		[sound:hypertts-a8fdd2dae1be4c233a7666d6a4a0bc11d96b07014e7af200d69e09d3.mp3]	[sound:hypertts-f5f1b0aca1de10659fc6f90aeb1a37028a93c20fb3d10cc6e6b9b2ed.mp3]	[sound:狩り_カ＼リ_1_NHK-2016.mp3]	"""<span style=""""box-shadow: inset -2px 2px 0 0px #FF6633;"""">カ</span><span style=""""box-shadow: inset 0px -2px 0 0px #FF6633;"""">リ</span> <span class=""""pitch_number"""">1</span>"""
1788508209234	1788509085	Doki Doki2-10	フリーマーケット	フリーマーケット	フリーマーケット	furīmāketto	pchli targ	フリーマーケットで古い服を売ります。	Sprzedaję stare ubrania na pchlim targu.			zapożyczenie z ang. flea market, rzeczownik	フリーマーケットで 古[ふる]い 服[ふく]を 売[う]ります。		[sound:hypertts-2778800e1eb9a6cd8207944e72d762fbc84f0e28b720ceb8b5f48b16.mp3]	[sound:hypertts-35504cf84e37c31f67aa169916d5318fc2fcbbef72e71dc41c8b98b6.mp3]	[sound:フリーマーケット_フリーマ＼ーケット_4_NHK-2016.mp3]	"""<span style=""""box-shadow: inset -2px -2px 0 0 #FF6633;"""">フ</span><span style=""""box-shadow: inset -2px 2px 0 0px #FF6633;"""">リーマ</span><span style=""""box-shadow: inset 0px -2px 0 0px #FF6633;"""">ーケット</span> <span class=""""pitch_number"""">4</span>"""
1788508209235	1788693248	Doki Doki2-10	ところ	ところ	ところ	tokoro	miejsce (miejsce, czas i abstrakcja)	ここは静かなところです。	To jest ciche miejsce.			"""rzeczownik, kanji 所 istnieje, ale w tym znaczeniu często używa się zapisu w hiraganie<div>Okolica lub """"czyjeś miejsce"""": Wskazuje na obszar, ale mniej precyzyjnie niż basho. Bardzo często używa się go, mówiąc o pójściu """"do kogoś"""" (w domyśle do jego domu lub miejsca, gdzie się znajduje).</div><div>Przykład: 友達のところへ行く (tomodachi no tokoro e iku) – idę do przyjaciela.</div><div>Aspekt lub cecha: Odnosi się do niematerialnej części czegoś lub cechy charakteru.</div><div>Przykład: 彼のいいところ (kare no ii tokoro) – jego dobra strona / zaleta.</div><div>Moment w czasie (konstrukcje gramatyczne): Tokoro jest kluczowym elementem wielu podstawowych struktur gramatycznych, opisujących dokładny etap trwania jakiejś czynności (zanim się zacznie, w trakcie lub tuż po).</div><div>Przykład: 今、食べているところです (ima, tabete iru tokoro desu) – Właśnie teraz (w tym momencie) jem.</div>"""	ここは 静[しず]かなところです。		[sound:hypertts-89a932a8307c858e48ffd9e888b91f75909df064beb863cb3ac0b8f9.mp3]	[sound:hypertts-fadf18afa25f33829c2999fb40a8fa4c4042fd7f25d0115dd136af31.mp3]	[sound:ところ_トコロ━_0_NHK-2016.mp3] [sound:ところ_トコロ＼_3_NHK-2016.mp3]	"""<span style=""""box-shadow: inset -2px -2px 0 0 #FF6633;"""">ト</span><span style=""""box-shadow: inset 0px 2px 0 0px #FF6633;"""">コロ</span> <span class=""""pitch_number"""">0</span>, <span style=""""box-shadow: inset -2px -2px 0 0 #FF6633;"""">ト</span><span style=""""box-shadow: inset -2px 2px 0 0px #FF6633;"""">コロ</span> <span class=""""pitch_number"""">3</span>"""
1788508209236	1788693462	Doki Doki2-10	知り合い	知[し]り 合[あ]い	しりあい	shiriai	znajomy (język codzienny, mówiony)	私は知り合いとレストランに行きました。	Poszedłem do restauracji ze znajomym.			rzeczownik odczasownikowy, określa osobę, którą znamy, ale niekoniecznie bliskiego przyjaciela	私[わたし]は 知[し]り 合[あ]いとレストランに 行[い]きました。		[sound:hypertts-351a1e1d48a034cd463e1d818fd4e1755348619d981b427617a31c1d.mp3]	[sound:hypertts-ebad50e4a4702bde639acf4a4c4c3001f1428c944b7c5a04df2537b8.mp3]	[sound:知り合い_シリアイ━_0_NHK-2016.mp3]	"""<span style=""""box-shadow: inset -2px -2px 0 0 #FF6633;"""">シ</span><span style=""""box-shadow: inset 0px 2px 0 0px #FF6633;"""">リアイ</span> <span class=""""pitch_number"""">0</span>"""
1788508209237	1788509221	Doki Doki2-10	住まい	住[す]まい	すまい	sumai	mieszkanie, miejsce zamieszkania	新しい住まいを探しています。	Szukam nowego mieszkania.			rzeczownik, często używa się grzecznej formy お住まい	新[あたら]しい 住[す]まいを 探[さが]しています。		[sound:hypertts-74bcdf2771d3e998a1d661284280938c4f14af000eedc1bd4d7733fc.mp3]	[sound:hypertts-3eeeaecf44b27608c40335e94f2cf46b30253aec0d29716d915ab0dc.mp3]	[sound:住まい_ス＼マイ_1_NHK-2016.mp3]	"""<span style=""""box-shadow: inset -2px 2px 0 0px #FF6633;"""">ス</span><span style=""""box-shadow: inset 0px -2px 0 0px #FF6633;"""">マイ</span> <span class=""""pitch_number"""">1</span>, <span style=""""box-shadow: inset -2px -2px 0 0 #FF6633;"""">ス</span><span style=""""box-shadow: inset -2px 2px 0 0px #FF6633;"""">マ</span><span style=""""box-shadow: inset 0px -2px 0 0px #FF6633;"""">イ</span> <span class=""""pitch_number"""">2</span>"""
1788508209238	1788509085	Doki Doki2-10	住民	住[じゅう] 民[みん]	じゅうみん	jūmin	mieszkaniec, mieszkańcy	この町の住民はとても親切です。	Mieszkańcy tego miasta są bardzo mili.			rzeczownik	この 町[まち]の 住[じゅう] 民[みん]はとても 親[しん] 切[せつ]です。		[sound:hypertts-66a7d35d3e4373ba95fe419c97474523757c4c0eac956567df7396a5.mp3]	[sound:hypertts-24baf1174221cf0988f4ea5ebb42c13f8a0c3ea66a37e947b21c6ff5.mp3]	[sound:住民_ジューミン━_0_NHK-2016.mp3]	"""<span style=""""box-shadow: inset -2px -2px 0 0 #FF6633;"""">ジュ</span><span style=""""box-shadow: inset 0px 2px 0 0px #FF6633;"""">ーミン</span> <span class=""""pitch_number"""">0</span>"""
1788508209239	1788509290	Doki Doki2-10	正式	正[せい] 式[しき]	せいしき	seishiki	oficjalny, formalny	これは正式な服です。	To jest oficjalny strój.			na-przymiotnik, używany do opisywania formalnych procedur lub ubrań	これは 正[せい] 式[しき]な 服[ふく]です。		[sound:hypertts-6497de4dfcbf88af6bdf44191e8e552f4050f66e75afc7a3b330809a.mp3]	[sound:hypertts-9daa380a7b000dc8fc662ee8285a809835436346dd209880122fb563.mp3]	[sound:正式_セーシキ━_0_NHK-2016.mp3]	"""<span style=""""box-shadow: inset -2px -2px 0 0 #FF6633;"""">セ</span><span style=""""box-shadow: inset 0px 2px 0 0px #FF6633;"""">イ<span style=""""color: royalblue;"""">シ</span>キ</span> <span class=""""pitch_number"""">0</span>"""
1788508209240	1788509085	Doki Doki2-10	学年	学[がく] 年[ねん]	がくねん	gakunen	rok szkolny	私は大学の新しい学年を始めます。	Zaczynam nowy rok szkolny na uniwersytecie.			rzeczownik	私[わたし]は 大[だい] 学[がく]の 新[あたら]しい 学[がく] 年[ねん]を 始[はじ]めます。		[sound:hypertts-40f535132fd48f81d59e9e373b1ef7ef7b1373a572fe3c4ac4374fcb.mp3]	[sound:hypertts-cc9cd08233f0834c10290f3e948cf07d9bfbccfa6ea6a801651ee55f.mp3]	[sound:学年_ガクネン━_0_NHK-2016.mp3]	"""<span style=""""box-shadow: inset -2px -2px 0 0 #FF6633;"""">ガ</span><span style=""""box-shadow: inset 0px 2px 0 0px #FF6633;"""">クネン</span> <span class=""""pitch_number"""">0</span>"""
1788508209241	1788509299	Doki Doki2-10	年寄	年[とし] 寄[より]	としより	toshiyori	osoba starsza	お年寄りに親切にしなければいけません。	Trzeba być miłym dla osób starszych.			rzeczownik, częściej zapisywane jako 年寄り lub używane z przedrostkiem honoratywnym „お” jako お年寄り	お 年[とし] 寄[より]りに 親[しん] 切[せつ]にしなければいけません。		[sound:hypertts-9bcd0699dcb49dd2cff87c1d696f2288b72b38f5f19bec77ff39d684.mp3]	[sound:hypertts-9267277fd364d3373206ae7bf99e5bfd2264ca4c60d2e6cfed311f2a.mp3]	[sound:年寄_トシヨ＼リ_3_NHK-2016.mp3] [sound:年寄_トシヨリ＼_4_NHK-2016.mp3]	"""<span style=""""box-shadow: inset -2px -2px 0 0 #FF6633;"""">ト</span><span style=""""box-shadow: inset -2px 2px 0 0px #FF6633;"""">シヨ</span><span style=""""box-shadow: inset 0px -2px 0 0px #FF6633;"""">リ</span> <span class=""""pitch_number"""">3</span>, <span style=""""box-shadow: inset -2px -2px 0 0 #FF6633;"""">ト</span><span style=""""box-shadow: inset -2px 2px 0 0px #FF6633;"""">シヨリ</span> <span class=""""pitch_number"""">4</span>"""
1788508209242	1788509085	Doki Doki2-10	売り切れ	売[う]り 切[き]れ	うりきれ	urikire	wyprzedane, brak towaru	その有名な本は売り切れです。	Tamta sławna książka jest wyprzedana.			rzeczownik odczasownikowy	その 有[ゆう] 名[めい]な 本[ほん]は 売[う]り 切[き]れです。		[sound:hypertts-dbe3fab31b8395f627358bc8cc2428f7bc64cb2ad1a3a74275bb3acb.mp3]	[sound:hypertts-fba89343d812d7b45f251cb3f6d5bd975f39fc0fdc0c7414894d5545.mp3]	[sound:売り切れ_ウリキレ━_0_NHK-2016.mp3]	"""<span style=""""box-shadow: inset -2px -2px 0 0 #FF6633;"""">ウ</span><span style=""""box-shadow: inset 0px 2px 0 0px #FF6633;"""">リキレ</span> <span class=""""pitch_number"""">0</span>"""
1788508209243	1788509085	Doki Doki2-10	安売り	安[やす] 売[う]り	やすうり	yasuuri	wyprzedaż, tania sprzedaż	デパートで安売りがあります。	W domu towarowym jest wyprzedaż.			rzeczownik	デパートで 安[やす] 売[う]りがあります。		[sound:hypertts-8faa5fdc827bad4e2df3d60ded62e3334a190120245158f4e8f15513.mp3]	[sound:hypertts-2ccb7f7326a37eb7f690a9266fbee6dc0559fbce25b813c6a240cae1.mp3]	[sound:安売り_ヤスウリ━_0_NHK-2016.mp3]	"""<span style=""""box-shadow: inset -2px -2px 0 0 #FF6633;"""">ヤ</span><span style=""""box-shadow: inset 0px 2px 0 0px #FF6633;"""">スウリ</span> <span class=""""pitch_number"""">0</span>"""
1788508209244	1788509085	Doki Doki2-10	買い手	買[か]い 手[て]	かいて	kaite	kupiec, nabywca	古い家の買い手を探しています。	Szukam kupca na stary dom.			rzeczownik	古[ふる]い 家[いえ]の 買[か]い 手[て]を 探[さが]しています。		[sound:hypertts-2b2daf3cd3d888414dc5bd0eff9a7894727cc0b399d9756ecdf01d89.mp3]	[sound:hypertts-5b25c7142f14a570748c023d81cd9aaec382c9875a776f2aa28a8546.mp3]	[sound:買い手_カイテ━_0_NHK-2016.mp3]	"""<span style=""""box-shadow: inset -2px -2px 0 0 #FF6633;"""">カ</span><span style=""""box-shadow: inset 0px 2px 0 0px #FF6633;"""">イテ</span> <span class=""""pitch_number"""">0</span>"""
1788508209245	1788509085	Doki Doki2-10	下町	下[した] 町[まち]	したまち	shitamachi	stare miasto, tradycyjna dzielnica	東京の下町を散歩するのが好きです。	Lubię spacerować po tradycyjnej dzielnicy Tokio.			rzeczownik	東[とう] 京[きょう]の 下[した] 町[まち]を 散[さん] 歩[ぽ]するのが 好[す]きです。		[sound:hypertts-e691431f11cfc5ca569e9027e49d4fde85220b463e712f6e87ba8d2c.mp3]	[sound:hypertts-9702b4951d733efa71a32edb7c4f54cfa40a99ef3be0a20ae7c32127.mp3]	[sound:下町_シタマチ━_0_NHK-2016.mp3]	"""<span style=""""box-shadow: inset -2px -2px 0 0 #FF6633;""""><span style=""""color: royalblue;"""">シ</span></span><span style=""""box-shadow: inset 0px 2px 0 0px #FF6633;"""">タマチ</span> <span class=""""pitch_number"""">0</span>"""
1788508209246	1788509085	Doki Doki2-10	長時間	長[ちょう] 時[じ] 間[かん]	ちょうじかん	chōjikan	długi czas, długo	長時間テレビを見てはいけません。	Nie wolno oglądać telewizji przez długi czas.			rzeczownik, przysłówek	長[ちょう] 時[じ] 間[かん]テレビを 見[み]てはいけません。		[sound:hypertts-e22c3251f0abda6a356f02d52a0ef228abd675ce9b616772f6f0f8d8.mp3]	[sound:hypertts-82249371c78d8481f9244b2c402fa1c45208ec24032b713c5c1929bb.mp3]	[sound:長時間_チョージ＼カン_3_NHK-2016.mp3]	"""<span style=""""box-shadow: inset -2px -2px 0 0 #FF6633;"""">チョ</span><span style=""""box-shadow: inset -2px 2px 0 0px #FF6633;"""">ージ</span><span style=""""box-shadow: inset 0px -2px 0 0px #FF6633;"""">カン</span> <span class=""""pitch_number"""">3</span>"""
1788508209247	1788509318	Doki Doki2-10	長生き	長[なが] 生[い]き	ながいき	nagaiki	długie życie	私のおばあさんは長生きしました。	Moja babcia żyła długo.			rzeczownik odczasownikowy; występuje też jako czasownik z suru	私[わたし]のおばあさんは 長[なが] 生[い]きしました。		[sound:hypertts-e53e0518e2a13b7ded3158a7ed698a0ea5bea8b3e555217d8925e301.mp3]	[sound:hypertts-ea25d05374cb21a5fb117fafd1f0995e350577d49e7ec28eacf31b37.mp3]	[sound:長生き_ナカ゚イ＼キ_3_NHK-2016.mp3] [sound:長生き_ナカ゚イキ＼_4_NHK-2016.mp3]	"""<span style=""""box-shadow: inset -2px -2px 0 0 #FF6633;"""">ナ</span><span style=""""box-shadow: inset -2px 2px 0 0px #FF6633;"""">カ<span style=""""color: red;"""">°</span>イ</span><span style=""""box-shadow: inset 0px -2px 0 0px #FF6633;"""">キ</span> <span class=""""pitch_number"""">3</span>, <span style=""""box-shadow: inset -2px -2px 0 0 #FF6633;"""">ナ</span><span style=""""box-shadow: inset -2px 2px 0 0px #FF6633;"""">カ<span style=""""color: red;"""">°</span>イキ</span> <span class=""""pitch_number"""">4</span>"""
1788508209248	1788509328	Doki Doki2-10	長さ	長[なが]さ	ながさ	nagasa	długość	この川の長さはどのぐらいですか。	Jaka jest mniej więcej długość tej rzeki?			rzeczownik; utworzony od i-przymiotnika przez zamianę końcówki い na さ	この 川[かわ]の 長[なが]さはどのぐらいですか。		[sound:hypertts-af62226dff3dcfb9b9ca812558b8c5ebd2118de3e282c5dea2146f2e.mp3]	[sound:hypertts-a4fdd262ce59f91180c32552c87cc24981fbc785ed3b9de7aa50c301.mp3]	[sound:長さ_ナ＼カ゚サ_1_NHK-2016.mp3]	"""<span style=""""box-shadow: inset -2px 2px 0 0px #FF6633;"""">ナ</span><span style=""""box-shadow: inset 0px -2px 0 0px #FF6633;"""">カ<span style=""""color: red;"""">°</span>サ</span> <span class=""""pitch_number"""">1</span>"""
1788508209249	1788509340	Doki Doki2-10	ワルシャワ市	ワルシャワ 市[し]	ワルシャワし	Warushawashi	miasto Warszawa	ワルシャワ市はポーランドにあります。	Miasto Warszawa znajduje się w Polsce.			rzeczownik; przyrostek 市 (shi) oznacza duże miasto	ワルシャワ 市[し]はポーランドにあります。		[sound:hypertts-9960d1402738a10f5799748c104341069ffce71d6eaf827663d4659e.mp3]	[sound:hypertts-8c6ed6c9892e72c2d0f52bf77398c5e5d4cd0c81a45384de96fd8168.mp3]		
1788508209250	1788509085	Doki Doki2-10	都市	都[と] 市[し]	とし	toshi	duże miasto, metropolia	東京は大きい都市です。	Tokio to duża metropolia.			rzeczownik	東[とう] 京[きょう]は 大[おお]きい 都[と] 市[し]です。		[sound:hypertts-c805e9468d698d4655a8177682c8ffd70a5b0182dbe75ff683638eeb.mp3]	[sound:hypertts-f86dfe2fc3842ba0b295d4987a11c05ce2f0e0fa653cababe75e0bbf.mp3]	[sound:都市_ト＼シ_1_NHK-2016.mp3]	"""<span style=""""box-shadow: inset -2px 2px 0 0px #FF6633;"""">ト</span><span style=""""box-shadow: inset 0px -2px 0 0px #FF6633;"""">シ</span> <span class=""""pitch_number"""">1</span>"""
1788508209251	1788509760	Doki Doki2-10	市[し] 場[じょう]	市[し] 場[じょう]	しじょう	shijō	rynek (w sensie ekonomicznym)	新しい市場を調べなければいけません。	Musimy zbadać nowy rynek.			rzeczownik; czytanie używane w kontekście ekonomii i rynków finansowych (zjawisko abstrakcyjne)	新[あたら]しい 市[し] 場[じょう]を 調[しら]べなければいけません。		[sound:hypertts-651eb9e89eea31cd5f7c7889420482fb402fd573a82e6ae23fad28a2.mp3]	[sound:hypertts-36c846afd320d23819f628769a1de9eef29466d4ad22030b34f11e7e.mp3]	[sound:市場_シジョー━_0_NHK-2016.mp3]	"""<span style=""""box-shadow: inset -2px -2px 0 0 #FF6633;"""">シ</span><span style=""""box-shadow: inset 0px 2px 0 0px #FF6633;"""">ジョー</span> <span class=""""pitch_number"""">0</span>"""
1788508209252	1788509756	Doki Doki2-10	市[いち] 場[ば]	市[いち] 場[ば]*	いちば	ichiba	targ, rynek (fizyczne miejsce)	朝早く市場で魚を買いました。	Kupiłem rybę na targu wcześnie rano.			rzeczownik; czytanie używane dla fizycznego miejsca handlu, np. targu z żywnością	朝[あさ] 早[はや]く 市[いち] 場[ば]で 魚[さかな]を 買[か]いました。		[sound:hypertts-507c102f829babd9095aae9258f0acc565e42b7acb8b9362516576f8.mp3]	[sound:hypertts-ea16b006361c38acfa8a6dd3b615067d99e8c1ac1230c302109b7fb7.mp3]	[sound:市場_イ＼チバ_1_NHK-2016.mp3]	"""<span style=""""box-shadow: inset -2px 2px 0 0px #FF6633;"""">イ</span><span style=""""box-shadow: inset 0px -2px 0 0px #FF6633;"""">チバ</span> <span class=""""pitch_number"""">1</span>, <span style=""""box-shadow: inset -2px -2px 0 0 #FF6633;"""">シ</span><span style=""""box-shadow: inset 0px 2px 0 0px #FF6633;"""">ジョー</span> <span class=""""pitch_number"""">0</span>"""
1788508209253	1788509405	Doki Doki2-10	茶道	茶[さ] 道[どう]	さどう	sadō	ceremonia parzenia herbaty	週末に茶道を習いたいです。	W weekend chcę uczyć się ceremonii parzenia herbaty.			rzeczownik; funkcjonuje również czytanie ちゃどう	週[しゅう] 末[まつ]に 茶[さ] 道[どう]を 習[なら]いたいです。		[sound:hypertts-d17cb6bb9eed1adc4089a40de9453c62fb86c7ab0398cc97728bf0e8.mp3]	[sound:hypertts-3db037c50d58efb82d691a21b6739769684b13e115cfa6c68f8dde1b.mp3]	[sound:茶道_サ＼ドー_1_NHK-2016.mp3]	"""<span style=""""box-shadow: inset -2px 2px 0 0px #FF6633;"""">サ</span><span style=""""box-shadow: inset 0px -2px 0 0px #FF6633;"""">ドー</span> <span class=""""pitch_number"""">1</span>"""
1788508209254	1788509085	Doki Doki2-10	水道	水[すい] 道[どう]	すいどう	suidō	wodociąg, bieżąca woda	水道の水は冷たいです。	Woda z wodociągu jest zimna.			rzeczownik	水[すい] 道[どう]の 水[みず]は 冷[つめ]たいです。		[sound:hypertts-43c55790d6bd4b339ed678a62bf6f4236f6cadfebece1aa3a7230d00.mp3]	[sound:hypertts-a3b07c23aadc9e0141244eecff8ebda66013fa274f6a7b705bbce825.mp3]	[sound:水道_スイドー━_0_NHK-2016.mp3]	"""<span style=""""box-shadow: inset -2px -2px 0 0 #FF6633;"""">ス</span><span style=""""box-shadow: inset 0px 2px 0 0px #FF6633;"""">イドー</span> <span class=""""pitch_number"""">0</span>"""
1788508209255	1788509085	Doki Doki2-10	山道	山[やま] 道[みち]	やまみち	yamamichi	górska droga, szlak górski	この山道を歩くのは大変です。	Spacerowanie tym górskim szlakiem jest ciężkie.			rzeczownik	この 山[やま] 道[みち]を 歩[ある]くのは 大[たい] 変[へん]です。		[sound:hypertts-c0ff9b768425de7fec052fd1ff290b1f431bf61815d395e999e13d67.mp3]	[sound:hypertts-3e4888f71b7000f1d57fcb66b6fcda98eb12f563906ff421b5620228.mp3]	[sound:山道_ヤマ＼ミチ_2_NHK-2016.mp3]	"""<span style=""""box-shadow: inset -2px -2px 0 0 #FF6633;"""">ヤ</span><span style=""""box-shadow: inset -2px 2px 0 0px #FF6633;"""">マ</span><span style=""""box-shadow: inset 0px -2px 0 0px #FF6633;"""">ミチ</span> <span class=""""pitch_number"""">2</span>"""
1788508209256	1788509415	Doki Doki2-10	北海道	北[ほっ] 海[かい] 道[どう]	ほっかいどう	Hokkaidō	Hokkaido (wyspa w Japonii)	北海道の冬はとても寒いです。	Zima na Hokkaido jest bardzo zimna.			rzeczownik; północna wyspa Japonii	北[ほっ] 海[かい] 道[どう]の 冬[ふゆ]はとても 寒[さむ]いです。		[sound:hypertts-71c2a99b5176217252e8a9242c96fa7608e688b8e05cadfcfb6155a4.mp3]	[sound:hypertts-366cc8c3e9f96937729e6a7ec708728969f432dbf1a0fd830cfc260f.mp3]	[sound:北海道_ホッカ＼イドー_3_NHK-2016.mp3]	"""<span style=""""box-shadow: inset -2px -2px 0 0 #FF6633;"""">ホ</span><span style=""""box-shadow: inset -2px 2px 0 0px #FF6633;"""">ッカ</span><span style=""""box-shadow: inset 0px -2px 0 0px #FF6633;"""">イドー</span> <span class=""""pitch_number"""">3</span>"""
1788508209257	1788509423	Doki Doki2-10	私立	私[し] 立[りつ]	しりつ	shiritsu	prywatny	子供は私立の高校で勉強しています。	Moje dziecko uczy się w prywatnym liceum.			rzeczownik; często używany z partykułą の lub w złożeniach	子[こ] 供[ども]は 私[し] 立[りつ]の 高[こう] 校[こう]で 勉[べん] 強[きょう]しています。		[sound:hypertts-6250b9df5b1dcecfdf4432e1425c56cd58e6ba4459142479260e75fa.mp3]	[sound:hypertts-1daa5b7d249ed23fadb7ca5329c70d6b19ef7796d34ef136905bce63.mp3]	[sound:私立_シ＼リツ_1_NHK-2016.mp3]	"""<span style=""""box-shadow: inset -2px 2px 0 0px #FF6633;"""">シ</span><span style=""""box-shadow: inset 0px -2px 0 0px #FF6633;"""">リツ</span> <span class=""""pitch_number"""">1</span>"""
1788508209258	1788509424	Doki Doki2-10	立ち上がる	立[た]ち 上[あ]がる	たちあがる	tachiagaru	wstawać, podnieść się	先生が来たから、立ち上がりました。	Wstałem, ponieważ przyszedł nauczyciel.	立[た]ち 上[あ]がります	立[た]ち 上[あ]がりません	czasownik gr. 1	先[せん] 生[せい]が 来[き]たから、 立[た]ち 上[あ]がりました。		[sound:hypertts-ca486082a18d1acdf12c434bd1c3668821e1c86bdc05c9af5b722894.mp3]	[sound:hypertts-6bb719651f294f48623d2443704bf54d59ff6b8c800b751e5d65bcb0.mp3]	[sound:立ち上がる_タチアカ゚ル━_0_NHK-2016.mp3] [sound:立ち上がる_タチアカ゚＼ル_4_NHK-2016.mp3]	"""<span style=""""box-shadow: inset -2px -2px 0 0 #FF6633;"""">タ</span><span style=""""box-shadow: inset 0px 2px 0 0px #FF6633;"""">チアカ<span style=""""color: red;"""">°</span>ル</span> <span class=""""pitch_number"""">0</span>, <span style=""""box-shadow: inset -2px -2px 0 0 #FF6633;"""">タ</span><span style=""""box-shadow: inset -2px 2px 0 0px #FF6633;"""">チアカ<span style=""""color: red;"""">°</span></span><span style=""""box-shadow: inset 0px -2px 0 0px #FF6633;"""">ル</span> <span class=""""pitch_number"""">4</span>"""
1788508209259	1788509434	Doki Doki2-10	立ち入り	立[た]ち 入[い]り	たちいり	tachiiri	wejście, wstęp	ここは立ち入り禁止です。	Tutaj jest zakaz wstępu.			rzeczownik; najczęściej w wyrażeniu 立ち入り禁止 (zakaz wstępu)	ここは 立[た]ち 入[い]り 禁[きん] 止[し]です。		[sound:hypertts-3128bc92f64daa9868cb9c3d601b1ab4b7fddc3235ce59a4b0be7e47.mp3]	[sound:hypertts-15d246cc6c74ea4bfd77c2b47feb6a7313f9f5aa9996dc8078503386.mp3]	[sound:立ち入り_タチイリ━_0_NHK-2016.mp3]	"""<span style=""""box-shadow: inset -2px -2px 0 0 #FF6633;"""">タ</span><span style=""""box-shadow: inset 0px 2px 0 0px #FF6633;"""">チイリ</span> <span class=""""pitch_number"""">0</span>"""
1788508209260	1788509085	Doki Doki2-10	自ら	自[みずか]ら	みずから	mizukara	samemu, osobiście	彼は自ら私に話しました。	On osobiście ze mną porozmawiał.			przysłówek	彼[かれ]は 自[みずか]ら 私[わたし]に 話[はな]しました。		[sound:hypertts-e0b071af506c69a55880ad125c230370d0f64e9b559e71a139791120.mp3]	[sound:hypertts-6a732c4e39948a4d5d170b27694677b51b01d7c52d26758a9f147624.mp3]	[sound:自ら_ミ＼ズカラ_1_Shinmeikai-8.mp3]	"""<span style=""""box-shadow: inset -2px 2px 0 0px #FF6633;"""">ミ</span><span style=""""box-shadow: inset 0px -2px 0 0px #FF6633;"""">ズカラ</span> <span class=""""pitch_number"""">1</span>"""
1788508209261	1788509085	Doki Doki2-10	夜明け	夜[よ] 明[あ]け	よあけ	yoake	świt, brzask	夜明けまで友達と遊びました。	Bawiłem się ze znajomymi aż do świtu.			rzeczownik	夜[よ] 明[あ]けまで 友[とも] 達[だち]と 遊[あそ]びました。		[sound:hypertts-05157daf82ca285a674056ad1b6458d8fd83d6dcbcd7466ab2264dfe.mp3]	[sound:hypertts-d7d7fc3f782e85e328644e97601c264534005729e76dd270544e3ec0.mp3]	[sound:夜明け_ヨアケ＼_3_NHK-2016.mp3]	"""<span style=""""box-shadow: inset -2px -2px 0 0 #FF6633;"""">ヨ</span><span style=""""box-shadow: inset -2px 2px 0 0px #FF6633;"""">アケ</span> <span class=""""pitch_number"""">3</span>"""
1788508209262	1788509707	Doki Doki2-10	持参	持[じ] 参[さん]	じさん	jisan	rzeczy osobiste, przyniesienie własnego (np. jedzenia), zabranie ze sobą	飲み物は持参してください。	Proszę przynieść własne napoje.			rzeczownik; często używany jako czasownik z suru	飲[の]み 物[もの]は 持[じ] 参[さん]してください。		[sound:hypertts-ed67dabd4d7bfe3c8944a506c45a53d82a6850dea8c7698ea86e2f65.mp3]	[sound:hypertts-deb5571f5f46a3416e9653bd540607448cc2e1fe3bee5a5de4ebaa05.mp3]	[sound:持参_ジサン━_0_NHK-2016.mp3]	"""<span style=""""box-shadow: inset -2px -2px 0 0 #FF6633;"""">ジ</span><span style=""""box-shadow: inset 0px 2px 0 0px #FF6633;"""">サン</span> <span class=""""pitch_number"""">0</span>"""
1788508209263	1788509444	Doki Doki2-10	持ち上げる	持[も]ち 上[あ]げる	もちあげる	mochiageru	podnieść, unieść (coś ciężkiego)	重い荷物を持ち上げました。	Podniosłem ciężki bagaż.	持[も]ち 上[あ]げます	持[も]ち 上[あ]げません	czasownik gr. 2	重[おも]い 荷[に] 物[もつ]を 持[も]ち 上[あ]げました。		[sound:hypertts-148d77564f1739f5a9c36d7d0f1abeab80c1f8bc198aa499d7abdd13.mp3]	[sound:hypertts-6726d4afdaa1151db707c3ce012ba5c53e673bf0b70bef11d6db27c6.mp3]	[sound:持ち上げる_モチアケ゚ル━_0_NHK-2016.mp3] [sound:持ち上げる_モチアケ゚＼ル_4_NHK-2016.mp3]	"""<span style=""""box-shadow: inset -2px -2px 0 0 #FF6633;"""">モ</span><span style=""""box-shadow: inset 0px 2px 0 0px #FF6633;"""">チアケ<span style=""""color: red;"""">°</span>ル</span> <span class=""""pitch_number"""">0</span>, <span style=""""box-shadow: inset -2px -2px 0 0 #FF6633;"""">モ</span><span style=""""box-shadow: inset -2px 2px 0 0px #FF6633;"""">チアケ<span style=""""color: red;"""">°</span></span><span style=""""box-shadow: inset 0px -2px 0 0px #FF6633;"""">ル</span> <span class=""""pitch_number"""">4</span>"""
1788600873424	1788600988	Doki Doki2-9	間にか	間[ま]にか	まにか	manika	niepostrzeżenie, w międzyczasie	友達はいつの間にか帰りました。	Przyjaciel niepostrzeżenie wrócił do domu.			Często używane w zwrocie いつの間にか (zanim się zorientowałem).	友[とも] 達[だち]はいつの 間[ま]にか 帰[かえ]りました。		[sound:hypertts-e99ea39aa08e8627735661eb6a555c7d01bff988da9a94732bc8e824.mp3]	[sound:hypertts-ef9482b9c8b4891f62d147f8cc58ea358f726d6d53cc4200449ac21e.mp3]		
1788600873425	1791010464	Doki Doki2-9	の	の	の	no	partykuła pytająca (w mowie potocznej)	友達はどこも行かないのと聞きました。	"""Przyjaciel zapytał: """"Nigdzie nie idziesz?""""."""			"""Zastępuje """"か"""" w pytaniach w mowie potocznej."""	友[とも] 達[だち]はどこも 行[い]かないのと 聞[き]きました。		[sound:hypertts-c29fb85d50c7a7888dab7590629d3836dcb9a32c4cf3ac78255a8f23.mp3]	[sound:hypertts-aec428e43e8c53999ce30a18624d234edea439e3a67ed734b8d73348.mp3]	[sound:の_ノ＼_1_NHK-2016.mp3]	
1788600873426	1788600992	Doki Doki2-9	いいな	いいな	いいな	iina	ale fajnie, zazdroszczę	私も日本へ行きたいです。いいな。	Ja też chcę pojechać do Japonii. Ale fajnie.			Wyrażenie potoczne wyrażające zazdrość lub podziw.	私[わたし]も 日[に] 本[ほん]へ 行[い]きたいです。いいな。		[sound:hypertts-198bd63a503e7bf87764545d163655890d12ccfb22ada5fbd35b2fc3.mp3]	[sound:hypertts-897d11c6297d4d24f2eb0bebd196b2b7e9aba8556deda7e145b0ad8e.mp3]		
1788600873428	1788600996	Doki Doki2-9	カヤック	カヤック	カヤック	kayakku	kajak	週末に川でカヤックに乗りました。	W weekend pływałem kajakiem po rzece.			Zapożyczenie (gairaigo).	週[しゅう] 末[まつ]に 川[かわ]でカヤックに 乗[の]りました。		[sound:hypertts-259162b219f03f5ec579e94ca6b014fd5dffd4566f2f44d333f69d64.mp3]	[sound:hypertts-a2f6949b3cf4680c24afc88f95c49f31ba4bedf60b90d2e3a988f149.mp3]	[sound:カヤック_カ＼ヤック_1_NHK-2016.mp3]	"""<span style=""""box-shadow: inset -2px 2px 0 0px #FF6633;"""">カ</span><span style=""""box-shadow: inset 0px -2px 0 0px #FF6633;"""">ヤック</span> <span class=""""pitch_number"""">1</span>, <span style=""""box-shadow: inset -2px -2px 0 0 #FF6633;"""">カ</span><span style=""""box-shadow: inset -2px 2px 0 0px #FF6633;"""">ヤ</span><span style=""""box-shadow: inset 0px -2px 0 0px #FF6633;"""">ック</span> <span class=""""pitch_number"""">2</span>"""
1788600873429	1789735229	Doki Doki2-9 leech	任せる	任[まか]せる	まかせる	makaseru	powierzyć, zostawić (coś komuś)	この仕事は私に任せてください。	Proszę mi powierzyć tę pracę.	任[まか]せます	任[まか]せません	Czasownik gr. 2.	この 仕[し] 事[ごと]は 私[わたし]に 任[まか]せてください。		[sound:hypertts-1808a2fcab86e401b74c0234ef3efe49c182b9bd178224432beaf568.mp3]	[sound:hypertts-e38c8a2569143cef86f2ca52a41cca41591551ff32b96019e510279d.mp3]	[sound:任せる_マカセ＼ル_3_NHK-2016.mp3]	"""<span style=""""box-shadow: inset -2px -2px 0 0 #FF6633;"""">マ</span><span style=""""box-shadow: inset -2px 2px 0 0px #FF6633;"""">カセ</span><span style=""""box-shadow: inset 0px -2px 0 0px #FF6633;"""">ル</span> <span class=""""pitch_number"""">3</span>"""
1788600873430	1788601000	Doki Doki2-9	カケス	カケス	カケス	kakesu	sójka (ptak)	森でカケスを見ました。	Widziałem sójkę w lesie.			Nazwy zwierząt i ptaków często zapisuje się w Katakanie.	森[もり]でカケスを 見[み]ました。		[sound:hypertts-636e757dfa6978b7fd918674d45801d668a5b6654177fd41b16aefd5.mp3]	[sound:hypertts-8a26cdf060daf37096ef92ae5a361d7fb6091741a4fd767c8bf03b6e.mp3]	[sound:カケス_カケス_JapanesePod101.mp3] [sound:かけす_カケス_JapanesePod101.mp3] [sound:かけす_カケス_JapanesePod101(1).mp3]	"""<span style=""""box-shadow: inset -2px -2px 0 0 #FF6633;"""">カ</span><span style=""""box-shadow: inset 0px 2px 0 0px #FF6633;"""">ケス</span> <span class=""""pitch_number"""">0</span>"""
1788600873431	1788601001	Doki Doki2-9	バシャン	バシャン	バシャン	bashan	plusk (dźwięk)	水に落ちて、バシャンと音がしました。	Wpadł do wody i rozległ się plusk.			Onomatopeja (dźwięk wpadania do wody).	水[みず]に 落[お]ちて、バシャンと 音[おと]がしました。		[sound:hypertts-26c584413bf4787af523e441fbd8d95b0b6e57995f1f6de9236b975e.mp3]	[sound:hypertts-457fff397b1713c8eb39c5a131f222019b7bd29fa0f5863708e293d6.mp3]		
1788600873432	1791010580	Doki Doki2-9	ぐらあ	ぐらあ	ぐらあ	guraa	grrr, ryk	熊がぐらあと鳴きました。	"""Niedźwiedź zaryczał """"grrr""""."""			Onomatopeja naśladująca ryk niedźwiedzia lub potwora.	熊[くま]がぐらあと 鳴[な]きました。		[sound:hypertts-d16bc61b7c7f35b8beee56a1b23db21bfc4f91df9a777e35b757ce13.mp3]	[sound:hypertts-24faa160a19f75033643fb5e0716314a1871bea53ba6d1abeee42e51.mp3]		
1788600873433	1788601238	Doki Doki2-10	袋	袋[ふくろ]	ふくろ	fukuro	torba, worek	スーパーでレジ袋を買いました。	Kupiłem reklamówkę w supermarkecie.			Słowo często używane jako レジ袋 (reklamówka).	スーパーでレジ 袋[ぶくろ]を 買[か]いました。		[sound:hypertts-e05dc2ad79a342ae601a8213d5878d8b3ffec08b44c054c5ba5f3bfb.mp3]	[sound:hypertts-98fdda2ea4730112c29c2c73285014937f998b3b21db680e6371ff3d.mp3]	[sound:袋_フクロ＼_3_NHK-2016.mp3]	"""<span style=""""box-shadow: inset -2px -2px 0 0 #FF6633;""""><span style=""""color: royalblue;"""">フ</span></span><span style=""""box-shadow: inset -2px 2px 0 0px #FF6633;"""">クロ</span> <span class=""""pitch_number"""">3</span>"""
1788600873434	1788601238	Doki Doki2-10	段階	段[だん] 階[かい]	だんかい	dankai	etap, faza, szczebel	次の段階に行きましょう。	Przejdźmy do następnego etapu.			Rzeczownik.	次[つぎ]の 段[だん] 階[かい]に 行[い]きましょう。		[sound:hypertts-34b7fe2f8cfbb6dd692cba0de1e58e8fd18bf157e2dc390bb8e83484.mp3]	[sound:hypertts-45273f026810340018825401e6aad4b7db03e5718aca3d9ea79baa8b.mp3]	[sound:段階_ダンカイ━_0_NHK-2016.mp3]	"""<span style=""""box-shadow: inset -2px -2px 0 0 #FF6633;"""">ダ</span><span style=""""box-shadow: inset 0px 2px 0 0px #FF6633;"""">ンカイ</span> <span class=""""pitch_number"""">0</span>"""
1788600873435	1788601238	Doki Doki2-10	異常	異[い] 常[じょう]	いじょう	ijou	niezwykły, nienormalny, anomalia	今年の夏は異常に暑いです。	Tego lata jest niezwykle gorąco.			na-przymiotnik i rzeczownik.	今年[ことし]の 夏[なつ]は 異[い] 常[じょう]に 暑[あつ]いです。		[sound:hypertts-3999f4e7e9ef34625fb06ef165ed69bc8425c1ce8debb075d40982f7.mp3]	[sound:hypertts-0d386b3957020657755b69b15f0bc9670c2578dff3cfbb9485a76f2c.mp3]	[sound:異常_イジョー━_0_NHK-2016.mp3]	"""<span style=""""box-shadow: inset -2px -2px 0 0 #FF6633;"""">イ</span><span style=""""box-shadow: inset 0px 2px 0 0px #FF6633;"""">ジョー</span> <span class=""""pitch_number"""">0</span>"""
1788600873436	1788601238	Doki Doki2-10	異世界	異[い] 世[せ] 界[かい]	いせかい	isekai	inny świat	異世界のアニメを見ました。	Obejrzałem anime o innym świecie.			Złożenie słów 異 (inny) i 世界 (świat).	異[い] 世[せ] 界[かい]のアニメを 見[み]ました。		[sound:hypertts-0889499037dab0eef8769716554376dc92f4bebf471ee9643739ea10.mp3]	[sound:hypertts-c4ef13f609f96f8fa155a4b6020491aaba4817869267119d4125f175.mp3]	[sound:異世界_イセカイ_JapanesePod101.mp3]	"""<span style=""""box-shadow: inset -2px -2px 0 0 #FF6633;"""">イ</span><span style=""""box-shadow: inset -2px 2px 0 0px #FF6633;"""">セ</span><span style=""""box-shadow: inset 0px -2px 0 0px #FF6633;"""">カイ</span> <span class=""""pitch_number"""">2</span>"""
1788600873437	1788601238	Doki Doki2-10	気温	気[き] 温[おん]	きおん	kion	temperatura powietrza	今日の気温は高いです。	Dzisiejsza temperatura powietrza jest wysoka.			Rzeczownik.	今日[きょう]の 気[き] 温[おん]は 高[たか]いです。		[sound:hypertts-9addd14ab525749b8e5e530eb594b7a929214f470acc96e5b43ceed4.mp3]	[sound:hypertts-d1c565417dc18835d4b27bdbbd1864820d5048ffa231d9086ae31952.mp3]	[sound:気温_キオン━_0_NHK-2016.mp3]	"""<span style=""""box-shadow: inset -2px -2px 0 0 #FF6633;"""">キ</span><span style=""""box-shadow: inset 0px 2px 0 0px #FF6633;"""">オン</span> <span class=""""pitch_number"""">0</span>"""
1788600873438	1788601238	Doki Doki2-10	最低	最[さい] 低[てい]	さいてい	saitei	najniższy, najgorszy	明日の最低気温は五度です。	Jutrzejsza najniższa temperatura to pięć stopni.			na-przymiotnik. Często używane jako 最低気温 (najniższa temperatura).	明日[あした]の 最[さい] 低[てい] 気[き] 温[おん]は 五[ご] 度[ど]です。		[sound:hypertts-ac027334fd5f10280be616ac098b763bdecd5bccc75447b24d103d1c.mp3]	[sound:hypertts-738d603659b2f048ed02b4c4d1ac5aa23e6dd9cf3f1cf692d4d5e959.mp3]	[sound:最低_サイテー━_0_NHK-2016.mp3]	"""<span style=""""box-shadow: inset -2px -2px 0 0 #FF6633;"""">サ</span><span style=""""box-shadow: inset 0px 2px 0 0px #FF6633;"""">イテイ</span> <span class=""""pitch_number"""">0</span>"""
1788600873440	1788601238	Doki Doki2-10	香	香[こう]	こう	kou	kadzidło, zapach	良い香を買いました。	Kupiłem dobre kadzidło.			Może być również czytane jako かおり (zapach). Często używane w pojęciach takich jak 香道 (koudou).	良[よ]い 香[こう]を 買[か]いました。		[sound:hypertts-718d16c18a1d2f3ff8c993a74931b2ac06461d2e679a60b71ace935d.mp3]	[sound:hypertts-3d469821448a191bf1e86000469d743b7c8abcb7c61bd1285446ede2.mp3]	[sound:香_コ＼ー_1_NHK-2016.mp3]	"""<span style=""""box-shadow: inset -2px 2px 0 0px #FF6633;"""">コ</span><span style=""""box-shadow: inset 0px -2px 0 0px #FF6633;"""">ー</span> <span class=""""pitch_number"""">1</span>"""
1788716790685	1788792689	Doki Doki2-10	女優	女[じょ] 優[ゆう]	じょゆう	joyuu	aktorka	彼女は有名な女優です。	Ona jest sławną aktorką.			rzeczownik	彼女[かのじょ]は 有名[ゆうめい]な 女[じょ] 優[ゆう]です。		[sound:hypertts-9f5d084f00574544c49e6959a3fbbdfe4ef4c9412750fc3175a27f2d.mp3]	[sound:hypertts-54bbe581880a1a8f94e5df99a2bde5591a6bd3e5429a411691eadc77.mp3]	[sound:女優_ジョユー━_0_NHK-2016.mp3]	"""<span style=""""box-shadow: inset -2px -2px 0 0 #FF6633;"""">ジョ</span><span style=""""box-shadow: inset 0px 2px 0 0px #FF6633;"""">ユー</span> <span class=""""pitch_number"""">0</span>"""
1789206097150	1789206170	Doki Doki2-9	鶴	鶴[つる]	つる	tsuru	żuraw (ptak)	あの鶴はとてもきれいです。	Tamten żuraw jest bardzo ładny.			Rzeczownik. Oznacza ptaka (żurawia) kojarzonego w Japonii ze szczęściem i długowiecznością (często składany jako origami).	あの 鶴[つる]はとてもきれいです。		[sound:hypertts-e63dfceb514f3aac2dab610b4d631ae23af5a024a75f7e40396c0c16.mp3]	[sound:hypertts-57e79e15ceb5b499d56166bc0e709105b6d00cf80aa6fd04b957c473.mp3]	[sound:鶴_ツ＼ル_1_NHK-2016.mp3]	"""<span style=""""box-shadow: inset -2px 2px 0 0px #FF6633;"""">ツ</span><span style=""""box-shadow: inset 0px -2px 0 0px #FF6633;"""">ル</span> <span class=""""pitch_number"""">1</span>"""
1789206097151	1789206172	Doki Doki2-9	ホワイトボード	ホワイトボード	ホワイトボード	howaitobōdo	biała tablica (suchościeralna)	先生はホワイトボードに漢字を書きました。	Nauczyciel napisał znak kanji na białej tablicy.			Rzeczownik. Zapożyczenie z języka angielskiego (gairaigo). Przydatne słowo w kontekście szkolnym i biurowym.	 先[せん] 生[せい]はホワイトボードに 漢[かん] 字[じ]を 書[か]きました。		[sound:hypertts-c5bf38dc56940544f10ba4eb65ef8a98db9fa75411a4df7229289d7a.mp3]	[sound:hypertts-510839bd8a88d331c4f182d156be1036b160bb1768ccadd2bed80be6.mp3]	[sound:ホワイトボード_ホワイトボ＼ード_5_Shinmeikai-8.mp3]	"""<span style=""""box-shadow: inset -2px -2px 0 0 #FF6633;"""">ホ</span><span style=""""box-shadow: inset -2px 2px 0 0px #FF6633;"""">ワイトボ</span><span style=""""box-shadow: inset 0px -2px 0 0px #FF6633;"""">ード</span> <span class=""""pitch_number"""">5</span>"""
1789206097152	1789206173	Doki Doki2-9	かっこ	かっこ	かっこ	kakko	nawias	かっこの中に名前を書いてください。	Proszę wpisać imię w nawiasie.			Rzeczownik. Słowo to posiada kanji (括弧) jednak na co dzień zapisywane jest i używane wyłącznie w hiraganie.	かっこの 中[なか]に 名[な] 前[まえ]を 書[か]いてください。		[sound:hypertts-56269c93d6a1e22b6400c0d400ba7f59eb3015b80264b54c200c2a8c.mp3]	[sound:hypertts-905ee64897642fbe47f72341c2b5f75c8c5f1b551bc8437e1ea594b8.mp3]	[sound:かっこ_カ＼ッコ_1_NHK-2016.mp3]	"""<span style=""""box-shadow: inset -2px 2px 0 0px #FF6633;"""">カ</span><span style=""""box-shadow: inset 0px -2px 0 0px #FF6633;"""">ッコ</span> <span class=""""pitch_number"""">1</span>"""
1789206097153	1789206175	Doki Doki2-9	埋める	埋[う]める	うめる	umeru	zakopać, wypełnić	犬は公園で骨を埋めました。	Pies zakopał kość w parku.	埋[う]めます	埋[う]めません	Czasownik gr. 2 (ichidan). Oznacza zakopywanie czegoś w ziemi (np. przez zwierzę) lub wypełnianie pustej przestrzeni. Forma słownikowa: 埋める.	 犬[いぬ]は 公[こう] 園[えん]で 骨[ほね]を 埋[う]めました。		[sound:hypertts-62532988f7d4a5b8104340097591fa0a9b18a4dadbfca2cb8f294318.mp3]	[sound:hypertts-d2afbd892cc6cce505a3355b40ac83f3655822686ceb23c58a2c2bde.mp3]	[sound:埋める_ウメル━_0_NHK-2016.mp3]	"""<span style=""""box-shadow: inset -2px -2px 0 0 #FF6633;"""">ウ</span><span style=""""box-shadow: inset 0px 2px 0 0px #FF6633;"""">メル</span> <span class=""""pitch_number"""">0</span>"""
1789206097154	1789206232	Doki Doki2-9	最後	最[さい] 後[ご]	さいご	saigo	koniec, ostatni	これが最後のテストです。	To jest ostatni test.			Rzeczownik. Odnosi się do końcowego etapu lub ostatniego elementu w rzędzie. Aby użyć jako przymiotnika (ostatni) należy dodać partykułę の (最後の).	これが 最[さい] 後[ご]のテストです。		[sound:hypertts-05bd5ed1d4ed3ce6e7aea6bf1c1f60c5e4f4b254fbca247b80dfbd6a.mp3]	[sound:hypertts-829f607a186e442542fb17c3418dd47797ae21900f4521e50fbd5cbe.mp3]	[sound:最後_サ＼イコ゚_1_NHK-2016.mp3]	"""<span style=""""box-shadow: inset -2px 2px 0 0px #FF6633;"""">サ</span><span style=""""box-shadow: inset 0px -2px 0 0px #FF6633;"""">イコ<span style=""""color: red;"""">°</span></span> <span class=""""pitch_number"""">1</span>"""
1789206097155	1789206179	Doki Doki2-9	例えば	例[たと]えば	たとえば	tatoeba	na przykład	日本の食べ物が好きです。例えば、すしやラーメンです。	Lubię japońskie jedzenie. Na przykład sushi i ramen.			Przysłówek. Bardzo użyteczne słowo do podawania przykładów w konwersacji.	 日[に] 本[ほん]の 食[た]べ 物[もの]が 好[す]きです。 例[たと]えば、すしやラーメンです。		[sound:hypertts-49c421a17c5f0fc12c8fba0ef81ebb2dd43f280d9301206b70ef443c.mp3]	[sound:hypertts-d2efbb8f36381f7a9e1a9a04c92d56c750fbe3a916d39f6d7dffc37a.mp3]	[sound:例えば_タト＼エバ_2_NHK-2016.mp3]	"""<span style=""""box-shadow: inset -2px -2px 0 0 #FF6633;"""">タ</span><span style=""""box-shadow: inset -2px 2px 0 0px #FF6633;"""">ト</span><span style=""""box-shadow: inset 0px -2px 0 0px #FF6633;"""">エバ</span> <span class=""""pitch_number"""">2</span>"""
1789206097156	1789206279	Doki Doki2-9	びっくりする	びっくりする	びっくりする	bikkurisuru	być zaskoczonym, przestraszyć się	私はとてもびっくりしました。	Byłem bardzo zaskoczony.	びっくりします	びっくりしません	Czasownik nieregularny gr. 3. Wyraża nagłe zaskoczenie. Forma słownikowa: びっくりする.	 私[わたし]はとてもびっくりしました。		[sound:hypertts-72c35a366a42c1f9529a9dbf6d741d0a527ad40b5db260d32a2b1ef5.mp3]	[sound:hypertts-59f3acccc7add5ab7b30bae259f77d0e8e462b0f6846326519e6b6df.mp3]		"""<span style=""""box-shadow: inset -2px -2px 0 0 #FF6633;"""">ビ</span><span style=""""box-shadow: inset -2px 2px 0 0px #FF6633;"""">ック</span><span style=""""box-shadow: inset 0px -2px 0 0px #FF6633;"""">リスル</span> <span class=""""pitch_number"""">3</span>"""
1789206097157	1789206182	Doki Doki2-9	違反	違[い] 反[はん]	いはん	ihan	naruszenie zasad, nielegalne	ここで写真を撮ってはいけません。それは違反です。	Nie wolno tutaj robić zdjęć. To jest naruszenie zasad.			Rzeczownik (suru-youshi). Używane często jako czasownik 違反する (naruszać zasady) lub w określeniach takich jak ルール違反 (złamanie reguł).	ここで 写[しゃ] 真[しん]を 撮[と]ってはいけません。それは 違[い] 反[はん]です。		[sound:hypertts-e625e55e7180d92b2b9569c7e1221b41f001caa28c29cab3f47920bd.mp3]	[sound:hypertts-2d9ca2074df1f8b6e2e6193907dc102096541e455b0f6b4b009b4250.mp3]	[sound:違反_イハン━_0_NHK-2016.mp3]	"""<span style=""""box-shadow: inset -2px -2px 0 0 #FF6633;"""">イ</span><span style=""""box-shadow: inset 0px 2px 0 0px #FF6633;"""">ハン</span> <span class=""""pitch_number"""">0</span>"""
1789206097158	1789206184	Doki Doki2-9	獣医	獣[じゅう] 医[い]	じゅうい	jūi	weterynarz	昨日、犬と一緒に獣医に行きました。	Wczoraj poszedłem z psem do weterynarza.			Rzeczownik. Nazwa zawodu lekarza zwierząt domowych. Często używa się też określenia 動物病院 (klinika weterynaryjna).	 昨日[きのう]、 犬[いぬ]と 一[いっ] 緒[しょ]に 獣[じゅう] 医[い]に 行[い]きました。		[sound:hypertts-ea49964dd90d0251b324b052e3665bebafb2bc4c4f5e729bcd9a2158.mp3]	[sound:hypertts-204dd87fb2e70c45cb918151884f640b017cd5af4142339af928e75c.mp3]	[sound:獣医_ジュ＼ーイ_1_NHK-2016.mp3]	"""<span style=""""box-shadow: inset -2px 2px 0 0px #FF6633;"""">ジュ</span><span style=""""box-shadow: inset 0px -2px 0 0px #FF6633;"""">ーイ</span> <span class=""""pitch_number"""">1</span>"""
1789813541904	1790082014	Doki Doki2-10	住宅街	住[じゅう] 宅[たく] 街[がい]	じゅうたくがい	jūtakugai	dzielnica mieszkaniowa, osiedle mieszkaniowe	この住宅街は駅から近いです。	Ta dzielnica mieszkaniowa jest blisko stacji.			rzeczownik. 街 ma tutaj odczyt がい jako element złożenia	この 住[じゅう] 宅[たく] 街[がい]は 駅[えき]から 近[ちか]いです。		[sound:hypertts-58700007922f261ff52f501bb695b5dd6da7a9b65071413e76e71eac.mp3]	[sound:hypertts-2a292b0b00a026715b2abef8b345bb0fd5f7e9815c2b24f3150e2c54.mp3]	[sound:住宅街_ジュータク＼カ゚イ_4_nhk-2016.mp3]	"""<span style=""""box-shadow: inset -2px -2px 0 0 #FF6633;"""">ジュ</span><span style=""""box-shadow: inset -2px 2px 0 0px #FF6633;"""">ータク</span><span style=""""box-shadow: inset 0px -2px 0 0px #FF6633;"""">カ<span style=""""color: red;"""">°</span>イ</span> <span class=""""pitch_number"""">4</span>"""
1789813541905	1789821317	Doki Doki2-10	部長	部[ぶ] 長[ちょう]	ぶちょう	buchō	kierownik działu, szef działu	部長は今会議をしています。	Kierownik działu jest teraz na zebraniu.			rzeczownik, tytuł służbowy. Oznacza kierownika lub szefa działu w firmie	部[ぶ] 長[ちょう]は 今[いま] 会[かい] 議[ぎ]をしています。		[sound:hypertts-1e716e849cb5d7619753e4b842f2f90dfc8cc217a01bcb14d698b7a9.mp3]	[sound:hypertts-113f6e396d197b2371887f54bf7aa5f418fa7eaafb7fa51e24730118.mp3]	[sound:部長_ブチョー━_0_nhk-2016.mp3]	"""<span style=""""box-shadow: inset -2px -2px 0 0 #FF6633;"""">ブ</span><span style=""""box-shadow: inset 0px 2px 0 0px #FF6633;"""">チョー</span> <span class=""""pitch_number"""">0</span>"""
1789813541907	1789821317	Doki Doki2-10	海外旅行	海[かい] 外[がい] 旅[りょ] 行[こう]	かいがいりょこう	kaigai ryokō	podróż zagraniczna	来年、海外旅行に行きたいです。	W przyszłym roku chcę pojechać w podróż zagraniczną.			rzeczownik. Oznacza podróż poza granice własnego kraju	来[らい] 年[ねん]、 海[かい] 外[がい] 旅[りょ] 行[こう]に 行[い]きたいです。		[sound:hypertts-b56d78422f1d0b0e20380eb038a0bda00817b890a69ec37490a76c55.mp3]	[sound:hypertts-208628498d48198a793efe9c6f39224a2e05d6ac1cb1d678e562aac6.mp3]	[sound:海外旅行_カイカ゚イリョ＼コー_5_nhk-2016.mp3]	"""<span style=""""box-shadow: inset -2px -2px 0 0 #FF6633;"""">カ</span><span style=""""box-shadow: inset -2px 2px 0 0px #FF6633;"""">イガイリョ</span><span style=""""box-shadow: inset 0px -2px 0 0px #FF6633;"""">コウ</span> <span class=""""pitch_number"""">5</span>"""
1789813541910	1789821317	Doki Doki2-10	元日	元[がん] 日[じつ]	がんじつ	ganjitsu	Nowy Rok, 1 stycznia	元日は家族と一緒にご飯を食べます。	W Nowy Rok jem posiłek razem z rodziną.			rzeczownik. Oznacza dzień 1 stycznia. 元旦 tradycyjnie odnosi się zwłaszcza do poranka 1 stycznia	元[がん] 日[じつ]は 家[か] 族[ぞく]と 一[いっ] 緒[しょ]にご 飯[はん]を 食[た]べます。		[sound:hypertts-83bb4878d08c27abded6045eb87ec36325edc5b18b3527b5961c8361.mp3]	[sound:hypertts-19c032658bf85ac06d98697d883a7eb5a6e963aeb1d0c2b16cce1977.mp3]	[sound:元日_ガンジツ━_0_nhk-2016.mp3]	"""<span style=""""box-shadow: inset -2px -2px 0 0 #FF6633;"""">ガ</span><span style=""""box-shadow: inset 0px 2px 0 0px #FF6633;"""">ンジツ</span> <span class=""""pitch_number"""">0</span>"""
1789813541911	1789821317	Doki Doki2-10	お年玉	お 年[とし] 玉[だま]	おとしだま	otoshidama	noworoczny prezent pieniężny dla dzieci	お正月に子供はお年玉をもらいます。	W Nowy Rok dzieci dostają pieniądze w prezencie.			rzeczownik, kultura. Pieniądze wręczane dzieciom z okazji Nowego Roku, zwykle w małej kopercie. 玉 ma tu odczyt だま wskutek rendaku	お 正[しょう] 月[がつ]に 子[こ] 供[ども]はお 年[とし] 玉[だま]をもらいます。		[sound:hypertts-888b441ac5b649c9e68847466e0745eec2714184f1aec738d63a79fc.mp3]	[sound:hypertts-b2094cb5b054d721b94c335c10b11726cc31afb533e4374cd0a49c66.mp3]	[sound:お年玉_オトシダマ━_0_nhk-2016.mp3]	"""<span style=""""box-shadow: inset -2px -2px 0 0 #FF6633;"""">オ</span><span style=""""box-shadow: inset 0px 2px 0 0px #FF6633;"""">トシダマ</span> <span class=""""pitch_number"""">0</span>"""
1789819318048	1789821317	Doki Doki2-10	おやつ	おやつ	おやつ	oyatsu	przekąska, podwieczorek	三時におやつを食べます。	O trzeciej jem podwieczorek.			rzeczownik. Przekąska jedzona między głównymi posiłkami, często kojarzona z przekąską około godziny trzeciej.	三[さん] 時[じ]におやつを 食[た]べます。		[sound:hypertts-1910f0b6e61a9ed57ad03d0edd63d1fcc2f540ba8e254f70868bfbd0.mp3]	[sound:hypertts-b4350114b319e30e46981153db836fe3a1b758e7e387c1f80764456b.mp3]	[sound:おやつ_オヤ＼ツ_2_nhk-2016.mp3]	"""<span style=""""box-shadow: inset -2px -2px 0 0 #FF6633;"""">オ</span><span style=""""box-shadow: inset -2px 2px 0 0px #FF6633;"""">ヤ</span><span style=""""box-shadow: inset 0px -2px 0 0px #FF6633;"""">ツ</span> <span class=""""pitch_number"""">2</span>"""
1789819318049	1789821317	Doki Doki2-10	出発	出[しゅっ] 発[ぱつ]	しゅっぱつ	shuppatsu	wyjazd, odjazd, wyruszenie	明日の朝、七時に出発します。	Jutro rano wyjeżdżam o siódmej.			rzeczownik słowny. Z する tworzy czasownik 出発する oznaczający wyruszać lub wyjeżdżać.	明日[あした]の 朝[あさ]、七[しち] 時[じ]に 出[しゅっ] 発[ぱつ]します。		[sound:hypertts-a3fab7ac5c8e177bc81980118b3c6cdce17838fbffd5231ef5240189.mp3]	[sound:hypertts-9c119b6483d6fbde85c18616729ca5fd6e4fe8c1133d82fbb4e57398.mp3]	[sound:出発_シュッパツ━_0_nhk-2016.mp3]	"""<span style=""""box-shadow: inset -2px -2px 0 0 #FF6633;""""><span style=""""color: royalblue;"""">シ</span>ュ</span><span style=""""box-shadow: inset 0px 2px 0 0px #FF6633;"""">ッパツ</span> <span class=""""pitch_number"""">0</span>"""
1791015272093	1791015370	Doki Doki2-10	インターネット	インターネット	インターネット	intānetto	internet	毎日インターネットで日本語を勉強します。	Codziennie uczę się japońskiego przez internet.			zapożyczenie od angielskiego internet. Partykuła で wskazuje tu medium.	毎[まい] 日[にち]インターネットで 日[に] 本[ほん] 語[ご]を 勉[べん] 強[きょう]します。		[sound:hypertts-6d2942bc41c37ede093df3b2b166aa252461e80f1b2e335435d162f2.mp3]	[sound:hypertts-ac520e7c0cace372251e41c678b72205feddb7b6eb79735be4228743.mp3]	[sound:インターネット_インターネ＼ット_5_nhk-2016.mp3]	"""<span style=""""box-shadow: inset -2px -2px 0 0 #FF6633;"""">イ</span><span style=""""box-shadow: inset -2px 2px 0 0px #FF6633;"""">ンターネ</span><span style=""""box-shadow: inset 0px -2px 0 0px #FF6633;"""">ット</span> <span class=""""pitch_number"""">5</span>"""
1791015272094	1791015373	Doki Doki2-10	商品	商[しょう] 品[ひん]	しょうひん	shōhin	produkt, towar oferowany w sprzedaży	この店の商品は安いです。	Towary w tym sklepie są tanie.			rzeczownik. Dotyczy rzeczy przeznaczonych na sprzedaż a nie dowolnych przedmiotów.	この 店[みせ]の 商[しょう] 品[ひん]は 安[やす]いです。		[sound:hypertts-e7049a2e99f3520b49e7f9f282f3719d291d2116d2d9c1a544ead544.mp3]	[sound:hypertts-19e387d8f457cb91c89d224e724cf4c59c50e6e56eda6c98c4e23f80.mp3]	[sound:商品_ショ＼ーヒン_1_nhk-2016.mp3]	"""<span style=""""box-shadow: inset -2px 2px 0 0px #FF6633;"""">ショ</span><span style=""""box-shadow: inset 0px -2px 0 0px #FF6633;"""">ーヒン</span> <span class=""""pitch_number"""">1</span>"""
1791015272095	1791015375	Doki Doki2-10	自由に	自[じ] 由[ゆう]に	じゆうに	jiyū ni	swobodnie, dowolnie, bez ograniczeń	ここでは自由に写真を撮ってもいいです。	Tutaj można swobodnie robić zdjęcia.			przysłówek od na-adj 自[じ] 由[ゆう]. Opisuje swobodę wykonania czynności lub wyboru.	ここでは 自[じ] 由[ゆう]に 写[しゃ] 真[しん]を 撮[と]ってもいいです。		[sound:hypertts-87b86eb21c410f9ca2dac1bde043d93b6a059477ef639a76f8d106ae.mp3]	[sound:hypertts-d1ec96ecdcdff9821b38a082e5a23c9d7a0f4f3e21d1e5e5a70d1bf9.mp3]	[sound:自由に_ジユウニ_japanesepod101.mp3]	
1791015272096	1791047132	Doki Doki2-10	そっか	そっか	そっか	sokka	aha, rozumiem, no tak (potocznie)	そっか、明日は学校が休みですね。	Aha, jutro jest dzień wolny od szkoły.			potoczna skrócona forma そうか. Wyraża zrozumienie lub uświadomienie sobie czegoś. W formalnej rozmowie lepiej użyć そうですか.	そっか、 明日[あした]は 学[がっ] 校[こう]が 休[やす]みですね。		[sound:hypertts-1f07e819d1b79ec948ee7ba009e7075c79da0208eecbc033cab41e1d.mp3]	[sound:hypertts-378cddfd487617bab977cb40afe88c0b5ef5a42a07787447319c0fb7.mp3]	[sound:そっか_ソ＼ッカ_1_shinmeikai-8.mp3]	"""<span style=""""box-shadow: inset -2px 2px 0 0px #FF6633;"""">ソ</span><span style=""""box-shadow: inset 0px -2px 0 0px #FF6633;"""">ッカ</span> <span class=""""pitch_number"""">1</span>"""
1791015272097	1791015379	Doki Doki2-10	小豆	小豆[あずき]	あずき	azuki	fasola azuki, drobna czerwona fasola	このパフェには小豆が入っています。	W tym parfait jest fasola azuki.			rzeczownik. Używana m.in. do słodkiej pasty anko i japońskich deserów. Nietypowy odczyt obu znaków jako jednej całości.	このパフェには 小豆[あずき]が 入[はい]っています。		[sound:hypertts-0f4070698b3ace3171ac9e97b701d4d6997c773bd3139147ff73c27f.mp3]	[sound:hypertts-5f4551a99e51e82fd318e28c60aa46e5815803a6c9c27e01b6b29350.mp3]	[sound:小豆_アズキ━_0_nhk-2016.mp3]<br>[sound:小豆_アズキ＼_3_nhk-2016.mp3]	"""<span style=""""box-shadow: inset -2px -2px 0 0 #FF6633;"""">ア</span><span style=""""box-shadow: inset -2px 2px 0 0px #FF6633;"""">ズキ</span> <span class=""""pitch_number"""">3</span>"""
1791015272098	1791015381	Doki Doki2-10	できる	できる	できる	dekiru	móc, umieć, powstać, zostać ukończonym	駅の前に新しいスーパーができました。	Przed stacją powstał nowy supermarket.	できます	できません	czasownik gr. 2. Jest też formą potencjalną する. Przy budynkach i sklepach oznacza powstać. Np. 日[に] 本[ほん] 語[ご]ができる oznacza umieć japoński. Zapis 出[で] 来[き]る istnieje ale częstsza jest kana.	駅[えき]の 前[まえ]に 新[あたら]しいスーパーができました。		[sound:hypertts-14e188c5eec78cd642519b7993c36a92b656fda915504729d3ccf3e9.mp3]	[sound:hypertts-5595dcdfbb980acb9314adf8043ccc0ab7512323569406da1ac14bdb.mp3]	[sound:できる_デキ＼ル_2_nhk-2016.mp3]	"""<span style=""""box-shadow: inset -2px -2px 0 0 #FF6633;"""">デ</span><span style=""""box-shadow: inset 0px 2px 0 0px #FF6633;"""">キル</span> <span class=""""pitch_number"""">0</span>, <span style=""""box-shadow: inset -2px -2px 0 0 #FF6633;"""">デ</span><span style=""""box-shadow: inset -2px 2px 0 0px #FF6633;"""">キ</span><span style=""""box-shadow: inset 0px -2px 0 0px #FF6633;"""">ル</span> <span class=""""pitch_number"""">2</span>"""
1791015272099	1791015383	Doki Doki2-10	パフェ	パフェ	パフェ	pafe	parfait, deser lodowy w pucharku	この店のパフェはおいしいです。	Parfait w tym lokalu jest smaczne.			zapożyczenie od francuskiego parfait. W Japonii zwykle warstwowy deser podawany w wysokim pucharku.	この 店[みせ]のパフェはおいしいです。		[sound:hypertts-c61a33fc7551eb4f2a2c74dbd03c7d78a9eb9dcab8cbe27657065954.mp3]	[sound:hypertts-43916473bc57f6daf0982272449c89e54ced43f894b7a4c8c636ad5d.mp3]	[sound:パフェ_パ＼フェ_1_nhk-2016.mp3]	"""<span style=""""box-shadow: inset -2px 2px 0 0px #FF6633;"""">パ</span><span style=""""box-shadow: inset 0px -2px 0 0px #FF6633;"""">フェ</span> <span class=""""pitch_number"""">1</span>"""
1791015272100	1791015385	Doki Doki2-10	かな	かな	かな	kana	ciekawe czy, zastanawiam się czy	明日は晴れるかなと思っています。	Zastanawiam się, czy jutro będzie słonecznie.			partykuła końcowa wyrażająca niepewność lub zastanawianie się. Poprzedza ją forma prosta. Samodzielnie ma charakter potoczny.	明日[あした]は 晴[は]れるかなと 思[おも]っています。		[sound:hypertts-d9e6ac28b6f263ff72575e189859f0c9508733f60215e9dec7d8453a.mp3]	[sound:hypertts-0a33d2b2beaff64cf36a06706d6b69425d69a70b87c512607f1eade9.mp3]	[sound:かな_カナ━_0_nhk-2016.mp3]	"""<span style=""""box-shadow: inset -2px -2px 0 0 #FF6633;"""">カ</span><span style=""""box-shadow: inset 0px 2px 0 0px #FF6633;"""">ナ</span> <span class=""""pitch_number"""">0</span>, <span style=""""box-shadow: inset -2px 2px 0 0px #FF6633;"""">カ</span><span style=""""box-shadow: inset 0px -2px 0 0px #FF6633;"""">ナ</span> <span class=""""pitch_number"""">1</span>"""
1791015272101	1791015387	Doki Doki2-10	にする	にする	にする	ni suru	decydować się na coś, wybierać lub brać coś	私はパフェにします。	Ja wybiorę parfait.	にします	にしません	konstrukcja rzeczownik + にする z czasownikiem gr. 3. Używana m.in. przy wyborze potrawy z menu. にします oznacza wybieram lub poproszę.	私[わたし]はパフェにします。		[sound:hypertts-e6d612a8bc8c1c5dc0de1b3d0b63233000ed3a3646c59783738dfcec.mp3]	[sound:hypertts-d13bc8696dce2dd395c24bb966fe1acf2b6c3066d7d1ab0c5c751a9d.mp3]		
1791015272102	1791015389	Doki Doki2-10	どうかな	どうかな	どうかな	dō kana	ciekawe jak, czy to dobry pomysł, jak myślisz	このプレゼントはどうかなと思います。	Zastanawiam się, czy ten prezent będzie odpowiedni.			potoczne połączenie どう + かな. Wyraża namysł lub ostrożną ocenę propozycji. Samodzielne どうかな może sugerować wątpliwość.	このプレゼントはどうかなと 思[おも]います。		[sound:hypertts-539fc1b445ab7013a1dd6ba2861a38aa1131f09638101d08c0d65b72.mp3]	[sound:hypertts-f062b2bb78039e72625230fd1e7175ac171eed6229460d51b227acd5.mp3]	[sound:どうかな_ドウカナ_japanesepod101.mp3]	
1791031920934	1791031965	Doki Doki2-10	首都	首[しゅ] 都[と]	しゅと	shuto	stolica	日本の首都は東京です。	Stolicą Japonii jest Tokio.			rzeczownik - stolica państwa	日[に] 本[ほん]の 首[しゅ] 都[と]は 東[とう] 京[きょう]です。		[sound:hypertts-456e9d1ac835a11cf03b831e5bebe827c7f1e78c7d4517bdcb8256ba.mp3]	[sound:hypertts-891843758db9e9d62d136bb2ff02fe2b91e4aece0dfaf62ad7c66ceb.mp3]	[sound:首都_シュ＼ト_1_nhk-2016.mp3]<br>[sound:首都_シュト＼_2_nhk-2016.mp3]	"""<span style=""""box-shadow: inset -2px 2px 0 0px #FF6633;""""><span style=""""color: royalblue;"""">シ</span>ュ</span><span style=""""box-shadow: inset 0px -2px 0 0px #FF6633;"""">ト</span> <span class=""""pitch_number"""">1</span>, <span style=""""box-shadow: inset -2px -2px 0 0 #FF6633;""""><span style=""""color: royalblue;"""">シ</span>ュ</span><span style=""""box-shadow: inset -2px 2px 0 0px #FF6633;"""">ト</span> <span class=""""pitch_number"""">2</span>"""
1791198221234	1791198620	Doki Doki2-11	手本	手[て] 本[ほん]	てほん	tehon	wzór, przykład do naśladowania	この作文を手本にしてください。	Proszę potraktować to wypracowanie jako wzór。			rzeczownik, używane o wzorze do naśladowania	この 作[さく] 文[ぶん]を 手[て] 本[ほん]にしてください。		[sound:hypertts-478cf11c0b01fa5e82c4eb5f6775ce18df5280429c55ff2953b003c6.mp3]	[sound:hypertts-75ce86e2cd6173900a29b3e245fb918dc82122dac9c1e0f1ecb52033.mp3]	[sound:手本_テホ＼ン_2_nhk-2016.mp3]	"""<span style=""""box-shadow: inset -2px -2px 0 0 #FF6633;"""">テ</span><span style=""""box-shadow: inset -2px 2px 0 0px #FF6633;"""">ホ</span><span style=""""box-shadow: inset 0px -2px 0 0px #FF6633;"""">ン</span> <span class=""""pitch_number"""">2</span>"""
1791198221236	1791198624	Doki Doki2-11	白紙	白[はく] 紙[し]	はくし	hakushi	czysta kartka, niezapisany dokument	白紙に名前を書いてください。	Proszę napisać imię na czystej kartce。			rzeczownik, także przenośnie o anulowaniu lub wycofaniu planu	白[はく] 紙[し]に 名[な] 前[まえ]を 書[か]いてください。		[sound:hypertts-2a411c5a1c10e846a0b738a4f329875da168cdc5c2c8425b69f9cd6e.mp3]	[sound:hypertts-589911f9907e0bcd6e64561e17c523c4aaec65c77ea77eff876020cf.mp3]	[sound:白紙_ハクシ━_0_nhk-2016.mp3]	"""<span style=""""box-shadow: inset -2px -2px 0 0 #FF6633;"""">ハ</span><span style=""""box-shadow: inset 0px 2px 0 0px #FF6633;""""><span style=""""color: royalblue;"""">ク</span>シ</span> <span class=""""pitch_number"""">0</span>"""
1791198221237	1791198625	Doki Doki2-11	病	病[やまい]	やまい	yamai	choroba, dolegliwość	この病は昔からあります。	Ta choroba istnieje od dawna。			rzeczownik, bardziej literackie niż codzienne 病気	この 病[やまい]は 昔[むかし]からあります。		[sound:hypertts-95fef95f34988f2a7cc6fc4bd253aa32b3d066c8e5f8a85b64376838.mp3]	[sound:hypertts-670fc2722cefaa46aabe809e319b9068539da874c70c5fc570bcebd5.mp3]	[sound:病_ヤ＼マイ_1_nhk-2016.mp3]	"""<span style=""""box-shadow: inset -2px 2px 0 0px #FF6633;"""">ヤ</span><span style=""""box-shadow: inset 0px -2px 0 0px #FF6633;"""">マイ</span> <span class=""""pitch_number"""">1</span>"""
1791198221238	1791198627	Doki Doki2-11	病む	病[や]む	やむ	yamu	chorować, cierpieć	彼は長い間、病んでいました。	On przez długi czas chorował。	病[や]みます	病[や]みません	czasownik gr. 1, częściej literackie niż 病気です	彼[かれ]は 長[なが]い 間[あいだ]、 病[や]んでいました。		[sound:hypertts-4c7b961f79bcd8244d9463f5178d2e1a4c494ae875aa1029a9ad396b.mp3]	[sound:hypertts-497f7176b83e2064345f19e81b6b3cc0632d9b9cd9a25ab2666e4b4b.mp3]	[sound:病む_ヤ＼ム_1_nhk-2016.mp3]	"""<span style=""""box-shadow: inset -2px 2px 0 0px #FF6633;"""">ヤ</span><span style=""""box-shadow: inset 0px -2px 0 0px #FF6633;"""">ム</span> <span class=""""pitch_number"""">1</span>"""
1791198221239	1791198629	Doki Doki2-11	大病	大[たい] 病[びょう]	たいびょう	taibyō	poważna choroba	父は去年、大病をしました。	Ojciec w zeszłym roku ciężko chorował。			rzeczownik, często w wyrażeniu 大病をする	父[ちち]は 去[きょ] 年[ねん]、 大[たい] 病[びょう]をしました。		[sound:hypertts-c49c415915bac9eb78ff4cab9d76345f2e8fd868ec50a050802bc2f8.mp3]	[sound:hypertts-992c82f8c0a8f4036d6e3ad0279dacdd15d4a147224acf459f3f706a.mp3]	[sound:大病_タイビョー━_0_nhk-2016.mp3]<br>[sound:大病_タ＼イビョー_1_nhk-2016.mp3]	"""<span style=""""box-shadow: inset -2px 2px 0 0px #FF6633;"""">タ</span><span style=""""box-shadow: inset 0px -2px 0 0px #FF6633;"""">イビョー</span> <span class=""""pitch_number"""">1</span>"""
1791198221240	1791198631	Doki Doki2-11	上映	上[じょう] 映[えい]	じょうえい	jōei	projekcja, wyświetlanie filmu	この映画の上映は三時からです。	Projekcja tego filmu zaczyna się o trzeciej。			rzeczownik, jako czasownik używa się 上映する	この 映[えい] 画[が]の 上[じょう] 映[えい]は 三[さん] 時[じ]からです。		[sound:hypertts-d5a7c6b34e6a13aaf5c808b12bdb8d0e6ade74b5a36350c24a5f6f4e.mp3]	[sound:hypertts-b7e25b0f55d10d10cd27a962f91025186f0ee6bbfc278bae0c0c3ed5.mp3]	[sound:上映_ジョーエイ━_0_nhk-1998.mp3]	"""<span style=""""box-shadow: inset -2px -2px 0 0 #FF6633;"""">ジョ</span><span style=""""box-shadow: inset 0px 2px 0 0px #FF6633;"""">ーエイ</span> <span class=""""pitch_number"""">0</span>"""
1791198221241	1791198633	Doki Doki2-11	画面	画[が] 面[めん]	がめん	gamen	ekran, wyświetlacz	携帯の画面を見てください。	Proszę spojrzeć na ekran telefonu。			rzeczownik, ekran telefonu komputera lub telewizora	携[けい] 帯[たい]の 画[が] 面[めん]を 見[み]てください。		[sound:hypertts-bb8ff2ab8a75473b5ff996b6ddf0a034b8eb96a48c0c9d3af91f5a54.mp3]	[sound:hypertts-548cd8e04afc0ba7d76a309d14d0f182ef1fed46dd509c84a59b1844.mp3]	[sound:画面_ガメン━_0_nhk-2016.mp3]<br>[sound:画面_ガ＼メン_1_nhk-2016.mp3]	"""<span style=""""box-shadow: inset -2px -2px 0 0 #FF6633;"""">ガ</span><span style=""""box-shadow: inset 0px 2px 0 0px #FF6633;"""">メン</span> <span class=""""pitch_number"""">0</span>, <span style=""""box-shadow: inset -2px 2px 0 0px #FF6633;"""">ガ</span><span style=""""box-shadow: inset 0px -2px 0 0px #FF6633;"""">メン</span> <span class=""""pitch_number"""">1</span>"""
1791198221242	1791198634	Doki Doki2-11	勉強会	勉[べん] 強[きょう] 会[かい]	べんきょうかい	benkyōkai	spotkanie do wspólnej nauki	土曜日に日本語の勉強会があります。	W sobotę jest spotkanie do nauki japońskiego。			rzeczownik, spotkanie grupy uczącej się razem	土[ど] 曜[よう] 日[び]に 日[に] 本[ほん] 語[ご]の 勉[べん] 強[きょう] 会[かい]があります。		[sound:hypertts-2cc20f362f3ab419a0b98398eac497fa02717009b90dad7eccc35834.mp3]	[sound:hypertts-22f07bf4211c09d2e48a7ca632c6de4d8d7f62da0fb238df2ffcaded.mp3]	[sound:勉強会_ベンキョ＼ーカイ_3_nhk-2016.mp3]	"""<span style=""""box-shadow: inset -2px -2px 0 0 #FF6633;"""">ベ</span><span style=""""box-shadow: inset -2px 2px 0 0px #FF6633;"""">ンキョ</span><span style=""""box-shadow: inset 0px -2px 0 0px #FF6633;"""">ーカイ</span> <span class=""""pitch_number"""">3</span>"""
1791198221243	1791198636	Doki Doki2-11	勉強中	勉[べん] 強[きょう] 中[ちゅう]	べんきょうちゅう	benkyōchū	w trakcie nauki, podczas uczenia się	今、勉強中です。	Teraz się uczę。			wyrażenie rzeczownikowe, ～中 oznacza bycie w trakcie czynności	今[いま]、 勉[べん] 強[きょう] 中[ちゅう]です。		[sound:hypertts-cdae6da538fff684cae4e9ca4495cda34dda77fbdd40a58bf229e041.mp3]	[sound:hypertts-2c2bc33642fd7018c741c7353c97a2a2c1735721c2cec81ba5f0532a.mp3]	[sound:勉強中_ベンキョウチュウ_japanesepod101.mp3]	
1791198221244	1791198638	Doki Doki2-11	強さ	強[つよ]さ	つよさ	tsuyosa	siła, moc	彼の強さにびっくりしました。	Zaskoczyła mnie jego siła。			rzeczownik utworzony od i-adj 強い przez końcówkę ～さ	彼[かれ]の 強[つよ]さにびっくりしました。		[sound:hypertts-aff29f6b2b7cc156e85b0c9b59b1e03fcdaecc50fb7745af62692be2.mp3]	[sound:hypertts-cd2469cdab4f96bee2b0595c4274ab6cba538994e1e3ef0b21d6af8c.mp3]	[sound:強さ_ツ＼ヨサ_1_nhk-2016.mp3]	"""<span style=""""box-shadow: inset -2px 2px 0 0px #FF6633;"""">ツ</span><span style=""""box-shadow: inset 0px -2px 0 0px #FF6633;"""">ヨサ</span> <span class=""""pitch_number"""">1</span>"""
1791198221245	1791198640	Doki Doki2-11	心強い	心[こころ] 強[づよ]い	こころづよい	kokorozuyoi	dodający otuchy, dający poczucie bezpieczeństwa	友だちがいるから、心強いです。	Czuję się pewniej, bo mam przy sobie znajomego。			i-adj, używane gdy czyjaś obecność lub pomoc daje otuchę	友[とも]だちがいるから、 心[こころ] 強[づよ]いです。		[sound:hypertts-042daf8586bbf469b15e88278f2547799630b03f934c9d4b3f0d981c.mp3]	[sound:hypertts-f9420f48260b79a97695221fbcc76a92e076f987ecc7f912da00e5e4.mp3]	[sound:心強い_ココロズヨ＼イ_5_nhk-2016.mp3]	"""<span style=""""box-shadow: inset -2px -2px 0 0 #FF6633;"""">コ</span><span style=""""box-shadow: inset -2px 2px 0 0px #FF6633;"""">コロズヨ</span><span style=""""box-shadow: inset 0px -2px 0 0px #FF6633;"""">イ</span> <span class=""""pitch_number"""">5</span>"""
1791198221246	1791198642	Doki Doki2-11	強調する	強[きょう] 調[ちょう]する	きょうちょうする	kyōchō suru	podkreślać, akcentować	先生はこの言葉を強調します。	Nauczyciel podkreśla to słowo。	強[きょう] 調[ちょう]します	強[きょう] 調[ちょう]しません	czasownik nieregularny する, używany gdy coś szczególnie podkreślamy	先[せん] 生[せい]はこの 言[こと] 葉[ば]を 強[きょう] 調[ちょう]します。		[sound:hypertts-3290b6f9cc3b001d383a269ffa772b836a1adc71c6a1fb331d48c3af.mp3]	[sound:hypertts-3b4aa1e4dce36e8943d16225320074c2d30f1b478f00a50f3436d066.mp3]		"""<span style=""""box-shadow: inset -2px -2px 0 0 #FF6633;"""">キョ</span><span style=""""box-shadow: inset 0px 2px 0 0px #FF6633;"""">ウチョウスル</span> <span class=""""pitch_number"""">0</span>"""
1791198221247	1791198644	Doki Doki2-11	旅行好き	旅[りょ] 行[こう] 好[ず]き	りょこうずき	ryokōzuki	miłośnik podróży, lubiący podróżować	けんごさんは旅行好きです。	Kengo lubi podróżować。			złożenie, 好き jest tu czytane ずき i oznacza osobę lubiącą daną rzecz	けんごさんは 旅[りょ] 行[こう] 好[ず]きです。		[sound:hypertts-f8c44eb9adbd804a26ca60b4a48499de534cc873e8d75925167f519d.mp3]	[sound:hypertts-be5289aad22e24f709b4f56ed494593b9671c9cfa9b5b4f3ad1fc779.mp3]		"""<span style=""""box-shadow: inset -2px -2px 0 0 #FF6633;"""">リョ</span><span style=""""box-shadow: inset 0px 2px 0 0px #FF6633;"""">コウズキ</span> <span class=""""pitch_number"""">0</span>"""
1791198221248	1791198646	Doki Doki2-11	近づく	近[ちか]づく	ちかづく	chikazuku	zbliżać się, podchodzić	電車は駅に近づいています。	Pociąg zbliża się do stacji。	近[ちか]づきます	近[ちか]づきません	czasownik gr. 1, oznacza zmniejszanie dystansu fizycznego lub przenośnego	電[でん] 車[しゃ]は 駅[えき]に 近[ちか]づいています。		[sound:hypertts-58554ff60f335f2d92fd3915580ff9c9b1b67b7e7953936a41f264da.mp3]	[sound:hypertts-66e7d14a94c1479eff02d242d38de2c8dca873adc1372d45cf5e2912.mp3]	[sound:近づく_チカズ＼ク_3_nhk-2016.mp3]	"""<span style=""""box-shadow: inset -2px -2px 0 0 #FF6633;""""><span style=""""color: royalblue;"""">チ</span></span><span style=""""box-shadow: inset -2px 2px 0 0px #FF6633;"""">カズ</span><span style=""""box-shadow: inset 0px -2px 0 0px #FF6633;"""">ク</span> <span class=""""pitch_number"""">3</span>"""
1791198221249	1791198647	Doki Doki2-11	近道	近[ちか] 道[みち]	ちかみち	chikamichi	skrót, krótsza droga	この道は駅への近道です。	Ta droga jest skrótem do stacji。			rzeczownik, oznacza krótszą trasę do celu	この 道[みち]は 駅[えき]への 近[ちか] 道[みち]です。		[sound:hypertts-b4b2365318694e07ec8c12df0c3f8fa0c2f5322acca7da75b2ea7605.mp3]	[sound:hypertts-c54e2b512ef5552e6fb4f0d2ca602df743e35996210ef09ef277908f.mp3]	[sound:近道_チカ＼ミチ_2_nhk-2016.mp3]	"""<span style=""""box-shadow: inset -2px -2px 0 0 #FF6633;""""><span style=""""color: royalblue;"""">チ</span></span><span style=""""box-shadow: inset -2px 2px 0 0px #FF6633;"""">カ</span><span style=""""box-shadow: inset 0px -2px 0 0px #FF6633;"""">ミチ</span> <span class=""""pitch_number"""">2</span>"""
1791198221250	1791198649	Doki Doki2-11	明かり	明[あ]かり	あかり	akari	światło, oświetlenie	部屋の明かりをつけます。	Włączam światło w pokoju。			rzeczownik, światło lub oświetlenie w pomieszczeniu	部[へ] 屋[や]の 明[あ]かりをつけます。		[sound:hypertts-a66adf729f9ebe991a9bc2d8cee5af3f7f4c828f5eff280d6a318714.mp3]	[sound:hypertts-9912a770ecc1d1038ce3050bc06a6201133151b5860c585513bd0291.mp3]	[sound:明かり_アカリ━_0_nhk-2016.mp3]	"""<span style=""""box-shadow: inset -2px -2px 0 0 #FF6633;"""">ア</span><span style=""""box-shadow: inset 0px 2px 0 0px #FF6633;"""">カリ</span> <span class=""""pitch_number"""">0</span>"""
1791198221252	1791198653	Doki Doki2-11	有る	有[あ]る	ある	aru	być, istnieć, mieć w odniesieniu do rzeczy	明日、会議が有ります。	Jutro jest zebranie。	有[あ]ります	有[あ]りません	czasownik gr. 1, współcześnie najczęściej zapisywany hiraganą jako ある	明日[あした]、 会[かい] 議[ぎ]が 有[あ]ります。		[sound:hypertts-07ba1225971413d7b10aa676fe4036811a82377cf6e1dda99628e9b3.mp3]	[sound:hypertts-92a022a75c160baa27a6113484627e59a20057c69abb4bdbb01d2722.mp3]	[sound:有る_ア＼ル_1_nhk-1998.mp3]	"""<span style=""""box-shadow: inset -2px 2px 0 0px #FF6633;"""">ア</span><span style=""""box-shadow: inset 0px -2px 0 0px #FF6633;"""">ル</span> <span class=""""pitch_number"""">1</span>"""
1791198221253	1791198655	Doki Doki2-11	有料	有[ゆう] 料[りょう]	ゆうりょう	yūryō	płatny, za opłatą	この美術館は有料です。	To muzeum sztuki jest płatne。			rzeczownik, oznacza że za usługę lub wstęp trzeba zapłacić	この 美[び] 術[じゅつ] 館[かん]は 有[ゆう] 料[りょう]です。		[sound:hypertts-576b6886c80c0e5a94fc6fc6a9ce73e11ede5566ce1e2999316e5891.mp3]	[sound:hypertts-01e458ceace6767dca98127d68b447f3081133ebbdc14642233b4f0b.mp3]	[sound:有料_ユーリョー━_0_nhk-2016.mp3]	"""<span style=""""box-shadow: inset -2px -2px 0 0 #FF6633;"""">ユ</span><span style=""""box-shadow: inset 0px 2px 0 0px #FF6633;"""">ーリョー</span> <span class=""""pitch_number"""">0</span>"""
1791198221254	1791198657	Doki Doki2-11	旅人	旅[たび] 人[びと]	たびびと	tabibito	podróżnik, wędrowiec	その旅人は日本を旅行しています。	Ten podróżnik podróżuje po Japonii。			rzeczownik, w złożeniu występuje rendaku 人→びと	その 旅[たび] 人[びと]は 日[に] 本[ほん]を 旅[りょ] 行[こう]しています。		[sound:hypertts-5dd7ddb1dc2453586dc5d77d0b2102b096ebf62b29ed6d067180f078.mp3]	[sound:hypertts-00f00a93ff0aa87d385cd0b316130360096911ec02ba969eef13b163.mp3]	[sound:旅人_タビビト━_0_nhk-2016.mp3]	"""<span style=""""box-shadow: inset -2px -2px 0 0 #FF6633;"""">タ</span><span style=""""box-shadow: inset 0px 2px 0 0px #FF6633;"""">ビビト</span> <span class=""""pitch_number"""">0</span>"""
1791198221255	1791198659	Doki Doki2-11	旅先	旅[たび] 先[さき]	たびさき	tabisaki	miejsce pobytu podczas podróży	旅先で写真をたくさん撮ります。	Podczas podróży robię dużo zdjęć。			rzeczownik, oznacza miejsce w którym przebywa się podczas podróży	旅[たび] 先[さき]で 写[しゃ] 真[しん]をたくさん 撮[と]ります。		[sound:hypertts-ef41facfa2f38e552f642a234d5eb1d1959332e3d90bfe2c947f83e2.mp3]	[sound:hypertts-27d0e4c756d85e6696a8a83f6b478abae48cbb167f49f1e1df3247cf.mp3]	[sound:旅先_タビサキ━_0_nhk-2016.mp3]<br>[sound:旅先_タビサキ＼_4_nhk-2016.mp3]	"""<span style=""""box-shadow: inset -2px -2px 0 0 #FF6633;"""">タ</span><span style=""""box-shadow: inset 0px 2px 0 0px #FF6633;"""">ビサキ</span> <span class=""""pitch_number"""">0</span>, <span style=""""box-shadow: inset -2px -2px 0 0 #FF6633;"""">タ</span><span style=""""box-shadow: inset -2px 2px 0 0px #FF6633;"""">ビサキ</span> <span class=""""pitch_number"""">4</span>"""
